scientificName,spp_name_corrected,Article_simple,study_id,Study_location,Study_lat,Study_long,Evidence_category,Evidence_effect,Evidence_method,Hypothesis_supported,has_data,of_quality,evidence_type,exclude_species,Mass_g_final,Order_final,source,class
Amazona barbadensis,Amazona barbadensis,"A. Rodríguez-Ferraro, V. Sanz, Natural history and population status of the yellow-shouldered parrot on La Blanquilla Island, Venezuela. The Wilson Journal of Ornithology. 119, 602–609 (2007).",351,"La Blanquilla Island, Venezuela",11.8452,-64.6096,Predation,Predation,Predation,1,no,no,Predation in support,included_species,270,Psittaciformes,Avonet,Birds
Amblyrhynchus cristatus,Amblyrhynchus cristatus,"Laurie A (1983) Marine iguanas in Galápagos. Oryx, 17, 19-25.",439,Galápagos National Park,-0.61439999999999995,-90.345100000000002,Predation,Predation,Predation,1,no,no,Predation in support,included_species,,Squamata,,Reptiles
Ameiva provitaae,Ameiva provitaae,IUCN,208,"Bolsón Arido de Lagunillas, Cordillera de Mérida",8.6667000000000005,-71,Predation,Predation,Domestic cat,1,no,no,Predation in support,included_species,,Squamata,,Reptiles
Amytornis dorotheae,Amytornis dorotheae,"Threatened Species Scientific Committee. 2016. Conservation Advice for Amytornis dorotheae Carpentarian grasswren. Department of the Environment, Canberra.",364,Mount Isa,-20.726400000000002,139.49299999999999,Predation,Predation,Predation,0,no,no,Predation not in support,included_species,23.22,Passeriformes,Avonet,Birds
Anairetes fernandezianus,Anairetes fernandezianus,"Hahn, I., Römer, U. 2002. Threatened avifauna of the Juan Fernández archipelago, Chile: the impact of introduced mammals and conservation priorities. Cotinga 17: 66-72.",495,Robinson Crusoe,-33.641399999999997,-78.846100000000007,Predation,Predation,Predation,1,no,no,Predation in support,included_species,6.85,Passeriformes,Avonet,Birds
Anas chlorotis,Anas chlorotis,"Barker D, Williams M 2002. Breeding of brown teal (Anas chlorotis) at Okiwi, Great Barrier Island. Notornis 49: 199–208.",469,Great Barrier Island,-36.2027,175.4118,Predation,Predation,Predation,0,no,no,Predation not in support,included_species,499.09,Anseriformes,Avonet,Birds
Anas chlorotis,Anas chlorotis,"Hayes FN, Williams M 1982. The status, aviculture and re-establishment of brown teal in New Zealand. Wildfowl 33: 73–80.",468,Stewart Island,-47.010300000000001,167.8272,Population,Abundance,Timing,1,no,no,Population in support,included_species,499.09,Anseriformes,Avonet,Birds
Anas chlorotis,Anas chlorotis,"M. Alley, B. D. Gartrell, K. J. Morgan, Predation and other causes of death in pateke (brown teal), Anas chlorotis, necropsied during 2000 - 2005. Kokako. 14, 19–24 (2007).",467,New Zealand,-40.900599999999997,174.886,Predation,Predation,Predation,1,no,no,Predation in support,included_species,499.09,Anseriformes,Avonet,Birds
Anas wyvilliana,Anas wyvilliana,"Malachowski, C.P., Dugger, B.D., Uyehara, K.J. and Reynolds, M.H., 2022. Avian botulism is a primary, year-round threat to adult survival in the endangered Hawaiian Duck on Kaua ‘i, Hawai ‘i, USA. Ornithological Applications, 124(2), p.duac007.",483,Kaua‘i,22.096399999999999,-159.52610000000001,Predation,Predation,Predation,1,no,no,Predation in support,included_species,843.42,Anseriformes,Avonet,Birds
Antechinus bellus,Antechinus bellus,"Stobo-Wilson, A.M., Stokeld, D., Einoder, L.D., Davies, H.F., Fisher, A., Hill, B.M., Mahney, T., Murphy, B.P., Scroggie, M.P., Stevens, A. and Woinarski, J.C.Z., 2020. Bottom-up and top-down processes influence contemporary patterns of mammal species richness in Australia's monsoonal tropics. Biological Conservation, 247, p.108638.",35,"Northern Northern Territory and Melville, Bathurst and Groote Eylandt Islands",-12.46,130.84,Population,Abundance,Spatial,1,yes,no,Population in support,included_species,44.5,Dasyuromorphia,Phylacine 1.2,Mammals
Antillotyphlops monastus,Antillotyphlops monastus,IUCN,234,Montserrat,16.7425,-62.187399999999997,Predation,Predation,Predation,1,no,no,Predation in support,included_species,,Squamata,,Reptiles
Apteryx australis,Apteryx australis,"Gillies, C.A., Leach, M.R., Coad, N.B., Theobald, S.W., Campbell, J., Herbert, T., Graham, P.J. and Pierce, R.J., 2003. Six years of intensive pest mammal control at Trounson Kauri Park, a Department of Conservation “mainland island”, June 1996—July 2002. New Zealand Journal of Zoology, 30(4), pp.399-420.",373,Trounson Kauri Park,-35.7199752,173.64937610000001,Population,Reproduction,Temporal,1,yes,no,Population in support,included_species,2320.51,Struthioniformes,Avonet,Birds
Apteryx australis,Apteryx australis,"Gillies, C.A., Leach, M.R., Coad, N.B., Theobald, S.W., Campbell, J., Herbert, T., Graham, P.J. and Pierce, R.J., 2003. Six years of intensive pest mammal control at Trounson Kauri Park, a Department of Conservation “mainland island”, June 1996—July 2002. New Zealand Journal of Zoology, 30(4), pp.399-420.",374,Trounson Kauri Park,-35.7199752,173.64937610000001,Predation,Predation,Predation,1,no,no,Predation in support,included_species,2320.51,Struthioniformes,Avonet,Birds
Apteryx australis,Apteryx australis,"Harper, G.A. 2005. Numerical and functional response of feral cats (Felis catus) to variations in abundance of primary prey on Stewart Island (Rakiura), New Zealand. Wildlife Research 32: 597–604.",372,Stewart Island,-47.010300000000001,167.8272,Predation,Predation,Predation,0,no,no,Predation not in support,included_species,2320.51,Struthioniformes,Avonet,Birds
Apteryx australis,Apteryx australis,"Karl, B.J. and Best, H.A., 1982. Feral cats on Stewart Island: their foods, and their effects on kakapo. New Zealand Journal of Zoology, 9(2), pp.287-293.",371,Stewart Island,-47.010300000000001,167.8272,Predation,Predation,Predation,0,no,no,Predation not in support,included_species,2320.51,Struthioniformes,Avonet,Birds
Apteryx australis,Apteryx australis,"McLennan, J.A., Dew, L., Miles, J., Gillingham, N. and Waiwai, R., 2004. Size matters: predation risk and juvenile growth in North Island brown kiwi (Apteryx mantelli). New Zealand Journal of Ecology, pp.241-250.",369,Te Urewera National Park,-38.542900000000003,177.0309,Predation,Predation,Predation,1,no,no,Predation in support,included_species,2320.51,Struthioniformes,Avonet,Birds
Apteryx australis,Apteryx australis,"McLennan, J.A., Potter, M.A., Robertson, H.A., Wake, G.C., Colbourne, R., Dew, L., Joyce, L., McCann, A.J., Miles, J., Miller, P.J. and Reid, J., 1996. Role of predation in the decline of kiwi, Apteryx spp., in New Zealand. New Zealand Journal of Ecology, pp.27-35.",368,"Hawke's Bay, New Zealand",-39.601700000000001,176.5804,Predation,Predation,Predation,1,no,no,Predation in support,included_species,2320.51,Struthioniformes,Avonet,Birds
Apteryx australis,Apteryx australis,"Robertson, H.A. and Colbourne, R.M., 2022. Habitat loss drives population decline and reduced mass of Rakiura tokoeka (Apteryx australis australis, Stewart Island brown kiwi,) at Mason Bay, Stewart Island/Rakiura. Notornis, 69(3), pp.147-157.",370,Stewart Island,-47.010300000000001,167.8272,Predation,Predation,Predation,1,no,no,Predation in support,included_species,2320.51,Struthioniformes,Avonet,Birds
Apteryx mantelli,Apteryx mantelli,"McLennan, J.A., Dew, L., Miles, J., Gillingham, N. and Waiwai, R., 2004. Size matters: predation risk and juvenile growth in North Island brown kiwi (Apteryx mantelli). New Zealand Journal of Ecology, pp.241-250.",244,"Lake Waikaremoana, Te Urewera National Park",-38.774500000000003,177.11240000000001,Predation,Predation,Predation,1,no,no,Predation in support,included_species,2320.51,Struthioniformes,Avonet,Birds
Apteryx mantelli,Apteryx mantelli,"Robertson, H.A., Colbourne, R.M., Graham, P.J., Miller, P.J. and Pierce, R.J., 2011. Experimental management of brown kiwi Apteryx mantelli in central Northland, New Zealand. Bird Conservation International, 21(2), pp.207-220.",243,Northland,-35.413600000000002,173.93209999999999,Predation,Predation,Predation,1,no,no,Predation in support,included_species,2320.51,Struthioniformes,Avonet,Birds
Atelopus guanujo,Atelopus guanujo,IUCN,218,"Bolívar, Ecuador",-1.7096,-79.045000000000002,Predation,Predation,Predation,1,no,no,Predation in support,included_species,,Anura,,Amphibians
Bettongia anhydra,Bettongia anhydra,"Wallach A.D., Lundgren E.J. (2025) Review of evidence that foxes and cats cause extinctions of Australia’s endemic mammals. BioScience. DOI: 10.1093/biosci/biaf046",211,"McEwin Hills, Northern Territory",-22.0167,129.75,Population,Abundance,Timing,1,yes,no,Population in support,included_species,1582.3,Diprotodontia,Phylacine 1.2,Mammals
Bettongia gaimardi,Bettongia gaimardi,"Evans, M.J., Batson, W.G., Gordon, I.J., Belton, E., Chaseling, T., Fletcher, D., Harrison, M., McElroy, T., Mungoven, A., Newport, J. and Pierson, J., 2021. The ‘Goldilocks Zone’of predation: the level of fox control needed to select predator resistance in a reintroduced mammal in Australia. Biodiversity and Conservation, 30, pp.1731-1752.",93,"Lower Cotter Catchment,  Australian Capital Territory",-35.28,148.9,Predation,Predation,Reintroduced,0,no,no,Predation not in support,included_species,1660,Diprotodontia,Phylacine 1.2,Mammals
Bettongia gaimardi,Bettongia gaimardi,"Fancourt, B.A., 2014. Rapid decline in detections of the Tasmanian bettong (Bettongia gaimardi) following local incursion of feral cats (Felis catus). Australian Mammalogy, 36(2), pp.247-253.",94,"Judbury, Tasmania",-43.01,146.54,Population,Abundance,Timing,1,yes,no,Population in support,included_species,1660,Diprotodontia,Phylacine 1.2,Mammals
Bettongia gaimardi,Bettongia gaimardi,"Gardiner, R., Bain, G., Hamer, R., Jones, M.E. and Johnson, C.N., 2018. Habitat amount and quality, not patch size, determine persistence of a woodland-dependent mammal in an agricultural landscape. Landscape Ecology, 33, pp.1837-1849.",95,"Midlands bioregion, Tasmania",-41.439100000000003,147.13579999999999,Population,Abundance,Spatial,0,yes,yes,Population not in support,included_species,1660,Diprotodontia,Phylacine 1.2,Mammals
Bettongia gaimardi,Bettongia gaimardi,"Wallach A.D., Lundgren E.J. (2025) Review of evidence that foxes and cats cause extinctions of Australia’s endemic mammals. BioScience. DOI: 10.1093/biosci/biaf046",96,Victoria and NSW,-36.9848,143.39060000000001,Population,Abundance,Timing,1,yes,no,Population in support,included_species,1660,Diprotodontia,Phylacine 1.2,Mammals
Bettongia lesueur,Bettongia lesueur,"Christensen, P. and Burrows, N., 1995. Project desert dreaming: experimental reintroduction of mammals to the Gibson Desert, Western Australia. Reintroduction Biology of Australian and New Zealand Fauna’.(Ed. M. Serena.) pp, pp.199-207.",97,Gibson Desert Nature Reserve,-24.96,125.56,Predation,Predation,Reintroduced,1,no,no,Predation in support,included_species,1500,Diprotodontia,Phylacine 1.2,Mammals
Bettongia lesueur,Bettongia lesueur,"Moseby K, Peacock D, Read J. 2015. Catastrophic cat predation: a call for predator profiling in wildlife protection programs. Biological Conservation 191:331-340.",98,"Andamooka Station, South Australia",-30.4497,137.164﻿,Predation,Predation,Reintroduced,0,no,no,Predation not in support,included_species,1500,Diprotodontia,Phylacine 1.2,Mammals
Bettongia lesueur,Bettongia lesueur,"Moseby, K.E., Letnic, M., Blumstein, D.T. and West, R., 2018. Designer prey: can controlled predation accelerate selection for anti-predator traits in naïve populations?. Biological Conservation, 217, pp.213-221.",99,"Andamooka Station, South Australia",-30.4497,137.164﻿,Predation,Predation,Reintroduced,1,no,no,Predation in support,included_species,1500,Diprotodontia,Phylacine 1.2,Mammals
Bettongia lesueur,Bettongia lesueur,"Moseby, K.E., Letnic, M., Blumstein, D.T. and West, R., 2019. Understanding predator densities for successful co‐existence of alien predators and threatened prey. Austral Ecology, 44(3), pp.409-419.",100,"Andamooka Station, South Australia",-30.4497,137.164﻿,Predation,Predation,Reintroduced,1,no,no,Predation in support,included_species,1500,Diprotodontia,Phylacine 1.2,Mammals
Bettongia lesueur,Bettongia lesueur,"Moseby, K.E., Letnic, M., Blumstein, D.T. and West, R., 2019. Understanding predator densities for successful co‐existence of alien predators and threatened prey. Austral Ecology, 44(3), pp.409-419.",101,"Andamooka Station, South Australia",-30.4497,137.164﻿,Population,Abundance,Temporal,1,yes,no,Population in support,included_species,1500,Diprotodontia,Phylacine 1.2,Mammals
Bettongia lesueur,Bettongia lesueur,"Moyses, J., Hradsky, B., Tuft, K., Moseby, K., Golding, N. and Wintle, B., 2020. Factors influencing the residency of bettongs using one‐way gates to exit a fenced reserve. Austral Ecology, 45(7), pp.858-871.",102,"Roxby Downs, South Australia",-30.29,136.53,Predation,Predation,Reintroduced,1,no,no,Predation in support,included_species,1500,Diprotodontia,Phylacine 1.2,Mammals
Bettongia lesueur,Bettongia lesueur,"Short, J. and Turner, B., 2000. Reintroduction of the burrowing bettong Bettongia lesueur (Marsupialia: Potoroidae) to mainland Australia. Biological Conservation, 96(2), pp.185-196.",103,"Shark Bay, Western Australia",-26.11,113.37,Predation,Predation,Reintroduced,1,no,no,Predation in support,included_species,1500,Diprotodontia,Phylacine 1.2,Mammals
Bettongia lesueur,Bettongia lesueur,"Wallach A.D., Lundgren E.J. (2025) Review of evidence that foxes and cats cause extinctions of Australia’s endemic mammals. BioScience. DOI: 10.1093/biosci/biaf046",104,"Victoria, NSW, southwest WA, Nullarbor, Murray-Darling, Charleville",-36.9848,143.39060000000001,Population,Abundance,Timing,1,yes,no,Population in support,included_species,1500,Diprotodontia,Phylacine 1.2,Mammals
Bettongia penicillata,Bettongia penicillata,"James, H., Acharya, A.B., Taylor, J.A. and Freak, M.J., 2002. A case of bitten bettongs. The Journal of Forensic Odonto-Stomatology-JFOS, 20(1), pp.10-12.",106,"Lincoln National Park, South Australia",-34.869999999999997,135.88,Predation,Predation,Reintroduced,1,no,no,Predation in support,included_species,1300,Diprotodontia,Phylacine 1.2,Mammals
Bettongia penicillata,Bettongia penicillata,"Marlow, N.J., Thomas, N.D., Williams, A.A., Macmahon, B., Lawson, J., Hitchen, Y., Angus, J. and Berry, O., 2015. Cats (Felis catus) are more abundant and are the dominant predator of woylies (Bettongia penicillata) after sustained fox (Vulpes vulpes) control. Australian Journal of Zoology, 63(1), pp.18-27.",107,Tutanning Nature Reserve,-32.549999999999997,117.33,Predation,Predation,Predation,1,no,no,Predation in support,included_species,1300,Diprotodontia,Phylacine 1.2,Mammals
Bettongia penicillata,Bettongia penicillata,"Marlow, N.J., Thomas, N.D., Williams, A.A., Macmahon, B., Lawson, J., Hitchen, Y., Angus, J. and Berry, O., 2015. Cats (Felis catus) are more abundant and are the dominant predator of woylies (Bettongia penicillata) after sustained fox (Vulpes vulpes) control. Australian Journal of Zoology, 63(1), pp.18-27.",108,Dryandra,-32.78,116.97,Predation,Predation,Predation,1,no,no,Predation in support,included_species,1300,Diprotodontia,Phylacine 1.2,Mammals
Bettongia penicillata,Bettongia penicillata,"Marlow, N.J., Thomas, N.D., Williams, A.A., Macmahon, B., Lawson, J., Hitchen, Y., Angus, J. and Berry, O., 2015. Cats (Felis catus) are more abundant and are the dominant predator of woylies (Bettongia penicillata) after sustained fox (Vulpes vulpes) control. Australian Journal of Zoology, 63(1), pp.18-27.",109,Highbury block,-33.164000000000001,117.08,Predation,Predation,Predation,1,no,no,Predation in support,included_species,1300,Diprotodontia,Phylacine 1.2,Mammals
Bettongia penicillata,Bettongia penicillata,"Marlow, N.J., Thomas, N.D., Williams, A.A., Macmahon, B., Lawson, J., Hitchen, Y., Angus, J. and Berry, O., 2015. Cats (Felis catus) are more abundant and are the dominant predator of woylies (Bettongia penicillata) after sustained fox (Vulpes vulpes) control. Australian Journal of Zoology, 63(1), pp.18-27.",110,Quinn's block,-33.162999999999997,117.05,Predation,Predation,Predation,1,no,no,Predation in support,included_species,1300,Diprotodontia,Phylacine 1.2,Mammals
Bettongia penicillata,Bettongia penicillata,"Martin, S., Ball, S. and Peeters, P., 2006. Reintroduction of the brush-tailed Bettong (Bettongia penicillata ogilbyi) into Lincoln National Park.Program review from September 1999 to July 2004. Department for Environment and Heritage, Government of South Australia.",111,"Lincoln National Park, South Australia",-34.869999999999997,135.88,Predation,Predation,Predation,1,no,no,Predation in support,included_species,1300,Diprotodontia,Phylacine 1.2,Mammals
Bettongia penicillata,Bettongia penicillata,"Moseby, K.E., Peacock, D.E. and Read, J.L., 2015. Catastrophic cat predation: a call for predator profiling in wildlife protection programs. Biological Conservation, 191, pp.331-340.",112,"Venus Bay, South Australia",-33.234000000000002,134.67189999999999,Predation,Predation,Predation,1,no,no,Predation in support,included_species,1300,Diprotodontia,Phylacine 1.2,Mammals
Bettongia penicillata,Bettongia penicillata,"Priddel, D. and Wheeler, R., 2004. An experimental translocation of brush-tailed bettongs (Bettongia penicillata) to western New South Wales. Wildlife Research, 31(4), pp.421-432.",113,"Yathong Nature Reserve, New South Wales",-32.369999999999997,145.34,Predation,Predation,Reintroduced,1,no,no,Predation in support,included_species,1300,Diprotodontia,Phylacine 1.2,Mammals
Bettongia penicillata,Bettongia penicillata,"Wallach A.D., Lundgren E.J. (2025) Review of evidence that foxes and cats cause extinctions of Australia’s endemic mammals. BioScience. DOI: 10.1093/biosci/biaf046",105,"Victoria, NSW, southwest WA, Nullarbor, Murray-Darling, Charleville",-36.9848,143.39060000000001,Population,Abundance,Timing,1,yes,no,Population in support,included_species,1300,Diprotodontia,Phylacine 1.2,Mammals
Bettongia penicillata,Bettongia penicillata,"Wayne, A., Maxwell, M., Nicholls, P., Pacioni, C., Reiss, A., Smith, A., Thompson, A., Vellios, C., Ward, C., Wayne, J., Wilson, I. and Williams, M. 2011. The Woylie Conservation Research Project: investigating the cause(s) of woylie declines in the Upper Warren region Progress Report December 2011. Department of Environment and Conservation, Perth.",114,"Upper Warren, Western Australia",-34.369999999999997,116.28,Predation,Predation,Predation,1,no,no,Predation in support,included_species,1300,Diprotodontia,Phylacine 1.2,Mammals
Bettongia penicillata,Bettongia penicillata,"Wayne, A.F., Maxwell, M.A., Ward, C.G., Wayne, J.C., Vellios, C.V. and Wilson, I.J., 2017. Recoveries and cascading declines of native mammals associated with control of an introduced predator. Journal of Mammalogy, 98(2), pp.489-501.",115,"Upper Warren, Western Australia",-34.369999999999997,116.28,Population,Abundance,Temporal,0,yes,no,Population not in support,included_species,1300,Diprotodontia,Phylacine 1.2,Mammals
Bettongia penicillata,Bettongia penicillata,"Wheeler, R. and Priddel, D., 2009. The impact of introduced predators on two threatened prey species: A case study from western New South Wales. Ecological Management & Restoration, 10, pp.S117-S123.",116,"Yathong Nature Reserve, New South Wales",-32.369999999999997,145.34,Predation,Predation,Predation,1,no,no,Predation in support,included_species,1300,Diprotodontia,Phylacine 1.2,Mammals
Bettongia tropica,Bettongia tropica,"Pocknee, C.A. 2022. Fire, cats, and the northern bettong (PhD thesis). School of Biological Sciences, University of Queensland.",225,The Lamb Range and Mount Spurgeon,-16.979900000000001,145.67599999999999,Population,Abundance,Spatial,0,yes,yes,Population not in support,included_species,1200,Diprotodontia,Phylacine 1.2,Mammals
Bettongia tropica,Bettongia tropica,"Wallach A.D., Lundgren E.J. (2025) Review of evidence that foxes and cats cause extinctions of Australia’s endemic mammals. BioScience. DOI: 10.1093/biosci/biaf046",224,"Goodooga, NSW",-29.114999999999998,147.4511,Population,Abundance,Timing,1,yes,no,Population in support,included_species,1200,Diprotodontia,Phylacine 1.2,Mammals
Botaurus poiciloptilus,Botaurus poiciloptilus,"O’Donnell, C.F., Clapperton, B.K. and Monks, J.M., 2015. Impacts of introduced mammalian predators on indigenous birds of freshwater wetlands in New Zealand. New Zealand Journal of Ecology, 39(1), pp.19-33.",362,"Mossburn, Southland",-45.6678,168.2337,Predation,Predation,Predation,1,no,no,Predation in support,included_species,1083.69,Pelecaniformes,Avonet,Birds
Brachylophus vitiensis,Brachylophus vitiensis,IUCN,3,Qalito,-17.7332,177.13419999999999,Predation,Predation,Predation,1,no,no,Predation in support,included_species,,Squamata,,Reptiles
Brachylophus vitiensis,Brachylophus vitiensis,IUCN,4,Malolo,-17.749400000000001,177.1694,Population,Abundance,Timing,1,no,no,Population in support,included_species,,Squamata,,Reptiles
Branta sandvicensis,Branta sandvicensis,"E. H. Rave, A. Cooper, D. Hu, R. Swift, K. Misajon, Population and reproductive trends of Nene Branta sandvicensis in Hawaii Volcanoes National Park, 1989-1999. Wildfowl. 55, 7–16 (2005).",472,"Volcanoes National Park, Hawaii",19.496400000000001,-155.46619999999999,Predation,Predation,Predation,1,no,no,Predation in support,included_species,2044.12,Anseriformes,Avonet,Birds
Branta sandvicensis,Branta sandvicensis,"Hoshide, H.M., Price, J. & Katahira, L. 1990. A progress report on Nene Branta sandvicensis in Hawaii Volcanoes National Park from 1974-89. Wildfowl 41:152-155.",470,"Volcanoes National Park, Hawaii",19.496400000000001,-155.46619999999999,Predation,Predation,Predation,1,no,no,Predation in support,included_species,2044.12,Anseriformes,Avonet,Birds
Branta sandvicensis,Branta sandvicensis,"U S Fish and Wildlife Service, “Draft revised recovery plan for the Nene or Hawaiian Goose (Branta sandvicensis)” (US Fish and Wildlife Service, Portland, 2004).",471,Kauai,22.096399999999999,-159.52610000000001,Predation,Predation,Predation,1,no,no,Predation in support,included_species,2044.12,Anseriformes,Avonet,Birds
Burramys parvus,Burramys parvus,"Doherty, T.S., Davis, R.A., van Etten, E.J., Algar, D., Collier, N., Dickman, C.R., Edwards, G., Masters, P., Palmer, R. and Robinson, S., 2015. A continental‐scale analysis of feral cat diet in Australia. Journal of Biogeography, 42(5), pp.964-975.",15,Australia,-25.2744,133.77510000000001,Predation,Predation,Predation,1,no,no,Predation in support,included_species,41.5,Diprotodontia,Phylacine 1.2,Mammals
Caledoniscincus aquilonius,Caledoniscincus aquilonius,"Palmas, P., Jourdan, H., Rigault, F., Debar, L., De Meringo, H., Bourguet, E., Mathivet, M., Lee, M., Adjouhgniope, R., Papillon, Y. and Bonnaud, E., 2017. Feral cats threaten the outstanding endemic fauna of the New Caledonia biodiversity hotspot. Biological Conservation, 214, pp.250-259.",255,New Caladonia,-20.904299999999999,165.61799999999999,Predation,Predation,Predation,1,no,no,Predation in support,included_species,,Squamata,,Reptiles
Caledoniscincus auratus,Caledoniscincus auratus,"Palmas, P., Jourdan, H., Rigault, F., Debar, L., De Meringo, H., Bourguet, E., Mathivet, M., Lee, M., Adjouhgniope, R., Papillon, Y. and Bonnaud, E., 2017. Feral cats threaten the outstanding endemic fauna of the New Caledonia biodiversity hotspot. Biological Conservation, 214, pp.250-259.",254,New Caladonia,-20.904299999999999,165.61799999999999,Predation,Predation,Predation,1,no,no,Predation in support,included_species,,Squamata,,Reptiles
Caledoniscincus orestes,Caledoniscincus orestes,"Palmas, P., Jourdan, H., Rigault, F., Debar, L., De Meringo, H., Bourguet, E., Mathivet, M., Lee, M., Adjouhgniope, R., Papillon, Y. and Bonnaud, E., 2017. Feral cats threaten the outstanding endemic fauna of the New Caledonia biodiversity hotspot. Biological Conservation, 214, pp.250-259.",251,New Caladonia,-20.904299999999999,165.61799999999999,Predation,Predation,Predation,1,no,no,Predation in support,included_species,,Squamata,,Reptiles
Calonectris leucomelas,Calonectris leucomelas,"Azumi, S., Watari, Y., Oka, N. and Miyashita, T., 2021. Seasonal and spatial shifts in feral cat predation on native seabirds vs. non-native rats on Mikura Island, Japan. Mammal Research, 66(1), pp.75-82.",313,Mikura Island,33.875100000000003,139.6044,Predation,Predation,Predation,1,no,no,Predation in support,included_species,579.99,Procellariiformes,Avonet,Birds
Calonectris leucomelas,Calonectris leucomelas,"Nagata, J., Haga, A., Kusachi, Y., Tokuyoshi, M., Endo, H. and Watari, Y., 2022. Cats were responsible for the headless carcasses of shearwaters: Evidence from genetic predator identification. Mammal Study, 47(3), pp.197-204.",314,Mikura Island,33.875100000000003,139.6044,Predation,Predation,Predation,1,no,no,Predation in support,included_species,579.99,Procellariiformes,Avonet,Birds
Calonectris leucomelas,Calonectris leucomelas,"OKA N., SUGINOME H., JIDA N., MARUYAMA N. 2002. Chick growth and fl dging performance of streaked shearwaters Calonectris leucomelas on Mikura Island for two breeding seasons. J Yamashina Inst Ornithol 34:39–59.",315,Mikura Island,33.875100000000003,139.6044,Predation,Predation,Predation,1,no,no,Predation in support,included_species,579.99,Procellariiformes,Avonet,Birds
Calonectris leucomelas,Calonectris leucomelas,"SHIOZAKI, T., SHIRAI, M., OSUGI, M., YAMAMOTO, M., YODA, K. 2014. Predation by feral cat on streaked shearwater chicks on Awashima. Jpn J Ornithol 63:75–78.",316,Awashima Island,38.463799999999999,139.23820000000001,Predation,Predation,Predation,1,no,no,Predation in support,included_species,579.99,Procellariiformes,Avonet,Birds
Caloprymnus campestris,Caloprymnus campestris,"Wallach A.D., Lundgren E.J. (2025) Review of evidence that foxes and cats cause extinctions of Australia’s endemic mammals. BioScience. DOI: 10.1093/biosci/biaf046",117,Ooroowilanie and Koonchera Dune,-28.270600000000002,138.6524,Population,Abundance,Timing,1,yes,no,Population in support,included_species,900,Diprotodontia,Phylacine 1.2,Mammals
Celatiscincus similis,Celatiscincus similis,"Palmas, P., Jourdan, H., Rigault, F., Debar, L., De Meringo, H., Bourguet, E., Mathivet, M., Lee, M., Adjouhgniope, R., Papillon, Y. and Bonnaud, E., 2017. Feral cats threaten the outstanding endemic fauna of the New Caledonia biodiversity hotspot. Biological Conservation, 214, pp.250-259.",253,New Caladonia,-20.904299999999999,165.61799999999999,Predation,Predation,Predation,1,no,no,Predation in support,included_species,,Squamata,,Reptiles
Chaeropus ecaudatus,Chaeropus ecaudatus,"Wallach A.D., Lundgren E.J. (2025) Review of evidence that foxes and cats cause extinctions of Australia’s endemic mammals. BioScience. DOI: 10.1093/biosci/biaf046",121,"Alice Springs, Western Division of NSW, Youndegin, Murray-Darling, south-west Australia",-23.698,133.88069999999999,Population,Abundance,Timing,1,yes,no,Population in support,included_species,200,Peramelemorphia,Phylacine 1.2,Mammals
Chalinolobus neocaledonicus,Chalinolobus neocaledonicus,IUCN,148,"Grande Terre, New Caledonia",-49.394799999999996,69.354500000000002,Predation,Predation,Predation,1,no,no,Predation in support,included_species,11.9,Chiroptera,Phylacine 1.2,Mammals
Chalinolobus tuberculatus,Chalinolobus tuberculatus,"Borkin, K.M., Easton, L. and Bridgman, L., 2023. Bats attacked by companion and feral cats: evidence from indigenous forest and rural landscapes in New Zealand. New Zealand Journal of Zoology, 50(3), pp.425-432.",149,"Ōtorohanga, Waikato, New Zealand",-38.188800000000001,175.2099,Predation,Predation,Domestic cat,1,no,no,Predation in support,included_species,8.5,Chiroptera,Phylacine 1.2,Mammals
Chalinolobus tuberculatus,Chalinolobus tuberculatus,"Daniel, M.J. and Williams, G.R., 1981. Long-tailed bats (Chalinolobus tuberculatus) hibernating in farm buildings near Geraldine, South Canterbury. New Zealand Journal of Zoology, 8(3), pp.425-430.",151,"Hazelburn, New Zealand",-44.194600000000001,170.98259999999999,Predation,Predation,Domestic cat,1,no,no,Predation in support,included_species,8.5,Chiroptera,Phylacine 1.2,Mammals
Chalinolobus tuberculatus,Chalinolobus tuberculatus,"Daniel, M.J. and Williams, G.R., 1984. A survey of the distribution, seasonal activity and roost sites of New Zealand bats. New Zealand Journal of Ecology, pp.9-25.",150,"Géraldine, New Zealand",-44.092300000000002,171.24469999999999,Predation,Predation,Domestic cat,1,no,no,Predation in support,included_species,8.5,Chiroptera,Phylacine 1.2,Mammals
Chalinolobus tuberculatus,Chalinolobus tuberculatus,Dwyer PD 1962. Studies on the two New Zealand bats. Zoology Publications from Victoria University of Wellington 28: 128,152,New Zealand,-40.900599999999997,174.886,Predation,Predation,Predation,1,no,no,Predation in support,included_species,8.5,Chiroptera,Phylacine 1.2,Mammals
Charadrius bicinctus,Charadrius bicinctus,"Gunby, ERG, Kross, SM and Briskie, JV (2025) Factors affecting shorebird hatching outcomes at the Ashley River/ Rakahuri-Saltwater Creek estuary, New Zealand. Notornis 72 (3) , pp.151-159",454,"Ashley River estuary, New Zealand",-43.2667,172.7167,Predation,Predation,Predation,1,no,no,Predation in support,included_species,59.4,Charadriiformes,Avonet,Birds
Charadrius bicinctus,Charadrius bicinctus,"Sanders, M.D., Maloney, R.F. 2002. Causes of mortality at nests of ground-nesting birds in the Upper Waitaki Basin, South Island, New Zealand: a 5-year video study. Biological Conservation 106(2): 225-236.",455,"Upper Waitaki Basin, South Island, New Zealand",-44.280999999999999,170.071,Predation,Predation,Predation,1,no,no,Predation in support,included_species,59.4,Charadriiformes,Avonet,Birds
Charadrius bicinctus,Charadrius bicinctus,"Walker, K., Moore, P., Elliott, G. 1991. The Auckland Island Banded Dotterel has apparently increased. Notornis 38: 257-265.",456,Auckland Island,-50.744700000000002,166.0564,Population,Abundance,Timing,0,yes,no,Population not in support,included_species,59.4,Charadriiformes,Avonet,Birds
Charadrius obscurus,Charadrius obscurus,"D. E. Wills, J. Murray, R. G. Powlesland, Impact of management on the breeding success of the northern New Zealand dotterel (Charadrius obscurus aquilonius) on Matakana Island, Bay of Plenty. Notornis. 50, 1–10 (2003).",263,"Matakana Island, Bay of Plenty",-37.583199999999998,176.0428,Predation,Predation,Predation,1,no,no,Predation in support,included_species,146,Charadriiformes,Avonet,Birds
Charadrius obscurus,Charadrius obscurus,"D. E. Wills, J. Murray, R. G. Powlesland, Impact of management on the breeding success of the northern New Zealand dotterel (Charadrius obscurus aquilonius) on Matakana Island, Bay of Plenty. Notornis. 50, 1–10 (2003).",264,Motuihe Island,-36.812100000000001,174.9479,Predation,Predation,Predation,0,no,no,Predation not in support,included_species,146,Charadriiformes,Avonet,Birds
Charadrius sanctaehelenae,Charadrius sanctaehelenae,"Burns, F., McCulloch, N., Székely, T. and Bolton, M. 2013. The impact of introduced predators on an island endemic, the St Helena Plover, Charadrius sanctaehelenae. Bird Conservation International 23: 125-135.",444,St Helena,-15.965,-5.7088999999999999,Population,Reproduction,Spatial,1,yes,yes,Population in support,included_species,48.7,Charadriiformes,Avonet,Birds
Charadrius sanctaehelenae,Charadrius sanctaehelenae,"Burns, F., McCulloch, N., Székely, T. and Bolton, M. 2013. The impact of introduced predators on an island endemic, the St Helena Plover, Charadrius sanctaehelenae. Bird Conservation International 23: 125-135.",445,St Helena,-15.965,-5.7088999999999999,Predation,Predation,Predation,1,no,no,Predation in support,included_species,48.7,Charadriiformes,Avonet,Birds
Charadrius sanctaehelenae,Charadrius sanctaehelenae,"N. McCulloch, Status, habitat and conservation of the St Helena Wirebird Charadrius sanctaehelenae. Bird Conservation International. 1, 361–392 (2010).",447,St Helena,-15.965,-5.7088999999999999,Predation,Predation,Predation,1,no,no,Predation in support,included_species,48.7,Charadriiformes,Avonet,Birds
Charadrius sanctaehelenae,Charadrius sanctaehelenae,"Oppel, S., Burns, F., Vickery, J., George, K., Ellick, G., Leo, D. and Hillman, J. C. 2014. Habitat-specific effectiveness of feral cat control for the conservation of an endemic ground-nesting bird species. Journal of Applied Ecology 51: 1246-1254.",446,St Helena,-15.965,-5.7088999999999999,Population,Reproduction,Spatiotemporal,0,yes,yes,Population not in support,included_species,48.7,Charadriiformes,Avonet,Birds
Chasiempis ibidis,Chasiempis ibidis,"Banko, P. C., Jaenecke, K. A., Peck, R. W., Brinck, K. W. 2019. Increased nesting success of Hawaii Elepaio in response to the removal of invasive black rats. The Condor 121(2): duz003.",494,Hawaii Volcanoes National Park,19.496400000000001,-155.46619999999999,Predation,Predation,Predation,0,no,no,Predation not in support,included_species,13.1,Passeriformes,Avonet,Birds
Chasiempis sandwichensis,Chasiempis sandwichensis,"Snetsinger, T.J., S.G. Fancy, J.C. Simon, and J.D. Jacobi. 1994. Diets of owls and feral cats in Hawai`i. `Elepaio 54:47-50.",493,Mauna Kea,19.820599999999999,-155.46809999999999,Predation,Predation,Predation,1,no,no,Predation in support,included_species,13.69,Passeriformes,Avonet,Birds
Chelonoidis niger,Chelonoidis niger,"C. G. MacFarland, J. Villa, B. Toro, The Galápagos giant tortoises (Geochelone elephantopus) part I: status of the surviving populations. Biological Conservation. 6, 63–64 (1974).",13,Galápagos Islands,-0.95379999999999998,-90.965599999999995,Population,Abundance,Spatial,0,yes,no,Population not in support,included_species,80,Testudines,,Reptiles
Chelonoidis niger,Chelonoidis niger,"C. G. MacFarland, J. Villa, B. Toro, The Galápagos giant tortoises (Geochelone elephantopus) part I: status of the surviving populations. Biological Conservation. 6, 63–64 (1974).",14,Galápagos Islands,-0.95379999999999998,-90.965599999999995,Predation,Predation,Predation,1,no,no,Predation in support,included_species,80,Testudines,,Reptiles
Chilabothrus chrysogaster,Chilabothrus chrysogaster,IUCN,19,Lucayan Archipelago,23.6889,-75.331299999999999,Predation,Predation,Predation,1,no,no,Predation in support,included_species,,Squamata,,Reptiles
Chilabothrus subflavus,Chilabothrus subflavus,"R. A. Mittermeier, Jamaica's endangered species. Oryx. 11, 258–262 (1972).",20,Jamaica,18.1096,-77.297499999999999,Predation,Predation,Predation,1,no,no,Predation in support,included_species,,Squamata,,Reptiles
Chlidonias albostriatus,Chlidonias albostriatus,"Bell, M., 2017. Population size, breeding success and predators of black-fronted tern (Chlidonias albostriatus) in the Upper Clarence River catchment, New Zealand. Notornis, 64(3), pp.154-161.",276,Upper Clarence River catchment,-42.167000000000002,173.95,Predation,Predation,Predation,1,no,no,Predation in support,included_species,94.69,Charadriiformes,Avonet,Birds
Chlidonias albostriatus,Chlidonias albostriatus,"O’Donnell, C.F., Sedgeley, J.A. and Van Hal, J.A.C.K., 2010. Variation in house cat (Felis catus) predation sign at a black-fronted tern (Sterna albostriata) colony. Notornis, 57, pp.43-47.",277,South Canterbury,-43.754199999999997,171.16370000000001,Predation,Predation,Predation,1,no,no,Predation in support,included_species,94.69,Charadriiformes,Avonet,Birds
Chlidonias albostriatus,Chlidonias albostriatus,"R. J. Keedwell, M. D. Sanders, M. Alley, C. Twentyman, Causes of mortality of black-fronted terns Sterna albostriata on the Ohau River, South Island, New Zealand. Pacific Conservation Biology. 8, 170–176 (2002).",275,Ohau River,-44.2851,169.9365,Predation,Predation,Predation,1,no,no,Predation in support,included_species,94.69,Charadriiformes,Avonet,Birds
Chlidonias albostriatus,Chlidonias albostriatus,"Sanders, M.D., Maloney, R.F. 2002. Causes of mortality at nests of ground-nesting birds in the Upper Waitaki Basin, South Island, New Zealand: a 5-year video study. Biological Conservation 106(2): 225-236.",273,Upper Waitaki Basin,-44.811100000000003,170.29159999999999,Predation,Predation,Predation,1,no,no,Predation in support,included_species,94.69,Charadriiformes,Avonet,Birds
Chlidonias albostriatus,Chlidonias albostriatus,"Steffens, K.E., Sanders, M.D., Gleenson, D.M., Pullen, K.M. and Stowe, C.J., 2012. Identification of predators at black-fronted tern Chlidonias albostriatus nests, using mtDNA analysis and digital video recorders. New Zealand Journal of Ecology, pp.48-55.",274,Marlborough,-41.591700000000003,173.76240000000001,Predation,Predation,Predation,1,no,no,Predation in support,included_species,94.69,Charadriiformes,Avonet,Birds
Cnemaspis thachanaensis,Cnemaspis thachanaensis,IUCN,223,"Thom Sonk Hill, Tha Chana District, Surat Thani Province, Thailand",9.6530000000000005,98.880399999999995,Predation,Predation,Domestic cat,1,no,no,Predation in support,included_species,,Squamata,,Reptiles
Coenocorypha aucklandica,Coenocorypha aucklandica,"Dowding JE, Murphy EC (2001) The impact of predation by introduced mammals on endemic shorebirds in New Zealand: a conservation perspective. Biological Conservation, 99, 47–64.",379,Auckland Island,-50.744700000000002,166.0564,Population,Abundance,Timing,1,no,no,Population in support,included_species,108.24,Charadriiformes,Avonet,Birds
Coenocorypha aucklandica,Coenocorypha aucklandica,"Miskelly, C.M. 2000. Historical records of snipe from Campbell Island, New Zealand. Notornis 47: 131-140.",383,Campbell Island,-52.537199999999999,169.14449999999999,Population,Abundance,Timing,0,yes,no,Population not in support,included_species,108.24,Charadriiformes,Avonet,Birds
Coenocorypha aucklandica,Coenocorypha aucklandica,"Miskelly, C.M., 1987. The identity of the hakawai. Notornis, 34(2), pp.95-116.",380,Stewart Island,-47.010300000000001,167.8272,Population,Abundance,Timing,0,no,no,Population not in support,included_species,108.24,Charadriiformes,Avonet,Birds
Coenocorypha aucklandica,Coenocorypha aucklandica,"Miskelly, C.M., 1987. The identity of the hakawai. Notornis, 34(2), pp.95-116.",381,Big Moggy Island,-47.148899999999998,167.40549999999999,Population,Abundance,Timing,0,yes,no,Population not in support,included_species,108.24,Charadriiformes,Avonet,Birds
Coenocorypha aucklandica,Coenocorypha aucklandica,"Miskelly, C.M., 1987. The identity of the hakawai. Notornis, 34(2), pp.95-116.",382,Herekopare Island,-46.865699999999997,168.22739999999999,Population,Abundance,Timing,0,yes,no,Population not in support,included_species,108.24,Charadriiformes,Avonet,Birds
Coenocorypha barrierensis,Coenocorypha barrierensis,IUCN,378,North Island,-39.2378,175.60239999999999,Population,Abundance,Timing,0,no,no,Population not in support,included_species,,Charadriiformes,,Birds
Coenocorypha barrierensis,Coenocorypha barrierensis,"Miskelly CM (1988) The Little Barrier Island snipe. Notornis, 35, 273-281.",377,Little Barrier Island,-36.194600000000001,175.0753,Population,Abundance,Timing,0,no,no,Population not in support,included_species,,Charadriiformes,,Birds
Coenocorypha pusilla,Coenocorypha pusilla,"Dowding JE, Murphy EC (2001) The impact of predation by introduced mammals on endemic shorebirds in New Zealand: a conservation perspective. Biological Conservation, 99, 47–64.",387,Mangere Island,-44.266100000000002,-176.2946,Population,Abundance,Timing,1,yes,no,Population in support,included_species,80.5,Charadriiformes,Avonet,Birds
Coenocorypha pusilla,Coenocorypha pusilla,"Dowding JE, Murphy EC (2001) The impact of predation by introduced mammals on endemic shorebirds in New Zealand: a conservation perspective. Biological Conservation, 99, 47–64.",388,Chatham Island and Pitt Island,-43.927100000000003,-176.45920000000001,Population,Abundance,Timing,1,yes,no,Population in support,included_species,80.5,Charadriiformes,Avonet,Birds
Columba junoniae,Columba junoniae,IUCN,222,Canary Islands,28.291599999999999,-16.629100000000001,Predation,Predation,Predation,1,no,no,Predation in support,included_species,440,Columbiformes,Avonet,Birds
Conilurus albipes,Conilurus albipes,"Wallach A.D., Lundgren E.J. (2025) Review of evidence that foxes and cats cause extinctions of Australia’s endemic mammals. BioScience. DOI: 10.1093/biosci/biaf046",185,Western Division of NSW and Victoria,-25.9161,134.9162,Population,Abundance,Timing,0,yes,no,Population not in support,included_species,200,Rodentia,Phylacine 1.2,Mammals
Conilurus penicillatus,Conilurus penicillatus,"Davies, H.F., McCarthy, M.A., Firth, R.S., Woinarski, J.C., Gillespie, G.R., Andersen, A.N., Geyle, H.M., Nicholson, E. and Murphy, B.P., 2017. Top‐down control of species distributions: feral cats driving the regional extinction of a threatened rodent in northern Australia. Diversity and Distributions, 23(3), pp.272-283.",186,"Melville Island, Northern Territory",-11.5,131.03,Population,Abundance,Spatial,1,yes,yes,Population in support,included_species,153.5,Rodentia,Phylacine 1.2,Mammals
Conilurus penicillatus,Conilurus penicillatus,"Neave, G., Murphy, B.P., Rangers, T., Andersen, A.N. and Davies, H.F., 2024. The intact and the imperilled: contrasting mammal population trajectories between two large adjacent islands. Wildlife Research, 51(8).",188,"Melville Island, Bathurst Island, Northern Territory",-11.5,131.03,Population,Abundance,Spatiotemporal,1,yes,no,Population in support,included_species,153.5,Rodentia,Phylacine 1.2,Mammals
Conilurus penicillatus,Conilurus penicillatus,"Stobo-Wilson, A.M., Stokeld, D., Einoder, L.D., Davies, H.F., Fisher, A., Hill, B.M., Mahney, T., Murphy, B.P., Scroggie, M.P., Stevens, A. and Woinarski, J.C.Z., 2020. Bottom-up and top-down processes influence contemporary patterns of mammal species richness in Australia's monsoonal tropics. Biological Conservation, 247, p.108638.",187,North Northern Territory,-13.09,132.38999999999999,Population,Abundance,Spatial,1,yes,yes,Population in support,included_species,153.5,Rodentia,Phylacine 1.2,Mammals
Conilurus penicillatus,Conilurus penicillatus,"Woinarski, J.C.Z., Ward, S., Mahney, T., Bradley, J., Brennan, K., Ziembicki, M. and Fisher, A., 2011. The mammal fauna of the Sir Edward Pellew island group, Northern Territory, Australia: refuge and death-trap. Wildlife Research, 38(4), pp.307-322.",189,Sir Edward Pellew island group,-15.6988,136.9999,Population,Abundance,Spatial,1,yes,yes,Population in support,included_species,153.5,Rodentia,Phylacine 1.2,Mammals
Conolophus subcristatus,Conolophus subcristatus,"Cayot, L.J., 2008. The restoration of giant tortoise and land iguana populations in Galápagos. Galapagos Research 65",6,Galápagos Islands,-0.82920000000000005,-91.135300000000001,Predation,Predation,Predation,1,no,no,Predation in support,included_species,,Squamata,,Reptiles
Conolophus subcristatus,Conolophus subcristatus,"Kumar, K., Ortiz-Catedral, L. and Llerena, A.J. 2019. Conservation Status and Demographics of the Galápagos Land Iguana (Conolophus subcristatus). Conservation Biology, Massey University.",8,Galápagos Islands,-0.82920000000000005,-91.135300000000001,Population,Reproduction,Spatial,1,yes,no,Population in support,included_species,,Squamata,,Reptiles
Conolophus subcristatus,Conolophus subcristatus,"Phillips, R.B., Cooke, B.D., Campbell, K., Carrion, V., Marquez, C., Snell, H.L. 2005. Eradicating feral cats to protect Galapagos land iguanas: methods and strategies. Pacific Conservation Biology 11(4): 257-267.",7,Baltra Island,-0.4597,-90.2714,Population,Abundance,Temporal,1,yes,no,Population in support,included_species,,Squamata,,Reptiles
Corvus hawaiiensis,Corvus hawaiiensis,"Banko PC, David RE, Jacobi JD, Banko WE (2001) Conservation status and recovery strategies for endemic Hawaiian birds. Studies in Avian Biology, 22, 359-376.",217,Hawaii,19.898700000000002,-155.66589999999999,Predation,Predation,Predation,1,no,no,Predation in support,included_species,518.82,Passeriformes,Avonet,Birds
Corvus kubaryi,Corvus kubaryi,"L. Zarones et al., Population status and nest success of the critically endangered Mariana crow Corvus kubaryi on Rota, Northern Mariana Islands. Bird Conservation International. 25, 220–233 (2015).",267,Rota Island,14.1509,145.2149,Predation,Predation,Predation,1,no,no,Predation in support,included_species,249.92,Passeriformes,Avonet,Birds
Crotalus catalinensis,Crotalus catalinensis,IUCN,17,Isla Santa Catalina,33.387900000000002,-118.41630000000001,Predation,Predation,Predation,1,no,no,Predation in support,included_species,,Squamata,,Reptiles
Cryptoprocta ferox,Cryptoprocta ferox,"Farris, Z.J., Golden, C.D., Karpanty, S., Murphy, A., Stauffer, D., Ratelolahy, F., Andrianjakarivelo, V., Holmes, C.M. and Kelly, M.J., 2015. Hunting, exotic carnivores, and habitat loss: anthropogenic effects on a native carnivore community, Madagascar. PloS one, 10(9), p.e0136456.",199,Makira National Park,-15.413,49.537999999999997,Population,Abundance,Spatial,0,yes,yes,Population not in support,excluded_species,9500,Carnivora,Phylacine 1.2,Mammals
Cryptoprocta ferox,Cryptoprocta ferox,"Farris, Z.J., Kelly, M.J., Karpanty, S., Murphy, A., Ratelolahy, F., Andrianjakarivelo, V. and Holmes, C., 2017. The times they are a changin': Multi-year surveys reveal exotics replace native carnivores at a Madagascar rainforest site. Biological Conservation, 206, pp.320-328.",200,Makira National Park,-15.413,49.537999999999997,Population,Abundance,Temporal,1,yes,no,Population in support,excluded_species,9500,Carnivora,Phylacine 1.2,Mammals
Cryptoprocta ferox,Cryptoprocta ferox,"Gerber, B.D., Karpanty, S.M. and Randrianantenaina, J., 2012. The impact of forest logging and fragmentation on carnivore species composition, density and occupancy in Madagascar's rainforests. Oryx, 46(3), pp.414-422.",197,Madagascar,-18.7669,46.869100000000003,Population,Abundance,Spatial,1,yes,yes,Population in support,excluded_species,9500,Carnivora,Phylacine 1.2,Mammals
Cryptoprocta ferox,Cryptoprocta ferox,"Merson, S.D., Dollar, L.J., Tan, C.K.W. and Macdonald, D.W., 2020. Effects of habitat alteration and disturbance by humans and exotic species on fosa Cryptoprocta ferox occupancy in Madagascar's deciduous forests. Oryx, 54(6), pp.828-836.",196,"Ankarafantsika National Park, Madagascar",-16.223299999999998,46.941699999999997,Population,Abundance,Spatial,1,yes,yes,Population in support,excluded_species,9500,Carnivora,Phylacine 1.2,Mammals
Ctenosaura oedirhina,Ctenosaura oedirhina,"Goode, A.B.C., Pasachnik, S.A. and Maple, T.L., 2020. Assessing the status of a threatened island endemic, Ctenosaura oedirhina, on Roatán, Honduras. Wildlife Research, 47(2), pp.137-145.",248,"Roatan, Honduras",16.329799999999999,-86.53,Predation,Predation,Predation,0,no,no,Predation not in support,included_species,,Squamata,,Reptiles
Cyanoramphus auriceps,Cyanoramphus auriceps,"Miskelly, C.M., Elliott, G.E., Parker, G.C., Rexer-Huber, K., Russ, R., Taylor, R.H., Tennyson, A.J.D., Walker, K.J. 2020. Birds of the Auckland Islands, New Zealand subantarctic. Notornis 67: 59-151.",389,Tagua Bay,-50.744700000000002,166.0564,Predation,Predation,Predation,1,no,no,Predation in support,included_species,45.64,Psittaciformes,Avonet,Birds
Cyclura carinata,Cyclura carinata,"Alberts, A. (1999) West Indian Iguanas: Status Survey and Conservation Action Plan. IUCN/SSC West Indian Iguana Specialist Group. IUCN, Gland, Switzerland and Cambridge, UK.",10,Turks and Caicos Islands,21.693999999999999,-71.797899999999998,Population,Abundance,Spatial,1,yes,yes,Population in support,included_species,355,Squamata,,Reptiles
Cyclura carinata,Cyclura carinata,"Iverson, J.B. 1978. The impact of feral cats and dogs on populations of the West Indian rock iguana, Cyclura carinata. Biological Conservation 14(1): 63-73.",9,"Pine Cay, Caicos Islands",21.8857,-72.088300000000004,Predation,Predation,Predation,1,no,no,Predation in support,included_species,355,Squamata,,Reptiles
Cyclura collei,Cyclura collei,"Alberts, A. (1999) West Indian Iguanas: Status Survey and Conservation Action Plan. IUCN/SSC West Indian Iguana Specialist Group. IUCN, Gland, Switzerland and Cambridge, UK.",359,Jamaica,18.1096,-77.297499999999999,Predation,Predation,Predation,1,no,no,Predation in support,included_species,,Squamata,,Reptiles
Cyclura lewisi,Cyclura lewisi,IUCN,5,Grand Cayman,19.322199999999999,-81.240899999999996,Predation,Predation,Predation,1,no,no,Predation in support,included_species,,Squamata,,Reptiles
Cyclura pinguis,Cyclura pinguis,IUCN,11,Anegada,18.7272,-64.343100000000007,Predation,Predation,Predation,1,no,no,Predation in support,included_species,,Squamata,,Reptiles
Cyclura stejnegeri,Cyclura stejnegeri,"Pérez-Buitrago, N. and Sabat, A., 2007. Natal dispersal, home range and habitat use of hatchlings of the Mona Island iguana (Cyclura cornuta stejnegeri). Applied Herpetology, 4(4), p.365.",2,"Mona Island, Puerto Rico",18.082899999999999,-67.892700000000005,Predation,Predation,Predation,1,no,no,Predation in support,included_species,,Squamata,,Reptiles
Cyrtodactylus soba,Cyrtodactylus soba,IUCN,262,"Knuckles Mountain Range, Sri Lanka",7.4675000000000002,80.623400000000004,Predation,Predation,Predation,1,no,no,Predation in support,included_species,,Squamata,,Reptiles
Dasycercus cristicauda,Dasycercus cristicauda,"Dickman, C.R., Haythornthwaite, A.S., McNaught, G.H., Mahon, P.S., Tamayo, B. and Letnic, M., 2001. Population dynamics of three species of dasyurid marsupials in arid central Australia: a 10-year study. Wildlife Research, 28(5), pp.493-506.",34,Ethabuka,-23.8367,138.2561,Population,Abundance,Temporal,0,yes,no,Population not in support,included_species,100,Dasyuromorphia,Phylacine 1.2,Mammals
Dasycercus cristicauda,Dasycercus cristicauda,"Mahon, P.S., 1999. Predation by feral cats and red foxes and the dynamics of small mammal populations in arid Australia. PhD thesis, University of Sydney, Sydney, Australia.",28,"Simpson Desert, South Australia",-23.46,138.28,Predation,Predation,Predation,1,no,no,Predation in support,included_species,100,Dasyuromorphia,Phylacine 1.2,Mammals
Dasycercus cristicauda,Dasycercus cristicauda,"Paltridge, R., 2002. The diets of cats, foxes and dingoes in relation to prey availability in the Tanami Desert, Northern Territory. Wildlife Research, 29(4), pp.389-403.",29,Tanami Desert,-20,130,Predation,Predation,Predation,1,no,no,Predation in support,included_species,100,Dasyuromorphia,Phylacine 1.2,Mammals
Dasycercus cristicauda,Dasycercus cristicauda,"Paltridge, R.M., 2005. Predator-prey interactions in the spinifex grasslands of central Australia. PhD Thesis, University of Wollongong",30,Tanami Desert,-20,130,Predation,Predation,Predation,1,no,no,Predation in support,included_species,100,Dasyuromorphia,Phylacine 1.2,Mammals
Dasycercus cristicauda,Dasycercus cristicauda,"Pedler, R.D., Brandle, R., Read, J.L., Southgate, R., Bird, P. and Moseby, K.E., 2016. Rabbit biocontrol and landscape‐scale recovery of threatened desert mammals. Conservation Biology, 30(4), pp.774-782.",32,Northeastern South Australia,-27.7,140.41,Population,Abundance,Temporal,1,yes,no,Population in support,included_species,100,Dasyuromorphia,Phylacine 1.2,Mammals
Dasycercus cristicauda,Dasycercus cristicauda,"Vernes, K., Jackson, S.M., Elliott, T.F., Tischler, M. and Harper, A., 2021. Diets of mammalian carnivores in the deserts of north-eastern South Australia. Journal of Arid Environments, 188, p.104377.",31,"Simpson Desert, South Australia",-25.934000000000001,138.67599999999999,Predation,Predation,Predation,1,no,no,Predation in support,included_species,100,Dasyuromorphia,Phylacine 1.2,Mammals
Dasycercus cristicauda,Dasycercus cristicauda,"Wallach A.D., Lundgren E.J. (2025) Review of evidence that foxes and cats cause extinctions of Australia’s endemic mammals. BioScience. DOI: 10.1093/biosci/biaf046",33,Western Division of NSW and the Nullarbor,-31.058900000000001,130.48779999999999,Population,Abundance,Timing,1,yes,no,Population in support,included_species,100,Dasyuromorphia,Phylacine 1.2,Mammals
Dasyurus geoffroii,Dasyurus geoffroii,"Comer, S., Clausen, L., Cowen, S., Pinder, J., Thomas, A., Burbidge, A.H., Tiller, C., Algar, D. and Speldewinde, P., 2020. Integrating feral cat (Felis catus) control into landscape-scale introduced predator management to improve conservation prospects for threatened fauna: a case study from the south coast of Western Australia. Wildlife Research, 47(8), pp.762-778.",66,South coast of Western Australia,-33.799999999999997,119.88,Population,Abundance,Temporal,0,yes,no,Population not in support,included_species,1100,Dasyuromorphia,Phylacine 1.2,Mammals
Dasyurus geoffroii,Dasyurus geoffroii,"Glen, A.S., Berry, O., Sutherland, D.R., Garretson, S., Robinson, T. and De Tores, P.J., 2010. Forensic DNA confirms intraguild killing of a chuditch (Dasyurus geoffroii) by a feral cat (Felis catus). Conservation Genetics, 11, pp.1099-1101.",65,Australia,-25.2744,133.77510000000001,Predation,Predation,Predation,1,no,no,Predation in support,included_species,1100,Dasyuromorphia,Phylacine 1.2,Mammals
Dasyurus geoffroii,Dasyurus geoffroii,"Moseby, K., Hodgens, P., Bannister, H., Mooney, P., Brandle, R., Lynch, C., Young, C., Jansen, J. and Jensen, M., 2021. The ecological costs and benefits of a feral cat poison‐baiting programme for protection of reintroduced populations of the western quoll and brushtail possum. Austral Ecology, 46(8), pp.1366-1382.",62,Flinders Ranges National Park,-31.37,138.59,Predation,Predation,Reintroduced,1,no,no,Predation in support,included_species,1100,Dasyuromorphia,Phylacine 1.2,Mammals
Dasyurus geoffroii,Dasyurus geoffroii,"Moseby, K., Hodgens, P., Bannister, H., Mooney, P., Brandle, R., Lynch, C., Young, C., Jansen, J. and Jensen, M., 2021. The ecological costs and benefits of a feral cat poison‐baiting programme for protection of reintroduced populations of the western quoll and brushtail possum. Austral Ecology, 46(8), pp.1366-1382.",67,Flinders Ranges National Park,-31.37,138.59,Population,Abundance,Temporal,0,yes,no,Population not in support,included_species,1100,Dasyuromorphia,Phylacine 1.2,Mammals
Dasyurus geoffroii,Dasyurus geoffroii,"Moseby, K.E., Hodgens, P., Peacock, D., Mooney, P., Brandle, R., Lynch, C., West, R., Young, C.M., Bannister, H., Copley, P. and Jensen, M.A., 2021. Intensive monitoring, the key to identifying cat predation as a major threat to native carnivore (Dasyurus geoffroii) reintroduction. Biodiversity and Conservation, 30, pp.1547-1571.",63,Flinders Ranges National Park,-31.37,138.59,Predation,Predation,Reintroduced,1,no,no,Predation in support,included_species,1100,Dasyuromorphia,Phylacine 1.2,Mammals
Dasyurus geoffroii,Dasyurus geoffroii,"Moseby, K.E., Peacock, D.E. and Read, J.L., 2015. Catastrophic cat predation: a call for predator profiling in wildlife protection programs. Biological Conservation, 191, pp.331-340.",64,Flinders Ranges National Park,-31.37,138.59,Predation,Predation,Reintroduced,1,no,no,Predation in support,included_species,1100,Dasyuromorphia,Phylacine 1.2,Mammals
Dasyurus geoffroii,Dasyurus geoffroii,"Wayne, A.F., Maxwell, M.A., Ward, C.G., Wayne, J.C., Vellios, C.V. and Wilson, I.J., 2017. Recoveries and cascading declines of native mammals associated with control of an introduced predator. Journal of Mammalogy, 98(2), pp.489-501.",68,Upper Warren,-34.369999999999997,116.28,Population,Abundance,Temporal,1,yes,no,Population in support,included_species,1100,Dasyuromorphia,Phylacine 1.2,Mammals
Dasyurus hallucatus,Dasyurus hallucatus,"Cowan, M., Moro, D., Anderson, H., Angus, J., Garretson, S. and Morris, K., 2020. Aerial baiting for feral cats is unlikely to affect survivorship of northern quolls in the Pilbara region of Western Australia. Wildlife Research, 47(8), pp.589-598.",53,"Red Hill, Western Australia",-22.49,118.4,Predation,Predation,Predation,1,no,no,Predation in support,included_species,525,Dasyuromorphia,Phylacine 1.2,Mammals
Dasyurus hallucatus,Dasyurus hallucatus,"Cowan, M., Moro, D., Anderson, H., Angus, J., Garretson, S. and Morris, K., 2020. Aerial baiting for feral cats is unlikely to affect survivorship of northern quolls in the Pilbara region of Western Australia. Wildlife Research, 47(8), pp.589-598.",54,"Yarraloola, Western Australia",-22.5,118.4,Predation,Predation,Predation,1,no,no,Predation in support,included_species,525,Dasyuromorphia,Phylacine 1.2,Mammals
Dasyurus hallucatus,Dasyurus hallucatus,"Oakwood, M., 2000. Reproduction and demography of the northern quoll, Dasyurus hallucatus, in the lowland savanna of northern Australia. Australian Journal of Zoology, 48(5), pp.519-539.",55,"Kakadu, Northern Territory",-13.09,132.38999999999999,Predation,Predation,Predation,1,no,no,Predation in support,included_species,525,Dasyuromorphia,Phylacine 1.2,Mammals
Dasyurus hallucatus,Dasyurus hallucatus,"Palmer, R., Anderson, H., Richards, B., Craig, M.D. and Gibson, L., 2021. Does aerial baiting for controlling feral cats in a heterogeneous landscape confer benefits to a threatened native meso-predator?. PLoS One, 16(5), p.e0251304.",58,"Red Hill, Yarraloola, Western Australia",-22.49,118.4,Population,Abundance,Temporal,0,yes,no,Population not in support,included_species,525,Dasyuromorphia,Phylacine 1.2,Mammals
Dasyurus hallucatus,Dasyurus hallucatus,"Peacock D, Abbott I. 2014. When the ‘native cat’would ‘plague’: historical hyperabundance in the quoll (Marsupialia: Dasyuridae) and an assessment of the role of disease, cats and foxes in its curtailment. Australian Journal of Zoology 62:294-344.",56,Atherton Uplands,-18.090299999999999,145.3143,Predation,Predation,Predation,1,no,no,Predation in support,included_species,525,Dasyuromorphia,Phylacine 1.2,Mammals
Dasyurus hallucatus,Dasyurus hallucatus,"Pollock, A.B., 1999. Notes on status, distribution and diet of northern quoll Dasyurus hallucatus in the Mackay-Bowen area, mideastern Queensland. Australian Zoologist, 31(2), pp.388-395.",57,Mackay,-21.13,149.18,Predation,Predation,Predation,1,no,no,Predation in support,included_species,525,Dasyuromorphia,Phylacine 1.2,Mammals
Dasyurus hallucatus,Dasyurus hallucatus,"Stobo-Wilson, A.M., Stokeld, D., Einoder, L.D., Davies, H.F., Fisher, A., Hill, B.M., Mahney, T., Murphy, B.P., Scroggie, M.P., Stevens, A. and Woinarski, J.C.Z., 2020. Bottom-up and top-down processes influence contemporary patterns of mammal species richness in Australia's monsoonal tropics. Biological Conservation, 247, p.108638.",59,Melville Island and north of Northern Territory mainland,-13.09,132.38999999999999,Population,Abundance,Spatial,1,yes,yes,Population in support,included_species,525,Dasyuromorphia,Phylacine 1.2,Mammals
Dasyurus hallucatus,Dasyurus hallucatus,"Stokeld D, Fisher A, Gentles T, Hill B, Triggs B, Woinarski JCZ, Gillespie GR. 2018. What do predator diets tell us about mammal declines in Kakadu National Park? Wildlife Research 45:92-101.",52,Kakadu National Park,-13.09,132.38999999999999,Predation,Predation,Predation,1,no,no,Predation in support,included_species,525,Dasyuromorphia,Phylacine 1.2,Mammals
Dasyurus hallucatus,Dasyurus hallucatus,"Trewella, G.J., Cremona, T., Nevard, H. and Murphy, B.P., 2023. Habitat structure facilitates coexistence of native and invasive mesopredators in an Australian tropical savanna. Wildlife Research, 50(12), pp.1058-1070.",60,Cape York Peninsula,-12.6493,141.84700000000001,Population,Abundance,Spatial,0,yes,yes,Population not in support,included_species,525,Dasyuromorphia,Phylacine 1.2,Mammals
Dasyurus hallucatus,Dasyurus hallucatus,"Woinarski, J.C.Z., Ward, S., Mahney, T., Bradley, J., Brennan, K., Ziembicki, M. and Fisher, A., 2011. The mammal fauna of the Sir Edward Pellew island group, Northern Territory, Australia: refuge and death-trap. Wildlife Research, 38(4), pp.307-322.",61,Sir Edward Pellew island group,-15.6988,136.9999,Population,Abundance,Spatial,0,yes,yes,Population not in support,included_species,525,Dasyuromorphia,Phylacine 1.2,Mammals
Dasyurus maculatus,Dasyurus maculatus,"Catling, P.C. and Burt, R.J., 1997. Studies of the ground-dwelling mammals of eucalypt forests in north-eastern New South Wales: the species, their abundance and distribution. Wildlife Research, 24(1), pp.1-19.",42,"Grafton, Taree, Great Dividing Range",-29.6815,152.93809999999999,Population,Abundance,Spatial,0,yes,yes,Population not in support,excluded_species,5500,Dasyuromorphia,Phylacine 1.2,Mammals
Dasyurus maculatus,Dasyurus maculatus,"Dickman, C.R., 1996. Overview of the impacts of feral cats on Australian native fauna (pp. 1-92). Canberra: Australian Nature Conservation Agency.",41,King Island,-39.875300000000003,143.93709999999999,Population,Abundance,Timing,1,yes,no,Population in support,excluded_species,5500,Dasyuromorphia,Phylacine 1.2,Mammals
Dasyurus maculatus,Dasyurus maculatus,"Körtner, G., Gresser, S. and Harden, B., 2003. Does fox baiting threaten the spotted-tailed quoll, Dasyurus maculatus?. Wildlife Research, 30(2), pp.111-118.",36,Armidale,-31.12,152.1,Predation,Predation,Predation,0,no,no,Predation not in support,excluded_species,5500,Dasyuromorphia,Phylacine 1.2,Mammals
Dasyurus maculatus,Dasyurus maculatus,"Körtner, G., Gresser, S. and Harden, B., 2003. Does fox baiting threaten the spotted-tailed quoll, Dasyurus maculatus?. Wildlife Research, 30(2), pp.111-118.",37,Armidale,-31.12,152.1,Population,Abundance,Temporal,0,yes,no,Population not in support,excluded_species,5500,Dasyuromorphia,Phylacine 1.2,Mammals
Dasyurus spartacus,Dasyurus spartacus,IUCN,43,"Trans-Fly ecoregion, New Guinea",-8.2140000000000004,142.101,Predation,Predation,Predation,1,no,no,Predation in support,included_species,1212.6,Dasyuromorphia,Phylacine 1.2,Mammals
Dasyurus viverrinus,Dasyurus viverrinus,"Fancourt, B.A., Hawkins, C.E., Cameron, E.Z., Jones, M.E. and Nicol, S.C., 2015. Devil declines and catastrophic cascades: is mesopredator release of feral cats inhibiting recovery of the eastern quoll?. PLoS One, 10(3), p.e0119303.",48,Tasmania,-42.08,146.81,Population,Abundance,Spatial,0,yes,yes,Population not in support,included_species,1090,Dasyuromorphia,Phylacine 1.2,Mammals
Dasyurus viverrinus,Dasyurus viverrinus,"Hollings, T., Jones, M., Mooney, N. and Mccallum, H., 2014. Trophic cascades following the disease‐induced decline of an apex predator, the Tasmanian devil. Conservation Biology, 28(1), pp.63-75.",51,Tasmania,-42.08,146.81,Population,Abundance,Temporal,1,yes,yes,Population in support,included_species,1090,Dasyuromorphia,Phylacine 1.2,Mammals
Dasyurus viverrinus,Dasyurus viverrinus,"Peacock D, Abbott I. 2014. When the ‘native cat’would ‘plague’: historical hyperabundance in the quoll (Marsupialia: Dasyuridae) and an assessment of the role of disease, cats and foxes in its curtailment. Australian Journal of Zoology 62:294-344.",44,"Barunah Plains and Daylesford district, Victoria",-38.0627,143.75200000000001,Predation,Predation,Predation,0,no,no,Predation not in support,included_species,1090,Dasyuromorphia,Phylacine 1.2,Mammals
Dasyurus viverrinus,Dasyurus viverrinus,"Peacock D, Abbott I. 2014. When the ‘native cat’would ‘plague’: historical hyperabundance in the quoll (Marsupialia: Dasyuridae) and an assessment of the role of disease, cats and foxes in its curtailment. Australian Journal of Zoology 62:294-344.",47,"Barunah Plains and Daylesford district, Victoria",-38.0627,143.75200000000001,Predation,Predation,Predation,1,no,no,Predation in support,included_species,1090,Dasyuromorphia,Phylacine 1.2,Mammals
Dasyurus viverrinus,Dasyurus viverrinus,"Robinson NM, Blanchard W, MacGregor C, Brewster R, Dexter N, Lindenmayer DB. 2021. Can evolutionary theories of dispersal and senescence predict postrelease survival, dispersal, and body condition of a reintroduced threatened mammal? Ecol Evol. 11:1002– 1012",45,Boderee National Park,-35.1,150.4,Predation,Predation,Predation,0,no,no,Predation not in support,included_species,1090,Dasyuromorphia,Phylacine 1.2,Mammals
Dasyurus viverrinus,Dasyurus viverrinus,"Robinson, N.M., Dexter, N., Brewster, R., Maple, D., MacGregor, C., Rose, K., Hall, J. and Lindenmayer, D.B., 2020. Be nimble with threat mitigation: lessons learned from the reintroduction of an endangered species. Restoration Ecology, 28(1), pp.29-38.",46,Boderee National Park,-35.1,150.4,Predation,Predation,Predation,0,no,no,Predation not in support,included_species,1090,Dasyuromorphia,Phylacine 1.2,Mammals
Dasyurus viverrinus,Dasyurus viverrinus,"Wallach A.D., Lundgren E.J. (2025) Review of evidence that foxes and cats cause extinctions of Australia’s endemic mammals. BioScience. DOI: 10.1093/biosci/biaf046",50,NSW,-31.058900000000001,130.48779999999999,Population,Abundance,Timing,1,yes,no,Population in support,included_species,1090,Dasyuromorphia,Phylacine 1.2,Mammals
Diomedea amsterdamensis,Diomedea amsterdamensis,"Thiebot, J-B., Barbraud, C., Delord, K., Marteau, C. and Weimerskirch, H. 2014. Do Introduced Mammals Chronically Impact the Breeding Success of the World's Rarest Albatross? Ornithological Science 13(1): 41-46.",285,Amsterdam Island,-37.833199999999998,77.5505,Predation,Predation,Predation,0,no,no,Predation not in support,included_species,6270,Procellariiformes,Avonet,Birds
Diomedea exulans,Diomedea exulans,"Barbraud, C., Des Monstiers, B., Chaigne, A., Marteau, C., Weimerskirch, H. and Delord, K., 2021. Predation by feral cats threatens great albatrosses. Biological Invasions, 23, pp.2389-2405.",327,Kerguelen Island,-49.35,70.216700000000003,Predation,Predation,Predation,1,no,no,Predation in support,included_species,6961.29,Procellariiformes,Avonet,Birds
Diomedea exulans,Diomedea exulans,"Barbraud, C., Des Monstiers, B., Chaigne, A., Marteau, C., Weimerskirch, H. and Delord, K., 2021. Predation by feral cats threatens great albatrosses. Biological Invasions, 23, pp.2389-2405.",328,Kerguelen Island,-49.35,70.216700000000003,Control program,Reproduction,Temporal,1,no,no,Population in support,included_species,6961.29,Procellariiformes,Avonet,Birds
Diomedea exulans,Diomedea exulans,"Blanchard, P., Delord, K., Bodin, A., Guille, K., Getti, T. and Barbraud, C., 2024. Impact and control of feral cats preying on wandering albatrosses: Insights from a field experiment. Ecosphere, 15(2), p.e4792.",329,Kerguelen Island,-49.35,70.216700000000003,Population,Reproduction,Spatial,1,yes,yes,Population in support,included_species,6961.29,Procellariiformes,Avonet,Birds
Diomedea exulans,Diomedea exulans,"Blanchard, P., Delord, K., Bodin, A., Guille, K., Getti, T. and Barbraud, C., 2024. Impact and control of feral cats preying on wandering albatrosses: Insights from a field experiment. Ecosphere, 15(2), p.e4792.",330,Kerguelen Island,-49.35,70.216700000000003,Predation,Predation,Predation,1,no,no,Predation in support,included_species,6961.29,Procellariiformes,Avonet,Birds
Diplothrix legata,Diplothrix legata,"Shionosaki, K., Yamada, F., Ishikawa, T. and Shibata, S., 2015. Feral cat diet and predation on endangered endemic mammals on a biodiversity hot spot (Amami–Ohshima Island, Japan). Wildlife Research, 42(4), pp.343-352.",192,Amami–Ohshima Island,28.267800000000001,129.3621,Predation,Predation,Predation,1,no,no,Predation in support,included_species,505.9,Rodentia,Phylacine 1.2,Mammals
Elanus scriptus,Elanus scriptus,"Pavey CR, Eldridge SR, Heywood M (2008) Population dynamics and prey selection of native and introduced predators during a rodent outbreak in arid Australia. Journal of Mammalogy 89, 674–683.",366,Simpson Desert,-25.046600000000002,136.74350000000001,Population,Abundance,Temporal,0,yes,no,Population not in support,included_species,316,Accipitriformes,Avonet,Birds
Eliomys quercinus,Eliomys quercinus,"Famira-Parcsetich, E.M., Meinig, H., von Thaden, A., Büchner, S., Jelinek, C., Lierz, M. and Lang, J., Causes of Mortality of the Endangered Garden Dormice Eliomys quercinus (Linnaeus, 1766)(Rodentia: Gliridae) from Germany.",12,Germany,51.165700000000001,10.451499999999999,Predation,Predation,Domestic cat,1,no,no,Predation in support,included_species,115,Rodentia,Phylacine 1.2,Mammals
Emoia loyaltiensis,Emoia loyaltiensis,"Palmas, P., Jourdan, H., Rigault, F., Debar, L., De Meringo, H., Bourguet, E., Mathivet, M., Lee, M., Adjouhgniope, R., Papillon, Y. and Bonnaud, E., 2017. Feral cats threaten the outstanding endemic fauna of the New Caledonia biodiversity hotspot. Biological Conservation, 214, pp.250-259.",257,New Caladonia,-20.904299999999999,165.61799999999999,Predation,Predation,Predation,1,no,no,Predation in support,included_species,,Squamata,,Reptiles
Eupleres goudotii,Eupleres goudotii,"Farris, Z.J., Kelly, M.J., Karpanty, S., Murphy, A., Ratelolahy, F., Andrianjakarivelo, V. and Holmes, C., 2017. The times they are a changin': Multi-year surveys reveal exotics replace native carnivores at a Madagascar rainforest site. Biological Conservation, 206, pp.320-328.",207,Makira National Park,-15.413,49.537999999999997,Population,Abundance,Temporal,1,yes,no,Population in support,included_species,3000,Carnivora,Phylacine 1.2,Mammals
Falco punctatus,Falco punctatus,"C. G. Jones et al., The restoration of the Mauritius kestrel Falco punctatus population. Ibis. 137, S173–S180 (1995).",413,Mauritius,-20.348400000000002,57.552199999999999,Predation,Predation,Reintroduced,1,no,no,Predation in support,included_species,167.41,Falconiformes,Avonet,Birds
Fossa fossana,Fossa fossana,"Farris, Z.J., Golden, C.D., Karpanty, S., Murphy, A., Stauffer, D., Ratelolahy, F., Andrianjakarivelo, V., Holmes, C.M. and Kelly, M.J., 2015. Hunting, exotic carnivores, and habitat loss: anthropogenic effects on a native carnivore community, Madagascar. PloS one, 10(9), p.e0136456.",202,Makira National Park,-15.413,49.537999999999997,Population,Abundance,Spatial,1,yes,yes,Population in support,excluded_species,1500,Carnivora,Phylacine 1.2,Mammals
Fossa fossana,Fossa fossana,"Farris, Z.J., Kelly, M.J., Karpanty, S., Murphy, A., Ratelolahy, F., Andrianjakarivelo, V. and Holmes, C., 2017. The times they are a changin': Multi-year surveys reveal exotics replace native carnivores at a Madagascar rainforest site. Biological Conservation, 206, pp.320-328.",203,Makira National Park,-15.413,49.537999999999997,Population,Abundance,Temporal,1,yes,no,Population in support,excluded_species,1500,Carnivora,Phylacine 1.2,Mammals
Fossa fossana,Fossa fossana,"Gerber, B.D., Karpanty, S.M. and Randrianantenaina, J., 2012. The impact of forest logging and fragmentation on carnivore species composition, density and occupancy in Madagascar's rainforests. Oryx, 46(3), pp.414-422.",201,Madagascar,-18.7669,46.869100000000003,Population,Abundance,Spatial,1,yes,yes,Population in support,excluded_species,1500,Carnivora,Phylacine 1.2,Mammals
Fringilla teydea,Fringilla teydea,IUCN,475,Tenerife,28.291599999999999,-16.629100000000001,Predation,Predation,Predation,1,no,no,Predation in support,included_species,30.3,Passeriformes,Avonet,Birds
Pampusana erythroptera,Gallicolumba erythroptera,"Blanvillain, C., Florent, C. and Thenot, V., 2002. Land birds of Tuamotu Archipelago, Polynesia: relative abundance and changes during the 20th century with particular reference to the critically endangered Polynesian ground-dove (Gallicolumba erythroptera). Biological conservation, 103(2), pp.139-149.",386,"Tuamotu Archipelago, French Polynesia",-18.75,-141.76,Population,Abundance,Spatial,1,yes,yes,Population in support,included_species,113.5,Columbiformes,,Birds
Gallotia intermedia,Gallotia intermedia,"Flores Ravelo, A.J. and Rando Reyes, J.C. 2021. Trophic ecology of cats (Felis catus) in Montaña de Guaza: implications for the conservation of the critically endangered giant lizard of Tenerife (Gallotia intermedia). Revista Scientia Insularum 4: 63-80.",479,Tenerife,28.291599999999999,-16.629100000000001,Predation,Predation,Predation,1,no,no,Predation in support,included_species,,Squamata,,Reptiles
Gallotia intermedia,Gallotia intermedia,"Hernández, E., Nogales, M. and Martín, A., 2000. Discovery of a new lizard in the Canary Islands, with a multivariate analysis of Gallotia (Reptilia: Lacertidae). Herpetologica, pp.63-76.",478,Acantilado de Los Gigantes,28.2409,-16.837800000000001,Predation,Predation,Predation,1,no,no,Predation in support,included_species,,Squamata,,Reptiles
Gallotia simonyi,Gallotia simonyi,"García-Márquez M, Caetano A, Bello I, Lopez-Jurado LF, Mateo JA (1997) Ecología del gato cimarron en el ecosistema termó filo de El Hierro (Islas Canarias) y su impacto sobre el lagarto gigante (Gallotia simonyi). Monogr Herpetol 4:207–222",427,Doherty,27.7255,-18.0243,Predation,Predation,Predation,1,no,no,Predation in support,included_species,,Squamata,,Reptiles
Geocapromys brownii,Geocapromys brownii,"Clough, G.C., 1976. Current status of two endangered Caribbean rodents. Biological Conservation, 10(1), pp.43-47.",164,Little Swan Island,17.416699999999999,-83.916700000000006,Population,Abundance,Timing,0,yes,no,Population not in support,included_species,1500,Rodentia,Phylacine 1.2,Mammals
Geokichla guttata,Geokichla guttata,"Ndang'ang'a, P. K., Sande, E., Evans, S.W., Buckley, P., Newbery, P., Hoffmann, D. A., John, J. 2005. International action plan for Spotted Ground Thrush Zoothera guttata (Threatened Birds of Africa).",457,"Malawi, South Africa, Africa other",-30.5595,22.9375,Predation,Predation,Predation,1,no,no,Predation in support,included_species,57.5,Passeriformes,Avonet,Birds
Gymnomyza samoensis,Gymnomyza samoensis,"Stirnemann, R., 2015. Ecology and drivers of decline in a tropical island honeyeater: the Ma'oma'o: a thesis presented in partial fulfilment of the requirements for the degree of Doctor of Philosophy in Zoology at Massey University, Manawatu, New Zealand (Doctoral dissertation, Massey University).",395,Upolu Island,-13.913399999999999,-171.73490000000001,Predation,Predation,Predation,0,no,no,Predation not in support,included_species,99,Passeriformes,Avonet,Birds
Haematopus chathamensis,Haematopus chathamensis,"P. J. Moore, “Chatham Island oystercatcher (Haematopus chathamensis) management techniques: guidelines for protecting nests and increasing their productivity” (Department of Conservation, Wellington, 2009).",367,Chatham and Pitt Islands,-43.927100000000003,-176.45920000000001,Predation,Predation,Predation,1,no,no,Predation in support,included_species,598.66,Charadriiformes,Avonet,Birds
Himantopus novaezelandiae,Himantopus novaezelandiae,"R. J. Pierce, Differences in susceptibility to predation during nesting between pied and black stilts (Himantopus spp.). The Auk. 103, 273–280 (1986).",266,"Cass River Valley, Lake Tekapo",-44.003999999999998,170.47620000000001,Predation,Predation,Predation,1,no,no,Predation in support,included_species,195,Charadriiformes,Avonet,Birds
Himantopus novaezelandiae,Himantopus novaezelandiae,"Sanders, M.D., Maloney, R.F. 2002. Causes of mortality at nests of ground-nesting birds in the Upper Waitaki Basin, South Island, New Zealand: a 5-year video study. Biological Conservation 106(2): 225-236.",265,"Upper Waitaki Basin, South Island, New Zealand",-44.811100000000003,170.29159999999999,Predation,Predation,Predation,1,no,no,Predation in support,included_species,195,Charadriiformes,Avonet,Birds
Hydrobates leucorhous,Hydrobates leucorhous,IUCN,286,Unknown,,,Predation,Predation,Predation,1,no,no,Predation in support,included_species,36.71,Procellariiformes,Avonet,Birds
Hydrobates macrodactylus,Hydrobates macrodactylus,"Anthony, A. W. 1925. Expedition to Guadalupe Island, Mexico, in 1922: Birds and mammals. Proceedings of the California Academy of Sciences (Fourth Series) 14: 277-320. https://ia601309.us.archive.org/34/items/biostor-78015/biostor-78015.pdf",415,"Natividad Island, Guadalupe Island, San Benitos Islands",27.8658,-115.18,Predation,Predation,Predation,1,no,no,Predation in support,included_species,36.71,Procellariiformes,Avonet,Birds
Hymenolaimus malacorhynchos,Hymenolaimus malacorhynchos,"Williams, M., 1991. Social and demographic characteristics of blue duck Hymenolaimus malacorhynchos. Wildfowl, 42(42), pp.65-86.",481,Manganuiateao River,-39.275829999999999,175.53528,Predation,Predation,Predation,1,no,no,Predation in support,included_species,829.99,Anseriformes,Avonet,Birds
Hypotaenidia sylvestris,Hypotaenidia sylvestris,"B. Miller, K. J. Mullette, Rehabilitation of an endangered Australian bird: The Lord Howe Island woodhen Tricholimnas sylvestris (Sclater). Biological Conservation. 34, 55–95 (1985).",480,Lord Howe Island,-31.555299999999999,159.0821,Predation,Predation,Predation,0,no,no,Predation not in support,included_species,494.38,Gruiformes,Avonet,Birds
Isoodon auratus,Isoodon auratus,"Blythman, M., Lohr, C., Sims, C. and Morris, K., 2020. Translocation of Golden Bandicoots, Isoodon auratus barrowensis, from a fenced enclosure to unfenced managed land on Matuwa (formally Lorna Glen) September 2015: Final Report. Department of Biodiversity Conservation and Attractions, Perth Western Australia, 43.",227,Lorna Glen (Matuwa),-26.198599999999999,121.35980000000001,Predation,Predation,Reintroduced,1,no,no,Predation in support,included_species,425,Peramelemorphia,Phylacine 1.2,Mammals
Isoodon auratus,Isoodon auratus,"Christensen, P. and Burrows, N., 1995. Project desert dreaming: experimental reintroduction of mammals to the Gibson Desert, Western Australia. Reintroduction Biology of Australian and New Zealand Fauna’.(Ed. M. Serena.) pp, pp.199-207.",228,Gibson Desert,-23.001300000000001,125.00149999999999,Predation,Predation,Reintroduced,0,no,no,Predation not in support,included_species,425,Peramelemorphia,Phylacine 1.2,Mammals
Isoodon auratus,Isoodon auratus,"Doherty, T.S., Dickman, C.R., Johnson, C.N., Legge, S.M., Ritchie, E.G. and Woinarski, J.C., 2017. Impacts and management of feral cats Felis catus in Australia. Mammal Review, 47(2), pp.83-97.",229,Lorna Glen (Matuwa),-26.198599999999999,121.35980000000001,Predation,Predation,Reintroduced,1,no,no,Predation in support,included_species,425,Peramelemorphia,Phylacine 1.2,Mammals
Isoodon auratus,Isoodon auratus,"Moseby, K.E., Peacock, D.E. and Read, J.L., 2015. Catastrophic cat predation: a call for predator profiling in wildlife protection programs. Biological Conservation, 191, pp.331-340.",230,Lorna Glen (Matuwa),-26.198599999999999,121.35980000000001,Predation,Predation,Reintroduced,0,no,no,Predation not in support,included_species,425,Peramelemorphia,Phylacine 1.2,Mammals
Isoodon auratus,Isoodon auratus,"Wallach A.D., Lundgren E.J. (2025) Review of evidence that foxes and cats cause extinctions of Australia’s endemic mammals. BioScience. DOI: 10.1093/biosci/biaf046",226,"Nullarbor, western NSW, Canning Stock Route",-31.058900000000001,130.48779999999999,Population,Abundance,Timing,1,yes,no,Population in support,included_species,425,Peramelemorphia,Phylacine 1.2,Mammals
Isoodon auratus,Isoodon auratus,"Wysong, M.L., 2016. Predator ecology in the arid rangelands of Western Australia: spatial interactions and resource competition between an apex predator, the dingo Canis dingo, and an introduced mesopredator, the feral cat Felis catus. PhD thesis, University of Western Australia, Perth.",231,Lorna Glen (Matuwa),-26.198599999999999,121.35980000000001,Predation,Predation,Predation,1,no,no,Predation in support,included_species,425,Peramelemorphia,Phylacine 1.2,Mammals
Kanakysaurus viviparus,Kanakysaurus viviparus,"Palmas, P., Jourdan, H., Rigault, F., Debar, L., De Meringo, H., Bourguet, E., Mathivet, M., Lee, M., Adjouhgniope, R., Papillon, Y. and Bonnaud, E., 2017. Feral cats threaten the outstanding endemic fauna of the New Caledonia biodiversity hotspot. Biological Conservation, 214, pp.250-259.",252,New Caladonia,-20.904299999999999,165.61799999999999,Predation,Predation,Predation,1,no,no,Predation in support,included_species,,Squamata,,Reptiles
Kanakysaurus zebratus,Kanakysaurus zebratus,"Palmas, P., Jourdan, H., Rigault, F., Debar, L., De Meringo, H., Bourguet, E., Mathivet, M., Lee, M., Adjouhgniope, R., Papillon, Y. and Bonnaud, E., 2017. Feral cats threaten the outstanding endemic fauna of the New Caledonia biodiversity hotspot. Biological Conservation, 214, pp.250-259.",256,New Caladonia,-20.904299999999999,165.61799999999999,Predation,Predation,Predation,1,no,no,Predation in support,included_species,,Squamata,,Reptiles
Lagorchestes asomatus,Lagorchestes asomatus,"Wallach A.D., Lundgren E.J. (2025) Review of evidence that foxes and cats cause extinctions of Australia’s endemic mammals. BioScience. DOI: 10.1093/biosci/biaf046",78,Lake Mackay,-22.593900000000001,128.69489999999999,Population,Abundance,Timing,1,yes,no,Population in support,included_species,1500,Diprotodontia,Phylacine 1.2,Mammals
Lagostrophus fasciatus,Lagostrophus fasciatus,"Hardman, B., Moro, D. and Calver, M., 2016. Direct evidence implicates feral cat predation as the primary cause of failure of a mammal reintroduction programme. Ecological Management & Restoration, 17(2), pp.152-158.",84,"Shark Bay, Western Australia",-25.44,113.32,Predation,Predation,Predation,1,no,no,Predation in support,included_species,1700,Diprotodontia,Phylacine 1.2,Mammals
Lagostrophus fasciatus,Lagostrophus fasciatus,"Wallach A.D., Lundgren E.J. (2025) Review of evidence that foxes and cats cause extinctions of Australia’s endemic mammals. BioScience. DOI: 10.1093/biosci/biaf046",85,Southwest Australia,-31.9514,115.8617,Population,Abundance,Timing,1,yes,no,Population in support,included_species,1700,Diprotodontia,Phylacine 1.2,Mammals
Lanius ludovicianus,Lanius ludovicianus,"Gawlik, D.E. and K.L. Bildstein. 1990. Reproductive success and nesting habitat of Loggerhead Shrikes in north-central South Carolina. Wilson Bulletin 102: 37-48.",448,South Carolina,33.836100000000002,-81.163700000000006,Population,Reproduction,Spatial,0,yes,no,Population not in support,included_species,51.59,Passeriformes,Avonet,Birds
Leiocephalus psammodromus,Leiocephalus psammodromus,"Iverson, J.B. 1978. The impact of feral cats and dogs on populations of the West Indian rock iguana, Cyclura carinata. Biological Conservation 14(1): 63-73.",233,"Pine Cay, Caicos Islands",21.8857,-72.088300000000004,Predation,Predation,Predation,1,no,no,Predation in support,included_species,,Squamata,,Reptiles
Leipoa ocellata,Leipoa ocellata,"D. Priddel, R. Wheeler, Effficacy of fox control in reducing the mortality of released captive-reared malleefowl, Leipoa ocellata. Wildlife Research. 24, 469–482 (1997).",358,Yathong Nature Reserve,-32.726120000000002,145.57601,Predation,Predation,Predation,1,no,no,Predation in support,included_species,1913.89,Galliformes,Avonet,Birds
Leipoa ocellata,Leipoa ocellata,"D. Priddel, R. Wheeler, Mortality of captive-raised malleefowl, Leipoa ocellata, released into a mallee remnant within the wheat-belt of New South Wales. Wildlife Research. 21, 543–551 (1994).",357,"Yalgogrin, near West Wyalong",-33.844499999999996,146.828,Predation,Predation,Predation,1,no,no,Predation in support,included_species,1913.89,Galliformes,Avonet,Birds
Leipoa ocellata,Leipoa ocellata,"Garnett, S.T., Baker, G.B. (ed.), The Action Plan for Australian Birds 2020. CSIRO Publishing, Melbourne.",355,Southern Australia,-30.0002,136.20920000000001,Predation,Predation,Predation,1,no,no,Predation in support,included_species,1913.89,Galliformes,Avonet,Birds
Leipoa ocellata,Leipoa ocellata,"J. Benshemesh, “National recovery plan for malleefowl Leipoa ocellata” (Department of Environment and Heritage, South Australia, 2007).",356,Southern Australia,-30.0002,136.20920000000001,Predation,Predation,Predation,1,no,no,Predation in support,included_species,1913.89,Galliformes,Avonet,Birds
Leporillus apicalis,Leporillus apicalis,"Wallach A.D., Lundgren E.J. (2025) Review of evidence that foxes and cats cause extinctions of Australia’s endemic mammals. BioScience. DOI: 10.1093/biosci/biaf046",396,"Norman Tindale, Western Division of NSW, southern NT, Euston, northwest Victoria",-34.575000000000003,142.74510000000001,Population,Abundance,Timing,1,yes,no,Population in support,included_species,150,Rodentia,Phylacine 1.2,Mammals
Leporillus conditor,Leporillus conditor,"Copley, P., 1999. Natural histories of Australia’s stick-nest rats, genus Leporillus (Rodentia: Muridae). Wildlife Research, 26(4), pp.513-539.",398,"Venus Bay Conservation Park, SA",-34.333300000000001,135.75,Predation,Predation,Reintroduced,1,no,no,Predation in support,included_species,350,Rodentia,Phylacine 1.2,Mammals
Leporillus conditor,Leporillus conditor,"Wallach A.D., Lundgren E.J. (2025) Review of evidence that foxes and cats cause extinctions of Australia’s endemic mammals. BioScience. DOI: 10.1093/biosci/biaf046",397,"Nullarbor, Murray-Darling, Flinders Ranges, Western Division of NSW",-31.058900000000001,130.48779999999999,Population,Abundance,Timing,0,yes,no,Population not in support,included_species,350,Rodentia,Phylacine 1.2,Mammals
Lerista puncticauda,Lerista puncticauda,IUCN,220,"Great Victoria Desert, Western Australia",-28.855899999999998,129.4796,Predation,Predation,Predation,1,no,no,Predation in support,included_species,,Squamata,,Reptiles
Liolaemus martorii,Liolaemus martorii,IUCN,209,"Río Negro Province, Argentina",-40.734400000000001,-66.617599999999996,Predation,Predation,Domestic cat,1,no,no,Predation in support,included_species,,Squamata,,Reptiles
Liolaemus paulinae,Liolaemus paulinae,IUCN,210,"Río Loa, Antofagasta Region, Chile",-23.8369,-69.287800000000004,Predation,Predation,Predation,1,no,no,Predation in support,included_species,,Squamata,,Reptiles
Liopholis kintorei,Liopholis kintorei,"Moore, D., Kearney, M.R., Paltridge, R., McAlpin, S. and Stow, A., 2018. Feeling the pressure at home: Predator activity at the burrow entrance of an endangered arid‐zone skink. Austral Ecology, 43(1), pp.102-109.",219,Newhaven Wildlife Sanctuary,-22.723400000000002,131.1679,Predation,Predation,Predation,1,no,no,Predation in support,included_species,,Squamata,,Reptiles
Lioscincus steindachneri,Lioscincus steindachneri,"Palmas, P., Jourdan, H., Rigault, F., Debar, L., De Meringo, H., Bourguet, E., Mathivet, M., Lee, M., Adjouhgniope, R., Papillon, Y. and Bonnaud, E., 2017. Feral cats threaten the outstanding endemic fauna of the New Caledonia biodiversity hotspot. Biological Conservation, 214, pp.250-259.",259,New Caladonia,-20.904299999999999,165.61799999999999,Predation,Predation,Predation,1,no,no,Predation in support,included_species,,Squamata,,Reptiles
Lioscincus vivae,Lioscincus vivae,"Palmas, P., Jourdan, H., Rigault, F., Debar, L., De Meringo, H., Bourguet, E., Mathivet, M., Lee, M., Adjouhgniope, R., Papillon, Y. and Bonnaud, E., 2017. Feral cats threaten the outstanding endemic fauna of the New Caledonia biodiversity hotspot. Biological Conservation, 214, pp.250-259.",250,New Caladonia,-20.904299999999999,165.61799999999999,Predation,Predation,Predation,1,no,no,Predation in support,included_species,,Squamata,,Reptiles
Litoria raniformis,Litoria raniformis,"Flux, J.E., 2007. Seventeen years of predation by one suburban cat in New Zealand. New Zealand Journal of Zoology, 34(4), pp.289-296.",214,Lower Hutt,-41.212699999999998,174.8997,Predation,Predation,Domestic cat,1,no,no,Predation in support,included_species,,Anura,,Amphibians
Lophotibis cristata,Lophotibis cristata,"Murphy, A., Farris, Z., Karpanty, S., Kelly, M., Miles, K., Ratelolahy, F., Rahariniaina, R. and Golden, C. 2017. Using camera traps to examine distribution and occupancy trends of ground-dwelling rainforest birds in north-eastern Madagascar. 10.1017/S0959270917000107. 28(4): 1-14.",405,Masoala-Makira NP,-15.596500000000001,50.141800000000003,Population,Abundance,Spatial,1,yes,yes,Population in support,included_species,583,Pelecaniformes,Avonet,Birds
Loxioides bailleui,Loxioides bailleui,"Amarasekare, P., 1994. Ecology of introduced small mammals on western Mauna Kea, Hawaii. Journal of Mammalogy, 75(1), pp.24-38.",491,Mauna Kea,19.820599999999999,-155.46809999999999,Predation,Predation,Predation,0,no,no,Predation not in support,included_species,37.84,Passeriformes,Avonet,Birds
Loxioides bailleui,Loxioides bailleui,"Banko, P. C. and Farmer, C. 2014. Palila restoration research, 1996-2012. Hawai‘i Cooperative Studies Unit Technical Report HCSU-046. University of Hawai‘i at Hilo. Available at: http://www.uhh.hawaii.edu/hcsu/publications.php].",488,Mauna Kea,19.820599999999999,-155.46809999999999,Predation,Predation,Predation,1,no,no,Predation in support,included_species,37.84,Passeriformes,Avonet,Birds
Loxioides bailleui,Loxioides bailleui,"Hess, S. C., P. C. Banko, D. M. Goltz, R. M. Danner, and K. W. Brinck. 2004. Strategies for reducing feral cat threats to endangered Hawaiian birds. Pp. 21–26 in R. M. Timm and W. P. Gorenzel (editors). Proceedings of the 21st Vertebrate Pest Conference. University of California, Davis, CA.",489,Mauna Kea,19.820599999999999,-155.46809999999999,Predation,Predation,Predation,1,no,no,Predation in support,included_species,37.84,Passeriformes,Avonet,Birds
Loxioides bailleui,Loxioides bailleui,"Pletschet SM, Kelly JF (1990) Breeding biology and nesting success of Palila. Condor, 92, 1012-1021.",484,Mauna Kea,19.820599999999999,-155.46809999999999,Predation,Predation,Predation,1,no,no,Predation in support,included_species,37.84,Passeriformes,Avonet,Birds
Loxioides bailleui,Loxioides bailleui,"Pratt, T.K., Banko, P.C., Fancy, S.G., Lindsey, G.D. and Jacobi, J.D., 1997. Status and management of the Palila, an endangered Hawaiian honeycreeper, 1987-1996. Pacific Conservation Biology, 3(4), pp.330-340.",485,Mauna Kea,19.820599999999999,-155.46809999999999,Predation,Predation,Predation,1,no,no,Predation in support,included_species,37.84,Passeriformes,Avonet,Birds
Loxioides bailleui,Loxioides bailleui,"S. C. Hess, P. C. Banko, “Feral cats: too long a threat to Hawaiian wildlife” (USGS, Hawaii, 2006).",487,Mauna Kea,19.820599999999999,-155.46809999999999,Predation,Predation,Predation,1,no,no,Predation in support,included_species,37.84,Passeriformes,Avonet,Birds
Loxioides bailleui,Loxioides bailleui,"Snetsinger, T.J., S.G. Fancy, J.C. Simon, and J.D. Jacobi. 1994. Diets of owls and feral cats in Hawai`i. `Elepaio 54:47-50.",490,Mauna Kea,19.820599999999999,-155.46809999999999,Predation,Predation,Predation,0,no,no,Predation not in support,included_species,37.84,Passeriformes,Avonet,Birds
Loxioides bailleui,Loxioides bailleui,"van Riper, C, III, 1980. Observations on the breeding of the Palila Psittirostra bailleui on Hawaii. Ibis 122: 462-75.",486,Mauna Kea,19.820599999999999,-155.46809999999999,Predation,Predation,Predation,1,no,no,Predation in support,included_species,37.84,Passeriformes,Avonet,Birds
Lygodactylus insularis,Lygodactylus insularis,IUCN,221,Juan de Nova Island,-17.054200000000002,42.724699999999999,Predation,Predation,Predation,1,no,no,Predation in support,included_species,,Squamata,,Reptiles
Macrotis lagotis,Macrotis lagotis,"Geyle, H.M., Schlesinger, C., Banks, S., Dixon, K., Murphy, B.P., Paltridge, R., Doolan, L., Herbert, M. and Dickman, C.R., 2024. Corrigendum to: Unravelling predator–prey interactions in response to planned fire: a case study from the Tanami Desert. Wildlife Research, 51(9), pp.NULL-NULL.",137,"Tanami Desert, Northern Territory",-20,130,Population,Abundance,Temporal,0,yes,no,Population not in support,included_species,1350,Peramelemorphia,Phylacine 1.2,Mammals
Macrotis lagotis,Macrotis lagotis,"Geyle, H.M., Young, A.R., Murphy, B.P., Dickman, C.R., Schlesinger, C., Dixon, K.M., Moore, H., Legge, S., Silcock, J., Indigo, N. and Dziminski, M., 2025. Declines in greater bilby (Macrotis lagotis) geographic range and realised niche are best explained by the invasive red fox (Vulpes vulpes). Biological Conservation, 302, p.110872.",146,Central Australia,-23.698,133.88069999999999,Population,Abundance,Spatial,0,yes,yes,Population not in support,included_species,1350,Peramelemorphia,Phylacine 1.2,Mammals
Macrotis lagotis,Macrotis lagotis,"Lohr, C.A., Dziminski, M., Dunlop, J., Miller, E. and Morris, K., 2021. Reintroduction of bilbies (Macrotis lagotis) to Matuwa, an Indigenous Protected Area in Western Australia. Rangeland Ecology & Management, 78, pp.67-78.",126,"Matuwa, Western Australia",−26.1986,121.35980000000001,Predation,Predation,Reintroduced,1,no,no,Predation in support,included_species,1350,Peramelemorphia,Phylacine 1.2,Mammals
Macrotis lagotis,Macrotis lagotis,"Lohr, M.T., Algar, D., Hamilton, N. and Lohr, C.A., 2022. Feral Cats in the Subtropics of Australia—The Shamrock Station Irrigation Project. Sustainability, 14(3), p.1373.",127,"Matuwa, Western Australia",−26.1986,121.35980000000001,Predation,Predation,Reintroduced,0,no,no,Predation not in support,included_species,1350,Peramelemorphia,Phylacine 1.2,Mammals
Macrotis lagotis,Macrotis lagotis,"Moore, H.A., Gibson, L.A., Dziminski, M.A., Radford, I.J., Corey, B., Bettink, K., Carpenter, F.M., McPhail, R., Sonneman, T. and Greatwich, B., 2024. Where there’s smoke, there’s cats: long-unburnt habitat is crucial to mitigating the impacts of cats on the Ngarlgumirdi, greater bilby (Macrotis lagotis). Wildlife Research, 51(5).",138,"Dampier Peninsula, Western Australia",-16.5197,122.9162,Population,Abundance,Spatial,0,yes,yes,Population not in support,included_species,1350,Peramelemorphia,Phylacine 1.2,Mammals
Macrotis lagotis,Macrotis lagotis,"Moseby, K.E., Cameron, A. and Crisp, H.A., 2012. Can predator avoidance training improve reintroduction outcomes for the greater bilby in arid Australia?. Animal Behaviour, 83(4), pp.1011-1021.",128,"Andamooka Station, South Australia",-30.4497,137.164﻿,Predation,Predation,Reintroduced,1,no,no,Predation in support,included_species,1350,Peramelemorphia,Phylacine 1.2,Mammals
Macrotis lagotis,Macrotis lagotis,"Moseby, K.E., Letnic, M., Blumstein, D.T. and West, R., 2019. Understanding predator densities for successful co‐existence of alien predators and threatened prey. Austral Ecology, 44(3), pp.409-419.",142,"Andamooka Station, South Australia",-30.4497,137.164﻿,Population,Abundance,Temporal,0,yes,no,Population not in support,included_species,1350,Peramelemorphia,Phylacine 1.2,Mammals
Macrotis lagotis,Macrotis lagotis,"Moseby, K.E., Peacock, D.E. and Read, J.L., 2015. Catastrophic cat predation: a call for predator profiling in wildlife protection programs. Biological Conservation, 191, pp.331-340.",129,"Andamooka Station, South Australia",-30.4497,137.164﻿,Predation,Predation,Reintroduced,1,no,no,Predation in support,included_species,1350,Peramelemorphia,Phylacine 1.2,Mammals
Macrotis lagotis,Macrotis lagotis,"Moseby, K.E., Peacock, D.E. and Read, J.L., 2015. Catastrophic cat predation: a call for predator profiling in wildlife protection programs. Biological Conservation, 191, pp.331-340.",130,"Andamooka Station, South Australia",-30.4497,137.164﻿,Predation,Predation,Reintroduced,0,no,no,Predation not in support,included_species,1350,Peramelemorphia,Phylacine 1.2,Mammals
Macrotis lagotis,Macrotis lagotis,"Moseby, K.E., Peacock, D.E. and Read, J.L., 2015. Catastrophic cat predation: a call for predator profiling in wildlife protection programs. Biological Conservation, 191, pp.331-340.",131,"Astrebla Downs NP, QLD",-24.842600000000001,139.69110000000001,Predation,Predation,Predation,1,no,no,Predation in support,included_species,1350,Peramelemorphia,Phylacine 1.2,Mammals
Macrotis lagotis,Macrotis lagotis,"Moseby, K.E., Read, J.L., Paton, D.C., Copley, P., Hill, B.M. and Crisp, H.A., 2011. Predation determines the outcome of 10 reintroduction attempts in arid South Australia. Biological Conservation, 144(12), pp.2863-2872.",132,"Andamooka Station, South Australia",-30.4497,137.164﻿,Predation,Predation,Reintroduced,1,no,no,Predation in support,included_species,1350,Peramelemorphia,Phylacine 1.2,Mammals
Macrotis lagotis,Macrotis lagotis,"Murphy, B.P., Woolley, L.A., Geyle, H.M., Legge, S.M., Palmer, R., Dickman, C.R., Augusteyn, J., Brown, S.C., Comer, S., Doherty, T.S. and Eager, C., 2019. Introduced cats (Felis catus) eating a continental fauna: the number of mammals killed in Australia. Biological Conservation, 237, pp.28-40.",133,Australia,-25.2744,133.77510000000001,Predation,Predation,Predation,1,no,no,Predation in support,included_species,1350,Peramelemorphia,Phylacine 1.2,Mammals
Macrotis lagotis,Macrotis lagotis,"Paltridge, R., 2002. The diets of cats, foxes and dingoes in relation to prey availability in the Tanami Desert, Northern Territory. Wildlife Research, 29(4), pp.389-403.",134,"Tanami Desert, Northern Territory",-20,130,Predation,Predation,Predation,1,no,no,Predation in support,included_species,1350,Peramelemorphia,Phylacine 1.2,Mammals
Macrotis lagotis,Macrotis lagotis,"Paltridge, R., Ward, N.N., West, J.T. and Crossing, K., 2020. Is cat hunting by Indigenous tracking experts an effective way to reduce cat impacts on threatened species?. Wildlife Research, 47(8), pp.709-719.",140,,-22.816099999999999,127.76439999999999,Population,Abundance,Spatial,1,no,no,Population in support,included_species,1350,Peramelemorphia,Phylacine 1.2,Mammals
Macrotis lagotis,Macrotis lagotis,"Paltridge, R., Ward, N.N., West, J.T. and Crossing, K., 2020. Is cat hunting by Indigenous tracking experts an effective way to reduce cat impacts on threatened species?. Wildlife Research, 47(8), pp.709-719.",141,,-22.816099999999999,127.76439999999999,Predation,Predation,Predation,0,no,no,Predation not in support,included_species,1350,Peramelemorphia,Phylacine 1.2,Mammals
Macrotis lagotis,Macrotis lagotis,"Paltridge, R.M., 2005. Predator-prey interactions in the spinifex grasslands of central Australia. PhD Thesis, University of Wollongong",143,,-19.2,132.666666666666,Population,Abundance,Temporal,0,yes,no,Population not in support,included_species,1350,Peramelemorphia,Phylacine 1.2,Mammals
Macrotis lagotis,Macrotis lagotis,"Paltridge, R.M., 2005. Predator-prey interactions in the spinifex grasslands of central Australia. PhD Thesis, University of Wollongong",144,,-19.2,132.666666666666,Predation,Predation,Predation,1,no,no,Predation in support,included_species,1350,Peramelemorphia,Phylacine 1.2,Mammals
Macrotis lagotis,Macrotis lagotis,"Richards, J.D., 2012. Western Barred Bandicoot, Burrowing Bettong and Banded Hare-wallaby Recovery Team, Department of Environment and Conservation (Western Australia), and the Australian Government Department of Sustainability, Environment, Water, Population and Communities.",145,,-25.44,113.32,Population,Abundance,Exclusion,0,no,no,Population not in support,included_species,1350,Peramelemorphia,Phylacine 1.2,Mammals
Macrotis lagotis,Macrotis lagotis,"Southgate, R., Paltridge, R., Masters, P. and Carthew, S., 2007. Bilby distribution and fire: a test of alternative models of habitat suitability in the Tanami Desert, Australia. Ecography, 30(6), pp.759-776.",136,"Tanami Desert, Northern Territory",-20,130,Population,Abundance,Spatial,0,yes,yes,Population not in support,included_species,1350,Peramelemorphia,Phylacine 1.2,Mammals
Macrotis lagotis,Macrotis lagotis,"Wallach A.D., Lundgren E.J. (2025) Review of evidence that foxes and cats cause extinctions of Australia’s endemic mammals. BioScience. DOI: 10.1093/biosci/biaf046",139,Central Australia,-23.698,133.88069999999999,Population,Abundance,Timing,1,yes,no,Population in support,included_species,1350,Peramelemorphia,Phylacine 1.2,Mammals
Macrotis lagotis,Macrotis lagotis,"Wysong, M.L., 2016. Predator ecology in the arid rangelands of Western Australia: spatial interactions and resource competition between an apex predator, the dingo Canis dingo, and an introduced mesopredator, the feral cat Felis catus. PhD thesis, University of Western Australia, Perth.",135,"Matuwa, Western Australia",−26.1986,121.35980000000001,Predation,Predation,Predation,1,no,no,Predation in support,included_species,1350,Peramelemorphia,Phylacine 1.2,Mammals
Macrotis leucura,Macrotis leucura,"Wallach A.D., Lundgren E.J. (2025) Review of evidence that foxes and cats cause extinctions of Australia’s endemic mammals. BioScience. DOI: 10.1093/biosci/biaf046",147,Koonchera Dune and Alice Springs,-23.698,133.88069999999999,Population,Abundance,Timing,1,yes,no,Population in support,included_species,354.3,Peramelemorphia,Phylacine 1.2,Mammals
Marmorosphax taom,Marmorosphax taom,"Palmas, P., Jourdan, H., Rigault, F., Debar, L., De Meringo, H., Bourguet, E., Mathivet, M., Lee, M., Adjouhgniope, R., Papillon, Y. and Bonnaud, E., 2017. Feral cats threaten the outstanding endemic fauna of the New Caledonia biodiversity hotspot. Biological Conservation, 214, pp.250-259.",258,New Caladonia,-20.904299999999999,165.61799999999999,Predation,Predation,Predation,1,no,no,Predation in support,included_species,,Squamata,,Reptiles
Mastacomys fuscus,Mastacomys fuscus,"Doherty, T.S., Davis, R.A., van Etten, E.J., Algar, D., Collier, N., Dickman, C.R., Edwards, G., Masters, P., Palmer, R. and Robinson, S., 2015. A continental‐scale analysis of feral cat diet in Australia. Journal of Biogeography, 42(5), pp.964-975.",181,Australia,-25.2744,133.77510000000001,Predation,Predation,Predation,1,no,no,Predation in support,included_species,122,Rodentia,Phylacine 1.2,Mammals
Megadyptes antipodes,Megadyptes antipodes,"Alterio, N. and Moller, H., 1997. Diet of feral house cats Felis catus, ferrets Mustela furo and stoats M. erminea in grassland surrounding yellow‐eyed penguin Megadyptes antipodes breeding areas, South Island, New Zealand. Journal of Zoology, 243(4), pp.869-877.",461,South Island,-45.152700000000003,169.89259999999999,Predation,Predation,Predation,0,no,no,Predation not in support,included_species,5326.24,Sphenisciformes,Avonet,Birds
Megadyptes antipodes,Megadyptes antipodes,"Darby, J.T., Seddon, P.J. and Davis, L.S., 1990. Breeding biology of yellow-eyed penguins (Megadyptes antipodes). Penguin biology, pp.45-62.",460,"Otago Peninsula, New Zealand",-45.866700000000002,170.66669999999999,Predation,Predation,Predation,1,no,no,Predation in support,included_species,5326.24,Sphenisciformes,Avonet,Birds
Megadyptes antipodes,Megadyptes antipodes,"King, S.D., Harper, G.A., Wright, J.B., McInnes, J.C., Van Der Lubbe, J.E., Dobbins, M.L. and Murray, S.J., 2012. Site-specific reproductive failure and decline of a population of the Endangered yellow-eyed penguin: a case for foraging habitat quality. Marine Ecology Progress Series, 467, pp.233-244.",462,Stewart Island,-47.010300000000001,167.8272,Predation,Predation,Predation,0,no,no,Predation not in support,included_species,5326.24,Sphenisciformes,Avonet,Birds
Megadyptes antipodes,Megadyptes antipodes,"King, S.D., Harper, G.A., Wright, J.B., McInnes, J.C., Van Der Lubbe, J.E., Dobbins, M.L. and Murray, S.J., 2012. Site-specific reproductive failure and decline of a population of the Endangered yellow-eyed penguin: a case for foraging habitat quality. Marine Ecology Progress Series, 467, pp.233-244.",463,Stewart Island,-47.010300000000001,167.8272,Population,Reproduction,Spatial,1,yes,no,Population in support,included_species,5326.24,Sphenisciformes,Avonet,Birds
Megadyptes antipodes,Megadyptes antipodes,"Massaro, M. and Blair, D., 2003. Comparison of population numbers of yellow-eyed penguins, Megadyptes antipodes, on Stewart Island and on adjacent cat-free islands. New Zealand Journal of Ecology, pp.107-113.",459,Stewart Island,-47.010300000000001,167.8272,Population,Abundance,Spatial,1,yes,no,Population in support,included_species,5326.24,Sphenisciformes,Avonet,Birds
Megadyptes antipodes,Megadyptes antipodes,"Ratz, H., Moller, H. and Fletcher, D., 1999. Predator identification from bite marks on penguin and albatross chicks. Marine Ornithology, 27, pp.149-156.",464,Stewart Island,-47.010300000000001,167.8272,Predation,Predation,Predation,0,no,no,Predation not in support,included_species,5326.24,Sphenisciformes,Avonet,Birds
Megapodius laperouse,Megapodius laperouse,"US Fish and Wildlife Service, “Recovery plan for the Micronesian megapode (Megapodius laperouse laperouse)” (US Fish and Wildlife Service, Portland, 1998).",482,Agrihan,18.7682,145.65790000000001,Predation,Predation,Predation,1,no,no,Predation in support,included_species,308,Galliformes,Avonet,Birds
Megapodius nicobariensis,Megapodius nicobariensis,"K. Sivakumar, Impact of the 2004 tsunami on the vulnerable Nicobar megapode Megapodius nicobariensis. Oryx. 44, 71–78 (2009).",473,Nicobar Islands,10.744899999999999,92.5,Predation,Predation,Predation,1,no,no,Predation in support,included_species,836.69,Galliformes,Avonet,Birds
Mesembriomys gouldii,Mesembriomys gouldii,"Davies, H.F., McCarthy, M.A., Firth, R.S., Woinarski, J.C., Gillespie, G.R., Andersen, A.N., Rioli, W., Puruntatameri, J., Roberts, W., Kerinaiua, C. and Kerinauia, V., 2018. Declining populations in one of the last refuges for threatened mammal species in northern Australia. Austral Ecology, 43(5), pp.602-612.",182,"Melville Island, Northern Territory",-11.5,131.03,Population,Abundance,Spatial,0,yes,yes,Population not in support,included_species,716.5,Rodentia,Phylacine 1.2,Mammals
Mesembriomys gouldii,Mesembriomys gouldii,"Stobo-Wilson, A.M., Stokeld, D., Einoder, L.D., Davies, H.F., Fisher, A., Hill, B.M., Mahney, T., Murphy, B.P., Scroggie, M.P., Stevens, A. and Woinarski, J.C.Z., 2020. Bottom-up and top-down processes influence contemporary patterns of mammal species richness in Australia's monsoonal tropics. Biological Conservation, 247, p.108638.",183,North Northern Territory,-13.09,132.38999999999999,Population,Abundance,Spatial,1,yes,yes,Population in support,included_species,716.5,Rodentia,Phylacine 1.2,Mammals
Mesembriomys gouldii,Mesembriomys gouldii,"Stokeld D, Fisher A, Gentles T, Hill B, Triggs B, Woinarski JCZ, Gillespie GR. 2018. What do predator diets tell us about mammal declines in Kakadu National Park? Wildlife Research 45:92-101.",184,"Kakadu, Northern Territory",-13.09,132.38999999999999,Predation,Predation,Predation,1,no,no,Predation in support,included_species,716.5,Rodentia,Phylacine 1.2,Mammals
Microgoura meeki,Microgoura meeki,"Hume, J. 2017. Extinct Birds. Bloomsbury Publishing",344,Choiseul Island,-7.0500999999999996,156.9511,Predation,Predation,Predation,1,no,no,Predation in support,included_species,,Columbiformes,,Birds
Microgoura meeki,Microgoura meeki,"Tennent, W.J., 2009. A cat among the pigeons! Known specimens and supposed distribution of the extinct Solomons Crested Pigeon Microgoura meeki Rothschild, 1904. Bulletin of the British Ornithologists’ Club, 129, pp.241-253.",345,Choiseul Island,-7.0500999999999996,156.9511,Predation,Predation,Predation,1,no,no,Predation in support,included_species,,Columbiformes,,Birds
Mimus graysoni,Mimus graysoni,"Martínez-Gómez JE, Curry RL (1996) The conservation status of the Socorro Mockingbird Mimodes graysoni in 1993-1994. Bird Conservation International, 6, 271-283.",450,Socorro Island,18.797999999999998,-110.97539999999999,Predation,Predation,Predation,0,no,no,Predation not in support,included_species,65.51,Passeriformes,Avonet,Birds
Mimus graysoni,Mimus graysoni,"Martínez-Gómez, J. E., Flores-Palacios, A., Curry, R. L. 2001. Habitat requirements of the Socorro Mockingbird Mimodes graysoni. Ibis 143: 456-467.",449,Socorro Island,18.797999999999998,-110.97539999999999,Population,Abundance,Timing,0,yes,no,Population not in support,included_species,65.51,Passeriformes,Avonet,Birds
Mimus graysoni,Mimus graysoni,"Ortíz-Alcaraz, A., Arnaud, G., Aguirre-Muooz, A., Galina-Tessaro, P., Mendez-Sanchez, F., Ortega-Rubio, A. 2017. Diet and home-range of the feral cat, Felis catus (Carnivora: Felidae) on Socorro Island, Revillagigedo Archipelago, Mexico. Acta Zoológica Mexicana 33(3): 482-489.",451,Socorro Island,18.797999999999998,-110.97539999999999,Predation,Predation,Predation,0,no,no,Predation not in support,included_species,65.51,Passeriformes,Avonet,Birds
Mimus graysoni,Mimus graysoni,"Rodriguez-Estrella, R., Arnaud, G., Alvarez Cardenas, S. and Rodriguez, A. (1991) Predation by feral cats on birds at Isla Socorro, Mexico. Western Birds 22: 141-143.",452,Socorro Island,18.797999999999998,-110.97539999999999,Predation,Predation,Predation,1,no,no,Predation in support,included_species,65.51,Passeriformes,Avonet,Birds
Mimus melanotis,Mimus melanotis,"Curry, R. L. 1989. Geographic variation in social organization of Galapagos mockingbirds: ecological correlates of group territoriality and co-operative breeding. Behavioral Ecology and Sociobiology 25: 147-160.",458,San Cristobal,-0.86750000000000005,-89.436400000000006,Predation,Predation,Predation,0,no,no,Predation not in support,included_species,50.53,Passeriformes,Avonet,Birds
Mimus trifasciatus,Mimus trifasciatus,"R. L. Curry, Whatever happened to the Floreana Mockingbird? Noticias de Galapagos. 43, 13–15 (1986).",278,Floreana,-1.3083,-90.431399999999996,Predation,Predation,Predation,0,no,no,Predation not in support,included_species,62.68,Passeriformes,Avonet,Birds
Mundia elpenor,Mundia elpenor,"Hume, J. 2017. Extinct Birds. Bloomsbury Publishing",411,Ascention Island,-7.9466999999999999,-14.3559,Population,Abundance,Timing,0,yes,no,Population not in support,included_species,,Gruiformes,,Birds
Myadestes obscurus,Myadestes obscurus,"Smucker TD, Lindsey GD, Mosher SN (2000) Home range and diet of feral cats in Hawai’i forests. Pacific Conservation Biology, 6, 228-237.",492,Hakalau,19.894400000000001,-155.126,Predation,Predation,Predation,1,no,no,Predation in support,included_species,50.44,Passeriformes,Avonet,Birds
Myotis vivesi,Myotis vivesi,"Flores-Martínez, J.J. and Sánchez-Cordero, V., 2019. Geographical distribution and conservation status of an endemic insular mammal: the Vulnerable fish-eating bat Myotis vivesi. Oryx, 53(2), pp.388-393.",153,Gulf of California,26.731300000000001,-110.7122,Population,Abundance,Spatial,0,yes,yes,Population not in support,included_species,25,Chiroptera,Phylacine 1.2,Mammals
Myotis vivesi,Myotis vivesi,"Vázquez-Domínguez, E., Ceballos, G. and Cruzado, J., 2004. Extirpation of an insular subspecies by a single introduced cat: the case of the endemic deer mouse Peromyscus guardia on Estanque Island, Mexico. Oryx, 38(3), pp.347-350.",154,Baja California,30.840599999999998,-115.2838,Predation,Predation,Predation,1,no,no,Predation in support,included_species,25,Chiroptera,Phylacine 1.2,Mammals
Myrmecobius fasciatus,Myrmecobius fasciatus,"Friend, J.A. and Thomas, N.D., 1994. Reintroduction and the numbat recovery programme. Reintroduction Biology of Australian and New Zealand Fauna’.(Ed. M. Serena.) pp, pp.189-198.",76,Boyagin,-30.01,118.22,Predation,Predation,Reintroduced,1,no,no,Predation in support,included_species,471.5,Dasyuromorphia,Phylacine 1.2,Mammals
Myrmecobius fasciatus,Myrmecobius fasciatus,"Wallach A.D., Lundgren E.J. (2025) Review of evidence that foxes and cats cause extinctions of Australia’s endemic mammals. BioScience. DOI: 10.1093/biosci/biaf046",77,Central Australia,-23.698,133.88069999999999,Population,Abundance,Timing,1,yes,no,Population in support,included_species,471.5,Dasyuromorphia,Phylacine 1.2,Mammals
Mystacina tuberculata,Mystacina tuberculata,"B. D. Lloyd, Advances in New Zealand mammalogy 1990–2000: Short-tailed bats. Journal of the Royal Society of New Zealand. 31, 59–81 (2001).",156,New Zealand,-40.900599999999997,174.886,Predation,Predation,Domestic cat,1,no,no,Predation in support,included_species,12.6,Chiroptera,Phylacine 1.2,Mammals
Mystacina tuberculata,Mystacina tuberculata,"Borkin, K.M., Easton, L. and Bridgman, L., 2023. Bats attacked by companion and feral cats: evidence from indigenous forest and rural landscapes in New Zealand. New Zealand Journal of Zoology, 50(3), pp.425-432.",157,"Pureora Forest Park, New Zealand",-38.6295,175.49940000000001,Predation,Predation,Predation,1,no,no,Predation in support,included_species,12.6,Chiroptera,Phylacine 1.2,Mammals
Mystacina tuberculata,Mystacina tuberculata,"Daniel, M.J. and Williams, G.R., 1984. A survey of the distribution, seasonal activity and roost sites of New Zealand bats. New Zealand journal of ecology, pp.9-25.",158,"Géraldine, New Zealand",-44.092300000000002,171.24469999999999,Predation,Predation,Predation,1,no,no,Predation in support,included_species,12.6,Chiroptera,Phylacine 1.2,Mammals
Mystacina tuberculata,Mystacina tuberculata,"Molloy, J. and Daniel, M.J., 1995. Bat (peka peka) recovery plan (Mystacina, Chalinolobus). Threatened Species Unit, Department of Conservation.",159,"Karamea, New Zealand",-41.250900000000001,172.1283,Predation,Predation,Predation,1,no,no,Predation in support,included_species,12.6,Chiroptera,Phylacine 1.2,Mammals
Mystacina tuberculata,Mystacina tuberculata,"Scrimgeour, J., Beath, A. and Swanney, M., 2012. Cat predation of short-tailed bats (Mystacina tuberculata rhyocobia) in rangataua forest, Mount Ruapehu, central North Island, New Zealand. New Zealand Journal of Zoology, 39(3), pp.257-260.",155,"Rangataua Forest, Mount Ruapehu, Central North Island",-39.281700000000001,175.5685,Predation,Predation,Predation,1,no,no,Predation in support,included_species,12.6,Chiroptera,Phylacine 1.2,Mammals
Nannoscincus hanchisteus,Nannoscincus hanchisteus,"Palmas, P., Jourdan, H., Rigault, F., Debar, L., De Meringo, H., Bourguet, E., Mathivet, M., Lee, M., Adjouhgniope, R., Papillon, Y. and Bonnaud, E., 2017. Feral cats threaten the outstanding endemic fauna of the New Caledonia biodiversity hotspot. Biological Conservation, 214, pp.250-259.",249,New Caladonia,-20.904299999999999,165.61799999999999,Predation,Predation,Predation,1,no,no,Predation in support,included_species,,Squamata,,Reptiles
Nesoenas duboisi,Nesoenas duboisi,"Hume, J. 2017. Extinct Birds. Bloomsbury Publishing",409,Réunion,-21.115100000000002,55.5364,Population,Abundance,Timing,1,yes,no,Population in support,included_species,,Columbiformes,,Birds
Nesofregetta fuliginosa,Nesofregetta fuliginosa,"Rauzon, M.J., Forsell, D.J., Flint, E.N., Gove, J.M. 2011. Howland, Baker and Jarvis Islands 25 years after cat eradication: the recovery of seabirds in a biogeographical context. Island Invasives: Eradication and Management: 334-338.",414,"Howland, Baker and Jarvis Islands",-0.37440000000000001,-159.9967,Population,Abundance,Temporal,0,yes,no,Population not in support,included_species,70,Procellariiformes,Avonet,Birds
Nesoryzomys darwini,Nesoryzomys darwini,"Dowler, R.C., Carroll, D.S. and Edwards, C.W., 2000. Rediscovery of rodents (Genus Nesoryzomys) considered extinct in the Galapagos Islands. Oryx, 34(2), pp.109-117.",167,Galapagos,-0.77725900000000003,-91.142578,Population,Abundance,Spatial,1,no,no,Population in support,included_species,33.7,Rodentia,Phylacine 1.2,Mammals
Nesoryzomys indefessus,Nesoryzomys indefessus,"Dowler, R.C., Carroll, D.S. and Edwards, C.W., 2000. Rediscovery of rodents (Genus Nesoryzomys) considered extinct in the Galapagos Islands. Oryx, 34(2), pp.109-117.",168,Galapagos,-0.77725900000000003,-91.142578,Population,Abundance,Spatial,1,no,no,Population in support,included_species,80.3,Rodentia,Phylacine 1.2,Mammals
Notomys amplus,Notomys amplus,"Wallach A.D., Lundgren E.J. (2025) Review of evidence that foxes and cats cause extinctions of Australia’s endemic mammals. BioScience. DOI: 10.1093/biosci/biaf046",401,"Charlotte Waters, NT",-25.9161,134.9162,Population,Abundance,Timing,1,yes,no,Population in support,included_species,100,Rodentia,Phylacine 1.2,Mammals
Notomys fuscus,Notomys fuscus,"Feit, B., Feit, A. and Letnic, M., 2019. Apex predators decouple population dynamics between mesopredators and their prey. Ecosystems, 22, pp.1606-1617.",171,"Strzelecki Desert, South Australia",-27.7,140.41,Predation,Predation,Predation,1,no,no,Predation in support,included_species,35,Rodentia,Phylacine 1.2,Mammals
Notomys fuscus,Notomys fuscus,"Gordon, C.E., Feit, A., Grüber, J. and Letnic, M., 2015. Mesopredator suppression by an apex predator alleviates the risk of predation perceived by small prey. Proceedings of the Royal Society B: Biological Sciences, 282(1802), p.20142870.",172,"Strzelecki Desert, South Australia",-27.7,140.41,Population,Abundance,Spatial,0,yes,yes,Population not in support,included_species,35,Rodentia,Phylacine 1.2,Mammals
Notomys fuscus,Notomys fuscus,"Letnic, M. and Koch, F., 2010. Are dingoes a trophic regulator in arid Australia? A comparison of mammal communities on either side of the dingo fence. Austral Ecology, 35(2), pp.167-175.",173,"Strzelecki Desert, South Australia",-27.7,140.41,Population,Abundance,Spatial,0,yes,yes,Population not in support,included_species,35,Rodentia,Phylacine 1.2,Mammals
Notomys fuscus,Notomys fuscus,"Letnic, M., Crowther, M.S. and Koch, F., 2009. Does a top‐predator provide an endangered rodent with refuge from an invasive mesopredator?. Animal Conservation, 12(4), pp.302-312.",174,"Strzelecki Desert, South Australia",-27.7,140.41,Population,Abundance,Spatial,0,yes,yes,Population not in support,included_species,35,Rodentia,Phylacine 1.2,Mammals
Notomys fuscus,Notomys fuscus,"Pedler, R.D., Brandle, R., Read, J.L., Southgate, R., Bird, P. and Moseby, K.E., 2016. Rabbit biocontrol and landscape‐scale recovery of threatened desert mammals. Conservation Biology, 30(4), pp.774-782.",177,Northeastern South Australia,-27.7,140.41,Population,Abundance,Temporal,1,yes,no,Population in support,included_species,35,Rodentia,Phylacine 1.2,Mammals
Notomys fuscus,Notomys fuscus,"Vernes, K., Elliott, T.F. and Jackson, S.M., 2021. 150 years of mammal extinction and invasion at Koonchera Dune in the Lake Eyre Basin of South Australia. Biological Invasions, 23(2), pp.593-610.",175,Sturt Stony Desert,-26.77,139.54,Predation,Predation,Predation,1,no,no,Predation in support,included_species,35,Rodentia,Phylacine 1.2,Mammals
Notomys fuscus,Notomys fuscus,"Vernes, K., Jackson, S.M., Elliott, T.F., Tischler, M. and Harper, A., 2021. Diets of mammalian carnivores in the deserts of north-eastern South Australia. Journal of Arid Environments, 188, p.104377.",176,"Simpson Desert, South Australia",-25.934000000000001,138.67599999999999,Predation,Predation,Predation,1,no,no,Predation in support,included_species,35,Rodentia,Phylacine 1.2,Mammals
Notomys fuscus,Notomys fuscus,"Wallach A.D., Lundgren E.J. (2025) Review of evidence that foxes and cats cause extinctions of Australia’s endemic mammals. BioScience. DOI: 10.1093/biosci/biaf046",178,Western Division of NSW and Charlotte Waters,-25.9161,134.9162,Population,Abundance,Timing,1,yes,no,Population in support,included_species,35,Rodentia,Phylacine 1.2,Mammals
Notomys longicaudatus,Notomys longicaudatus,"Wallach A.D., Lundgren E.J. (2025) Review of evidence that foxes and cats cause extinctions of Australia’s endemic mammals. BioScience. DOI: 10.1093/biosci/biaf046",402,"Barrow Creek, Western Division of NSW, southwest Australia",-21.379899999999999,133.97559999999999,Population,Abundance,Timing,0,yes,no,Population not in support,included_species,100,Rodentia,Phylacine 1.2,Mammals
Notomys macrotis,Notomys macrotis,"Wallach A.D., Lundgren E.J. (2025) Review of evidence that foxes and cats cause extinctions of Australia’s endemic mammals. BioScience. DOI: 10.1093/biosci/biaf046",403,New Norcia,-30.976600000000001,116.21080000000001,Population,Abundance,Timing,0,yes,no,Population not in support,included_species,60,Rodentia,Phylacine 1.2,Mammals
Notomys mordax,Notomys mordax,"Wallach A.D., Lundgren E.J. (2025) Review of evidence that foxes and cats cause extinctions of Australia’s endemic mammals. BioScience. DOI: 10.1093/biosci/biaf046",404,"Darling Downs, QLD",-27.53,150.5821,Population,Abundance,Timing,0,yes,no,Population not in support,included_species,50,Rodentia,Phylacine 1.2,Mammals
Numenius tahitiensis,Numenius tahitiensis,"Blanvillain, C., Florent, C. and Thenot, V., 2002. Land birds of Tuamotu Archipelago, Polynesia: relative abundance and changes during the 20th century with particular reference to the critically endangered Polynesian ground-dove (Gallicolumba erythroptera). Biological conservation, 103(2), pp.139-149.",390,"Tuamotu Archipelago, French Polynesia",-18.75,-141.76,Population,Abundance,Spatial,1,yes,yes,Population in support,included_species,400.08,Charadriiformes,Avonet,Birds
Numenius tahitiensis,Numenius tahitiensis,IUCN,392,Polynesia,-16.839500000000001,-148.3717,Predation,Predation,Predation,1,no,no,Predation in support,included_species,400.08,Charadriiformes,Avonet,Birds
Numenius tahitiensis,Numenius tahitiensis,"Marks, J.S. and Redmond, R.L., 1994. Conservation problems and research needs for Bristle-thighed Curlews Numenius tahitiensis on their wintering grounds. Bird Conservation International, 4(4), pp.329-341.",391,Phoenix Islands,-4.5,-172,Population,Abundance,Temporal,1,yes,no,Population in support,included_species,400.08,Charadriiformes,Avonet,Birds
Oligosoma grande,Oligosoma grande,"Middlemiss A 1995. Predation of lizards by feral house cats (Felis catus) and ferrets (Mustela furo) in the tussock grasslands of Otago. Unpublished MSc, University of Otago, Dunedin, New Zealand.",245,Macraes Flat/Middlemarch,-45.382199999999997,170.429,Predation,Predation,Predation,1,no,no,Predation in support,included_species,,Squamata,,Reptiles
Oligosoma otagense,Oligosoma otagense,"Middlemiss A 1995. Predation of lizards by feral house cats (Felis catus) and ferrets (Mustela furo) in the tussock grasslands of Otago. Unpublished MSc, University of Otago, Dunedin, New Zealand.",246,Macraes Flat/Middlemarch,-45.382199999999997,170.429,Predation,Predation,Predation,1,no,no,Predation in support,included_species,,Squamata,,Reptiles
Onychogalea fraenata,Onychogalea fraenata,"Augusteyn, J., McCarthy, M.A., Robley, A., Pople, A., Nolan, B., Hemson, G., Melzer, R., Richards, S. and Dinwoodie, A., 2022. Bringing back the endangered bridled nail-tailed wallaby at Taunton National Park (Scientific) through effective predator control. Wildlife Research, 49(4), pp.382-398.",87,Tauntan National Park,-23.52,149.21899999999999,Predation,Predation,Predation,1,no,no,Predation in support,included_species,5500,Diprotodontia,Phylacine 1.2,Mammals
Onychogalea fraenata,Onychogalea fraenata,"Fisher, D., 1999. Behavioural ecology and demography of the bridled nailtail wallaby, Onychogalea fraenata. PhD Thesis, School of Biological Sciences, The University of Queensland.",88,Tauntan National Park,-23.52,149.21899999999999,Predation,Predation,Predation,1,no,no,Predation in support,included_species,5500,Diprotodontia,Phylacine 1.2,Mammals
Onychogalea fraenata,Onychogalea fraenata,"Fisher, D.O., Blomberg, S.P. and Hoyle, S.D., 2001. Mechanisms of drought-induced population decline in an endangered wallaby. Biological Conservation, 102(1), pp.107-115.",89,Tauntan National Park,-23.52,149.21899999999999,Predation,Predation,Predation,1,no,no,Predation in support,included_species,5500,Diprotodontia,Phylacine 1.2,Mammals
Onychogalea fraenata,Onychogalea fraenata,"Hayward, M.W., L'Hotellier, F., O'Connor, T., Ward-Fear, G., Cathcart, J., Cathcart, T., Sephens, J., Stephens, J., Herman, K. and Legge, S., 2012, January. Reintroduction of bridled nailtail wallabies beyond fences at Scotia Sanctuary-Phase 1. In Proceedings of the Linnean Society of New South Wales (Vol. 134).",90,"Scotia, New South Wales",-33.29,141.08000000000001,Predation,Predation,Reintroduced,0,no,no,Predation not in support,included_species,5500,Diprotodontia,Phylacine 1.2,Mammals
Onychogalea fraenata,Onychogalea fraenata,"Horsup, A. and Evans, M., 1993. Predation by feral cats, Felis catus, on an endangered marsupial, the bridled nailtail wallaby, Onychogalea fraenata. Australian Mammalogy, 16(1), pp.83-84.",91,Australia,-25.2744,133.77510000000001,Predation,Predation,Predation,1,no,no,Predation in support,included_species,5500,Diprotodontia,Phylacine 1.2,Mammals
Onychogalea fraenata,Onychogalea fraenata,"Wallach A.D., Lundgren E.J. (2025) Review of evidence that foxes and cats cause extinctions of Australia’s endemic mammals. BioScience. DOI: 10.1093/biosci/biaf046",92,Western Division of NSW,-28.973099999999999,148.98339999999999,Population,Abundance,Timing,1,yes,no,Population in support,included_species,5500,Diprotodontia,Phylacine 1.2,Mammals
Onychogalea lunata,Onychogalea lunata,"Wallach A.D., Lundgren E.J. (2025) Review of evidence that foxes and cats cause extinctions of Australia’s endemic mammals. BioScience. DOI: 10.1093/biosci/biaf046",86,"Wheatbelt, Nullarbor, southwest Australia, western NSW",-31.9514,115.8617,Population,Abundance,Timing,1,yes,no,Population in support,included_species,3500,Diprotodontia,Phylacine 1.2,Mammals
Parantechinus apicalis,Parantechinus apicalis,Friend T. 2003. Dibbler (Parantechinus apicalis) Recovery Plan July 2003–June 2013. Wildlife Management Program. Department of Conservation and Land Management Western Australian Threatened Species and Communities Unit,25,Albany,-35.026800000000001,117.8837,Predation,Predation,Predation,1,no,no,Predation in support,included_species,68.8,Dasyuromorphia,Phylacine 1.2,Mammals
Parantechinus apicalis,Parantechinus apicalis,"Wallach A.D., Lundgren E.J. (2025) Review of evidence that foxes and cats cause extinctions of Australia’s endemic mammals. BioScience. DOI: 10.1093/biosci/biaf046",26,Western Division of NSW,-28.973099999999999,148.98339999999999,Population,Abundance,Timing,0,yes,no,Population not in support,included_species,68.8,Dasyuromorphia,Phylacine 1.2,Mammals
Parantechinus apicalis,Parantechinus apicalis,"Wallach A.D., Lundgren E.J. (2025) Review of evidence that foxes and cats cause extinctions of Australia’s endemic mammals. BioScience. DOI: 10.1093/biosci/biaf046",27,Canning Stock Route,-26.5943,120.2274,Population,Abundance,Timing,1,yes,no,Population in support,included_species,68.8,Dasyuromorphia,Phylacine 1.2,Mammals
Passer italiae,Passer italiae,"Mori, E., Menchetti, M., Camporesi, A., Cavigioli, L., Fatis, T., Girardello, M. 2019. License to Kill? Domestic Cats Affect a Wide Range of Native Fauna in a Highly Biodiverse Mediterranean Country. Frontiers in Ecology and Evolution 7: 447.",477,Italy,41.871899999999997,12.567399999999999,Predation,Predation,Domestic cat,1,no,no,Predation in support,included_species,28.3,Passeriformes,Avonet,Birds
Pentalagus furnessi,Pentalagus furnessi,"Shionosaki, K., Yamada, F., Ishikawa, T. and Shibata, S., 2015. Feral cat diet and predation on endangered endemic mammals on a biodiversity hot spot (Amami–Ohshima Island, Japan). Wildlife Research, 42(4), pp.343-352.",193,Amami–Ohshima Island,28.267800000000001,129.3621,Predation,Predation,Predation,1,no,no,Predation in support,included_species,2396.3,Lagomorpha,Phylacine 1.2,Mammals
Pentalagus furnessi,Pentalagus furnessi,"Sugimura, K., Sato, S., Yamada, F., Abe, S., Hirakawa, H. and Handa, Y., 2000. Distribution and abundance of the Amami rabbit Pentalagus furnessi in the Amami and Tokuno Islands, Japan. Oryx, 34(3), pp.198-206.",194,Amami–Ohshima Island,28.267800000000001,129.3621,Predation,Predation,Predation,1,no,no,Predation in support,included_species,2396.3,Lagomorpha,Phylacine 1.2,Mammals
Pentalagus furnessi,Pentalagus furnessi,"Sugimura, K., Sato, S., Yamada, F., Abe, S., Hirakawa, H. and Handa, Y., 2000. Distribution and abundance of the Amami rabbit Pentalagus furnessi in the Amami and Tokuno Islands, Japan. Oryx, 34(3), pp.198-206.",195,Amami–Ohshima Island,28.267800000000001,129.3621,Population,Abundance,Spatial,1,no,no,Population in support,included_species,2396.3,Lagomorpha,Phylacine 1.2,Mammals
Perameles bougainville,Perameles bougainville,"Doherty, T.S., Davis, R.A., van Etten, E.J., Algar, D., Collier, N., Dickman, C.R., Edwards, G., Masters, P., Palmer, R. and Robinson, S., 2015. A continental‐scale analysis of feral cat diet in Australia. Journal of Biogeography, 42(5), pp.964-975.",122,Australia,-25.2744,133.77510000000001,Predation,Predation,Predation,1,no,no,Predation in support,included_species,226,Peramelemorphia,Phylacine 1.2,Mammals
Perameles bougainville,Perameles bougainville,"Richards, J.D. and Short, J., 2003. Reintroduction and establishment of the western barred bandicoot Perameles bougainville (Marsupialia: Peramelidae) at Shark Bay, Western Australia. Biological Conservation, 109(2), pp.181-195.",123,"Shark Bay, Western Australia",-25.44,113.32,Predation,Predation,Reintroduced,0,no,no,Predation not in support,included_species,226,Peramelemorphia,Phylacine 1.2,Mammals
Perameles bougainville,Perameles bougainville,"Wallach A.D., Lundgren E.J. (2025) Review of evidence that foxes and cats cause extinctions of Australia’s endemic mammals. BioScience. DOI: 10.1093/biosci/biaf046",124,"Nullarbor, southwest Australia, Rawlinna and northwest SA, Western Division of NSW",-31.058900000000001,130.48779999999999,Population,Abundance,Timing,1,yes,no,Population in support,included_species,226,Peramelemorphia,Phylacine 1.2,Mammals
Perameles eremiana,Perameles eremiana,"Wallach A.D., Lundgren E.J. (2025) Review of evidence that foxes and cats cause extinctions of Australia’s endemic mammals. BioScience. DOI: 10.1093/biosci/biaf046",125,Canning Stock Route,-26.5943,120.2274,Population,Abundance,Timing,1,yes,no,Population in support,included_species,200,Peramelemorphia,Phylacine 1.2,Mammals
Peromyscus guardia,Peromyscus guardia,"Vázquez-Domínguez, E., Ceballos, G. and Cruzado, J., 2004. Extirpation of an insular subspecies by a single introduced cat: the case of the endemic deer mouse Peromyscus guardia on Estanque Island, Mexico. Oryx, 38(3), pp.347-350.",165,"Estanque Island, Mexico",29.065899999999999,-113.0891,Predation,Predation,Predation,1,no,no,Predation in support,included_species,33.7,Rodentia,Phylacine 1.2,Mammals
Peromyscus pseudocrinitus,Peromyscus pseudocrinitus,"Rodríguez-Moreno A, Arnaud G, Tershy BR (2007) Impacto de la eradicación del gato (Felis catus), en dos roedores endémicos de la Isla Coronados, Golfo de California, México. Acta Zoológica Mexicana, 23, 1-13.",429,"Isla Coronados, Gulf of California",26.1191,-111.2756,Predation,Predation,Predation,1,no,no,Predation in support,included_species,24.5,Rodentia,Phylacine 1.2,Mammals
Peromyscus pseudocrinitus,Peromyscus pseudocrinitus,"Rodríguez-Moreno A, Arnaud G, Tershy BR (2007) Impacto de la eradicación del gato (Felis catus), en dos roedores endémicos de la Isla Coronados, Golfo de California, México. Acta Zoológica Mexicana, 23, 1-13.",430,"Isla Coronados, Gulf of California",26.1191,-111.2756,Population,Abundance,Temporal,0,yes,no,Population not in support,included_species,24.5,Rodentia,Phylacine 1.2,Mammals
Petrogale lateralis,Petrogale lateralis,"Paltridge, R., Gibson, D. and Edwards, G., 1997. Diet of the feral cat (Felis catus) in central Australia. Wildlife Research, 24(1), pp.67-76.",79,Wartarrka National Park,-24.29,131.57,Predation,Predation,Predation,1,no,no,Predation in support,included_species,4625,Diprotodontia,Phylacine 1.2,Mammals
Petrogale lateralis,Petrogale lateralis,"Pearson, D.J., 1992. Past and present distribution and abundance of the black-footed wallaby in the Warburton region of Western Australia. Wildlife Research, 19(6), pp.605-621.",82,Warburton,-26.135000000000002,126.5792,Predation,Predation,Preference,0,no,no,Predation not in support,included_species,4625,Diprotodontia,Phylacine 1.2,Mammals
Petrogale lateralis,Petrogale lateralis,"Read, J.L., Dagg, E. and Moseby, K.E., 2018. Prey selectivity by feral cats at central Australian rock-wallaby colonies. Australian Mammalogy, 41(1), pp.132-141.",80,"Tomkinson Ranges, South Australia",-26.18,129.08000000000001,Predation,Predation,Predation,1,no,no,Predation in support,included_species,4625,Diprotodontia,Phylacine 1.2,Mammals
Petrogale lateralis,Petrogale lateralis,"Read, J.L., Dagg, E. and Moseby, K.E., 2018. Prey selectivity by feral cats at central Australian rock-wallaby colonies. Australian Mammalogy, 41(1), pp.132-141.",81,"Tomkinson Ranges, South Australia",-26.18,129.08000000000001,Predation,Predation,Preference,0,no,no,Predation not in support,included_species,4625,Diprotodontia,Phylacine 1.2,Mammals
Petrogale penicillata,Petrogale penicillata,"Doherty, T.S., Davis, R.A., van Etten, E.J., Algar, D., Collier, N., Dickman, C.R., Edwards, G., Masters, P., Palmer, R. and Robinson, S., 2015. A continental‐scale analysis of feral cat diet in Australia. Journal of Biogeography, 42(5), pp.964-975.",83,Yarraman,-26.841200000000001,151.9813,Predation,Predation,Predation,1,no,no,Predation in support,included_species,7100,Diprotodontia,Phylacine 1.2,Mammals
Petroica multicolor,Petroica multicolor,"Garnett S.T., Szabo J.K., Dutson G. 2011. The Action Plan for Australian Birds 2010. CSIRO Publishing, Collingwood.",361,Norfolk Island,-29.040800000000001,167.9547,Predation,Predation,Predation,1,no,no,Predation in support,included_species,11.36,Passeriformes,Avonet,Birds
Pezophaps solitaria,Pezophaps solitaria,"Hume, J. 2017. Extinct Birds. Bloomsbury Publishing",410,"Rodrigues, Mauritius",-19.724499999999999,63.427199999999999,Population,Abundance,Timing,1,yes,no,Population in support,included_species,,Columbiformes,,Birds
Pezoporus occidentalis,Pezoporus occidentalis,"Garnett S.T., Szabo J.K., Dutson G. 2011. The Action Plan for Australian Birds 2010. CSIRO Publishing, Collingwood.",352,Innamincka and Alice Springs,-23.698,133.88069999999999,Population,Abundance,Timing,1,no,no,Population in support,included_species,130,Psittaciformes,Avonet,Birds
Pezoporus occidentalis,Pezoporus occidentalis,"Garnett S.T., Szabo J.K., Dutson G. 2011. The Action Plan for Australian Birds 2010. CSIRO Publishing, Collingwood.",353,Alice Springs,-23.698,133.88069999999999,Predation,Predation,Domestic cat,1,no,no,Predation in support,included_species,130,Psittaciformes,Avonet,Birds
Pezoporus occidentalis,Pezoporus occidentalis,"Kearney, S.G., Kern, P.L., Murphy, S.A., Janetzki, H. and Kutt, A.S., 2021. The diet of dingoes, feral cats and eastern barn owl on Pullen Pullen Reserve, southwest Queensland. Australian Mammalogy, 44(1), pp.176-181.",354,Pullen Pullen Reserve,-23.5,141.5,Predation,Predation,Predation,0,no,no,Predation not in support,included_species,130,Psittaciformes,Avonet,Birds
Phascogale calura,Phascogale calura,"Cowan, M., Drew, M., Macmahon, B. and Gibson, L.A., 2024. Balancing act: evaluating non-target risks of feral cat management in conservation reserves. Wildlife Research, 51(11).",22,"Tutanning Nature Reserve, Boyagin Nature Reserve",-32.47,116.87,Control program,Abundance,Spatiotemporal,0,no,no,Population not in support,included_species,51.5,Dasyuromorphia,Phylacine 1.2,Mammals
Phascogale calura,Phascogale calura,"Short, J. and Hide, A., 2011. Distribution and status of the red-tailed phascogale (Phascogale calura). Australian Mammalogy, 34(1), pp.88-99.",21,Boyagin Nature Reserve,-32.47,116.87,Predation,Predation,Predation,1,no,no,Predation in support,included_species,51.5,Dasyuromorphia,Phylacine 1.2,Mammals
Phascogale pirata,Phascogale pirata,"Woinarski, J.C.Z., Ward, S., Mahney, T., Bradley, J., Brennan, K., Ziembicki, M. and Fisher, A., 2011. The mammal fauna of the Sir Edward Pellew island group, Northern Territory, Australia: refuge and death-trap. Wildlife Research, 38(4), pp.307-322.",23,Sir Edward Pellew island group,-15.6988,136.9999,Population,Abundance,Timing,1,no,no,Population in support,included_species,181.5,Dasyuromorphia,Phylacine 1.2,Mammals
Phascogale pirata,Phascogale pirata,"Woinarski, J.C.Z., Ward, S., Mahney, T., Bradley, J., Brennan, K., Ziembicki, M. and Fisher, A., 2011. The mammal fauna of the Sir Edward Pellew island group, Northern Territory, Australia: refuge and death-trap. Wildlife Research, 38(4), pp.307-322.",24,Sir Edward Pellew island group,-15.6988,136.9999,Population,Abundance,Spatial,0,yes,no,Population not in support,included_species,181.5,Dasyuromorphia,Phylacine 1.2,Mammals
Phascogale tapoatafa,Phascogale tapoatafa,"Soderquist, T.R. and Serena, M., 1994. An experimental reintroduction programme for brush-tailed phascogales (Phascogale tapoatafa): the interface between captivity and the wild. In Creative Conservation: Interactive Management of Wild and Captive Animals (pp. 431-438). Dordrecht: Springer Netherlands.",331,Victoria,-37.58,147.46,Predation,Predation,Predation,1,no,no,Predation in support,included_species,193.5,Dasyuromorphia,Phylacine 1.2,Mammals
Phascogale tapoatafa,Phascogale tapoatafa,"Wayne, A.F., Maxwell, M.A., Ward, C.G., Wayne, J.C., Vellios, C.V. and Wilson, I.J., 2017. Recoveries and cascading declines of native mammals associated with control of an introduced predator. Journal of Mammalogy, 98(2), pp.489-501.",332,Upper Warren,-34.369999999999997,116.28,Population,Abundance,Temporal,0,yes,no,Population not in support,included_species,193.5,Dasyuromorphia,Phylacine 1.2,Mammals
Phasmasaurus maruia,Phasmasaurus maruia,"Palmas, P., Jourdan, H., Rigault, F., Debar, L., De Meringo, H., Bourguet, E., Mathivet, M., Lee, M., Adjouhgniope, R., Papillon, Y. and Bonnaud, E., 2017. Feral cats threaten the outstanding endemic fauna of the New Caledonia biodiversity hotspot. Biological Conservation, 214, pp.250-259.",260,New Caladonia,-20.904299999999999,165.61799999999999,Predation,Predation,Predation,1,no,no,Predation in support,included_species,,Squamata,,Reptiles
Phasmasaurus tillieri,Phasmasaurus tillieri,"Palmas, P., Jourdan, H., Rigault, F., Debar, L., De Meringo, H., Bourguet, E., Mathivet, M., Lee, M., Adjouhgniope, R., Papillon, Y. and Bonnaud, E., 2017. Feral cats threaten the outstanding endemic fauna of the New Caledonia biodiversity hotspot. Biological Conservation, 214, pp.250-259.",261,New Caladonia,-20.904299999999999,165.61799999999999,Predation,Predation,Predation,1,no,no,Predation in support,included_species,,Squamata,,Reptiles
Pipilo socorroensis,Pipilo socorroensis,"Ortíz-Alcaraz, A., Arnaud, G., Aguirre-Muooz, A., Galina-Tessaro, P., Mendez-Sanchez, F., Ortega-Rubio, A. 2017. Diet and home-range of the feral cat, Felis catus (Carnivora: Felidae) on Socorro Island, Revillagigedo Archipelago, Mexico. Acta Zoológica Mexicana 33(3): 482-489.",453,Socorro Island,18.797999999999998,-110.97539999999999,Predation,Predation,Predation,0,no,no,Predation not in support,included_species,39.28,Passeriformes,Avonet,Birds
Pipistrellus maderensis,Pipistrellus maderensis,Rocha R. 2015. Look what the cat dragged in: Felis silvestris catus as predators of insular bats and instance of predation on the endangered Pipistrellus maderensis. Barbastella 8: 18-21.,360,"Porto Moniz, Madeira",32.866,-17.167400000000001,Predation,Predation,Domestic cat,1,no,no,Predation in support,included_species,7,Chiroptera,Phylacine 1.2,Mammals
Plestiodon longirostris,Plestiodon longirostris,"Turner, H., Griffiths, R.A., Outerbridge, M.E. and Garcia, G., 2023. Dynamic occupancy modelling to determine the status of a Critically Endangered lizard. Oryx, 57(1), pp.23-29.",247,Bermuda,32.3078,-64.750500000000002,Population,Abundance,Spatial,1,yes,yes,Population in support,included_species,,Squamata,,Reptiles
Podarcis lilfordi,Podarcis lilfordi,"Clevenger AP (1995) Seasonality and relationships of food resource use of Martes martes, Genetta genetta and Felis catus in the Balearic Islands. Revue d´Ecologie (Terre et Vie), 50, 109-131.",428,Cabrera,19.640899999999998,-69.909000000000006,Predation,Predation,Predation,1,no,no,Predation in support,included_species,,Squamata,,Reptiles
Potorous tridactylus,Potorous tridactylus,"Arthur, A.D., Catling, P.C. and Reid, A., 2012. Relative influence of habitat structure, species interactions and rainfall on the post‐fire population dynamics of ground‐dwelling vertebrates. Austral Ecology, 37(8), pp.958-970.",343,"Nadgee Nature Reserve, New SouthWales",-37.299999999999997,149.93299999999999,Population,Abundance,Temporal,0,yes,no,Population not in support,included_species,1100,Diprotodontia,Phylacine 1.2,Mammals
Potorous tridactylus,Potorous tridactylus,"Lazenby, B.T., 2012. Do feral cats affect small mammals? A case study from the forests of southern Tasmania. PhD thesis, University of Sydney, Sydney.",333,,-42.8,146.94,Predation,Predation,Predation,1,no,no,Predation in support,included_species,1100,Diprotodontia,Phylacine 1.2,Mammals
Potorous tridactylus,Potorous tridactylus,"McHugh, D., Goldingay, R.L. and Letnic, M., 2022. Occupancy and co-occurrence patterns of endemic mammals and introduced predators across a broad geographical gradient in eastern Australia. Biodiversity and Conservation, 31(3), pp.989-1021.",340,Eastern NSW,-33.8688,151.20930000000001,Population,Abundance,Spatial,0,yes,yes,Population not in support,included_species,1100,Diprotodontia,Phylacine 1.2,Mammals
Potorous tridactylus,Potorous tridactylus,"McHugh, D., Goldingay, R.L., Link, J. and Letnic, M., 2019. Habitat and introduced predators influence the occupancy of small threatened macropods in subtropical Australia. Ecology and Evolution, 9(11), pp.6300-6317.",341,North coast bioregion of northern New South Wales,-28.389199999999999,152.94030000000001,Population,Abundance,Spatial,0,yes,yes,Population not in support,included_species,1100,Diprotodontia,Phylacine 1.2,Mammals
Potorous tridactylus,Potorous tridactylus,"Menon, V., Giljohann, K., Pascoe, J., Wintle, B., Robley, A., Town-Hopkinson, L. and Hradsky, B., 2025. Managing multiple threats: Evaluating the efficacy of broad-scale introduced predator management in improving native mammal resilience to fire. Biological Conservation, 301, p.110847.",342,"Glenelg Ark, Otway Ark",-38.133400000000002,141.62979999999999,Population,Abundance,Spatiotemporal,0,yes,yes,Population not in support,included_species,1100,Diprotodontia,Phylacine 1.2,Mammals
Potorous tridactylus,Potorous tridactylus,"Miritis, V., Rendall, A.R., Doherty, T.S., Coetsee, A.L. and Ritchie, E.G., 2020. Living with the enemy: a threatened prey species coexisting with feral cats on a fox-free island. Wildlife Research, 47(8), pp.633-642.",335,French Island NP,-38.398000000000003,145.37799999999999,Predation,Predation,Predation,1,no,no,Predation in support,included_species,1100,Diprotodontia,Phylacine 1.2,Mammals
Potorous tridactylus,Potorous tridactylus,"Miritis, V., Rendall, A.R., Doherty, T.S., Coetsee, A.L. and Ritchie, E.G., 2020. Living with the enemy: a threatened prey species coexisting with feral cats on a fox-free island. Wildlife Research, 47(8), pp.633-642.",336,French Island NP,-38.398000000000003,145.37799999999999,Population,Abundance,Spatial,0,yes,yes,Population not in support,included_species,1100,Diprotodontia,Phylacine 1.2,Mammals
Potorous tridactylus,Potorous tridactylus,"Norton, M.A., Prentice, A., Dingle, J., French, K. and Claridge, A.W., 2015. Population characteristics and management of the long-nosed potoroo (Potorous tridactylus) in high-quality habitat in the Southern Highlands of New South Wales. Australian Mammalogy, 37(1), pp.67-74.",337,,-34.67,150.69999999999999,Population,Abundance,Spatial,0,yes,no,Population not in support,included_species,1100,Diprotodontia,Phylacine 1.2,Mammals
Potorous tridactylus,Potorous tridactylus,"Rees, M.W., Wintle, B.A., Robley, A., Pascoe, J.H., Pla, M.L., Birnbaum, E.K. and Hradsky, B.A., 2024. Fox control and fire influence the occurrence of invasive predators and threatened native prey. Biological Invasions, 26(3), pp.685-703.",339,,-38.791200000000003,143.5419,Population,Abundance,Spatial,0,yes,yes,Population not in support,included_species,1100,Diprotodontia,Phylacine 1.2,Mammals
Potorous tridactylus,Potorous tridactylus,"Robley, A.J., Cally, J.G., Murray, A., Bluff, L., Collyer, A., Borg, N. and Phillips, L., 2022. The response of native species to the 2019–20 bushfires and introduced predators in far East Gippsland. Arthur Rylah Institute for Environmental Research Technical Report Series No. 329. Department of Environment. Land, Water and Planning, Heidelberg.",338,,-36.979999999999997,143.38999999999999,Population,Abundance,Spatial,0,yes,yes,Population not in support,included_species,1100,Diprotodontia,Phylacine 1.2,Mammals
Potorous tridactylus,Potorous tridactylus,"Schwarz, E., 1995. Habitat use in a population of mainland Tasmanian feral cats, Felis catus. Graduate Diploma Honours Thesis. University of Tasmania, Hobart.",334,,-37.75,142.01,Predation,Predation,Predation,1,no,no,Predation in support,included_species,1100,Diprotodontia,Phylacine 1.2,Mammals
Procellaria aequinoctialis,Procellaria aequinoctialis,"Bloomer JP, Bester MN (1990) Diet of a declining feral cat Felis catus population on Marion Island. South African Journal of Wildlife Research, 20, 1-4.",308,Marion Island,-46.876399999999997,37.859099999999998,Predation,Predation,Predation,1,no,no,Predation in support,included_species,1213,Procellariiformes,Avonet,Birds
Procellaria aequinoctialis,Procellaria aequinoctialis,"Cooper J, Marais AvN, Bloomer JP, Bester MN. 1994. A success story: breeding of burrowing petrels (Procellariidae) before and after the eradication of feral cats Felis catus at subantarctic Marion Island. Marine Ornithology 23: 33‐37.",309,Marion Island,-46.876399999999997,37.859099999999998,Population,Reproduction,Temporal,0,yes,no,Population not in support,included_species,1213,Procellariiformes,Avonet,Birds
Procellaria aequinoctialis,Procellaria aequinoctialis,"Dilley, B.J., Schoombie, S., Stevens, K., Davies, D., Perold, V., Osborne, A., Schoombie, J., Brink, C.W., Carpenter-Kling, T. and Ryan, P.G., 2018. Mouse predation affects breeding success of burrow-nesting petrels at sub-Antarctic Marion Island. Antarctic Science, 30(2), pp.93-104.",303,Marion Island,-46.876399999999997,37.859099999999998,Population,Reproduction,Temporal,1,yes,no,Population in support,included_species,1213,Procellariiformes,Avonet,Birds
Procellaria aequinoctialis,Procellaria aequinoctialis,"Dilley, B.J., Schramm, M. and Ryan, P.G., 2017. Modest increases in densities of burrow-nesting petrels following the removal of cats (Felis catus) from Marion Island. Polar Biology, 40, pp.625-637.",302,Marion Island,-46.876399999999997,37.859099999999998,Population,Abundance,Temporal,1,yes,no,Population in support,included_species,1213,Procellariiformes,Avonet,Birds
Procellaria aequinoctialis,Procellaria aequinoctialis,"Matias, R. and Catry, P., 2008. The diet of feral cats at New Island, Falkland Islands, and impact on breeding seabirds. Polar Biology, 31, pp.609-616.",304,New Island,-51.716299999999997,-61.2928,Predation,Predation,Predation,0,no,no,Predation not in support,included_species,1213,Procellariiformes,Avonet,Birds
Procellaria aequinoctialis,Procellaria aequinoctialis,"Van Rensburg, P.J.J. and Bester, M.N., 1988. The effect of cat Felis catus predation on three breeding Procellariidae species on Marion Island. South African Journal of Zoology, 23(4), pp.301-305.",307,Marion Island,-46.876399999999997,37.859099999999998,Population,Reproduction,Spatial,1,yes,yes,Population in support,included_species,1213,Procellariiformes,Avonet,Birds
Procellaria aequinoctialis,Procellaria aequinoctialis,"van Aarde RJ (1980). The diet and feeding behaviour of feral cats, Felis catus at Marion Island. South African Journal of Wildlife Research, 10, 123-128.",305,Marion Island,-46.876399999999997,37.859099999999998,Predation,Predation,Predation,1,no,no,Predation in support,included_species,1213,Procellariiformes,Avonet,Birds
Procellaria aequinoctialis,Procellaria aequinoctialis,"van Rensburg PJJ (1985) The feeding ecology of a decreasing feral house cat Felis catus population on Marion Island. In: Antarctic Nutrient Cycles and Food Webs (eds Siegfried WR, Condy PR, Laws RM) pp. 620-624. Springer-Verlag Berlin Heidelberg",306,Marion Island,-46.876399999999997,37.859099999999998,Predation,Predation,Predation,1,no,no,Predation in support,included_species,1213,Procellariiformes,Avonet,Birds
Procellaria cinerea,Procellaria cinerea,"Bird, J.P., Fuller, R.A. and Shaw, J.D., 2024. Patterns of recovery in extant and extirpated seabirds after the world's largest multipredator eradication. Conservation Biology, 38(4), p.e14239.",350,Macquarie Island,-54.620800000000003,158.85560000000001,Population,Abundance,Timing,0,no,no,Population not in support,included_species,1131,Procellariiformes,Avonet,Birds
Procellaria cinerea,Procellaria cinerea,"Dilley, B.J., Schoombie, S., Stevens, K., Davies, D., Perold, V., Osborne, A., Schoombie, J., Brink, C.W., Carpenter-Kling, T. and Ryan, P.G., 2018. Mouse predation affects breeding success of burrow-nesting petrels at sub-Antarctic Marion Island. Antarctic Science, 30(2), pp.93-104.",349,Marion Island,-46.875459999999997,37.858539999999998,Population,Reproduction,Temporal,0,yes,no,Population not in support,included_species,1131,Procellariiformes,Avonet,Birds
Procellaria parkinsoni,Procellaria parkinsoni,"E.A. Bell, D Burgin, J. Sim, K. Dunleavy, A. Fleishman, R.P. Scofield (2018) Population trends, breeding distribution and habitat use of black petrels (Procellaria parkinsoni): 2016/2017 operational report. New Zealand aquatic environment and biodiversity report, no. 198.",311,Mount Hobson,-36.186199999999999,175.4126,Predation,Predation,Predation,1,no,no,Predation in support,included_species,702.2,Procellariiformes,Avonet,Birds
Procellaria parkinsoni,Procellaria parkinsoni,"Imber, M. J. 1987. Breeding ecology and conservation of the Black Petrel (Procellaria parkinsoni). Notornis 34: 19-39.",310,Little Barrier Island,-36.194600000000001,175.0753,Predation,Predation,Predation,1,no,no,Predation in support,included_species,702.2,Procellariiformes,Avonet,Birds
Procellaria westlandica,Procellaria westlandica,"Wilson, K.-J. 2016. A review of the biology and ecology and an evaluation of threats to the Westland petrel Procellaria westlandica. West Coast Penguin Trust.",312,"Punakaiki, South Island West Coast",-42.107900000000001,171.3348,Predation,Predation,Predation,1,no,no,Predation in support,included_species,1199,Procellariiformes,Avonet,Birds
Prosobonia cancellata,Prosobonia parvirostris,"Blanvillain, C., Florent, C. and Thenot, V., 2002. Land birds of Tuamotu Archipelago, Polynesia: relative abundance and changes during the 20th century with particular reference to the critically endangered Polynesian ground-dove (Gallicolumba erythroptera). Biological conservation, 103(2), pp.139-149.",385,"Tuamotu Archipelago, French Polynesia",-18.75,-141.76,Population,Abundance,Spatial,1,yes,yes,Population in support,included_species,36,Charadriiformes,Avonet,Birds
Prosobonia cancellata,Prosobonia parvirostris,"R. J. Pierce, C. Blanvillain, Current status of the endangered Tuamotu Sandpiper or Titi Prosobonia cancellata and recommended actions for its recovery. Wader Study Group Bulletin. 105, 93–100 (2004).",384,French Polynesia,-17.6797,-149.4068,Population,Abundance,Spatial,1,yes,yes,Population in support,included_species,36,Charadriiformes,Avonet,Birds
Pseudobulweria rostrata,Pseudobulweria rostrata,"Palmas, P., Jourdan, H., Rigault, F., Debar, L., De Meringo, H., Bourguet, E., Mathivet, M., Lee, M., Adjouhgniope, R., Papillon, Y. and Bonnaud, E., 2017. Feral cats threaten the outstanding endemic fauna of the New Caledonia biodiversity hotspot. Biological Conservation, 214, pp.250-259.",288,New Caladonia,-20.904299999999999,165.61799999999999,Predation,Predation,Predation,1,no,no,Predation in support,included_species,409,Procellariiformes,Avonet,Birds
Pseudocheirus occidentalis,Pseudocheirus occidentalis,"Clarke, J.R., 2011. Translocation outcomes for the western ringtail possum (Pseudocheirus occidentalis) in the presence of the common brushtail possum (Trichosurus vulpecula): health, survivorship and habitat use. Doctoral dissertation, Murdoch University.",118,Leschenault Peninsula,-33.229999999999997,115.68,Predation,Predation,Reintroduced,1,no,no,Predation in support,included_species,987.5,Diprotodontia,Phylacine 1.2,Mammals
Pseudocheirus occidentalis,Pseudocheirus occidentalis,"Wayne, A.F., Maxwell, M.A., Ward, C.G., Wayne, J.C., Vellios, C.V. and Wilson, I.J., 2017. Recoveries and cascading declines of native mammals associated with control of an introduced predator. Journal of Mammalogy, 98(2), pp.489-501.",120,"Upper Warren, Western Australia",-34.369999999999997,116.28,Population,Abundance,Temporal,0,yes,no,Population not in support,included_species,987.5,Diprotodontia,Phylacine 1.2,Mammals
Pseudocheirus occidentalis,Pseudocheirus occidentalis,"Wayne, A.F., Rooney, J.F., Ward, C.G., Vellios, C.V. and Lindenmayer, D.B., 2005. The life history of Pseudocheirus occidentalis (Pseudocheiridae) in the jarrah forest of south-western Australia. Australian Journal of Zoology, 53(5), pp.325-337.",119,Perup Nature Reserve,-34.276699999999998,116.39919999999999,Predation,Predation,Predation,1,no,no,Predation in support,included_species,987.5,Diprotodontia,Phylacine 1.2,Mammals
Pseudomys australis,Pseudomys australis,"Moseby, K.E., McGregor, H., Hill, B.M. and Read, J.L., 2020. Exploring the internal and external wildlife gradients created by conservation fences. Conservation Biology, 34(1), pp.220-231.",235,"Roxby Downs, South Australia",-30.29,136.53,Population,Abundance,Spatial,1,yes,no,Population in support,included_species,65,Rodentia,Phylacine 1.2,Mammals
Pseudomys australis,Pseudomys australis,"Pavey, C.R., Cole, J.R., McDonald, P.J. and Nano, C.E., 2014. Population dynamics and spatial ecology of a declining desert rodent, Pseudomys australis: the importance of refuges for persistence. Journal of Mammalogy, 95(3), pp.615-625.",237,"Andado Station, Simpson Desert",-23.698,133.88069999999999,Predation,Predation,Predation,1,no,no,Predation in support,included_species,65,Rodentia,Phylacine 1.2,Mammals
Pseudomys australis,Pseudomys australis,"Pavey, C.R., Cole, J.R., McDonald, P.J. and Nano, C.E., 2014. Population dynamics and spatial ecology of a declining desert rodent, Pseudomys australis: the importance of refuges for persistence. Journal of Mammalogy, 95(3), pp.615-625.",238,"Andado Station, Simpson Desert",-23.698,133.88069999999999,Population,Abundance,Temporal,0,yes,no,Population not in support,included_species,65,Rodentia,Phylacine 1.2,Mammals
Pseudomys australis,Pseudomys australis,"Pedler, R.D., Brandle, R., Read, J.L., Southgate, R., Bird, P. and Moseby, K.E., 2016. Rabbit biocontrol and landscape‐scale recovery of threatened desert mammals. Conservation Biology, 30(4), pp.774-782.",240,Northeastern South Australia,-27.7,140.41,Population,Abundance,Temporal,1,yes,no,Population in support,included_species,65,Rodentia,Phylacine 1.2,Mammals
Pseudomys australis,Pseudomys australis,"Read, J.L. and Cunningham, R., 2010. Relative impacts of cattle grazing and feral animals on an Australian arid zone reptile and small mammal assemblage. Austral Ecology, 35(3), pp.314-324.",239,"Roxby Downs, South Australia",-30.29,136.53,Population,Abundance,Spatial,1,no,no,Population in support,included_species,65,Rodentia,Phylacine 1.2,Mammals
Pseudomys australis,Pseudomys australis,"Wallach A.D., Lundgren E.J. (2025) Review of evidence that foxes and cats cause extinctions of Australia’s endemic mammals. BioScience. DOI: 10.1093/biosci/biaf046",236,"Koonchera Dune, South Australia, and New South Wales",-26.727560043,139.52325439399999,Population,Abundance,Timing,0,yes,no,Population not in support,included_species,65,Rodentia,Phylacine 1.2,Mammals
Pseudomys fieldi,Pseudomys fieldi,"Wallach A.D., Lundgren E.J. (2025) Review of evidence that foxes and cats cause extinctions of Australia’s endemic mammals. BioScience. DOI: 10.1093/biosci/biaf046",169,"Western Division of NSW, Alice Springs and southwest Australia",-25.9161,134.9162,Population,Abundance,Timing,0,yes,no,Population not in support,included_species,45,Rodentia,Phylacine 1.2,Mammals
Pseudomys fumeus,Pseudomys fumeus,"Cockburn, A. 1981. Population regulation and dispersion of the Smoky Mouse Pseudomys fumeus. II. Spring decline, breeding success and habitat heterogeneity. Australian Journal of Ecology 6: 255-266.",170,Mount William,-37.2928,142.60079999999999,Predation,Predation,Predation,1,no,no,Predation in support,included_species,70,Rodentia,Phylacine 1.2,Mammals
Pseudomys glaucus,Pseudomys glaucus,"Wallach A.D., Lundgren E.J. (2025) Review of evidence that foxes and cats cause extinctions of Australia’s endemic mammals. BioScience. DOI: 10.1093/biosci/biaf046",400,"Southeast QLD, north-northeast NSW",-27.976900000000001,153.3809,Population,Abundance,Timing,1,yes,no,Population in support,included_species,30,Rodentia,Phylacine 1.2,Mammals
Pseudomys novaehollandiae,Pseudomys novaehollandiae,"Burns, P.A., 2019. Testing the decline of the New Holland mouse (Pseudomys novaehollandiae) in Victoria. Australian Mammalogy, 42(2), pp.185-193.",399,Victoria,-36.9848,143.39060000000001,Predation,Predation,Predation,0,no,no,Predation not in support,included_species,20,Rodentia,Phylacine 1.2,Mammals
Pseudomys oralis,Pseudomys oralis,"NSW Department of Environment and Climate Change 2005, Recovery Plan for the Hastings River Mouse (Pseudomys oralis), Department of Environment and Climate Change (NSW), Hurstville.",232,Hastings River,-31.43,152.91999999999999,Predation,Predation,Predation,1,no,no,Predation in support,included_species,95,Rodentia,Phylacine 1.2,Mammals
Psittirostra psittacea,Psittirostra psittacea,IUCN,365,Hawai'i,19.898700000000002,-155.66589999999999,Predation,Predation,Predation,1,no,no,Predation in support,included_species,28.62,Passeriformes,Avonet,Birds
Pterodroma baraui,Pterodroma baraui,"Faulquier, L., Fontaine, R., Vidal, E., Salamolard, M. and Le Corre, M., 2009. Feral cats Felis catus threaten the endangered endemic Barau's petrel Pterodroma baraui at Reunion Island (Western Indian Ocean). Waterbirds, 32(2), pp.330-336.",299,Reunion Island,-21.115100000000002,55.5364,Predation,Predation,Predation,1,no,no,Predation in support,included_species,400,Procellariiformes,Avonet,Birds
Pterodroma brevipes,Pterodroma brevipes,"BRETAGNOLLE, V., DAVID, Y., GHESTEMME, T., BUTAUD, J.F., WITHERS, T., SHIRIHAI, H. and THIBAULT, J.C., 2025. A petrel breeding diversity hotspot: Raivavae Island (Austral Islands, French Polynesia), with a need for conservation action. Marine Ornithology, 53(1), pp.163-171.",294,Raivavae,-23.864999999999998,-147.6609,Predation,Predation,Predation,1,no,no,Predation in support,included_species,147.05,Procellariiformes,Avonet,Birds
Pterodroma brevipes,Pterodroma brevipes,"Tennyson, A.J., Miskelly, C.M., Totterman, S.L. 2012. Observations of collared petrels (Pterodroma brevipes) on Vanua Lava, Vanuatu, and a review of the species’ breeding distribution. Notornis 59: 39-48.",295,Vanua Lava,-13.8443,167.44720000000001,Predation,Predation,Predation,0,no,no,Predation not in support,included_species,147.05,Procellariiformes,Avonet,Birds
Pterodroma cookii,Pterodroma cookii,"Girardet SAB, Veitch CR, Craig JL (2001) Bird and rat numbers on Little Barrier Island, New Zealand, over the period of cat eradication 1976-1980. New Zealand Journal of Zoology, 28, 13-29.",293,Little Barrier Island,-36.194600000000001,175.0753,Predation,Predation,Predation,1,no,no,Predation in support,included_species,177.91,Procellariiformes,Avonet,Birds
Pterodroma cookii,Pterodroma cookii,"M. J. Imber, J. A. West, W. J. Cooper, Cook's petrel (Pterodroma cookii): historic distribution, breeding biology and effects of predators. Notornis. 50, 221–230 (2003).",292,Hauturu,-38.104399999999998,174.93039999999999,Predation,Predation,Predation,1,no,no,Predation in support,included_species,177.91,Procellariiformes,Avonet,Birds
Pterodroma cookii,Pterodroma cookii,"M. J. Rayner, M. E. Hauber, M. J. Imber, R. K. Stamp, M. N. Clout, Spatial heterogeneity of mesopredator release within an oceanic island system. Proceedings of the National Academy of Sciences. 104, 20862–20865 (2007).",291,Little Barrier Island,-36.194600000000001,175.0753,Population,Abundance,Temporal,0,yes,no,Population not in support,included_species,177.91,Procellariiformes,Avonet,Birds
Pterodroma externa,Pterodroma externa,"L. Brooke, M.D., 1987. Population estimates and breeding biology of the petrels Pterodroma externa and P. longirostris on Isla Alejandro Selkirk, Juan Fernandez Archipelago. The Condor, 89(3), pp.581-586.",298,Isla Alejandro Selkirk,-33.7761,-80.799000000000007,Predation,Predation,Predation,1,no,no,Predation in support,included_species,428,Procellariiformes,Avonet,Birds
Pterodroma feae,Pterodroma feae,"González-Solís, J., Riera, J.L., Dinis, H.A., de Pina, A. and Militão, T., 2024. Life history, population dynamics and impacts of cat predation on an endemic gadfly petrel in Cabo Verde. Endangered Species Research, 55, pp.187-203.",417,"Fogo Island, Cape Verde",14.9133,-24.381699999999999,Predation,Predation,Predation,1,no,no,Predation in support,included_species,311,Procellariiformes,Avonet,Birds
Pterodroma feae,Pterodroma feae,"Medina FM, Oliveira P, Menezes D, Teixeira S, Garc ́ıa R, Nogales M. Trophic habits of feral cats in the high mountain shrublands of the Macaronesian islands (NW Africa, Atlantic Ocean). Acta Theriol (Warsz). 2010. 55: 241–250.",418,"Fogo Island, Cape Verde",14.9133,-24.381699999999999,Predation,Predation,Predation,1,no,no,Predation in support,included_species,311,Procellariiformes,Avonet,Birds
Pterodroma feae,Pterodroma feae,"Medina FM, Oliveira P, Menezes D, Teixeira S, Garc ́ıa R, Nogales M. Trophic habits of feral cats in the high mountain shrublands of the Macaronesian islands (NW Africa, Atlantic Ocean). Acta Theriol (Warsz). 2010. 55: 241–250.",419,Madeira,32.7607,-16.959499999999998,Predation,Predation,Predation,0,no,no,Predation not in support,included_species,311,Procellariiformes,Avonet,Birds
Pterodroma feae,Pterodroma feae,"Militao, T., Dinis, H.A., Zango, L., Calabuig, P., Stefan, L.M. and Gonzalez-Solis, J., 2017. Population size, breeding biology and on-land threats of Cape Verde petrel (Pterodroma feae) in Fogo Island, Cape Verde. Plos one, 12(4), p.e0174803.",416,"Fogo Island, Cape Verde",14.9133,-24.381699999999999,Predation,Predation,Predation,1,no,no,Predation in support,included_species,311,Procellariiformes,Avonet,Birds
Pterodroma leucoptera,Pterodroma leucoptera,"Bretagnolle, V., Renaudet, L., Villard, P., Shirihai, H., Carlile, N. and Priddel, D., 2021. Status of Gould’s petrel Pterodroma leucoptera caledonica in New Caledonia: distribution, breeding biology, threats and conservation. Emu-Austral Ornithology, 121(4), pp.303-313.",290,New Caladonia,-20.904299999999999,165.61799999999999,Predation,Predation,Predation,1,no,no,Predation in support,included_species,147.05,Procellariiformes,Avonet,Birds
Pterodroma leucoptera,Pterodroma leucoptera,"Palmas, P., Jourdan, H., Rigault, F., Debar, L., De Meringo, H., Bourguet, E., Mathivet, M., Lee, M., Adjouhgniope, R., Papillon, Y. and Bonnaud, E., 2017. Feral cats threaten the outstanding endemic fauna of the New Caledonia biodiversity hotspot. Biological Conservation, 214, pp.250-259.",289,New Caladonia,-20.904299999999999,165.61799999999999,Predation,Predation,Predation,1,no,no,Predation in support,included_species,147.05,Procellariiformes,Avonet,Birds
Pterodroma longirostris,Pterodroma longirostris,"L. Brooke, M.D., 1987. Population estimates and breeding biology of the petrels Pterodroma externa and P. longirostris on Isla Alejandro Selkirk, Juan Fernandez Archipelago. The Condor, 89(3), pp.581-586.",431,Isla Alejandro Selkirk,-33.7761,-80.799000000000007,Predation,Predation,Predation,1,no,no,Predation in support,included_species,143,Procellariiformes,Avonet,Birds
Pterodroma madeira,Pterodroma madeira,"Zino, F., 1992. Cat amongst the freiras. Oryx, 26(3), pp.174-174.",301,Madeira,32.7607,-16.959499999999998,Predation,Predation,Predation,1,no,no,Predation in support,included_species,201.05,Procellariiformes,Avonet,Birds
Pterodroma madeira,Pterodroma madeira,"Zino, F., Oliveira, P., King, S., Buckle, A., Biscoito, M., Neves, H.C. and Vasconcelos, A., 2001. Conservation of Zino's petrel Pterodroma madeira in the archipelago of Madeira. Oryx, 35(2), pp.128-136.",300,Madeira,32.7607,-16.959499999999998,Predation,Predation,Predation,1,no,no,Predation in support,included_species,201.05,Procellariiformes,Avonet,Birds
Pterodroma phaeopygia,Pterodroma phaeopygia,"F. Cruz-Delgado, J. A. Gonzalez, D. A. Wiedenfeld, Breeding biology of the critically endangered Galapagos petrel Pterodroma phaeopygia on San Cristóbal Island: conservation and management implications. Bird Conservation International. 20, 306–319 (2010).",296,San Cristobal Island,-0.86750000000000005,-89.436400000000006,Predation,Predation,Predation,0,no,no,Predation not in support,included_species,400.82,Procellariiformes,Avonet,Birds
Pterodroma phaeopygia,Pterodroma phaeopygia,"J. B. Cruz, F. Cruz, Conservation of the dark-rumped petrel Pterodroma phaeopygia in the Galapagos Islands, Ecuador. 42, 303–311 (1987).",297,Floreana Island,-1.3083,-90.431399999999996,Predation,Predation,Predation,1,no,no,Predation in support,included_species,400.82,Procellariiformes,Avonet,Birds
Pterodroma rupinarum,Pterodroma rupinarum,"Hume, J. 2017. Extinct Birds. Bloomsbury Publishing",412,Saint Helena,-15.965,-5.7088999999999999,Population,Abundance,Timing,0,yes,no,Population not in support,included_species,,Procellariiformes,,Birds
Pterodroma sandwichensis,Pterodroma sandwichensis,"D. C. Duffy, P. I. Capece, Depredation of endangered burrowing seabirds in Hawai'i: management priorities. Marine Ornithology. 42, 149–152 (2014).",282,"Kauaʻi, Hawaii",22.096399999999999,-159.52610000000001,Predation,Predation,Predation,1,no,no,Predation in support,included_species,400.82,Procellariiformes,Avonet,Birds
Pterodroma sandwichensis,Pterodroma sandwichensis,"Natividad Hodges CS, Nagata RJS. 2001. Effects of predator control on the survival and breeding success of the endangered Hawaiian dark‐rumped petrel. Studies in Avian Biology 22:308‐318.",283,"Maui, Hawaii",20.798400000000001,-156.33189999999999,Predation,Predation,Predation,1,no,no,Predation in support,included_species,400.82,Procellariiformes,Avonet,Birds
Pterodroma sandwichensis,Pterodroma sandwichensis,"Natividad Hodges CS, Nagata RJS. 2001. Effects of predator control on the survival and breeding success of the endangered Hawaiian dark‐rumped petrel. Studies in Avian Biology 22:308‐318.",284,"Maui, Hawaii",20.798400000000001,-156.33189999999999,Population,Reproduction,Temporal,1,yes,yes,Population in support,included_species,400.82,Procellariiformes,Avonet,Birds
Pterodroma sandwichensis,Pterodroma sandwichensis,"Raine, A.F., Driskill, S., Vynne, M., Harvey, D. and Pias, K., 2020. Managing the effects of introduced predators on Hawaiian endangered seabirds. The Journal of Wildlife Management, 84(3), pp.425-435.",279,"Kauaʻi, Hawaii",22.096399999999999,-159.52610000000001,Predation,Predation,Predation,1,no,no,Predation in support,included_species,400.82,Procellariiformes,Avonet,Birds
Pterodroma sandwichensis,Pterodroma sandwichensis,"S. Judge, J. S. Lippert, K. Misajon, D. Hu, S. C. Hess, Videographic evidence of endangered species depredation by feral cat. Pacific Conservation Biology. 18, 293–296 (2012).",281,"Kauaʻi, Hawaii",22.096399999999999,-159.52610000000001,Predation,Predation,Predation,1,no,no,Predation in support,included_species,400.82,Procellariiformes,Avonet,Birds
Pterodroma sandwichensis,Pterodroma sandwichensis,"T. R. Simons, Biology and behavior of the endangered Hawaiian dark-rumped petrel. The Condor. 87, 229–245 (1985).",280,"Kauaʻi, Hawaii",22.096399999999999,-159.52610000000001,Predation,Predation,Predation,1,no,no,Predation in support,included_species,400.82,Procellariiformes,Avonet,Birds
Pteropus dasymallus,Pteropus dasymallus,"Vincenot CE, Collazo AM, Russo D (2017) The Ryukyu flying fox (Pteropus dasymallus)—a review of conservation threats and call for reassessment. Mammalian Biology- Zeitschrift für Säugetierkunde 83: 71–77.",160,Ishigaki Island,24.406400000000001,124.1754,Predation,Predation,Predation,1,no,no,Predation in support,included_species,435,Chiroptera,Phylacine 1.2,Mammals
Pteropus melanotus,Pteropus melanotus,"Tidemann, C. R., Yorkston, H., and Russack, A. J. 1994. The diet of cats, Felis catus, on Christmas Island, Indian Ocean. Wildlife Research 21: 279-285.",161,Christmas Island,-10.4475,105.6904,Predation,Predation,Predation,1,no,no,Predation in support,included_species,375,Chiroptera,Phylacine 1.2,Mammals
Pteropus ornatus,Pteropus ornatus,"Palmas, P., Jourdan, H., Rigault, F., Debar, L., De Meringo, H., Bourguet, E., Mathivet, M., Lee, M., Adjouhgniope, R., Papillon, Y. and Bonnaud, E., 2017. Feral cats threaten the outstanding endemic fauna of the New Caledonia biodiversity hotspot. Biological Conservation, 214, pp.250-259.",162,New Caladonia,-20.904299999999999,165.61799999999999,Predation,Predation,Predation,1,no,no,Predation in support,included_species,330,Chiroptera,Phylacine 1.2,Mammals
Pteropus vetula,Pteropus vetula,"Palmas, P., Jourdan, H., Rigault, F., Debar, L., De Meringo, H., Bourguet, E., Mathivet, M., Lee, M., Adjouhgniope, R., Papillon, Y. and Bonnaud, E., 2017. Feral cats threaten the outstanding endemic fauna of the New Caledonia biodiversity hotspot. Biological Conservation, 214, pp.250-259.",163,New Caladonia,-20.904299999999999,165.61799999999999,Predation,Predation,Predation,1,no,no,Predation in support,included_species,,Chiroptera,,Mammals
Ptychoramphus aleuticus,Ptychoramphus aleuticus,"Howell, A. B. 1917. Birds of the islands off the coast of southern California. Pacific Coast Avifauna 12.",426,Santa Barbara Island,33.4756,-119.0373,Population,Abundance,Timing,1,no,no,Population in support,included_species,184,Charadriiformes,Avonet,Birds
Ptychoramphus aleuticus,Ptychoramphus aleuticus,"McChesney, G.J. and Tershy, B.R., 1998. History and status of introduced mammals and impacts to breeding seabirds on the California Channel and northwestern Baja California Islands. Colonial Waterbirds, pp.335-347.",424,"Todos Santos, San Martin, and San Geronimo islands",31.800999999999998,-116.7916,Predation,Predation,Predation,1,no,no,Predation in support,included_species,184,Charadriiformes,Avonet,Birds
Ptychoramphus aleuticus,Ptychoramphus aleuticus,"Willett, G. 1912. Birds of the Pacific slope of southern California. Pacific Coast Avifauna 7.",425,Santa Barbara Island,33.4756,-119.0373,Predation,Predation,Predation,1,no,no,Predation in support,included_species,184,Charadriiformes,Avonet,Birds
Puffinus auricularis,Puffinus auricularis,"Jehl, J. R. and Parkes, K. C. (1982) The status of the avifauna of the Revillagigedo Islands, Mexico. Wilson Bull.94: 1-19.",326,Socorro Island,18.797999999999998,-110.97539999999999,Predation,Predation,Predation,1,no,no,Predation in support,included_species,350.8,Procellariiformes,Avonet,Birds
Puffinus auricularis,Puffinus auricularis,"Martínez-Gómez JE, Curry RL (1996) The conservation status of the Socorro Mockingbird Mimodes graysoni in 1993-1994. Bird Conservation International, 6, 271-283.",324,Socorro Island,18.797999999999998,-110.97539999999999,Predation,Predation,Predation,1,no,no,Predation in support,included_species,350.8,Procellariiformes,Avonet,Birds
Puffinus auricularis,Puffinus auricularis,"Martınez-Gomez, J.E. and Jacobsen, J.K., 2004. The conservation status of Townsend's shearwater Puffinus auricularis auricularis. Biological Conservation, 116(1), pp.35-47.",325,Socorro Island,18.797999999999998,-110.97539999999999,Predation,Predation,Predation,1,no,no,Predation in support,included_species,350.8,Procellariiformes,Avonet,Birds
Puffinus mauretanicus,Puffinus mauretanicus,"Arcos, J.M. & Oro, D. 2004. Pardela balear, Puffinus mauretanicus. In: Madroño, A., González, C. & Atienza, J.C (ed.), Libro Rojo de las Aves de España, pp. 46-50. Dirección General para la Biodiversidad - SEO/BirdLife, Madrid.",420,"Mola de Maó, Menorca, Spain",39.873899999999999,4.3110999999999997,Predation,Predation,Predation,1,no,no,Predation in support,included_species,497,Procellariiformes,Avonet,Birds
Puffinus newelli,Puffinus newelli,"Ainley DG, Podolsky R, Deforest L, Spencer F, Nur N (2001) The status and population trends of the Newell’s shearwater on Kaua´i: insights from modelling. Studies in Avian Biology, 22,108-123.",432,"Kaua‘i, Hawaiian Islands",22.096399999999999,-159.52610000000001,Predation,Predation,Predation,1,no,no,Predation in support,included_species,350.8,Procellariiformes,Avonet,Birds
Puffinus newelli,Puffinus newelli,"Griesemer, A. M. Holmes, N. D. 2011. Newell’s shearwater population modeling for Habitat Conservation Plan and Recovery Planning. Technical Report 176. The Hawai`i-Pacific Islands Cooperative Ecosystem Studies Unit & Pacific Cooperative Studies Unit, University of Hawai`i, Honolulu, Hawai`i.",433,"Kaua‘i, Hawaiian Islands",22.096399999999999,-159.52610000000001,Predation,Predation,Predation,1,no,no,Predation in support,included_species,350.8,Procellariiformes,Avonet,Birds
Puffinus newelli,Puffinus newelli,"Raine, A.F., Driskill, S., Vynne, M., Harvey, D. and Pias, K., 2020. Managing the effects of introduced predators on Hawaiian endangered seabirds. The Journal of Wildlife Management, 84(3), pp.425-435.",434,"Kaua‘i, Hawaiian Islands",22.096399999999999,-159.52610000000001,Predation,Predation,Predation,1,no,no,Predation in support,included_species,350.8,Procellariiformes,Avonet,Birds
Puffinus opisthomelas,Puffinus opisthomelas,"Keitt, B. S., Tershy, B. R. 2003. Cat eradication significantly reduces shearwaters mortality. Animal Conservation 6: 307-308.",242,Natividad Island,27.8658,-115.18,Predation,Predation,Predation,1,no,no,Predation in support,included_species,408,Procellariiformes,Avonet,Birds
Puffinus opisthomelas,Puffinus opisthomelas,"McChesney, G.J. and Tershy, B.R., 1998. History and status of introduced mammals and impacts to breeding seabirds on the California Channel and northwestern Baja California Islands. Colonial Waterbirds, pp.335-347.",241,"Natividad Island, Guadalupe Island, San Benitos Islands",27.8658,-115.18,Predation,Predation,Predation,1,no,no,Predation in support,included_species,408,Procellariiformes,Avonet,Birds
Puffinus yelkouan,Puffinus yelkouan,"Bonnaud, E., Berger, G., Bourgeois, K., Legrand, J. and Vidal, E. 2012. Predation by cats could lead to the extinction of the Mediterranean endemic Yelkouan Shearwater Puffinus yelkouan at a major breeding site. Ibis 154(3): 566-577.",317,Levant island,43.026200000000003,6.4663000000000004,Predation,Predation,Predation,1,no,no,Predation in support,included_species,497,Procellariiformes,Avonet,Birds
Puffinus yelkouan,Puffinus yelkouan,"Bonnaud, E., Bourgeois, K., Vidal, E., Kayser, Y., Tranchant, Y. and Legrand, J., 2007. Feeding ecology of a feral cat population on a small Mediterranean island. Journal of Mammalogy, 88(4), pp.1074-1081.",322,Port-Cros,43.003599999999999,6.3944000000000001,Predation,Predation,Predation,1,no,no,Predation in support,included_species,497,Procellariiformes,Avonet,Birds
Puffinus yelkouan,Puffinus yelkouan,"Bonnaud, E., Palmas, P., Bourgeois, K., Ollier, S., Zarzoso-Lacoste, D. and Vidal, E., 2015. Island specificities matter: cat diet differs significantly between islands of a major breeding archipelago for a vulnerable endemic seabird. Biological Invasions, 17, pp.2927-2941.",323,"Port-Cros, Levant, and Porquerolles",43.000999999999998,6.2217000000000002,Predation,Predation,Predation,1,no,no,Predation in support,included_species,497,Procellariiformes,Avonet,Birds
Puffinus yelkouan,Puffinus yelkouan,"E. Bonnaud et al., Top-predator control on islands boosts endemic prey but not mesopredator. Animal Conservation. 13, 556–567 (2010).",320,Port-Cros,43.003599999999999,6.3944000000000001,Population,Abundance,Temporal,1,yes,no,Population in support,included_species,497,Procellariiformes,Avonet,Birds
Puffinus yelkouan,Puffinus yelkouan,"E. Bonnaud, K. Bourgeois, E. Vidal, J. Legrand, M. Le Corre, How can the yelkouan shearwater survive feral cat predation? A meta-population structure as a solution? Population Ecology. 51, 261–270 (2009).",319,Port-Cros,43.003599999999999,6.3944000000000001,Predation,Predation,Predation,1,no,no,Predation in support,included_species,497,Procellariiformes,Avonet,Birds
Puffinus yelkouan,Puffinus yelkouan,"S. Oppel et al., Is the yelkouan shearwater Puffinus yelkouan threatened by low adult survival probabilities? Biological Conservation. 144, 2255–2263 (2011).",318,"Port-Cros and Porquerolles, France, and Malta",43.000999999999998,6.2217000000000002,Population,Abundance,Spatial,0,yes,yes,Population not in support,included_species,497,Procellariiformes,Avonet,Birds
Puffinus yelkouan,Puffinus yelkouan,"Tranchant, Y., Vidal, E. and Kayser, Y., 2003. First data on the diet of the Feral Cat Felis catus on Mediterranean micro-islands. REVUE D ECOLOGIE-LA TERRE ET LA VIE, 58(4), pp.411-418.",321,Mediterranean,34.553100000000001,18.047999999999998,Predation,Predation,Predation,1,no,no,Predation in support,included_species,497,Procellariiformes,Avonet,Birds
Pyrrhula murina,Pyrrhula murina,"Ramos, J. A. (1994) The annual cycle of the Azores Bullfinch. Arquipelago. Ser. Cien. Nat. 12A: 101-109.",476,Sao Miguel,37.7804,-25.497,Predation,Predation,Predation,1,no,no,Predation in support,included_species,30,Passeriformes,Avonet,Birds
Raorchestes primarrumpfi,Raorchestes primarrumpfi,IUCN,212,"Mukurthi National Park, Tamil Nadu, India",11.2379,76.487899999999996,Predation,Predation,Domestic cat,1,no,no,Predation in support,included_species,,Anura,,Amphibians
Raorchestes tinniens,Raorchestes tinniens,IUCN,437,"Western Ghats, India",10.166700000000001,77.066699999999997,Predation,Predation,Domestic cat,1,no,no,Predation in support,included_species,,Anura,,Amphibians
Reithrodontomys raviventris,Reithrodontomys raviventris,IUCN,166,"San Francisco Bay, California, USA",37.691000000000003,-122.3108,Predation,Predation,Predation,1,no,no,Predation in support,included_species,11.1,Rodentia,Phylacine 1.2,Mammals
Rhynochetos jubatus,Rhynochetos jubatus,"Hunt, G.R., 1997. Ecology and conservation of the kagu Rhynochetos jubatus of New Caledonia: a thesis presented in partial fulfilment of the requirements for the degree Doctor of Philosophy in Ecology at Massey University (Doctoral dissertation, Massey University).",436,New Caledonia,-20.904299999999999,165.61799999999999,Predation,Predation,Predation,1,no,no,Predation in support,included_species,859.99,Eurypygiformes,Avonet,Birds
Rhynochetos jubatus,Rhynochetos jubatus,"Palmas, P., Jourdan, H., Debar, L., Bourguet, E., Rigault, F., Bonnaud, E. and Vidal, E., 2020. A conservation paradox: endangered and iconic flightless kagu (Rhynochetos jubatus) apparently escape feral cat predation. New Zealand Journal of Ecology, 44(1), pp.1-8.",435,New Caledonia,-20.904299999999999,165.61799999999999,Predation,Predation,Predation,0,no,no,Predation not in support,included_species,859.99,Eurypygiformes,Avonet,Birds
Salanoia concolor,Salanoia concolor,"Farris, Z.J., Kelly, M.J., Karpanty, S., Murphy, A., Ratelolahy, F., Andrianjakarivelo, V. and Holmes, C., 2017. The times they are a changin': Multi-year surveys reveal exotics replace native carnivores at a Madagascar rainforest site. Biological Conservation, 206, pp.320-328.",206,Makira National Park,-15.413,49.537999999999997,Population,Abundance,Temporal,1,yes,no,Population in support,included_species,650,Carnivora,Phylacine 1.2,Mammals
Sauromalus klauberi,Sauromalus klauberi,IUCN,1,Santa Catalina Island,33.387900000000002,-118.41630000000001,Population,Abundance,Timing,0,no,no,Population not in support,included_species,,Squamata,,Reptiles
Sephanoides fernandensis,Sephanoides fernandensis,"Hahn, I. Römer, U. 2002. Threatened avifauna of the Juan Fernández archipelago, Chile: the impact of introduced mammals and conservation priorities. Cotinga 17: 66-72.",393,"Juan Fernández Islands, Chile",-33.6614,-78.927800000000005,Predation,Predation,Predation,1,no,no,Predation in support,included_species,8.73,Caprimulgiformes,Avonet,Birds
Sephanoides fernandensis,Sephanoides fernandensis,"Roy, M. S., Torres-Mura, J. C., Hertel, F., Lemus, M., Sponer, R. 1999. Conservation of the Juan Fernandez Firecrown and its island habitat. Oryx 33: 223-232.",394,"Juan Fernández Islands, Chile",-33.6614,-78.927800000000005,Predation,Predation,Domestic cat,1,no,no,Predation in support,included_species,8.73,Caprimulgiformes,Avonet,Birds
Setonix brachyurus,Setonix brachyurus,"Bain, K., Wayne, A. and Bencini, R., 2015. Risks in extrapolating habitat preferences over the geographical range of threatened taxa: a case study of the quokka (Setonix brachyurus) in the southern forests of Western Australia. Wildlife Research, 42(4), pp.334-342.",348,Walpole and Nannup,-34.976199999999999,116.7313,Population,Abundance,Spatial,0,yes,yes,Population not in support,included_species,3250,Diprotodontia,Phylacine 1.2,Mammals
Setonix brachyurus,Setonix brachyurus,"Bain, K.T., 2015. The ecology of the quokka (Setonix brachyurus) in the southern forests of Western Australia. Doctoral Thesis, The University of Western Australia.",346,,-34.369999999999997,116.28,Predation,Predation,Predation,1,no,no,Predation in support,included_species,3250,Diprotodontia,Phylacine 1.2,Mammals
Setonix brachyurus,Setonix brachyurus,"Hayward, M.W., de Tores, P.J., Augee, M.L. and Banks, P.B., 2005. Mortality and survivorship of the quokka (Setonix brachyurus)(Macropodidae: Marsupialia) in the northern jarrah forest of Western Australia. Wildlife Research, 32(8), pp.715-722.",347,,-32.74,116.06,Predation,Predation,Predation,1,no,no,Predation in support,included_species,3250,Diprotodontia,Phylacine 1.2,Mammals
Sminthopsis bindi,Sminthopsis bindi,"Stokeld, D., Gentles, T., Young, S., Hill, B., Fisher, A., Woinarski, J. and Gillespie, G., 2016. Experimental evaluation of the role of feral cat predation in the decline of small mammals in Kakadu National Park. NT Department of Land Resource Management, Berrimah.",75,North Northern Territory,-13.09,132.38999999999999,Predation,Predation,Predation,1,no,no,Predation in support,included_species,16,Dasyuromorphia,Phylacine 1.2,Mammals
Sminthopsis butleri,Sminthopsis butleri,"Stobo-Wilson, A.M., Stokeld, D., Einoder, L.D., Davies, H.F., Fisher, A., Hill, B.M., Mahney, T., Murphy, B.P., Scroggie, M.P., Stevens, A. and Woinarski, J.C.Z., 2020. Bottom-up and top-down processes influence contemporary patterns of mammal species richness in Australia's monsoonal tropics. Biological Conservation, 247, p.108638.",69,Melville Island and north of Northern Territory mainland,-13.09,132.38999999999999,Population,Abundance,Spatial,1,yes,yes,Population in support,included_species,25,Dasyuromorphia,Phylacine 1.2,Mammals
Sminthopsis douglasi,Sminthopsis douglasi,"Kutt, A.S., 2003. New records of the Julia Creek Dunnart Sminthopsis douglasi in central-north Queensland. Australian Zoologist, 32(2), pp.257-260.",70,The Desert Uplands,23.55,145.29,Predation,Predation,Predation,1,no,no,Predation in support,included_species,55,Dasyuromorphia,Phylacine 1.2,Mammals
Sminthopsis douglasi,Sminthopsis douglasi,"Kutt, A.S., 2011. The diet of the feral cat (Felis catus) in north-eastern Australia. Acta Theriologica, 56(2), pp.157-169.",71,North-central Queensland,-20.3,143.44999999999999,Predation,Predation,Predation,1,no,no,Predation in support,included_species,55,Dasyuromorphia,Phylacine 1.2,Mammals
Sminthopsis douglasi,Sminthopsis douglasi,"Kutt, A.S., 2012. Feral cat (Felis catus) prey size and selectivity in north‐eastern A ustralia: implications for mammal conservation. Journal of Zoology, 287(4), pp.292-300.",72,North-central Queensland,-20.3,143.44999999999999,Predation,Predation,Predation,1,no,no,Predation in support,included_species,55,Dasyuromorphia,Phylacine 1.2,Mammals
Sminthopsis douglasi,Sminthopsis douglasi,"Kutt, A.S., 2012. Feral cat (Felis catus) prey size and selectivity in north‐eastern A ustralia: implications for mammal conservation. Journal of Zoology, 287(4), pp.292-300.",74,"Julia Creek, Queensland",-20.65,141.74,Predation,Predation,Preference,0,no,no,Predation not in support,included_species,55,Dasyuromorphia,Phylacine 1.2,Mammals
Sminthopsis douglasi,Sminthopsis douglasi,"Mifsud, G. and Woolley, P.A., 2012. Predation of the Julia Creek dunnart (Sminthopsis douglasi) and other native fauna by cats and foxes on Mitchell grass downs in Queensland. Australian Mammalogy, 34(2), pp.188-195.",73,North-central Queensland,-20.3,143.44999999999999,Predation,Predation,Predation,1,no,no,Predation in support,included_species,55,Dasyuromorphia,Phylacine 1.2,Mammals
Spheniscus demersus,Spheniscus demersus,"Apps, P.J. 1983. Aspects of the ecology of feral cats on Dassen Island, South Africa. South African Journal of Zoology, 18, 393-399.",407,Dassen Island,-33.4236,18.086500000000001,Predation,Predation,Predation,1,no,no,Predation in support,included_species,3130.11,Sphenisciformes,Avonet,Birds
Spheniscus demersus,Spheniscus demersus,"Berruti, A., 1971. The predatory impact of feral cats Felis catus and their control on Dassen Island. Vol 4.",408,Dassen Island,-33.4236,18.086500000000001,Predation,Predation,Predation,1,no,no,Predation in support,included_species,3130.11,Sphenisciformes,Avonet,Birds
Spheniscus demersus,Spheniscus demersus,"Cooper, J., 1977. Food, breeding and coat colour of feral cats on Dassen Island. Zoologica Africana, 12(1), pp.250-252.",406,Dassen Island,-33.4236,18.086500000000001,Predation,Predation,Predation,1,no,no,Predation in support,included_species,3130.11,Sphenisciformes,Avonet,Birds
Spheniscus mendiculus,Spheniscus mendiculus,"Steinfurth, A. 2007. The marine ecology and conservation of the Galápagos penguin. Ph.D. thesis, University of Kiel. Germany.",465,Isabela Island,-0.82920000000000005,-91.135300000000001,Predation,Predation,Predation,1,no,no,Predation in support,included_species,1921.86,Sphenisciformes,Avonet,Birds
Sternula nereis,Sternula nereis,"Greenwell, C.N., Calver, M.C. and Loneragan, N.R., 2019. Cat gets its tern: A case study of predation on a threatened coastal seabird. Animals, 9(7), p.445.",287,Mandurah,-32.536099999999998,115.7424,Predation,Predation,Domestic cat,1,no,no,Predation in support,included_species,72.3,Charadriiformes,Avonet,Birds
Strigops habroptilus,Strigops habroptilus,"Clout, M.N. and Merton, D.V., 1998. Saving the Kakapo: the conservation of the world's most peculiar parrot. Bird Conservation International, 8(3), pp.281-296.",269,Stewart Island,-47.010300000000001,167.8272,Predation,Predation,Predation,1,no,no,Predation in support,included_species,,Psittaciformes,,Birds
Strigops habroptilus,Strigops habroptilus,"Karl, B.J. and Best, H.A., 1982. Feral cats on Stewart Island: their foods, and their effects on kakapo. New Zealand Journal of Zoology, 9(2), pp.287-293.",271,Stewart Island,-47.010300000000001,167.8272,Predation,Predation,Predation,1,no,no,Predation in support,included_species,,Psittaciformes,,Birds
Strigops habroptilus,Strigops habroptilus,"Moorhouse, R. J. and Powlesland, R. G. (1991) Aspects of the ecology of Kakapo Strigops habroptilus liberated on Little Barrier Island (Hauturu), New Zealand. Biol. Conserv. 56: 349-365.",270,Stewart Island,-47.010300000000001,167.8272,Predation,Predation,Predation,1,no,no,Predation in support,included_species,,Psittaciformes,,Birds
Strigops habroptilus,Strigops habroptilus,"Powlesland, R.G., Roberts, A., Lloyd, B.D. and Merton, D.V., 1995. Number, fate, and distribution of kakapo (Strigops habroptilus) found on Stewart Island, New Zealand, 1979–92. New Zealand Journal of Zoology, 22(3), pp.239-248.",268,Stewart Island,-47.010300000000001,167.8272,Predation,Predation,Predation,1,no,no,Predation in support,included_species,,Psittaciformes,,Birds
Sylvilagus mansuetus,Sylvilagus mansuetus,"C. V. Espinosa-Gayosso, S. T. Álvarez-Castañeda, Status of Dipodomys insularis, an endemic species of San Jose Island, Gulf of California, Mexico. Journal of Mammalogy. 87, 677–682 (2006).",272,San Jose Island,28.043900000000001,-96.910200000000003,Predation,Predation,Predation,1,no,no,Predation in support,included_species,649.8,Lagomorpha,Phylacine 1.2,Mammals
Synthliboramphus craveri,Synthliboramphus craveri,"L. R. DeWeese, D. W. Anderson, Distribution and breeding biology of Craveri's Murrelet. Transactions of the San Diego Society of Natural History. 18, 155–168 (1976).",443,Gulf of California,26.731300000000001,-110.7122,Predation,Predation,Predation,0,no,no,Predation not in support,included_species,151,Charadriiformes,Avonet,Birds
Synthliboramphus hypoleucus,Synthliboramphus hypoleucus,"Keitt, B. 2005. Status of Xantus's Murrelet and its nesting habitat in Baja California. Marine Ornithology 33: 105-114.",422,Guadalupe Island,29.052499999999998,-118.2761,Predation,Predation,Predation,1,no,no,Predation in support,included_species,167,Charadriiformes,Avonet,Birds
Synthliboramphus hypoleucus,Synthliboramphus hypoleucus,"McChesney, G.J. and Tershy, B.R., 1998. History and status of introduced mammals and impacts to breeding seabirds on the California Channel and northwestern Baja California Islands. Colonial Waterbirds, pp.335-347.",421,"North Coronado Island, South Todos Santos Island",32.433300000000003,-117.3,Predation,Predation,Predation,1,no,no,Predation in support,included_species,167,Charadriiformes,Avonet,Birds
Synthliboramphus hypoleucus,Synthliboramphus hypoleucus,"Van Denburgh, J., 1924, The birds of the Todos Santos Islands. Condor 26: 67-71.",423,Todos Santos Islands,31.800999999999998,-116.7916,Predation,Predation,Predation,1,no,no,Predation in support,included_species,167,Charadriiformes,Avonet,Birds
Synthliboramphus scrippsi,Synthliboramphus scrippsi,"Whitworth, D.L., Carter, H.R., Parker, M.W., Gress, F. and Booker, M., 2018. Long-term monitoring of Scripps's Murrelet and Guadalupe Murrelet at San Clemente Island, California: evaluation of baseline data in 2012–2016. Western North American Naturalist, 78(3), pp.457-473.",442,San Clemente Island,32.902900000000002,-118.49809999999999,Predation,Predation,Predation,0,no,no,Predation not in support,included_species,167,Charadriiformes,Avonet,Birds
Thinornis cucullatus,Thinornis cucullatus,"Weston, M.A., 2003. Managing the Hooded Plover in Victoria: a review of existing information. Melbourne: Parks Victoria.",215,Tasmania,-42.040900000000001,146.80869999999999,Predation,Predation,Predation,1,no,no,Predation in support,included_species,100,Charadriiformes,Avonet,Birds
Tokudaia muenninki,Tokudaia muenninki,"Yamada, F., Kawauchi, N., Nakata, K., Abe, S., Kotaka, N., Takashima, A., Murata, C. and Kuroiwa, A., 2010. Rediscovery after thirty years since the last capture of the critically endangered Okinawa spiny rat Tokudaia muenninki in the northern part of Okinawa Island. Mammal Study, 35(4), pp.243-255.",179,Okinawa,26.334399999999999,127.8056,Predation,Predation,Predation,1,no,no,Predation in support,included_species,177.4,Rodentia,Phylacine 1.2,Mammals
Tokudaia osimensis,Tokudaia osimensis,"Shionosaki, K., Yamada, F., Ishikawa, T. and Shibata, S., 2015. Feral cat diet and predation on endangered endemic mammals on a biodiversity hot spot (Amami–Ohshima Island, Japan). Wildlife Research, 42(4), pp.343-352.",180,Amami–Ohshima Island,28.267800000000001,129.3621,Predation,Predation,Predation,1,no,no,Predation in support,included_species,129.6,Rodentia,Phylacine 1.2,Mammals
Traversia lyalli,Traversia lyalli,"Hume, J. 2017. Extinct Birds. Bloomsbury Publishing",375,Stephens Island,-40.670200000000001,173.99690000000001,Predation,Predation,Domestic cat,1,no,no,Predation in support,included_species,,Passeriformes,,Birds
Traversia lyalli,Traversia lyalli,"Hume, J. 2017. Extinct Birds. Bloomsbury Publishing",376,Stephens Island,-40.670200000000001,173.99690000000001,Population,Abundance,Timing,1,no,no,Population in support,included_species,,Passeriformes,,Birds
Tropidophis schwartzi,Tropidophis schwartzi,"Echternacht, A.C., Burton, F.J. and Blumenthal, J.M. 2011. The amphibians and reptiles of the Cayman Islands: Conservation issues in the face of invasions. In: A. Hailey, B.S. Wilson and J.A. Horrocks (eds), Conservation of Caribbean Island Herpetofaunas, Vol. 2. Regional Accounts of the West Indies, pp. 440. Brill, Leiden, Netherlands.",213,"Cayman Brac, Cayman Islands",19.723500000000001,-79.801699999999997,Predation,Predation,Predation,1,no,no,Predation in support,included_species,,Squamata,,Reptiles
Turnix olivii,Turnix olivii,"Garnett, S.T., Baker, G.B. (ed.), The Action Plan for Australian Birds 2020. CSIRO Publishing, Melbourne.",363,Cape York Peninsula,-10.6891,142.5316,Predation,Predation,Predation,0,no,no,Predation not in support,included_species,56.39,Charadriiformes,Avonet,Birds
Urosaurus auriculatus,Urosaurus auriculatus,"Arnaud, G., Rodríguez, A., Ortega-Rubio, A. and Álvarez-Cárdenas, S., 1993. Predation by cats on the unique endemic lizard of Socorro Island (Urosaurus auriculatus), Revillagigedo, Mexico.",16,Socorro Island,18.797999999999998,-110.97539999999999,Predation,Predation,Predation,1,no,no,Predation in support,included_species,,Squamata,,Reptiles
Vini peruviana,Vini peruviana,"RUSSELL, J.C., STEIBL, S., BROWN, S.D., WRAGG, G. and MCCORMACK, G., 2025. Birds of Aitutaki, Cook Islands. Notornis, 71.",474,Aitutaki,-18.858000000000001,-159.78530000000001,Population,Abundance,Spatial,0,yes,yes,Population not in support,included_species,29,Psittaciformes,Avonet,Birds
Zenaida graysoni,Zenaida graysoni,IUCN,441,Socorro Island,18.797999999999998,-110.97539999999999,Population,Abundance,Timing,0,yes,no,Population not in support,included_species,192,Columbiformes,Avonet,Birds
Zyzomys maini,Zyzomys maini,"Stobo-Wilson, A.M., Stokeld, D., Einoder, L.D., Davies, H.F., Fisher, A., Hill, B.M., Mahney, T., Murphy, B.P., Scroggie, M.P., Stevens, A. and Woinarski, J.C.Z., 2020. Bottom-up and top-down processes influence contemporary patterns of mammal species richness in Australia's monsoonal tropics. Biological Conservation, 247, p.108638.",191,North Northern Territory,-13.09,132.38999999999999,Population,Abundance,Spatial,1,yes,yes,Population in support,included_species,94,Rodentia,Phylacine 1.2,Mammals
Zyzomys pedunculatus,Zyzomys pedunculatus,"McDonald, P.J., Brittingham, R., Nano, C. and Paltridge, R., 2014. A new population of the critically endangered central rock-rat (Zyzomys pedunculatus) discovered in the Northern Territory. Australian Mammalogy, 37(1), pp.97-100.",190,Mount Edward,-28.0167,152.55000000000001,Predation,Predation,Predation,1,no,no,Predation in support,included_species,100,Rodentia,Phylacine 1.2,Mammals
