cited_by_id,article_id,edge_type,scientificName,encounter_method
(ACAP 2009b)_EXCLUDE_0_Opinion claim_NA_NA,(Taylor 2000)_EXCLUDE_0_Opinion claim_NA_NA,citation,Diomedea epomophora,snowball
(Adams et al. 1997)_EXCLUDE_0_Opinion claim_NA_NA,(Williams 1991)_INCLUDE_NA_Predation in support_no_no,citation,Hymenolaimus malacorhynchos,snowball
(Alberts 2000) core source_claim,(Iverson 1978)_INCLUDE_NA_Predation in support_no_no,citation,Cyclura carinata,core_sources
(Alberts 2000) core source_claim,(Moreno 1995)_EXCLUDE_0_Inaccessible_NA_NA,citation,Cyclura stejnegeri,core_sources
(Alberts 2000) core source_claim,NOTHING_EXCLUDE_NA_No citation given_NA_NA Cyclura collei,citation,Cyclura collei,core_sources
(Alberts 2000) core source_claim,NOTHING_EXCLUDE_NA_No citation given_NA_NA Cyclura cornuta,citation,Cyclura cornuta,core_sources
(Alberts 2000) core source_claim,NOTHING_EXCLUDE_NA_No citation given_NA_NA Cyclura lewisi,citation,Cyclura lewisi,core_sources
(Alberts 2000) core source_claim,NOTHING_EXCLUDE_NA_No citation given_NA_NA Cyclura pinguis,citation,Cyclura pinguis,core_sources
(Alberts 2000) core source_claim,NOTHING_EXCLUDE_NA_No citation given_NA_NA Cyclura ricordii,citation,Cyclura ricordii,core_sources
(Alberts 2000) core source_claim,NOTHING_EXCLUDE_NA_No citation given_NA_NA Iguana delicatissima,citation,Iguana delicatissima,core_sources
(Alterio et al. 1998)_EXCLUDE_1_Opinion claim_NA_NA,(Darby et al. 1990)_INCLUDE_NA_Predation in support_no_no,citation,Megadyptes antipodes,snowball
(Alterio et al. 1998)_EXCLUDE_1_Opinion claim_NA_NA,(Fechney et al. 1993)_EXCLUDE_0_Inaccessible_NA_NA,citation,Megadyptes antipodes,snowball
(Alterio et al. 1998)_EXCLUDE_1_Opinion claim_NA_NA,(Moller et al. 1995)_EXCLUDE_0_Inaccessible_NA_NA,citation,Megadyptes antipodes,snowball
(Alterio et al. 1998)_EXCLUDE_1_Opinion claim_NA_NA,(Ratz et al. 1992)_EXCLUDE_0_Inaccessible_NA_NA,citation,Megadyptes antipodes,snowball
(Amarasekare 1993)_EXCLUDE_1_Opinion claim_NA_NA,(Pletschet & Kelly 1990)_INCLUDE_NA_Predation in support_no_no,citation,Loxioides bailleui,snowball
(Arcos 2011)_EXCLUDE_0_Inaccessible_NA_NA,(Ruiz & Martí 2004)_EXCLUDE_0_Not in English or Spanish_NA_NA,citation,Puffinus mauretanicus,snowball
(Atkinson & Atkinson 2000)_EXCLUDE_0_Opinion claim_NA_NA,(Imber 1975)_EXCLUDE_0_Inaccessible_NA_NA,citation,Procellaria parkinsoni,snowball
(Bain et al. 2020)_EXCLUDE_1_Opinion claim_NA_NA,(Christensen & Kimber 1975)_EXCLUDE_1_Inaccessible_NA_NA,citation,Setonix brachyurus,snowball
(Bain et al. 2020)_EXCLUDE_1_Opinion claim_NA_NA,(Hayward et al. 2004)_EXCLUDE_1_Opinion claim_NA_NA,citation,Setonix brachyurus,snowball
(Bain et al. 2020)_EXCLUDE_1_Opinion claim_NA_NA,(Hayward et al. 2003)_EXCLUDE_1_No claim_NA_NA,citation,Setonix brachyurus,snowball
(Banko 1992)_EXCLUDE_1_Opinion claim_NA_NA,(Hoshide et al. 1990)_INCLUDE_NA_Predation in support_no_no,citation,Branta sandvicensis,snowball
(Banko 1992)_EXCLUDE_1_Opinion claim_NA_NA,(Kear & Berger 1980)_EXCLUDE_0_Inaccessible_NA_NA,citation,Branta sandvicensis,snowball
(Banko et al. 2001)_EXCLUDE_1_Opinion claim_NA_NA,(Pratt et al. 1997)_INCLUDE_NA_Predation in support_no_no,citation,Loxioides bailleui,snowball
(Banko et al. 2001)_INCLUDE_NA_Predation in support_no_no,(Pratt et al. 1997)_INCLUDE_NA_Predation in support_no_no,citation,Loxioides bailleui,snowball
(Banko et al. 2002b)_EXCLUDE_1_Opinion claim_NA_NA,(Banko et al. 2020)_EXCLUDE_0_Inaccessible_NA_NA,citation,Loxioides bailleui,snowball
(Banko et al. 2002b)_EXCLUDE_1_Opinion claim_NA_NA,(Pratt et al. 1997)_INCLUDE_NA_Predation in support_no_no,citation,Loxioides bailleui,snowball
(Banko et al. 2002b)_EXCLUDE_1_Opinion claim_NA_NA,(van Riper III 1980b)_EXCLUDE_1_No claim_NA_NA,citation,Loxioides bailleui,snowball
(Banko et al. 2014a)_INCLUDE_NA_Predation in support_no_no,(Banko et al. 2009)_EXCLUDE_?_Inaccessible_NA_NA,citation,Loxioides bailleui,snowball
(Banko et al. 2014a)_INCLUDE_NA_Predation in support_no_no,(Hess et al. 2004)_INCLUDE_NA_Predation in support_no_no,citation,Loxioides bailleui,snowball
(Banko et al. 2014a)_INCLUDE_NA_Predation in support_no_no,(Banko et al. 2002b)_EXCLUDE_1_Opinion claim_NA_NA,citation,Loxioides bailleui,snowball
(Banko et al. 2019)_INCLUDE_NA_Predation not in support_no_no,(Sarr et al. 1998)_EXCLUDE_0_Opinion claim_NA_NA,citation,Chasiempis sandwichensis,snowball
(Barker & Williams 2002)_INCLUDE_NA_Predation not in support_no_no,(Barker 1998)_EXCLUDE_0_Inaccessible_NA_NA,citation,Anas chlorotis,snowball
(Barker & Williams 2002)_INCLUDE_NA_Predation not in support_no_no,(Barker 1999)_EXCLUDE_0_Inaccessible_NA_NA,citation,Anas chlorotis,snowball
(Barker & Williams 2002)_INCLUDE_NA_Predation not in support_no_no,(Williams 2001)_EXCLUDE_1_Opinion claim_NA_NA,citation,Anas chlorotis,snowball
(Bauer et al. 2006a)_EXCLUDE_1_Opinion claim_NA_NA,(Whitaker et al. 2004)_EXCLUDE_0_Inaccessible_NA_NA,citation,Dierogekko poumensis,snowball
(Bauer et al. 2006a)_EXCLUDE_1_No claim_NA_NA,(Whitaker et al. 2004)_EXCLUDE_0_Inaccessible_NA_NA,citation,Dierogekko poumensis,snowball
(Bauer et al. 2006b)_EXCLUDE_1_Opinion claim_NA_NA,(Whitaker Consultants Limited 2002)_EXCLUDE_0_Inaccessible_NA_NA,citation,Dierogekko nehoueensis,snowball
(Bauer et al. 2006b)_EXCLUDE_1_Opinion claim_NA_NA,(Whitaker et al. 2004)_EXCLUDE_0_Inaccessible_NA_NA,citation,Dierogekko inexpectatus,snowball
(Bauer et al. 2006b)_EXCLUDE_1_Opinion claim_NA_NA,(Whitaker et al. 2004)_EXCLUDE_0_Inaccessible_NA_NA,citation,Dierogekko nehoueensis,snowball
(Bell & Bell 2000a)_EXCLUDE_1_Opinion claim_NA_NA,(Fleming 1939)_EXCLUDE_?_No claim_NA_NA,citation,Thinornis novaeseelandiae,snowball
(Bell et al. 2018)_INCLUDE_NA_Predation in support_no_no,(Bell 2013)_EXCLUDE_0_Opinion claim_NA_NA,citation,Procellaria parkinsoni,snowball
(Benshemesh 2007)_INCLUDE_NA_Predation in support_no_no,(Benshemesh 1992)_EXCLUDE_0_Inaccessible_NA_NA,citation,Leipoa ocellata,snowball
(Berruti et al. 1995)_EXCLUDE_1_Opinion claim_NA_NA,(Van Aarde 1981)_INCLUDE_NA_Predation in support_no_no,citation,Procellaria aequinoctialis,snowball
(Berruti et al. 1995)_EXCLUDE_1_Opinion claim_NA_NA,(Van Rensburg 1985)_INCLUDE_NA_Predation in support_no_no,citation,Procellaria aequinoctialis,snowball
(Bird et al. 2014)_EXCLUDE_1_Opinion claim_NA_NA,(IUCN 2025) core source_claim,citation,Pseudobulweria becki,snowball
(BirdLife International 2018)_EXCLUDE_0_Opinion claim_NA_NA,(Croxall & Gales 1998)_EXCLUDE_0_Inaccessible_NA_NA,citation,Thalassarche steadi,snowball
(BirdLife International 2018)_EXCLUDE_0_Opinion claim_NA_NA,(Taylor 2000)_EXCLUDE_0_No claim_NA_NA,citation,Thalassarche steadi,snowball
(BirdLife International 2018)_EXCLUDE_0_Opinion claim_NA_NA,(Thompson et al. 2007)_EXCLUDE_0_Inaccessible_NA_NA,citation,Thalassarche steadi,snowball
(BirdLife International 2023)_EXCLUDE_0_Opinion claim_NA_NA,(Guo et al. 2020)_EXCLUDE_1_Opinion claim_NA_NA,citation,Eurostopodus nigripennis,snowball
(BirdLife International 2023)_EXCLUDE_0_Opinion claim_NA_NA,J. Read in litt. 2016_EXCLUDE_0_Inaccessible_NA_NA,citation,Eurostopodus nigripennis,snowball
(Boersma et al. 2013)_EXCLUDE_0_No claim_NA_NA,(Barnett 1986)_EXCLUDE_0_No claim_NA_NA,citation,Spheniscus mendiculus,snowball
(Boersma et al. 2013)_EXCLUDE_0_No claim_NA_NA,(Boersma 1976)_EXCLUDE_?_No claim_NA_NA,citation,Spheniscus mendiculus,snowball
(Boersma et al. 2013)_EXCLUDE_0_No claim_NA_NA,(Steinfurth 2007)_INCLUDE_NA_Predation in support_no_no,citation,Spheniscus mendiculus,snowball
(Boersma et al. 2013)_EXCLUDE_0_No claim_NA_NA,(Steinfurth & Merlen 2005)_EXCLUDE_0_Inaccessible_NA_NA,citation,Spheniscus mendiculus,snowball
(Bonnaud et al. 2010a)_INCLUDE_NA_Predation in support_no_no,(García Márquez et al. 1999)_INCLUDE_NA_Predation in support_no_no,citation,Gallotia simonyi,snowball
(Borkin et al. 2023)_INCLUDE_NA_Predation in support_no_no,(Daniel & Williams 1984)_INCLUDE_NA_Predation in support_no_no,citation,Chalinolobus tuberculatus,snowball
(Bourgeois & Vidal 2008)_EXCLUDE_1_Opinion claim_NA_NA,(Bonnaud et al. 2007)_INCLUDE_NA_Predation in support_no_no,citation,Puffinus yelkouan,snowball
(Bourgeois & Vidal 2008)_EXCLUDE_1_Opinion claim_NA_NA,(Tranchant et al. 2003)_INCLUDE_NA_Predation in support_no_no,citation,Puffinus yelkouan,snowball
(Bourgoin et al. 2024)_EXCLUDE_1_Does not test claim_NA_NA,(Barbraud et al. 2021)_INCLUDE_NA_Predation in support_no_no,citation,Diomedea exulans,snowball
(Bourgoin et al. 2024)_EXCLUDE_1_Does not test claim_NA_NA,(Barbraud et al. 2021)_INCLUDE_NA_Population in support_no_no,citation,Diomedea exulans,snowball
(Bourgoin et al. 2024)_EXCLUDE_1_Does not test claim_NA_NA,(Blanchard et al. 2024)_INCLUDE_NA_Population in support_yes_yes,citation,Diomedea exulans,snowball
(Bourgoin et al. 2024)_EXCLUDE_1_Does not test claim_NA_NA,(Blanchard et al. 2024)_INCLUDE_NA_Predation in support_no_no,citation,Diomedea exulans,snowball
(Campolina et al. 2024)_EXCLUDE_1_Does not test claim_NA_NA,(Newton & Fugler 1989)_EXCLUDE_1_No claim_NA_NA,citation,Procellaria cinerea,snowball
(Campolina et al. 2024) core source_claim,(Azumi et al. 2021)_INCLUDE_NA_Predation in support_no_no,citation,Calonectris leucomelas,core_sources
(Campolina et al. 2024) core source_claim,(Dilley et al. 2017)_INCLUDE_NA_Population in support_yes_no,citation,Procellaria aequinoctialis,core_sources
(Campolina et al. 2024) core source_claim,(Bonnaud et al. 2010b)_INCLUDE_NA_Population in support_yes_no,citation,Puffinus yelkouan,core_sources
(Campolina et al. 2024) core source_claim,(Bonnaud et al. 2009)_INCLUDE_NA_Predation in support_no_no,citation,Puffinus yelkouan,core_sources
(Campolina et al. 2024) core source_claim,(Rayner et al. 2007)_INCLUDE_NA_Population not in support_yes_no,citation,Pterodroma cookii,core_sources
(Campolina et al. 2024) core source_claim,(McChesney & Tershy 1998)_INCLUDE_NA_Predation in support_no_no,citation,Puffinus opisthomelas,core_sources
(Campolina et al. 2024) core source_claim,(McChesney & Tershy 1998)_INCLUDE_NA_Predation in support_no_no,citation,Synthliboramphus hypoleucus,core_sources
(Campolina et al. 2024) core source_claim,(Newton & Fugler 1989)_EXCLUDE_0_Opinion claim_NA_NA,citation,Procellaria cinerea,core_sources
(Campolina et al. 2024) core source_claim,(Oka 2019)_EXCLUDE_1_Inaccessible_NA_NA,citation,Calonectris leucomelas,core_sources
(Campolina et al. 2024) core source_claim,(Oka et al. 2002)_INCLUDE_NA_Predation in support_no_no,citation,Calonectris leucomelas,core_sources
(Campolina et al. 2024) core source_claim,(Raine et al. 2020)_INCLUDE_NA_Predation in support_no_no,citation,Pterodroma sandwichensis,core_sources
(Campolina et al. 2024) core source_claim,(Raine et al. 2020)_INCLUDE_NA_Predation in support_no_no,citation,Puffinus newelli,core_sources
(Campolina et al. 2024) core source_claim,(Shiozaki et al. 2014)_INCLUDE_NA_Predation in support_no_no,citation,Calonectris leucomelas,core_sources
(Campolina et al. 2024) core source_claim,(Sanders & Maloney 2002)_INCLUDE_NA_Predation in support_no_no,citation,Charadrius bicinctus,core_sources
(Campolina et al. 2024) core source_claim,(Sanders & Maloney 2002)_INCLUDE_NA_Predation in support_no_no,citation,Chlidonias albostriatus,core_sources
(Campolina et al. 2024) core source_claim,(Sanders & Maloney 2002)_INCLUDE_NA_Predation in support_no_no,citation,Himantopus novaezelandiae,core_sources
(Campolina et al. 2024) core source_claim,(Van Rensburg 1985)_INCLUDE_NA_Predation in support_no_no,citation,Procellaria aequinoctialis,core_sources
(Castellanos & Rodriguez-Estrella 1993)_EXCLUDE_?_Opinion claim_NA_NA,(Jehl & Parkes 1983)_EXCLUDE_?_Opinion claim_NA_NA,citation,Mimus graysoni,snowball
(Castellanos & Rodriguez-Estrella 1993)_EXCLUDE_?_Opinion claim_NA_NA,(Jehl & Parkes 1982)_EXCLUDE_?_No claim_NA_NA,citation,Mimus graysoni,snowball
(Castro-Prieto et al. 2021)_EXCLUDE_0_Opinion claim_NA_NA,(Oberle 2018)_EXCLUDE_0_Inaccessible_NA_NA,citation,Antrostomus noctitherus,snowball
(Castro-Prieto et al. 2021)_EXCLUDE_0_Opinion claim_NA_NA,(Raffaele et al. 1998)_EXCLUDE_?_Inaccessible_NA_NA,citation,Antrostomus noctitherus,snowball
(Cayot et al. 1994)_EXCLUDE_?_Opinion claim_NA_NA,(Konecny 1983)_EXCLUDE_0_No claim_NA_NA,citation,Amblyrhynchus cristatus,snowball
(Cayot et al. 1994)_EXCLUDE_?_Opinion claim_NA_NA,(Laurie 1983)_INCLUDE_NA_Predation in support_no_no,citation,Amblyrhynchus cristatus,snowball
(Collar 2015)_EXCLUDE_1_Opinion claim_NA_NA,(Becke 1908)_EXCLUDE_?_Opinion claim_NA_NA,citation,Didunculus strigirostris,snowball
(Collar 2015)_EXCLUDE_1_Opinion claim_NA_NA,(Bennett 1862)_EXCLUDE_0_Inaccessible_NA_NA,citation,Didunculus strigirostris,snowball
(Collar 2015)_EXCLUDE_1_Opinion claim_NA_NA,(Bennett 1863)_EXCLUDE_?_Inaccessible_NA_NA,citation,Didunculus strigirostris,snowball
(Collar 2015)_EXCLUDE_1_Opinion claim_NA_NA,(Bennett 1864)_EXCLUDE_?_Inaccessible_NA_NA,citation,Didunculus strigirostris,snowball
(Collar 2015)_EXCLUDE_1_Opinion claim_NA_NA,(Dorner 1872)_EXCLUDE_?_Not in English or Spanish_NA_NA,citation,Didunculus strigirostris,snowball
(Collar 2015)_EXCLUDE_1_Opinion claim_NA_NA,(Ramsay 1864)_EXCLUDE_?_Inaccessible_NA_NA,citation,Didunculus strigirostris,snowball
(Collar 2015)_EXCLUDE_1_Opinion claim_NA_NA,(Whitmee 1874)_EXCLUDE_?_Inaccessible_NA_NA,citation,Didunculus strigirostris,snowball
(Collar 2015)_EXCLUDE_1_Opinion claim_NA_NA,(Whitmee 1875)_EXCLUDE_?_Inaccessible_NA_NA,citation,Didunculus strigirostris,snowball
(Collar 2015)_EXCLUDE_1_Opinion claim_NA_NA,(Williams 1863)_EXCLUDE_?_Inaccessible_NA_NA,citation,Didunculus strigirostris,snowball
(Collister 1994)_INCLUDE_NA_Population not in support_yes_no,(Gawlik & Bildstein 1990)_INCLUDE_NA_Population not in support_yes_no,citation,Lanius ludovicianus,snowball
(Collister 1994)_INCLUDE_NA_Population not in support_yes_no,(Luukkonen 1987)_EXCLUDE_0_No claim_NA_NA,citation,Lanius ludovicianus,snowball
(Collister 1994)_INCLUDE_NA_Population not in support_yes_no,(Tyler 1992)_EXCLUDE_?_Opinion claim_NA_NA,citation,Lanius ludovicianus,snowball
(Conservation 2001a)_EXCLUDE_0_Opinion claim_NA_NA,(Nilsson et al. 1994)_EXCLUDE_1_Opinion claim_NA_NA,citation,Petroica traversi,snowball
(Cruz & Cruz 1987)_INCLUDE_NA_Predation in support_no_no,(Coulter 1984)_EXCLUDE_0_Inaccessible_NA_NA,citation,Pterodroma phaeopygia,snowball
(Cruz & Cruz 1987)_INCLUDE_NA_Predation in support_no_no,(Coulter et al. 1981)_EXCLUDE_0_Inaccessible_NA_NA,citation,Pterodroma externa,snowball
(Daniel & Williams 1984)_INCLUDE_NA_Predation in support_no_no,(Daniel & Williams 1981)_INCLUDE_NA_Predation in support_no_no,citation,Chalinolobus tuberculatus,snowball
(Darby 2003)_EXCLUDE_1_Opinion claim_NA_NA,(ODT 2001)_EXCLUDE_0_Inaccessible_NA_NA,citation,Megadyptes antipodes,snowball
(Darby 2003)_EXCLUDE_1_Opinion claim_NA_NA,(Mayston 2001)_EXCLUDE_0_Inaccessible_NA_NA,citation,Megadyptes antipodes,snowball
(Deller et al. 2015)_EXCLUDE_1_Opinion claim_NA_NA,(Burbidge 2001)_EXCLUDE_0_Inaccessible_NA_NA,citation,Bettongia lesueur,snowball
(Deller et al. 2015)_EXCLUDE_1_Opinion claim_NA_NA,(Burbidge 2001)_EXCLUDE_0_Inaccessible_NA_NA,citation,Dasyurus geoffroii,snowball
(Deller et al. 2015)_EXCLUDE_1_Opinion claim_NA_NA,(Burbidge 2001)_EXCLUDE_0_Inaccessible_NA_NA,citation,Leporillus conditor,snowball
(Deller et al. 2015)_EXCLUDE_1_Opinion claim_NA_NA,(Burbidge 2001)_EXCLUDE_0_Inaccessible_NA_NA,citation,Parantechinus apicalis,snowball
(Deller et al. 2015)_EXCLUDE_1_Opinion claim_NA_NA,(Burbidge 2001)_EXCLUDE_0_Inaccessible_NA_NA,citation,Perameles bougainville,snowball
(Deller et al. 2015)_EXCLUDE_1_Opinion claim_NA_NA,(Burbidge 2001)_EXCLUDE_0_Inaccessible_NA_NA,citation,Pseudomys fieldi,snowball
(Deller et al. 2015)_EXCLUDE_1_Opinion claim_NA_NA,(Burbidge & Manly 2002)_EXCLUDE_1_Does not test claim_NA_NA,citation,Bettongia lesueur,snowball
(Deller et al. 2015)_EXCLUDE_1_Opinion claim_NA_NA,(Burbidge & Manly 2002)_EXCLUDE_1_Does not test claim_NA_NA,citation,Dasyurus geoffroii,snowball
(Deller et al. 2015)_EXCLUDE_1_Opinion claim_NA_NA,(Burbidge & Manly 2002)_EXCLUDE_1_Does not test claim_NA_NA,citation,Leporillus conditor,snowball
(Deller et al. 2015)_EXCLUDE_1_Opinion claim_NA_NA,(Burbidge & Manly 2002)_EXCLUDE_1_Does not test claim_NA_NA,citation,Parantechinus apicalis,snowball
(Deller et al. 2015)_EXCLUDE_1_Opinion claim_NA_NA,(Burbidge & Manly 2002)_EXCLUDE_1_Does not test claim_NA_NA,citation,Perameles bougainville,snowball
(Department of Environment Land Water and Planning 2016)_EXCLUDE_0_Opinion claim_NA_NA,(Mount Buller and Mount Stirling Alpine Resort Management Board 2005)_EXCLUDE_0_Inaccessible_NA_NA,citation,Burramys parvus,snowball
(Department of Environment Land Water and Planning 2016)_EXCLUDE_0_Opinion claim_NA_NA,(Broome & Ford 2005)_EXCLUDE_1_No claim_NA_NA,citation,Burramys parvus,snowball
(Department of Environment Land Water and Planning 2016)_EXCLUDE_0_Opinion claim_NA_NA,(Broome 1992)_EXCLUDE_0_Inaccessible_NA_NA,citation,Burramys parvus,snowball
(Department of Environment Land Water and Planning 2016)_EXCLUDE_0_Opinion claim_NA_NA,(Broome et al. 2012)_EXCLUDE_1_Opinion claim_NA_NA,citation,Burramys parvus,snowball
(Department of Environment Land Water and Planning 2016)_EXCLUDE_0_Opinion claim_NA_NA,(Heinze et al. 2004)_EXCLUDE_0_Inaccessible_NA_NA,citation,Burramys parvus,snowball
(Department of Environment Land Water and Planning 2016)_EXCLUDE_0_Opinion claim_NA_NA,(Mansergh 1991)_EXCLUDE_0_Inaccessible_NA_NA,citation,Burramys parvus,snowball
(Department of Environment Land Water and Planning 2016)_EXCLUDE_0_Opinion claim_NA_NA,(Mansergh & Broome 1994)_EXCLUDE_?_Inaccessible_NA_NA,citation,Burramys parvus,snowball
(Department of Environment Land Water and Planning 2016)_EXCLUDE_0_Opinion claim_NA_NA,(Mansergh 1988)_EXCLUDE_0_Opinion claim_NA_NA,citation,Burramys parvus,snowball
(Department of Environment Land Water and Planning 2016)_EXCLUDE_0_Opinion claim_NA_NA,(McDougall & Broome 2007)_EXCLUDE_0_Opinion claim_NA_NA,citation,Burramys parvus,snowball
(Department of Environment Land Water and Planning 2016)_EXCLUDE_0_Opinion claim_NA_NA,(NSW National Parks and Wildlife Service 2002b)_EXCLUDE_0_Inaccessible_NA_NA,citation,Burramys parvus,snowball
(Department of Environment Land Water and Planning 2016)_EXCLUDE_0_Opinion claim_NA_NA,(Watson 2006)_EXCLUDE_0_Inaccessible_NA_NA,citation,Burramys parvus,snowball
(Dickman 1996b) core source_claim,(Baynes 1979)_EXCLUDE_0_Inaccessible_NA_NA,citation,Parantechinus apicalis,core_sources
(Dickman 1996b) core source_claim,(Baynes 1990)_EXCLUDE_0_No claim_NA_NA,citation,Dasycercus cristicauda,core_sources
(Dickman 1996b) core source_claim,(Burbidge & McKenzie 1989)_EXCLUDE_1_No claim_NA_NA,citation,Setonix brachyurus,core_sources
(Dickman 1996b) core source_claim,(Christensen & Burrows 1995)_INCLUDE_NA_Predation in support_no_no,citation,Bettongia lesueur,core_sources
(Dickman 1996b) core source_claim,(Christensen & Burrows 1995)_INCLUDE_NA_Predation not in support_no_no,citation,Isoodon auratus,core_sources
(Dickman 1996b) core source_claim,(Copley 1994)_EXCLUDE_0_Inaccessible_NA_NA,citation,Leporillus conditor,core_sources
(Dickman 1996b) core source_claim,(Copley 1994)_EXCLUDE_0_Inaccessible_NA_NA,citation,Pseudomys australis,core_sources
(Dickman 1996b) core source_claim,(Ford 1979)_EXCLUDE_0_No claim_NA_NA,citation,Phascogale tapoatafa,core_sources
(Dickman 1996b) core source_claim,(Friend 1990)_EXCLUDE_1_Opinion claim_NA_NA,citation,Myrmecobius fasciatus,core_sources
(Dickman 1996b) core source_claim,(Horsup & Evans 1993)_INCLUDE_NA_Predation in support_no_no,citation,Onychogalea fraenata,core_sources
(Dickman 1996b) core source_claim,NOTHING_EXCLUDE_NA_No citation given_NA_NA Burramys parvus,citation,Burramys parvus,core_sources
(Dickman 1996b) core source_claim,NOTHING_EXCLUDE_NA_No citation given_NA_NA Chaeropus ecaudatus,citation,Chaeropus ecaudatus,core_sources
(Dickman 1996b) core source_claim,NOTHING_EXCLUDE_NA_No citation given_NA_NA Conilurus albipes,citation,Conilurus albipes,core_sources
(Dickman 1996b) core source_claim,NOTHING_EXCLUDE_NA_No citation given_NA_NA Dasyurus hallucatus,citation,Dasyurus hallucatus,core_sources
(Dickman 1996b) core source_claim,NOTHING_EXCLUDE_NA_No citation given_NA_NA Dasyurus viverrinus,citation,Dasyurus viverrinus,core_sources
(Dickman 1996b) core source_claim,NOTHING_EXCLUDE_NA_No citation given_NA_NA Lagostrophus fasciatus,citation,Lagostrophus fasciatus,core_sources
(Dickman 1996b) core source_claim,NOTHING_EXCLUDE_NA_No citation given_NA_NA Macrotis lagotis,citation,Macrotis lagotis,core_sources
(Dickman 1996b) core source_claim,NOTHING_EXCLUDE_NA_No citation given_NA_NA Mesembriomys macrurus,citation,Mesembriomys macrurus,core_sources
(Dickman 1996b) core source_claim,NOTHING_EXCLUDE_NA_No citation given_NA_NA Notomys aquilo,citation,Notomys aquilo,core_sources
(Dickman 1996b) core source_claim,NOTHING_EXCLUDE_NA_No citation given_NA_NA Notomys fuscus,citation,Notomys fuscus,core_sources
(Dickman 1996b) core source_claim,NOTHING_EXCLUDE_NA_No citation given_NA_NA Ornithorhynchus anatinus,citation,Ornithorhynchus anatinus,core_sources
(Dickman 1996b) core source_claim,NOTHING_EXCLUDE_NA_No citation given_NA_NA Perameles bougainville,citation,Perameles bougainville,core_sources
(Dickman 1996b) core source_claim,NOTHING_EXCLUDE_NA_No citation given_NA_NA Petrogale penicillata,citation,Petrogale penicillata,core_sources
(Dickman 1996b) core source_claim,NOTHING_EXCLUDE_NA_No citation given_NA_NA Potorous tridactylus,citation,Potorous tridactylus,core_sources
(Dickman 1996b) core source_claim,NOTHING_EXCLUDE_NA_No citation given_NA_NA Pseudocheirus occidentalis,citation,Pseudocheirus occidentalis,core_sources
(Dickman 1996b) core source_claim,NOTHING_EXCLUDE_NA_No citation given_NA_NA Pseudomys fieldi,citation,Pseudomys fieldi,core_sources
(Dickman 1996b) core source_claim,NOTHING_EXCLUDE_NA_No citation given_NA_NA Pseudomys gouldii,citation,Pseudomys gouldii,core_sources
(Dickman 1996b) core source_claim,NOTHING_EXCLUDE_NA_No citation given_NA_NA Pseudomys oralis,citation,Pseudomys oralis,core_sources
(Dickman 1996b) core source_claim,NOTHING_EXCLUDE_NA_No citation given_NA_NA Pseudomys shortridgei,citation,Pseudomys shortridgei,core_sources
(Dickman 1996b) core source_claim,NOTHING_EXCLUDE_NA_No citation given_NA_NA Sminthopsis butleri,citation,Sminthopsis butleri,core_sources
(Dickman 1996b) core source_claim,NOTHING_EXCLUDE_NA_No citation given_NA_NA Sminthopsis douglasi,citation,Sminthopsis douglasi,core_sources
(Dickman 1996b) core source_claim,NOTHING_EXCLUDE_NA_No citation given_NA_NA Sminthopsis psammophila,citation,Sminthopsis psammophila,core_sources
(Dickman 1996b) core source_claim,NOTHING_EXCLUDE_NA_No citation given_NA_NA Xeromys myoides,citation,Xeromys myoides,core_sources
(Dickman 1996b) core source_claim,NOTHING_EXCLUDE_NA_No citation given_NA_NA Zyzomys pedunculatus,citation,Zyzomys pedunculatus,core_sources
(Dickman 1996b) core source_claim,(Pearson 1992)_INCLUDE_NA_Predation not in support_no_no,citation,Petrogale lateralis,core_sources
(Dickman 1996b) core source_claim,(Pye 1991)_EXCLUDE_1_Opinion claim_NA_NA,citation,Pseudomys novaehollandiae,core_sources
(Dickman 1996b) core source_claim,(Robinson & Smyth 1976)_EXCLUDE_1_Inaccessible_NA_NA,citation,Bettongia penicillata,core_sources
(Dickman 1996b) core source_claim,(Robinson 1989)_EXCLUDE_0_Inaccessible_NA_NA,citation,Leporillus conditor,core_sources
(Dickman 1996b) core source_claim,(Serena et al. 1991)_EXCLUDE_0_Opinion claim_NA_NA,citation,Dasyurus geoffroii,core_sources
(Dickman 1996b) core source_claim,(Soderquist 1994)_EXCLUDE_0_Inaccessible_NA_NA,citation,Phascogale tapoatafa,core_sources
(Dickman 1996b) core source_claim,(Tidemann et al. 1994)_INCLUDE_NA_Predation in support_no_no,citation,Pteropus melanotus,core_sources
(Dickman et al. 1993)_EXCLUDE_1_Opinion claim_NA_NA,(Burbidge & Johnson 1983)_EXCLUDE_0_Inaccessible_NA_NA,citation,Isoodon auratus,snowball
(Dickman et al. 1993)_EXCLUDE_1_Opinion claim_NA_NA,(McKenzie 1984)_EXCLUDE_0_Inaccessible_NA_NA,citation,Dasyurus geoffroii,snowball
(Dickman et al. 1993)_EXCLUDE_1_Opinion claim_NA_NA,(McKenzie 1984)_EXCLUDE_0_Inaccessible_NA_NA,citation,Isoodon auratus,snowball
(Dickman et al. 1993)_EXCLUDE_1_Opinion claim_NA_NA,(Serena et al. 1991)_EXCLUDE_0_Opinion claim_NA_NA,citation,Dasyurus geoffroii,snowball
(Dickman et al. 1993)_EXCLUDE_1_Opinion claim_NA_NA,(Serena et al. 1991)_EXCLUDE_0_No claim_NA_NA,citation,Isoodon auratus,snowball
(Dilley et al. 2018)_INCLUDE_NA_Population not in support_yes_no,(Dilley et al. 2017)_INCLUDE_NA_Population not in support_yes_no,citation,Procellaria cinerea,snowball
(Dilley et al. 2018)_INCLUDE_NA_Population in support_yes_no,(Dilley et al. 2017)_INCLUDE_NA_Population not in support_yes_no,citation,Procellaria cinerea,snowball
(Doherty et al. 2016) core source_claim,(Castellanos & Rodriguez-Estrella 1993)_EXCLUDE_?_Opinion claim_NA_NA,citation,Mimus graysoni,core_sources
(Doherty et al. 2016) core source_claim,(Engilis Jr & Pratt 1993)_EXCLUDE_1_No claim_NA_NA,citation,Anas wyvilliana,core_sources
(Doherty et al. 2016) core source_claim,(Whitaker et al. 2005)_EXCLUDE_0_Inaccessible_NA_NA,citation,Bavayia exsuccida,core_sources
(Doherty et al. 2016) core source_claim,(Whitaker et al. 2005)_EXCLUDE_0_Inaccessible_NA_NA,citation,Bavayia goroensis,core_sources
(Doherty et al. 2016) core source_claim,(Whitaker et al. 2005)_EXCLUDE_0_Inaccessible_NA_NA,citation,Bavayia ornata,core_sources
(Doherty et al. 2016) core source_claim,(Bauer et al. 2006a)_EXCLUDE_1_Opinion claim_NA_NA,citation,Dierogekko kaalaensis,core_sources
(Doherty et al. 2016) core source_claim,(Bauer et al. 2006a)_EXCLUDE_1_Opinion claim_NA_NA,citation,Dierogekko koniambo,core_sources
(Doherty et al. 2016) core source_claim,(Bauer et al. 2006a)_EXCLUDE_1_Opinion claim_NA_NA,citation,Dierogekko poumensis,core_sources
(Doherty et al. 2016) core source_claim,(Bauer et al. 2006a)_EXCLUDE_1_Opinion claim_NA_NA,citation,Dierogekko validiclavis,core_sources
(Doherty et al. 2016) core source_claim,(Bauer et al. 2006a)_EXCLUDE_1_No claim_NA_NA,citation,Eurydactylodes occidentalis,core_sources
(Doherty et al. 2016) core source_claim,(Bauer et al. 2006a)_EXCLUDE_1_No claim_NA_NA,citation,Oedodera marmorata,core_sources
(Doherty et al. 2016) core source_claim,(Bauer et al. 2006b)_EXCLUDE_1_Opinion claim_NA_NA,citation,Dierogekko inexpectatus,core_sources
(Doherty et al. 2016) core source_claim,(Bauer et al. 2006b)_EXCLUDE_1_Opinion claim_NA_NA,citation,Dierogekko nehoueensis,core_sources
(Doherty et al. 2016) core source_claim,(Bauer et al. 2006b)_EXCLUDE_1_Opinion claim_NA_NA,citation,Dierogekko thomaswhitei,core_sources
(Doherty et al. 2016) core source_claim,(Meckstroth et al. 2007)_EXCLUDE_1_No claim_NA_NA,citation,Reithrodontomys raviventris,core_sources
(Doherty et al. 2016) core source_claim,(Rodríguez-Ferraro & Sanz 2007)_INCLUDE_NA_Predation in support_no_no,citation,Amazona barbadensis,core_sources
(Doherty et al. 2016) core source_claim,(Cheke 1987)_EXCLUDE_0_Inaccessible_NA_NA,citation,Aphanapteryx bonasia,core_sources
(Doherty et al. 2016) core source_claim,(Cheke 1987)_EXCLUDE_0_Inaccessible_NA_NA,citation,Pezophaps solitaria,core_sources
(Doherty et al. 2016) core source_claim,(Valido et al. 2000)_EXCLUDE_1_Opinion claim_NA_NA,citation,Gallotia bravoana,core_sources
(Doherty et al. 2016) core source_claim,(Autai et al. 2012)_EXCLUDE_0_Inaccessible_NA_NA,citation,Todiramphus godeffroyi,core_sources
(Doherty et al. 2016) core source_claim,(ACAP 2009a)_EXCLUDE_0_Opinion claim_NA_NA,citation,Diomedea antipodensis,core_sources
(Doherty et al. 2016) core source_claim,(ACAP 2010a)_EXCLUDE_0_Inaccessible_NA_NA,citation,Diomedea amsterdamensis,core_sources
(Doherty et al. 2016) core source_claim,(ACAP 2010c)_EXCLUDE_0_Opinion claim_NA_NA,citation,Phoebetria fusca,core_sources
(Doherty et al. 2016) core source_claim,(Alberts 2000) core source_claim,citation,Cyclura cornuta,core_sources
(Doherty et al. 2016) core source_claim,(Alberts 2000) core source_claim,citation,Cyclura cychlura,core_sources
(Doherty et al. 2016) core source_claim,(Alberts 2000) core source_claim,citation,Cyclura lewisi,core_sources
(Doherty et al. 2016) core source_claim,(Alberts 2000) core source_claim,citation,Cyclura pinguis,core_sources
(Doherty et al. 2016) core source_claim,(Alberts 2000) core source_claim,citation,Cyclura ricordii,core_sources
(Doherty et al. 2016) core source_claim,(Alberts 2000) core source_claim,citation,Cyclura stejnegeri,core_sources
(Doherty et al. 2016) core source_claim,(Alberts 2000) core source_claim,citation,Iguana delicatissima,core_sources
(Doherty et al. 2016) core source_claim,(Andreone & Guarino 2003)_EXCLUDE_1_Opinion claim_NA_NA,citation,Chioninia coctei,core_sources
(Doherty et al. 2016) core source_claim,(Arcos 2011)_EXCLUDE_0_Inaccessible_NA_NA,citation,Puffinus mauretanicus,core_sources
(Doherty et al. 2016) core source_claim,(Arnaud et al. 1993)_INCLUDE_NA_Predation in support_no_no,citation,Urosaurus auriculatus,core_sources
(Doherty et al. 2016) core source_claim,(Araya et al. 2000)_EXCLUDE_0_Inaccessible_NA_NA,citation,Spheniscus humboldti,core_sources
(Doherty et al. 2016) core source_claim,(Lloyd 2001)_INCLUDE_NA_Predation in support_no_no,citation,Mystacina tuberculata,core_sources
(Doherty et al. 2016) core source_claim,(Gangloff et al. 2009)_EXCLUDE_1_No claim_NA_NA,citation,Pterodroma alba,core_sources
(Doherty et al. 2016) core source_claim,(Hardman 2006)_INCLUDE_NA_Predation in support_no_no,citation,Lagostrophus fasciatus,core_sources
(Doherty et al. 2016) core source_claim,(Miller & Mullette 1985)_INCLUDE_NA_Predation not in support_no_no,citation,Hypotaenidia sylvestris,core_sources
(Doherty et al. 2016) core source_claim,(Keitt et al. 2005)_EXCLUDE_0_Inaccessible_NA_NA,citation,Hydrobates macrodactylus,core_sources
(Doherty et al. 2016) core source_claim,(Wilson & van Veen 2005)_EXCLUDE_0_Inaccessible_NA_NA,citation,Cyclura collei,core_sources
(Doherty et al. 2016) core source_claim,(Bentz et al. 2011)_EXCLUDE_1_Opinion claim_NA_NA,citation,Gonatodes daudini,core_sources
(Doherty et al. 2016) core source_claim,(Bentz et al. 2011)_EXCLUDE_1_Opinion claim_NA_NA,citation,Sphaerodactylus kirbyi,core_sources
(Doherty et al. 2016) core source_claim,(Bonnaud et al. 2012)_INCLUDE_NA_Predation in support_no_no,citation,Puffinus yelkouan,core_sources
(Doherty et al. 2016) core source_claim,(Bonnaud et al. 2010a)_INCLUDE_NA_Predation in support_no_no,citation,Diplothrix legata,core_sources
(Doherty et al. 2016) core source_claim,(Bonnaud et al. 2010a)_INCLUDE_NA_Predation in support_no_no,citation,Pentalagus furnessi,core_sources
(Doherty et al. 2016) core source_claim,(Bonnaud et al. 2010a)_INCLUDE_NA_Predation in support_no_no,citation,Sylvilagus mansuetus,core_sources
(Doherty et al. 2016) core source_claim,(Buller & Keulemans 1905)_INCLUDE_NA_Predation in support_no_no,citation,Traversia lyalli,core_sources
(Doherty et al. 2016) core source_claim,(Buller & Keulemans 1905)_INCLUDE_NA_Population in support_no_no,citation,Traversia lyalli,core_sources
(Doherty et al. 2016) core source_claim,(Burbidge et al. 2010)_EXCLUDE_0_Inaccessible_NA_NA,citation,Dasyornis longirostris,core_sources
(Doherty et al. 2016) core source_claim,(Burns et al. 2013)_INCLUDE_NA_Population in support_yes_yes,citation,Charadrius sanctaehelenae,core_sources
(Doherty et al. 2016) core source_claim,(Burns et al. 2013)_INCLUDE_NA_Predation in support_no_no,citation,Charadrius sanctaehelenae,core_sources
(Doherty et al. 2016) core source_claim,(O'Donnell & Hoare 2011)_EXCLUDE_1_Does not test claim_NA_NA,citation,Chlidonias albostriatus,core_sources
(Doherty et al. 2016) core source_claim,(Jones et al. 1995)_INCLUDE_NA_Predation in support_no_no,citation,Falco punctatus,core_sources
(Doherty et al. 2016) core source_claim,(MacFarland et al. 1974a)_INCLUDE_NA_Population not in support_yes_no,citation,Chelonoidis niger,core_sources
(Doherty et al. 2016) core source_claim,(MacFarland et al. 1974a)_INCLUDE_NA_Predation in support_no_no,citation,Chelonoidis niger,core_sources
(Doherty et al. 2016) core source_claim,(MacFarland et al. 1974b)_EXCLUDE_1_Opinion claim_NA_NA,citation,Chelonoidis niger,core_sources
(Doherty et al. 2016) core source_claim,(Robertson 2001)_EXCLUDE_0_No claim_NA_NA,citation,Diomedea sanfordi,core_sources
(Doherty et al. 2016) core source_claim,(Lorenzo et al. 2011)_EXCLUDE_1_Opinion claim_NA_NA,citation,Sylvilagus mansuetus,core_sources
(Doherty et al. 2016) core source_claim,(Palmer et al. 2003)_EXCLUDE_0_Opinion claim_NA_NA,citation,Isoodon auratus,core_sources
(Doherty et al. 2016) core source_claim,(Veitch et al. 2004)_EXCLUDE_1_Opinion claim_NA_NA,citation,Pterodroma cervicalis,core_sources
(Doherty et al. 2016) core source_claim,(Cade & Jones 1993)_EXCLUDE_1_Inaccessible_NA_NA,citation,Falco punctatus,core_sources
(Doherty et al. 2016) core source_claim,(Clough 1976)_EXCLUDE_1_No claim_NA_NA,citation,Geocapromys thoracatus,core_sources
(Doherty et al. 2016) core source_claim,(Collar 2015)_EXCLUDE_1_Opinion claim_NA_NA,citation,Didunculus strigirostris,core_sources
(Doherty et al. 2016) core source_claim,(Copley 1999a)_INCLUDE_NA_Predation in support_no_no,citation,Leporillus conditor,core_sources
(Doherty et al. 2016) core source_claim,(Duffy & Capece 2014)_INCLUDE_NA_Predation in support_no_no,citation,Pterodroma sandwichensis,core_sources
(Doherty et al. 2016) core source_claim,(Kesler et al. 2012)_EXCLUDE_1_Opinion claim_NA_NA,citation,Todiramphus gambieri,core_sources
(Doherty et al. 2016) core source_claim,(Wills et al. 2003)_INCLUDE_NA_Predation in support_no_no,citation,Charadrius obscurus,core_sources
(Doherty et al. 2016) core source_claim,(Wills et al. 2003)_INCLUDE_NA_Predation not in support_no_no,citation,Charadrius obscurus,core_sources
(Doherty et al. 2016) core source_claim,(James et al. 2007)_EXCLUDE_0_Inaccessible_NA_NA,citation,Pteropus melanotus,core_sources
(Doherty et al. 2016) core source_claim,(Priddel et al. 2008)_EXCLUDE_1_Opinion claim_NA_NA,citation,Pseudobulweria macgillivrayi,core_sources
(Doherty et al. 2016) core source_claim,(Priddel & Wheeler 1996)_EXCLUDE_1_Opinion claim_NA_NA,citation,Leipoa ocellata,core_sources
(Doherty et al. 2016) core source_claim,(Priddel & Wheeler 1997)_INCLUDE_NA_Predation in support_no_no,citation,Leipoa ocellata,core_sources
(Doherty et al. 2016) core source_claim,(Priddel & Wheeler 1994)_INCLUDE_NA_Predation in support_no_no,citation,Leipoa ocellata,core_sources
(Doherty et al. 2016) core source_claim,(Darby et al. 1990)_INCLUDE_NA_Predation in support_no_no,citation,Megadyptes antipodes,core_sources
(Doherty et al. 2016) core source_claim,(Day et al. 2003)_EXCLUDE_0_Opinion claim_NA_NA,citation,Puffinus newelli,core_sources
(Doherty et al. 2016) core source_claim,(Deem et al. 2010)_EXCLUDE_NA_Does not test claim_NA_NA,citation,Spheniscus mendiculus,core_sources
(Doherty et al. 2016) core source_claim,(Conservation 2001a)_EXCLUDE_0_Opinion claim_NA_NA,citation,Petroica traversi,core_sources
(Doherty et al. 2016) core source_claim,(Conservation 2001b)_EXCLUDE_0_Opinion claim_NA_NA,citation,Pterodroma magentae,core_sources
(Doherty et al. 2016) core source_claim,(Wildlife 2014)_EXCLUDE_0_Opinion claim_NA_NA,citation,Dasyornis longirostris,core_sources
(Doherty et al. 2016) core source_claim,(Wildlife 2014)_EXCLUDE_0_Inaccessible_NA_NA,citation,Atrichornis clamosus,core_sources
(Doherty et al. 2016) core source_claim,(Management 2010)_EXCLUDE_0_Opinion claim_NA_NA,citation,Xeromys myoides,core_sources
(Doherty et al. 2016) core source_claim,(Dowding & Murphy 2001)_INCLUDE_NA_Population in support_yes_no,citation,Coenocorypha pusilla,core_sources
(Doherty et al. 2016) core source_claim,(Dowding & Murphy 2001)_EXCLUDE_1_Opinion claim_NA_NA,citation,Haematopus chathamensis,core_sources
(Doherty et al. 2016) core source_claim,(Dowding & Murphy 2001)_EXCLUDE_1_Opinion claim_NA_NA,citation,Thinornis novaeseelandiae,core_sources
(Doherty et al. 2016) core source_claim,(Dutson 2013)_EXCLUDE_1_Opinion claim_NA_NA,citation,Zosterops albogularis,core_sources
(Doherty et al. 2016) core source_claim,(Bonnaud et al. 2010b)_INCLUDE_NA_Population in support_yes_no,citation,Puffinus yelkouan,core_sources
(Doherty et al. 2016) core source_claim,(Bonnaud et al. 2009)_INCLUDE_NA_Predation in support_no_no,citation,Puffinus yelkouan,core_sources
(Doherty et al. 2016) core source_claim,(Rave et al. 2005)_INCLUDE_NA_Predation in support_no_no,citation,Branta sandvicensis,core_sources
(Doherty et al. 2016) core source_claim,(Mellink et al. 2002)_EXCLUDE_1_Opinion claim_NA_NA,citation,Peromyscus guardia,core_sources
(Doherty et al. 2016) core source_claim,(Kennedy 2009)_EXCLUDE_0_Opinion claim_NA_NA,citation,Petroica traversi,core_sources
(Doherty et al. 2016) core source_claim,(Engeman et al. 2006)_EXCLUDE_1_Opinion claim_NA_NA,citation,Amazona vittata,core_sources
(Doherty et al. 2016) core source_claim,(Andreone & Gavetti 1998)_EXCLUDE_1_Opinion claim_NA_NA,citation,Chioninia coctei,core_sources
(Doherty et al. 2016) core source_claim,(Cruz-Delgado et al. 2010)_INCLUDE_NA_Predation not in support_no_no,citation,Pterodroma phaeopygia,core_sources
(Doherty et al. 2016) core source_claim,(Vilella 1995)_EXCLUDE_1_No claim_NA_NA,citation,Antrostomus noctitherus,core_sources
(Doherty et al. 2016) core source_claim,(Faulquier et al. 2009)_INCLUDE_NA_Predation in support_no_no,citation,Pterodroma baraui,core_sources
(Doherty et al. 2016) core source_claim,(Fisher et al. 2001)_INCLUDE_NA_Predation in support_no_no,citation,Onychogalea fraenata,core_sources
(Doherty et al. 2016) core source_claim,(Friend & Thomas 1994)_INCLUDE_NA_Predation in support_no_no,citation,Myrmecobius fasciatus,core_sources
(Doherty et al. 2016) core source_claim,(Friend 1990)_EXCLUDE_1_Opinion claim_NA_NA,citation,Myrmecobius fasciatus,core_sources
(Doherty et al. 2016) core source_claim,(Taylor 2000)_EXCLUDE_0_Opinion claim_NA_NA,citation,Diomedea epomophora,core_sources
(Doherty et al. 2016) core source_claim,(Taylor 2000)_EXCLUDE_0_No claim_NA_NA,citation,Eudyptes pachyrhynchus,core_sources
(Doherty et al. 2016) core source_claim,(Taylor 2000)_EXCLUDE_0_Opinion claim_NA_NA,citation,Megadyptes antipodes,core_sources
(Doherty et al. 2016) core source_claim,(Taylor 2000)_EXCLUDE_0_No claim_NA_NA,citation,Phalacrocorax featherstoni,core_sources
(Doherty et al. 2016) core source_claim,(Taylor 2000)_EXCLUDE_0_Opinion claim_NA_NA,citation,Procellaria westlandica,core_sources
(Doherty et al. 2016) core source_claim,(Taylor 2000)_EXCLUDE_0_Opinion claim_NA_NA,citation,Pterodroma axillaris,core_sources
(Doherty et al. 2016) core source_claim,(Taylor 2000)_EXCLUDE_0_Opinion claim_NA_NA,citation,Pterodroma cervicalis,core_sources
(Doherty et al. 2016) core source_claim,(Taylor 2000)_EXCLUDE_0_No claim_NA_NA,citation,Pterodroma magentae,core_sources
(Doherty et al. 2016) core source_claim,(Taylor 2000)_EXCLUDE_0_No claim_NA_NA,citation,Sternula nereis,core_sources
(Doherty et al. 2016) core source_claim,(Elliott & Kemp 2004)_EXCLUDE_0_No claim_NA_NA,citation,Nestor notabilis,core_sources
(Doherty et al. 2016) core source_claim,(Witteman et al. 1990)_EXCLUDE_?_Inaccessible_NA_NA,citation,Hypotaenidia owstoni,core_sources
(Doherty et al. 2016) core source_claim,(Galbreath & Brown 2004)_INCLUDE_NA_Predation in support_no_no,citation,Traversia lyalli,core_sources
(Doherty et al. 2016) core source_claim,(Galbreath & Brown 2004)_INCLUDE_NA_Population in support_no_no,citation,Traversia lyalli,core_sources
(Doherty et al. 2016) core source_claim,(Garnett et al. 2011) core source_claim,citation,Atrichornis clamosus,core_sources
(Doherty et al. 2016) core source_claim,(Garnett et al. 2011) core source_claim,citation,Dasyornis longirostris,core_sources
(Doherty et al. 2016) core source_claim,(Garnett et al. 2011) core source_claim,citation,Phoebetria fusca,core_sources
(Doherty et al. 2016) core source_claim,(Garnett et al. 2011) core source_claim,citation,Turnix olivii,core_sources
(Doherty et al. 2016) core source_claim,(Garnett et al. 2011) core source_claim,citation,Neophema chrysogaster,core_sources
(Doherty et al. 2016) core source_claim,(Gibbons 1984)_EXCLUDE_1_Opinion claim_NA_NA,citation,Brachylophus bulabula,core_sources
(Doherty et al. 2016) core source_claim,(Gibbons 1984)_EXCLUDE_1_Opinion claim_NA_NA,citation,Brachylophus fasciatus,core_sources
(Doherty et al. 2016) core source_claim,(Gibbons 1984)_EXCLUDE_1_Opinion claim_NA_NA,citation,Brachylophus vitiensis,core_sources
(Doherty et al. 2016) core source_claim,(Gillies et al. 2003)_INCLUDE_NA_Population in support_yes_no,citation,Apteryx australis,core_sources
(Doherty et al. 2016) core source_claim,(Gillies et al. 2003)_INCLUDE_NA_Predation in support_no_no,citation,Apteryx australis,core_sources
(Doherty et al. 2016) core source_claim,(Gillies et al. 2003)_EXCLUDE_1_No claim_NA_NA,citation,Apteryx mantelli,core_sources
(Doherty et al. 2016) core source_claim,(Gordon et al. 2015)_INCLUDE_NA_Population not in support_yes_yes,citation,Notomys fuscus,core_sources
(Doherty et al. 2016) core source_claim,(Grant et al. 1997)_EXCLUDE_1_Opinion claim_NA_NA,citation,Hemiphaga chathamensis,core_sources
(Doherty et al. 2016) core source_claim,(Green 1992)_EXCLUDE_1_Opinion claim_NA_NA,citation,Anas eatoni,core_sources
(Doherty et al. 2016) core source_claim,(Greenway 1967)_EXCLUDE_0_Inaccessible_NA_NA,citation,Anthornis melanocephala,core_sources
(Doherty et al. 2016) core source_claim,(Greenway 1967)_EXCLUDE_0_Inaccessible_NA_NA,citation,Turnagra tanagra,core_sources
(Doherty et al. 2016) core source_claim,(Greenway 1967)_EXCLUDE_0_Inaccessible_NA_NA,citation,Zoothera terrestris,core_sources
(Doherty et al. 2016) core source_claim,(Hasegawa et al. 2002)_EXCLUDE_1_Opinion claim_NA_NA,citation,Synthliboramphus wumizusume,core_sources
(Doherty et al. 2016) core source_claim,(Ratz & Murphy 1999)_EXCLUDE_1_Opinion claim_NA_NA,citation,Megadyptes antipodes,core_sources
(Doherty et al. 2016) core source_claim,(Hahn & Römer 2002)_INCLUDE_NA_Predation in support_no_no,citation,Sephanoides fernandensis,core_sources
(Doherty et al. 2016) core source_claim,(Hahn & Römer 2002)_EXCLUDE_0_No claim_NA_NA,citation,Aphrastura masafuerae,core_sources
(Doherty et al. 2016) core source_claim,(Hahn et al. 2004)_EXCLUDE_1_Opinion claim_NA_NA,citation,Aphrastura masafuerae,core_sources
(Doherty et al. 2016) core source_claim,(Hedges & Conn 2012)_EXCLUDE_1_Opinion claim_NA_NA,citation,Spondylurus monae,core_sources
(Doherty et al. 2016) core source_claim,(Efraín et al. 2000)_INCLUDE_NA_Predation in support_no_no,citation,Gallotia intermedia,core_sources
(Doherty et al. 2016) core source_claim,(Hodum & Wainstein 2003)_EXCLUDE_0_Opinion claim_NA_NA,citation,Pterodroma longirostris,core_sources
(Doherty et al. 2016) core source_claim,(Hoshide et al. 1990)_INCLUDE_NA_Predation in support_no_no,citation,Branta sandvicensis,core_sources
(Doherty et al. 2016) core source_claim,(Hume 2011)_EXCLUDE_1_No claim_NA_NA,citation,Nesoenas duboisi,core_sources
(Doherty et al. 2016) core source_claim,(Hunt 1997)_INCLUDE_NA_Predation in support_no_no,citation,Rhynochetos jubatus,core_sources
(Doherty et al. 2016) core source_claim,(IUCN 2025) core source_claim,citation,Acrocephalus aequinoctialis,core_sources
(Doherty et al. 2016) core source_claim,(IUCN 2025) core source_claim,citation,Acrocephalus vaughani,core_sources
(Doherty et al. 2016) core source_claim,(IUCN 2025) core source_claim,citation,Aegotheles savesi,core_sources
(Doherty et al. 2016) core source_claim,(IUCN 2025) core source_claim,citation,Algyroides marchi,core_sources
(Doherty et al. 2016) core source_claim,(IUCN 2025) core source_claim,citation,Alsophis rufiventris,core_sources
(Doherty et al. 2016) core source_claim,(IUCN 2025) core source_claim,citation,Amblyrhynchus cristatus,core_sources
(Doherty et al. 2016) core source_claim,(IUCN 2025) core source_claim,citation,Anarhynchus frontalis,core_sources
(Doherty et al. 2016) core source_claim,(IUCN 2025) core source_claim,citation,Anthornis melanocephala,core_sources
(Doherty et al. 2016) core source_claim,(IUCN 2025) core source_claim,citation,Aphanapteryx bonasia,core_sources
(Doherty et al. 2016) core source_claim,(IUCN 2025) core source_claim,citation,Aphelocoma coerulescens,core_sources
(Doherty et al. 2016) core source_claim,(IUCN 2025) core source_claim,citation,Aplonis santovestris,core_sources
(Doherty et al. 2016) core source_claim,(IUCN 2025) core source_claim,citation,Apteryx australis,core_sources
(Doherty et al. 2016) core source_claim,(IUCN 2025) core source_claim,citation,Apteryx haastii,core_sources
(Doherty et al. 2016) core source_claim,(IUCN 2025) core source_claim,citation,Apteryx mantelli,core_sources
(Doherty et al. 2016) core source_claim,(IUCN 2025) core source_claim,citation,Ardenna creatopus,core_sources
(Doherty et al. 2016) core source_claim,(IUCN 2025) core source_claim,citation,Aspidoscelis catalinensis,core_sources
(Doherty et al. 2016) core source_claim,(IUCN 2025) core source_claim,citation,Brachylophus bulabula,core_sources
(Doherty et al. 2016) core source_claim,(IUCN 2025) core source_claim,citation,Brachylophus fasciatus,core_sources
(Doherty et al. 2016) core source_claim,(IUCN 2025) core source_claim,citation,Cabalus modestus,core_sources
(Doherty et al. 2016) core source_claim,(IUCN 2025) core source_claim,citation,Caledoniscincus auratus,core_sources
(Doherty et al. 2016) core source_claim,(IUCN 2025) core source_claim,citation,Caledoniscincus chazeaui,core_sources
(Doherty et al. 2016) core source_claim,(IUCN 2025) core source_claim,citation,Caledoniscincus orestes,core_sources
(Doherty et al. 2016) core source_claim,(IUCN 2025) core source_claim,citation,Caledoniscincus renevieri,core_sources
(Doherty et al. 2016) core source_claim,(IUCN 2025) core source_claim,citation,Celatiscincus similis,core_sources
(Doherty et al. 2016) core source_claim,(IUCN 2025) core source_claim,citation,Chalinolobus tuberculatus,core_sources
(Doherty et al. 2016) core source_claim,(IUCN 2025) core source_claim,citation,Chasiempis sclateri,core_sources
(Doherty et al. 2016) core source_claim,(IUCN 2025) core source_claim,citation,Chilabothrus monensis,core_sources
(Doherty et al. 2016) core source_claim,(IUCN 2025) core source_claim,citation,Coccyzus ferrugineus,core_sources
(Doherty et al. 2016) core source_claim,(IUCN 2025) core source_claim,citation,Coenocorypha iredalei,core_sources
(Doherty et al. 2016) core source_claim,(IUCN 2025) core source_claim,citation,Coenocorypha pusilla,core_sources
(Doherty et al. 2016) core source_claim,(IUCN 2025) core source_claim,citation,Coleura seychellensis,core_sources
(Doherty et al. 2016) core source_claim,(IUCN 2025) core source_claim,citation,Columba versicolor,core_sources
(Doherty et al. 2016) core source_claim,(IUCN 2025) core source_claim,citation,Conolophus marthae,core_sources
(Doherty et al. 2016) core source_claim,(IUCN 2025) core source_claim,citation,Corvus hawaiiensis,core_sources
(Doherty et al. 2016) core source_claim,(IUCN 2025) core source_claim,citation,Corvus kubaryi,core_sources
(Doherty et al. 2016) core source_claim,(IUCN 2025) core source_claim,citation,Coturnix novaezelandiae,core_sources
(Doherty et al. 2016) core source_claim,(IUCN 2025) core source_claim,citation,Crocidura canariensis,core_sources
(Doherty et al. 2016) core source_claim,(IUCN 2025) core source_claim,citation,Ctenosaura bakeri,core_sources
(Doherty et al. 2016) core source_claim,(IUCN 2025) core source_claim,citation,Ctenosaura melanosterna,core_sources
(Doherty et al. 2016) core source_claim,(IUCN 2025) core source_claim,citation,Cyanoramphus forbesi,core_sources
(Doherty et al. 2016) core source_claim,(IUCN 2025) core source_claim,citation,Cyclura collei,core_sources
(Doherty et al. 2016) core source_claim,(IUCN 2025) core source_claim,citation,Cyclura cornuta,core_sources
(Doherty et al. 2016) core source_claim,(IUCN 2025) core source_claim,citation,Cyclura cychlura,core_sources
(Doherty et al. 2016) core source_claim,(IUCN 2025) core source_claim,citation,Dendrocygna arborea,core_sources
(Doherty et al. 2016) core source_claim,(IUCN 2025) core source_claim,citation,Didunculus strigirostris,core_sources
(Doherty et al. 2016) core source_claim,(IUCN 2025) core source_claim,citation,Dierogekko inexpectatus,core_sources
(Doherty et al. 2016) core source_claim,(IUCN 2025) core source_claim,citation,Dierogekko kaalaensis,core_sources
(Doherty et al. 2016) core source_claim,(IUCN 2025) core source_claim,citation,Dierogekko koniambo,core_sources
(Doherty et al. 2016) core source_claim,(IUCN 2025) core source_claim,citation,Dierogekko nehoueensis,core_sources
(Doherty et al. 2016) core source_claim,(IUCN 2025) core source_claim,citation,Dierogekko poumensis,core_sources
(Doherty et al. 2016) core source_claim,(IUCN 2025) core source_claim,citation,Dierogekko thomaswhitei,core_sources
(Doherty et al. 2016) core source_claim,(IUCN 2025) core source_claim,citation,Dierogekko validiclavis,core_sources
(Doherty et al. 2016) core source_claim,(IUCN 2025) core source_claim,citation,Diomedea exulans,core_sources
(Doherty et al. 2016) core source_claim,(IUCN 2025) core source_claim,citation,Diomedea sanfordi,core_sources
(Doherty et al. 2016) core source_claim,(IUCN 2025) core source_claim,citation,Dryolimnas augusti,core_sources
(Doherty et al. 2016) core source_claim,(IUCN 2025) core source_claim,citation,Dysmorodrepanis munroi,core_sources
(Doherty et al. 2016) core source_claim,(IUCN 2025) core source_claim,citation,Emoia adspersa,core_sources
(Doherty et al. 2016) core source_claim,(IUCN 2025) core source_claim,citation,Emoia lawesi,core_sources
(Doherty et al. 2016) core source_claim,(IUCN 2025) core source_claim,citation,Emoia loyaltiensis,core_sources
(Doherty et al. 2016) core source_claim,(IUCN 2025) core source_claim,citation,Emoia samoensis,core_sources
(Doherty et al. 2016) core source_claim,(IUCN 2025) core source_claim,citation,Emoia tuitarere,core_sources
(Doherty et al. 2016) core source_claim,(IUCN 2025) core source_claim,citation,Eurostopodus exul,core_sources
(Doherty et al. 2016) core source_claim,(IUCN 2025) core source_claim,citation,Eurydactylodes occidentalis,core_sources
(Doherty et al. 2016) core source_claim,(IUCN 2025) core source_claim,citation,Eurydactylodes symmetricus,core_sources
(Doherty et al. 2016) core source_claim,(IUCN 2025) core source_claim,citation,Fregata aquila,core_sources
(Doherty et al. 2016) core source_claim,(IUCN 2025) core source_claim,citation,Gallinula nesiotis,core_sources
(Doherty et al. 2016) core source_claim,(IUCN 2025) core source_claim,citation,Gallirallus lafresnayanus,core_sources
(Doherty et al. 2016) core source_claim,(IUCN 2025) core source_claim,citation,Goniurosaurus kuroiwae,core_sources
(Doherty et al. 2016) core source_claim,(IUCN 2025) core source_claim,citation,Gymnomyza aubryana,core_sources
(Doherty et al. 2016) core source_claim,(IUCN 2025) core source_claim,citation,Haematopus meadewaldoi,core_sources
(Doherty et al. 2016) core source_claim,(IUCN 2025) core source_claim,citation,Henicophaps foersteri,core_sources
(Doherty et al. 2016) core source_claim,(IUCN 2025) core source_claim,citation,Hypotaenidia dieffenbachii,core_sources
(Doherty et al. 2016) core source_claim,(IUCN 2025) core source_claim,citation,Hypotaenidia okinawae,core_sources
(Doherty et al. 2016) core source_claim,(IUCN 2025) core source_claim,citation,Hypotaenidia owstoni,core_sources
(Doherty et al. 2016) core source_claim,(IUCN 2025) core source_claim,citation,Hypotaenidia pacifica,core_sources
(Doherty et al. 2016) core source_claim,(IUCN 2025) core source_claim,citation,Hypotaenidia poeciloptera,core_sources
(Doherty et al. 2016) core source_claim,(IUCN 2025) core source_claim,citation,Icterus northropi,core_sources
(Doherty et al. 2016) core source_claim,(IUCN 2025) core source_claim,citation,Kanakysaurus viviparus,core_sources
(Doherty et al. 2016) core source_claim,(IUCN 2025) core source_claim,citation,Kanakysaurus zebratus,core_sources
(Doherty et al. 2016) core source_claim,(IUCN 2025) core source_claim,citation,Lacertoides pardalis,core_sources
(Doherty et al. 2016) core source_claim,(IUCN 2025) core source_claim,citation,Larus bulleri,core_sources
(Doherty et al. 2016) core source_claim,(IUCN 2025) core source_claim,citation,Larus fuliginosus,core_sources
(Doherty et al. 2016) core source_claim,(IUCN 2025) core source_claim,citation,Laterallus spilonota,core_sources
(Doherty et al. 2016) core source_claim,(IUCN 2025) core source_claim,citation,Leiolopisma alazon,core_sources
(Doherty et al. 2016) core source_claim,(IUCN 2025) core source_claim,citation,Leptonycteris nivalis,core_sources
(Doherty et al. 2016) core source_claim,(IUCN 2025) core source_claim,citation,Leptotila wellsi,core_sources
(Doherty et al. 2016) core source_claim,(IUCN 2025) core source_claim,citation,Lioscincus steindachneri,core_sources
(Doherty et al. 2016) core source_claim,(IUCN 2025) core source_claim,citation,Lioscincus vivae,core_sources
(Doherty et al. 2016) core source_claim,(IUCN 2025) core source_claim,citation,Loxops coccineus,core_sources
(Doherty et al. 2016) core source_claim,(IUCN 2025) core source_claim,citation,Macrotarsomys ingens,core_sources
(Doherty et al. 2016) core source_claim,(IUCN 2025) core source_claim,citation,Marmorosphax kaala,core_sources
(Doherty et al. 2016) core source_claim,(IUCN 2025) core source_claim,citation,Marmorosphax montana,core_sources
(Doherty et al. 2016) core source_claim,(IUCN 2025) core source_claim,citation,Marmorosphax taom,core_sources
(Doherty et al. 2016) core source_claim,(IUCN 2025) core source_claim,citation,Megapodius bernsteinii,core_sources
(Doherty et al. 2016) core source_claim,(IUCN 2025) core source_claim,citation,Megapodius nicobariensis,core_sources
(Doherty et al. 2016) core source_claim,(IUCN 2025) core source_claim,citation,Melamprosops phaeosoma,core_sources
(Doherty et al. 2016) core source_claim,(IUCN 2025) core source_claim,citation,Mergus australis,core_sources
(Doherty et al. 2016) core source_claim,(IUCN 2025) core source_claim,citation,Microgoura meeki,core_sources
(Doherty et al. 2016) core source_claim,(IUCN 2025) core source_claim,citation,Mimus melanotis,core_sources
(Doherty et al. 2016) core source_claim,(IUCN 2025) core source_claim,citation,Mimus trifasciatus,core_sources
(Doherty et al. 2016) core source_claim,(IUCN 2025) core source_claim,citation,Mundia elpenor,core_sources
(Doherty et al. 2016) core source_claim,(IUCN 2025) core source_claim,citation,Myotis vivesi,core_sources
(Doherty et al. 2016) core source_claim,(IUCN 2025) core source_claim,citation,Mysateles prehensilis,core_sources
(Doherty et al. 2016) core source_claim,(IUCN 2025) core source_claim,citation,Neotamias palmeri,core_sources
(Doherty et al. 2016) core source_claim,(IUCN 2025) core source_claim,citation,Nesillas aldabrana,core_sources
(Doherty et al. 2016) core source_claim,(IUCN 2025) core source_claim,citation,Nesoenas duboisi,core_sources
(Doherty et al. 2016) core source_claim,(IUCN 2025) core source_claim,citation,Nesoenas mayeri,core_sources
(Doherty et al. 2016) core source_claim,(IUCN 2025) core source_claim,citation,Nesofregetta fuliginosa,core_sources
(Doherty et al. 2016) core source_claim,(IUCN 2025) core source_claim,citation,Nestor notabilis,core_sources
(Doherty et al. 2016) core source_claim,(IUCN 2025) core source_claim,citation,Nyctanassa carcinocatactes,core_sources
(Doherty et al. 2016) core source_claim,(IUCN 2025) core source_claim,citation,Oedodera marmorata,core_sources
(Doherty et al. 2016) core source_claim,(IUCN 2025) core source_claim,citation,Otus insularis,core_sources
(Doherty et al. 2016) core source_claim,(IUCN 2025) core source_claim,citation,Palmeria dolei,core_sources
(Doherty et al. 2016) core source_claim,(IUCN 2025) core source_claim,citation,Pareudiastes pacificus,core_sources
(Doherty et al. 2016) core source_claim,(IUCN 2025) core source_claim,citation,Perochirus ateles,core_sources
(Doherty et al. 2016) core source_claim,(IUCN 2025) core source_claim,citation,Peromyscus interparietalis,core_sources
(Doherty et al. 2016) core source_claim,(IUCN 2025) core source_claim,citation,Peromyscus pseudocrinitus,core_sources
(Doherty et al. 2016) core source_claim,(IUCN 2025) core source_claim,citation,Peromyscus sejugis,core_sources
(Doherty et al. 2016) core source_claim,(IUCN 2025) core source_claim,citation,Pezophaps solitaria,core_sources
(Doherty et al. 2016) core source_claim,(IUCN 2025) core source_claim,citation,Phyllodactylus leei,core_sources
(Doherty et al. 2016) core source_claim,(IUCN 2025) core source_claim,citation,Pitta superba,core_sources
(Doherty et al. 2016) core source_claim,(IUCN 2025) core source_claim,citation,Podarcis lilfordi,core_sources
(Doherty et al. 2016) core source_claim,(IUCN 2025) core source_claim,citation,Pomarea dimidiata,core_sources
(Doherty et al. 2016) core source_claim,(IUCN 2025) core source_claim,citation,Pomarea fluxa,core_sources
(Doherty et al. 2016) core source_claim,(IUCN 2025) core source_claim,citation,Pomarea mendozae,core_sources
(Doherty et al. 2016) core source_claim,(IUCN 2025) core source_claim,citation,Pomarea whitneyi,core_sources
(Doherty et al. 2016) core source_claim,(IUCN 2025) core source_claim,citation,Porphyrio paepae,core_sources
(Doherty et al. 2016) core source_claim,(IUCN 2025) core source_claim,citation,Procellaria aequinoctialis,core_sources
(Doherty et al. 2016) core source_claim,(IUCN 2025) core source_claim,citation,Prosobonia cancellata,core_sources
(Doherty et al. 2016) core source_claim,(IUCN 2025) core source_claim,citation,Prosobonia parvirostris,core_sources
(Doherty et al. 2016) core source_claim,(IUCN 2025) core source_claim,citation,Pseudobulweria aterrima,core_sources
(Doherty et al. 2016) core source_claim,(IUCN 2025) core source_claim,citation,Pseudobulweria becki,core_sources
(Doherty et al. 2016) core source_claim,(IUCN 2025) core source_claim,citation,Pseudomys fumeus,core_sources
(Doherty et al. 2016) core source_claim,(IUCN 2025) core source_claim,citation,Pterodroma alba,core_sources
(Doherty et al. 2016) core source_claim,(IUCN 2025) core source_claim,citation,Pterodroma arminjoniana,core_sources
(Doherty et al. 2016) core source_claim,(IUCN 2025) core source_claim,citation,Pterodroma baraui,core_sources
(Doherty et al. 2016) core source_claim,(IUCN 2025) core source_claim,citation,Pterodroma brevipes,core_sources
(Doherty et al. 2016) core source_claim,(IUCN 2025) core source_claim,citation,Pterodroma defilippiana,core_sources
(Doherty et al. 2016) core source_claim,(IUCN 2025) core source_claim,citation,Pterodroma externa,core_sources
(Doherty et al. 2016) core source_claim,(IUCN 2025) core source_claim,citation,Pterodroma leucoptera,core_sources
(Doherty et al. 2016) core source_claim,(IUCN 2025) core source_claim,citation,Pterodroma longirostris,core_sources
(Doherty et al. 2016) core source_claim,(IUCN 2025) core source_claim,citation,Pterodroma sandwichensis,core_sources
(Doherty et al. 2016) core source_claim,(IUCN 2025) core source_claim,citation,Ptilinopus mercierii,core_sources
(Doherty et al. 2016) core source_claim,(IUCN 2025) core source_claim,citation,Puffinus heinrothi,core_sources
(Doherty et al. 2016) core source_claim,(IUCN 2025) core source_claim,citation,Puffinus newelli,core_sources
(Doherty et al. 2016) core source_claim,(IUCN 2025) core source_claim,citation,Reithrodontomys spectabilis,core_sources
(Doherty et al. 2016) core source_claim,(IUCN 2025) core source_claim,citation,Scolopax mira,core_sources
(Doherty et al. 2016) core source_claim,(IUCN 2025) core source_claim,citation,Sigaloseps ruficauda,core_sources
(Doherty et al. 2016) core source_claim,(IUCN 2025) core source_claim,citation,Solenodon marcanoi,core_sources
(Doherty et al. 2016) core source_claim,(IUCN 2025) core source_claim,citation,Spheniscus demersus,core_sources
(Doherty et al. 2016) core source_claim,(IUCN 2025) core source_claim,citation,Spilogale pygmaea,core_sources
(Doherty et al. 2016) core source_claim,(IUCN 2025) core source_claim,citation,Spondylurus monae,core_sources
(Doherty et al. 2016) core source_claim,(IUCN 2025) core source_claim,citation,Synthliboramphus scrippsi,core_sources
(Doherty et al. 2016) core source_claim,(IUCN 2025) core source_claim,citation,Synthliboramphus wumizusume,core_sources
(Doherty et al. 2016) core source_claim,(IUCN 2025) core source_claim,citation,Tarsius dentatus,core_sources
(Doherty et al. 2016) core source_claim,(IUCN 2025) core source_claim,citation,Tarsius pelengensis,core_sources
(Doherty et al. 2016) core source_claim,(IUCN 2025) core source_claim,citation,Tarsius tarsier,core_sources
(Doherty et al. 2016) core source_claim,(IUCN 2025) core source_claim,citation,Thamnophis gigas,core_sources
(Doherty et al. 2016) core source_claim,(IUCN 2025) core source_claim,citation,Todiramphus cinnamominus,core_sources
(Doherty et al. 2016) core source_claim,(IUCN 2025) core source_claim,citation,Tokudaia osimensis,core_sources
(Doherty et al. 2016) core source_claim,(IUCN 2025) core source_claim,citation,Tokudaia tokunoshimensis,core_sources
(Doherty et al. 2016) core source_claim,(IUCN 2025) core source_claim,citation,Toxostoma guttatum,core_sources
(Doherty et al. 2016) core source_claim,(IUCN 2025) core source_claim,citation,Tropidoscincus aubrianus,core_sources
(Doherty et al. 2016) core source_claim,(IUCN 2025) core source_claim,citation,Turdus celaenops,core_sources
(Doherty et al. 2016) core source_claim,(IUCN 2025) core source_claim,citation,Turnagra tanagra,core_sources
(Doherty et al. 2016) core source_claim,(IUCN 2025) core source_claim,citation,Vini kuhlii,core_sources
(Doherty et al. 2016) core source_claim,(IUCN 2025) core source_claim,citation,Vini peruviana,core_sources
(Doherty et al. 2016) core source_claim,(IUCN 2025) core source_claim,citation,Xenosaurus platyceps,core_sources
(Doherty et al. 2016) core source_claim,(IUCN 2025) core source_claim,citation,Zapornia sandwichensis,core_sources
(Doherty et al. 2016) core source_claim,(IUCN 2025) core source_claim,citation,Zoothera terrestris,core_sources
(Doherty et al. 2016) core source_claim,(IUCN 2025) core source_claim,citation,Zoothera turipavae,core_sources
(Doherty et al. 2016) core source_claim,(Iverson 1978)_INCLUDE_NA_Predation in support_no_no,citation,Cyclura carinata,core_sources
(Doherty et al. 2016) core source_claim,(Adams et al. 1997)_EXCLUDE_0_Opinion claim_NA_NA,citation,Hymenolaimus malacorhynchos,core_sources
(Doherty et al. 2016) core source_claim,(Cruz & Cruz 1987)_INCLUDE_NA_Predation in support_no_no,citation,Pterodroma phaeopygia,core_sources
(Doherty et al. 2016) core source_claim,(Cruz & Cruz 1996)_INCLUDE_NA_Predation in support_no_no,citation,Pterodroma phaeopygia,core_sources
(Doherty et al. 2016) core source_claim,(Benshemesh 2007)_INCLUDE_NA_Predation in support_no_no,citation,Leipoa ocellata,core_sources
(Doherty et al. 2016) core source_claim,(Woinarski 2004)_EXCLUDE_0_Opinion claim_NA_NA,citation,Notomys aquilo,core_sources
(Doherty et al. 2016) core source_claim,(Woinarski 2004)_EXCLUDE_0_Opinion claim_NA_NA,citation,Notomys fuscus,core_sources
(Doherty et al. 2016) core source_claim,(Woinarski 2004)_EXCLUDE_0_Opinion claim_NA_NA,citation,Pseudantechinus mimulus,core_sources
(Doherty et al. 2016) core source_claim,(Woinarski 2004)_EXCLUDE_0_Opinion claim_NA_NA,citation,Sminthopsis butleri,core_sources
(Doherty et al. 2016) core source_claim,(Courtenay & Friend 2004)_EXCLUDE_0_Opinion claim_NA_NA,citation,Potorous gilbertii,core_sources
(Doherty et al. 2016) core source_claim,(Dowding & Davis 2007)_EXCLUDE_0_Opinion claim_NA_NA,citation,Charadrius obscurus,core_sources
(Doherty et al. 2016) core source_claim,(Dowding & Murphy 1993)_EXCLUDE_1_Opinion claim_NA_NA,citation,Charadrius obscurus,core_sources
(Doherty et al. 2016) core source_claim,(Dowding 1999)_EXCLUDE_1_Opinion claim_NA_NA,citation,Charadrius obscurus,core_sources
(Doherty et al. 2016) core source_claim,(Gerlach 2011)_EXCLUDE_1_Opinion claim_NA_NA,citation,Coleura seychellensis,core_sources
(Doherty et al. 2016) core source_claim,(Jahncke & Goya 1998)_EXCLUDE_1_Opinion claim_NA_NA,citation,Pelecanoides garnotii,core_sources
(Doherty et al. 2016) core source_claim,(Kear & Williams 1978)_EXCLUDE_1_Opinion claim_NA_NA,citation,Anas aucklandica,core_sources
(Doherty et al. 2016) core source_claim,(Ekstrom et al. 2002)_EXCLUDE_1_No claim_NA_NA,citation,Aegotheles savesi,core_sources
(Doherty et al. 2016) core source_claim,(Ekstrom et al. 2002)_EXCLUDE_1_No claim_NA_NA,citation,Gallirallus lafresnayanus,core_sources
(Doherty et al. 2016) core source_claim,(Ekstrom et al. 2002)_EXCLUDE_1_No claim_NA_NA,citation,Gymnomyza aubryana,core_sources
(Doherty et al. 2016) core source_claim,(Ekstrom et al. 2002)_EXCLUDE_1_No claim_NA_NA,citation,Rhynochetos jubatus,core_sources
(Doherty et al. 2016) core source_claim,(Monks et al. 2013)_EXCLUDE_1_No claim_NA_NA,citation,Chlidonias albostriatus,core_sources
(Doherty et al. 2016) core source_claim,(Madeiros et al. 2012)_EXCLUDE_1_Opinion claim_NA_NA,citation,Pterodroma cahow,core_sources
(Doherty et al. 2016) core source_claim,(Short et al. 1992)_EXCLUDE_1_Opinion claim_NA_NA,citation,Setonix brachyurus,core_sources
(Doherty et al. 2016) core source_claim,(Reardon et al. 2012)_EXCLUDE_1_Does not test claim_NA_NA,citation,Oligosoma otagense,core_sources
(Doherty et al. 2016) core source_claim,(Thibault & Varney 1991)_EXCLUDE_1_Opinion claim_NA_NA,citation,Ptilinopus huttoni,core_sources
(Doherty et al. 2016) core source_claim,(Morris 2000)_EXCLUDE_1_Inaccessible_NA_NA,citation,Lagostrophus fasciatus,core_sources
(Doherty et al. 2016) core source_claim,(Hansen 2006)_EXCLUDE_0_Opinion claim_NA_NA,citation,Sternula nereis,core_sources
(Doherty et al. 2016) core source_claim,(Sivakumar 2010)_INCLUDE_NA_Predation in support_no_no,citation,Megapodius nicobariensis,core_sources
(Doherty et al. 2016) core source_claim,(Watson 2006)_EXCLUDE_0_Inaccessible_NA_NA,citation,Burramys parvus,core_sources
(Doherty et al. 2016) core source_claim,(Keitt 2005)_INCLUDE_NA_Predation in support_no_no,citation,Synthliboramphus hypoleucus,core_sources
(Doherty et al. 2016) core source_claim,(Keitt 2005)_EXCLUDE_1_No claim_NA_NA,citation,Synthliboramphus scrippsi,core_sources
(Doherty et al. 2016) core source_claim,(Brooke 1987b)_INCLUDE_NA_Predation in support_no_no,citation,Pterodroma externa,core_sources
(Doherty et al. 2016) core source_claim,(Brooke 1987b)_INCLUDE_NA_Predation in support_no_no,citation,Pterodroma longirostris,core_sources
(Doherty et al. 2016) core source_claim,(DeWeese & Anderson 1976)_INCLUDE_NA_Predation not in support_no_no,citation,Synthliboramphus craveri,core_sources
(Doherty et al. 2016) core source_claim,(Zarones et al. 2015)_INCLUDE_NA_Predation in support_no_no,citation,Corvus kubaryi,core_sources
(Doherty et al. 2016) core source_claim,(Alley et al. 2007)_INCLUDE_NA_Predation in support_no_no,citation,Anas chlorotis,core_sources
(Doherty et al. 2016) core source_claim,(Bell & Bell 2000b)_EXCLUDE_1_Opinion claim_NA_NA,citation,Phalacrocorax featherstoni,core_sources
(Doherty et al. 2016) core source_claim,(Imber et al. 2003)_INCLUDE_NA_Predation in support_no_no,citation,Pterodroma cookii,core_sources
(Doherty et al. 2016) core source_claim,(Rayner et al. 2008)_EXCLUDE_1_No claim_NA_NA,citation,Pterodroma cookii,core_sources
(Doherty et al. 2016) core source_claim,(Rayner et al. 2007)_INCLUDE_NA_Population not in support_yes_no,citation,Pterodroma cookii,core_sources
(Doherty et al. 2016) core source_claim,(Rich et al. 2014)_EXCLUDE_0_No claim_NA_NA,citation,Macrotis lagotis,core_sources
(Doherty et al. 2016) core source_claim,(Schulz 2004)_EXCLUDE_0_Opinion claim_NA_NA,citation,Crocidura trichura,core_sources
(Doherty et al. 2016) core source_claim,(MNRE 2006)_EXCLUDE_0_Inaccessible_NA_NA,citation,Didunculus strigirostris,core_sources
(Doherty et al. 2016) core source_claim,(Marks & Redmond 1994)_INCLUDE_NA_Population in support_yes_no,citation,Numenius tahitiensis,core_sources
(Doherty et al. 2016) core source_claim,(Martínez-Gómez & Curry 1996)_INCLUDE_NA_Predation not in support_no_no,citation,Mimus graysoni,core_sources
(Doherty et al. 2016) core source_claim,(Martınez-Gomez et al. 2001)_INCLUDE_NA_Population not in support_yes_no,citation,Mimus graysoni,core_sources
(Doherty et al. 2016) core source_claim,(Martınez-Gomez & Jacobsen 2004)_INCLUDE_NA_Predation in support_no_no,citation,Puffinus auricularis,core_sources
(Doherty et al. 2016) core source_claim,(Massaro & Blair 2003)_INCLUDE_NA_Population in support_yes_no,citation,Megadyptes antipodes,core_sources
(Doherty et al. 2016) core source_claim,(McChesney & Tershy 1998)_INCLUDE_NA_Predation in support_no_no,citation,Synthliboramphus hypoleucus,core_sources
(Doherty et al. 2016) core source_claim,(McLennan et al. 2004)_INCLUDE_NA_Predation in support_no_no,citation,Apteryx australis,core_sources
(Doherty et al. 2016) core source_claim,(McLennan et al. 2004)_INCLUDE_NA_Predation in support_no_no,citation,Apteryx mantelli,core_sources
(Doherty et al. 2016) core source_claim,(McLennan et al. 1996)_INCLUDE_NA_Predation in support_no_no,citation,Apteryx australis,core_sources
(Doherty et al. 2016) core source_claim,(McLennan et al. 1996)_EXCLUDE_1_No claim_NA_NA,citation,Apteryx mantelli,core_sources
(Doherty et al. 2016) core source_claim,(Medina & Nogales 2009)_EXCLUDE_1_No claim_NA_NA,citation,Gallotia bravoana,core_sources
(Doherty et al. 2016) core source_claim,(Medina & Nogales 2009)_INCLUDE_NA_Predation in support_no_no,citation,Gallotia simonyi,core_sources
(Doherty et al. 2016) core source_claim,(Mitchell et al. 2002)_EXCLUDE_0_No claim_NA_NA,citation,Cyclura carinata,core_sources
(Doherty et al. 2016) core source_claim,(Molur et al. 2005)_EXCLUDE_0_Opinion claim_NA_NA,citation,Tupaia nicobarica,core_sources
(Doherty et al. 2016) core source_claim,(Moseby et al. 2015)_INCLUDE_NA_Predation in support_no_no,citation,Macrotis lagotis,core_sources
(Doherty et al. 2016) core source_claim,(Moseby et al. 2015)_INCLUDE_NA_Predation not in support_no_no,citation,Macrotis lagotis,core_sources
(Doherty et al. 2016) core source_claim,(Moseby et al. 2011)_EXCLUDE_1_No claim_NA_NA,citation,Leporillus conditor,core_sources
(Doherty et al. 2016) core source_claim,(Moseby et al. 2011)_INCLUDE_NA_Predation in support_no_no,citation,Macrotis lagotis,core_sources
(Doherty et al. 2016) core source_claim,(Carlile et al. 2003)_EXCLUDE_1_Opinion claim_NA_NA,citation,Pterodroma sandwichensis,core_sources
(Doherty et al. 2016) core source_claim,(McCulloch 1991)_INCLUDE_NA_Predation in support_no_no,citation,Charadrius sanctaehelenae,core_sources
(Doherty et al. 2016) core source_claim,(Ashmole et al. 1994)_EXCLUDE_0_Inaccessible_NA_NA,citation,Fregata aquila,core_sources
(Doherty et al. 2016) core source_claim,(NSW National Parks and Wildlife Service 2002b)_EXCLUDE_0_Inaccessible_NA_NA,citation,Burramys parvus,core_sources
(Doherty et al. 2016) core source_claim,(Hodges & Nagata Sr 2001)_INCLUDE_NA_Predation in support_no_no,citation,Pterodroma sandwichensis,core_sources
(Doherty et al. 2016) core source_claim,(Hodges & Nagata Sr 2001)_INCLUDE_NA_Population in support_yes_yes,citation,Pterodroma sandwichensis,core_sources
(Doherty et al. 2016) core source_claim,(O'Connor et al. 2007)_EXCLUDE_0_Opinion claim_NA_NA,citation,Anas chlorotis,core_sources
(Doherty et al. 2016) core source_claim,(Oakwood 2000)_INCLUDE_NA_Predation in support_no_no,citation,Dasyurus hallucatus,core_sources
(Doherty et al. 2016) core source_claim,(Office of Environment & Heritage 2012)_EXCLUDE_0_Opinion claim_NA_NA,citation,Dasyornis brachypterus,core_sources
(Doherty et al. 2016) core source_claim,(Oppel et al. 2014)_INCLUDE_NA_Population not in support_yes_yes,citation,Charadrius sanctaehelenae,core_sources
(Doherty et al. 2016) core source_claim,(Orange Bellied Parrot Recovery Team 2006)_EXCLUDE_0_Opinion claim_NA_NA,citation,Neophema chrysogaster,core_sources
(Doherty et al. 2016) core source_claim,(O’Donnell et al. 2015)_EXCLUDE_1_Opinion claim_NA_NA,citation,Anas chlorotis,core_sources
(Doherty et al. 2016) core source_claim,(O’Donnell et al. 2015)_EXCLUDE_1_Opinion claim_NA_NA,citation,Cabalus modestus,core_sources
(Doherty et al. 2016) core source_claim,(O’Donnell et al. 2010)_INCLUDE_NA_Predation in support_no_no,citation,Chlidonias albostriatus,core_sources
(Doherty et al. 2016) core source_claim,(Banko et al. 2002b)_EXCLUDE_1_Opinion claim_NA_NA,citation,Loxioides bailleui,core_sources
(Doherty et al. 2016) core source_claim,(Meek 2000)_EXCLUDE_1_No claim_NA_NA,citation,Crocidura trichura,core_sources
(Doherty et al. 2016) core source_claim,(Montague 1914)_EXCLUDE_1_Opinion claim_NA_NA,citation,Isoodon auratus,core_sources
(Doherty et al. 2016) core source_claim,(Battley & Moore 2004)_EXCLUDE_1_No claim_NA_NA,citation,Anarhynchus frontalis,core_sources
(Doherty et al. 2016) core source_claim,(Moore & Walker 1991)_EXCLUDE_1_Opinion claim_NA_NA,citation,Anas aucklandica,core_sources
(Doherty et al. 2016) core source_claim,(Moore 2008)_INCLUDE_NA_Predation in support_no_no,citation,Haematopus chathamensis,core_sources
(Doherty et al. 2016) core source_claim,(Moore 2009)_INCLUDE_NA_Predation in support_no_no,citation,Haematopus chathamensis,core_sources
(Doherty et al. 2016) core source_claim,(Tolson 1988)_EXCLUDE_0_Inaccessible_NA_NA,citation,Chilabothrus monensis,core_sources
(Doherty et al. 2016) core source_claim,(De Tores et al. 2007)_EXCLUDE_1_Opinion claim_NA_NA,citation,Setonix brachyurus,core_sources
(Doherty et al. 2016) core source_claim,(Grant et al. 2000)_EXCLUDE_1_Opinion claim_NA_NA,citation,Mimus trifasciatus,core_sources
(Doherty et al. 2016) core source_claim,(Harlow et al. 2007)_EXCLUDE_1_Opinion claim_NA_NA,citation,Brachylophus vitiensis,core_sources
(Doherty et al. 2016) core source_claim,(Skipwith et al. 2014)_EXCLUDE_0_Opinion claim_NA_NA,citation,Dierogekko inexpectatus,core_sources
(Doherty et al. 2016) core source_claim,(Paltridge 2002)_INCLUDE_NA_Predation in support_no_no,citation,Macrotis lagotis,core_sources
(Doherty et al. 2016) core source_claim,(Pavey et al. 2014)_INCLUDE_NA_Predation in support_no_no,citation,Pseudomys australis,core_sources
(Doherty et al. 2016) core source_claim,(Pavey et al. 2014)_INCLUDE_NA_Population not in support_yes_no,citation,Pseudomys australis,core_sources
(Doherty et al. 2016) core source_claim,(Pavey et al. 2008b)_INCLUDE_NA_Predation in support_no_no,citation,Pseudomys australis,core_sources
(Doherty et al. 2016) core source_claim,(Pletschet & Kelly 1990)_INCLUDE_NA_Predation in support_no_no,citation,Loxioides bailleui,core_sources
(Doherty et al. 2016) core source_claim,(Pollock 1999)_INCLUDE_NA_Predation in support_no_no,citation,Dasyurus hallucatus,core_sources
(Doherty et al. 2016) core source_claim,(Pratt et al. 1997)_INCLUDE_NA_Predation in support_no_no,citation,Loxioides bailleui,core_sources
(Doherty et al. 2016) core source_claim,(Mittermeier 1972)_INCLUDE_NA_Predation in support_no_no,citation,Chilabothrus subflavus,core_sources
(Doherty et al. 2016) core source_claim,(Sajdak & Henderson 1991)_EXCLUDE_1_Opinion claim_NA_NA,citation,Alsophis rufiventris,core_sources
(Doherty et al. 2016) core source_claim,(Honegger 1981)_EXCLUDE_1_Opinion claim_NA_NA,citation,Leiocephalus eremitus,core_sources
(Doherty et al. 2016) core source_claim,(Keedwell et al. 2002a)_INCLUDE_NA_Predation in support_no_no,citation,Chlidonias albostriatus,core_sources
(Doherty et al. 2016) core source_claim,(Pierce & Blanvillain 2004)_INCLUDE_NA_Population in support_yes_yes,citation,Prosobonia cancellata,core_sources
(Doherty et al. 2016) core source_claim,(Pierce & Blanvillain 2004)_EXCLUDE_1_No claim_NA_NA,citation,Prosobonia parvirostris,core_sources
(Doherty et al. 2016) core source_claim,(Pierce 1986)_INCLUDE_NA_Predation in support_no_no,citation,Himantopus novaezelandiae,core_sources
(Doherty et al. 2016) core source_claim,(Curry 1986)_INCLUDE_NA_Predation not in support_no_no,citation,Mimus trifasciatus,core_sources
(Doherty et al. 2016) core source_claim,(Powell et al. 2000)_EXCLUDE_1_Opinion claim_NA_NA,citation,Cyclura cornuta,core_sources
(Doherty et al. 2016) core source_claim,(Powell & Henderson 2003)_EXCLUDE_1_Inaccessible_NA_NA,citation,Caribicus warreni,core_sources
(Doherty et al. 2016) core source_claim,(Read & Cunningham 2010)_INCLUDE_NA_Population in support_no_no,citation,Pseudomys australis,core_sources
(Doherty et al. 2016) core source_claim,(Richards 2012b)_EXCLUDE_0_Opinion claim_NA_NA,citation,Perameles bougainville,core_sources
(Doherty et al. 2016) core source_claim,(Richards & Short 2003)_INCLUDE_NA_Predation not in support_no_no,citation,Perameles bougainville,core_sources
(Doherty et al. 2016) core source_claim,(Rickett 2010)_EXCLUDE_0_Opinion claim_NA_NA,citation,Anas chlorotis,core_sources
(Doherty et al. 2016) core source_claim,(Robertson et al. 2011)_INCLUDE_NA_Predation in support_no_no,citation,Apteryx mantelli,core_sources
(Doherty et al. 2016) core source_claim,(Muzaffar et al. 2013)_EXCLUDE_1_Opinion claim_NA_NA,citation,Phalacrocorax nigrogularis,core_sources
(Doherty et al. 2016) core source_claim,(Hess & Banko 2006)_INCLUDE_NA_Predation in support_no_no,citation,Loxioides bailleui,core_sources
(Doherty et al. 2016) core source_claim,(Churchill 2001)_EXCLUDE_0_Opinion claim_NA_NA,citation,Sminthopsis psammophila,core_sources
(Doherty et al. 2016) core source_claim,(Ellis et al. 1998)_EXCLUDE_0_Inaccessible_NA_NA,citation,Eudyptes pachyrhynchus,core_sources
(Doherty et al. 2016) core source_claim,(Ellis et al. 1998)_EXCLUDE_0_Inaccessible_NA_NA,citation,Spheniscus mendiculus,core_sources
(Doherty et al. 2016) core source_claim,(Judge et al. 2012)_INCLUDE_NA_Predation in support_no_no,citation,Pterodroma sandwichensis,core_sources
(Doherty et al. 2016) core source_claim,(Ferreira et al. 2005)_EXCLUDE_1_No claim_NA_NA,citation,Sternula nereis,core_sources
(Doherty et al. 2016) core source_claim,(Molur et al. 2005)_EXCLUDE_0_Opinion claim_NA_NA,citation,Mus mayori,core_sources
(Doherty et al. 2016) core source_claim,(Mountainspring et al. 1990)_EXCLUDE_1_Opinion claim_NA_NA,citation,Melamprosops phaeosoma,core_sources
(Doherty et al. 2016) core source_claim,(Oppel et al. 2011)_INCLUDE_NA_Population not in support_yes_yes,citation,Puffinus yelkouan,core_sources
(Doherty et al. 2016) core source_claim,(Alvarez-Castañeda et al. 1998)_EXCLUDE_1_No claim_NA_NA,citation,Peromyscus caniceps,core_sources
(Doherty et al. 2016) core source_claim,(Alvarez-Castañeda 1998)_EXCLUDE_1_No claim_NA_NA,citation,Peromyscus pseudocrinitus,core_sources
(Doherty et al. 2016) core source_claim,(Alvarez-Castañeda 2001)_EXCLUDE_1_No claim_NA_NA,citation,Peromyscus sejugis,core_sources
(Doherty et al. 2016) core source_claim,(Sanders & Maloney 2002)_INCLUDE_NA_Predation in support_no_no,citation,Chlidonias albostriatus,core_sources
(Doherty et al. 2016) core source_claim,(Sanders & Maloney 2002)_INCLUDE_NA_Predation in support_no_no,citation,Himantopus novaezelandiae,core_sources
(Doherty et al. 2016) core source_claim,(Scrimgeour et al. 2012)_INCLUDE_NA_Predation in support_no_no,citation,Mystacina tuberculata,core_sources
(Doherty et al. 2016) core source_claim,(Seitre 1992)_EXCLUDE_1_No claim_NA_NA,citation,Pomarea mendozae,core_sources
(Doherty et al. 2016) core source_claim,(Shionosaki et al. 2015)_INCLUDE_NA_Predation in support_no_no,citation,Diplothrix legata,core_sources
(Doherty et al. 2016) core source_claim,(Shionosaki et al. 2015)_INCLUDE_NA_Predation in support_no_no,citation,Tokudaia osimensis,core_sources
(Doherty et al. 2016) core source_claim,(Steinfurth 2007)_INCLUDE_NA_Predation in support_no_no,citation,Spheniscus mendiculus,core_sources
(Doherty et al. 2016) core source_claim,(Sugimura et al. 2000)_INCLUDE_NA_Predation in support_no_no,citation,Pentalagus furnessi,core_sources
(Doherty et al. 2016) core source_claim,(Sugimura et al. 2000)_INCLUDE_NA_Population in support_no_no,citation,Pentalagus furnessi,core_sources
(Doherty et al. 2016) core source_claim,(Holmes & Caskey 2001)_EXCLUDE_0_Opinion claim_NA_NA,citation,Hymenolaimus malacorhynchos,core_sources
(Doherty et al. 2016) core source_claim,(Simons 1983)_INCLUDE_NA_Predation in support_no_no,citation,Pterodroma sandwichensis,core_sources
(Doherty et al. 2016) core source_claim,(Simons 1984)_EXCLUDE_1_Opinion claim_NA_NA,citation,Pterodroma sandwichensis,core_sources
(Doherty et al. 2016) core source_claim,(Simons 1985)_INCLUDE_NA_Predation in support_no_no,citation,Pterodroma sandwichensis,core_sources
(Doherty et al. 2016) core source_claim,(Wilson & Hansen 2005)_EXCLUDE_1_Does not test claim_NA_NA,citation,Sternula nereis,core_sources
(Doherty et al. 2016) core source_claim,(Tennent 2009)_INCLUDE_NA_Predation in support_no_no,citation,Microgoura meeki,core_sources
(Doherty et al. 2016) core source_claim,(Thiebot et al. 2014)_INCLUDE_NA_Predation not in support_no_no,citation,Diomedea amsterdamensis,core_sources
(Doherty et al. 2016) core source_claim,(Thorsen et al. 2002)_EXCLUDE_0_Opinion claim_NA_NA,citation,Ducula galeata,core_sources
(Doherty et al. 2016) core source_claim,(Tocher 2006)_EXCLUDE_1_Does not test claim_NA_NA,citation,Oligosoma otagense,core_sources
(Doherty et al. 2016) core source_claim,(Traill et al. 2011)_EXCLUDE_1_Opinion claim_NA_NA,citation,Xeromys myoides,core_sources
(Doherty et al. 2016) core source_claim,(USFWS 2004)_INCLUDE_NA_Predation in support_no_no,citation,Branta sandvicensis,core_sources
(Doherty et al. 2016) core source_claim,(UNEP World Conservation Monitoring Centre 2004)_EXCLUDE_0_Inaccessible_NA_NA,citation,Spheniscus humboldti,core_sources
(Doherty et al. 2016) core source_claim,(USFWS 1993)_EXCLUDE_0_Inaccessible_NA_NA,citation,Thamnophis gigas,core_sources
(Doherty et al. 2016) core source_claim,(USFWS 2013b)_EXCLUDE_0_Opinion claim_NA_NA,citation,Pterodroma cahow,core_sources
(Doherty et al. 2016) core source_claim,(USFWS 2005)_EXCLUDE_0_Inaccessible_NA_NA,citation,Anas wyvilliana,core_sources
(Doherty et al. 2016) core source_claim,(USFWS 2005)_EXCLUDE_0_Inaccessible_NA_NA,citation,Fulica alai,core_sources
(Doherty et al. 2016) core source_claim,(USFWS 1998a)_INCLUDE_NA_Predation in support_no_no,citation,Megapodius laperouse,core_sources
(Doherty et al. 2016) core source_claim,(USFWS 2009)_EXCLUDE_0_Opinion claim_NA_NA,citation,Corvus hawaiiensis,core_sources
(Doherty et al. 2016) core source_claim,(Mellado et al. 1997)_EXCLUDE_1_Opinion claim_NA_NA,citation,Podarcis lilfordi,core_sources
(Doherty et al. 2016) core source_claim,(Van Rensburg & Bester 1988)_INCLUDE_NA_Population in support_yes_yes,citation,Procellaria aequinoctialis,core_sources
(Doherty et al. 2016) core source_claim,(Veitch 1985)_EXCLUDE_0_Inaccessible_NA_NA,citation,Petroica traversi,core_sources
(Doherty et al. 2016) core source_claim,(Vázquez-Domínguez et al. 2004)_INCLUDE_NA_Predation in support_no_no,citation,Peromyscus guardia,core_sources
(Doherty et al. 2016) core source_claim,(Weston 2003)_INCLUDE_NA_Predation in support_no_no,citation,Thinornis cucullatus,core_sources
(Doherty et al. 2016) core source_claim,(Wiedenfeld & Jiménez-Uzcátegui 2008)_EXCLUDE_?_No claim_NA_NA,citation,Larus fuliginosus,core_sources
(Doherty et al. 2016) core source_claim,(Woinarski et al. 2014) core source_claim,citation,Bettongia penicillata,core_sources
(Doherty et al. 2016) core source_claim,(Woinarski et al. 2014) core source_claim,citation,Bettongia tropica,core_sources
(Doherty et al. 2016) core source_claim,(Woinarski et al. 2014) core source_claim,citation,Burramys parvus,core_sources
(Doherty et al. 2016) core source_claim,(Woinarski et al. 2014) core source_claim,citation,Caloprymnus campestris,core_sources
(Doherty et al. 2016) core source_claim,(Woinarski et al. 2014) core source_claim,citation,Chaeropus ecaudatus,core_sources
(Doherty et al. 2016) core source_claim,(Woinarski et al. 2014) core source_claim,citation,Crocidura trichura,core_sources
(Doherty et al. 2016) core source_claim,(Woinarski et al. 2014) core source_claim,citation,Dasyurus hallucatus,core_sources
(Doherty et al. 2016) core source_claim,(Woinarski et al. 2014) core source_claim,citation,Isoodon auratus,core_sources
(Doherty et al. 2016) core source_claim,(Woinarski et al. 2014) core source_claim,citation,Lagorchestes asomatus,core_sources
(Doherty et al. 2016) core source_claim,(Woinarski et al. 2014) core source_claim,citation,Lagostrophus fasciatus,core_sources
(Doherty et al. 2016) core source_claim,(Woinarski et al. 2014) core source_claim,citation,Leporillus apicalis,core_sources
(Doherty et al. 2016) core source_claim,(Woinarski et al. 2014) core source_claim,citation,Leporillus conditor,core_sources
(Doherty et al. 2016) core source_claim,(Woinarski et al. 2014) core source_claim,citation,Macrotis lagotis,core_sources
(Doherty et al. 2016) core source_claim,(Woinarski et al. 2014) core source_claim,citation,Macrotis leucura,core_sources
(Doherty et al. 2016) core source_claim,(Woinarski et al. 2014) core source_claim,citation,Myrmecobius fasciatus,core_sources
(Doherty et al. 2016) core source_claim,(Woinarski et al. 2014) core source_claim,citation,Notomys amplus,core_sources
(Doherty et al. 2016) core source_claim,(Woinarski et al. 2014) core source_claim,citation,Notomys aquilo,core_sources
(Doherty et al. 2016) core source_claim,(Woinarski et al. 2014) core source_claim,citation,Notomys cervinus,core_sources
(Doherty et al. 2016) core source_claim,(Woinarski et al. 2014) core source_claim,citation,Notomys longicaudatus,core_sources
(Doherty et al. 2016) core source_claim,(Woinarski et al. 2014) core source_claim,citation,Notomys macrotis,core_sources
(Doherty et al. 2016) core source_claim,(Woinarski et al. 2014) core source_claim,citation,Notomys mordax,core_sources
(Doherty et al. 2016) core source_claim,(Woinarski et al. 2014) core source_claim,citation,Onychogalea fraenata,core_sources
(Doherty et al. 2016) core source_claim,(Woinarski et al. 2014) core source_claim,citation,Onychogalea lunata,core_sources
(Doherty et al. 2016) core source_claim,(Woinarski et al. 2014) core source_claim,citation,Perameles bougainville,core_sources
(Doherty et al. 2016) core source_claim,(Woinarski et al. 2014) core source_claim,citation,Perameles eremiana,core_sources
(Doherty et al. 2016) core source_claim,(Woinarski et al. 2014) core source_claim,citation,Phascogale pirata,core_sources
(Doherty et al. 2016) core source_claim,(Woinarski et al. 2014) core source_claim,citation,Potorous gilbertii,core_sources
(Doherty et al. 2016) core source_claim,(Woinarski et al. 2014) core source_claim,citation,Pseudantechinus mimulus,core_sources
(Doherty et al. 2016) core source_claim,(Woinarski et al. 2014) core source_claim,citation,Pseudocheirus occidentalis,core_sources
(Doherty et al. 2016) core source_claim,(Woinarski et al. 2014) core source_claim,citation,Pseudomys australis,core_sources
(Doherty et al. 2016) core source_claim,(Woinarski et al. 2014) core source_claim,citation,Pseudomys calabyi,core_sources
(Doherty et al. 2016) core source_claim,(Woinarski et al. 2014) core source_claim,citation,Pseudomys fieldi,core_sources
(Doherty et al. 2016) core source_claim,(Woinarski et al. 2014) core source_claim,citation,Pseudomys fumeus,core_sources
(Doherty et al. 2016) core source_claim,(Woinarski et al. 2014) core source_claim,citation,Pseudomys glaucus,core_sources
(Doherty et al. 2016) core source_claim,(Woinarski et al. 2014) core source_claim,citation,Pseudomys gouldii,core_sources
(Doherty et al. 2016) core source_claim,(Woinarski et al. 2014) core source_claim,citation,Pseudomys oralis,core_sources
(Doherty et al. 2016) core source_claim,(Woinarski et al. 2014) core source_claim,citation,Pteropus melanotus,core_sources
(Doherty et al. 2016) core source_claim,(Woinarski et al. 2014) core source_claim,citation,Setonix brachyurus,core_sources
(Doherty et al. 2016) core source_claim,(Woinarski et al. 2014) core source_claim,citation,Sminthopsis butleri,core_sources
(Doherty et al. 2016) core source_claim,(Woinarski et al. 2014) core source_claim,citation,Sminthopsis psammophila,core_sources
(Doherty et al. 2016) core source_claim,(Woinarski et al. 2014) core source_claim,citation,Xeromys myoides,core_sources
(Doherty et al. 2016) core source_claim,(Woinarski et al. 2014) core source_claim,citation,Zyzomys palatalis,core_sources
(Doherty et al. 2016) core source_claim,(Woinarski et al. 2014) core source_claim,citation,Conilurus albipes,core_sources
(Doherty et al. 2016) core source_claim,(Woinarski et al. 2011a)_INCLUDE_NA_Population in support_no_no,citation,Phascogale pirata,core_sources
(Doherty et al. 2016) core source_claim,(Woinarski et al. 2011a)_INCLUDE_NA_Population not in support_yes_no,citation,Phascogale pirata,core_sources
(Doherty et al. 2016) core source_claim,(Yamada et al. 2010)_INCLUDE_NA_Predation in support_no_no,citation,Tokudaia muenninki,core_sources
(Doherty et al. 2016) core source_claim,(Zino et al. 2001)_INCLUDE_NA_Predation in support_no_no,citation,Pterodroma madeira,core_sources
(Dowding & Kennedy 1993)_EXCLUDE_1_Opinion claim_NA_NA,(Fleming 1939)_EXCLUDE_?_No claim_NA_NA,citation,Thinornis novaeseelandiae,snowball
(Dowding & Murphy 2001)_INCLUDE_NA_Population in support_yes_no,(Collar et al. 1994)_EXCLUDE_0_Inaccessible_NA_NA,citation,Haematopus chathamensis,snowball
(Dowding & Murphy 2001)_EXCLUDE_1_Opinion claim_NA_NA,(Collar et al. 1994)_EXCLUDE_0_Inaccessible_NA_NA,citation,Haematopus chathamensis,snowball
(Dowding & Murphy 2001)_EXCLUDE_1_No claim_NA_NA,(Collar et al. 1994)_EXCLUDE_0_Inaccessible_NA_NA,citation,Haematopus chathamensis,snowball
(Dowding & Murphy 2001)_EXCLUDE_?_Inaccessible_NA_NA,(Collar et al. 1994)_EXCLUDE_0_Inaccessible_NA_NA,citation,Haematopus chathamensis,snowball
(Dowding & Murphy 2001)_INCLUDE_NA_Population in support_no_no,(Collar et al. 1994)_EXCLUDE_0_Inaccessible_NA_NA,citation,Haematopus chathamensis,snowball
(Dowding & Murphy 2001)_INCLUDE_NA_Population not in support_no_no,(Collar et al. 1994)_EXCLUDE_0_Inaccessible_NA_NA,citation,Haematopus chathamensis,snowball
(Dowding & Murphy 2001)_INCLUDE_NA_Population in support_yes_no,(Higgins & Davies 1996)_EXCLUDE_?_Inaccessible_NA_NA,citation,Coenocorypha pusilla,snowball
(Dowding & Murphy 2001)_EXCLUDE_1_Opinion claim_NA_NA,(Higgins & Davies 1996)_EXCLUDE_?_Inaccessible_NA_NA,citation,Coenocorypha pusilla,snowball
(Dowding & Murphy 2001)_EXCLUDE_1_No claim_NA_NA,(Higgins & Davies 1996)_EXCLUDE_?_Inaccessible_NA_NA,citation,Coenocorypha pusilla,snowball
(Dowding & Murphy 2001)_EXCLUDE_?_Inaccessible_NA_NA,(Higgins & Davies 1996)_EXCLUDE_?_Inaccessible_NA_NA,citation,Coenocorypha pusilla,snowball
(Dowding & Murphy 2001)_INCLUDE_NA_Population in support_no_no,(Higgins & Davies 1996)_EXCLUDE_?_Inaccessible_NA_NA,citation,Coenocorypha pusilla,snowball
(Dowding & Murphy 2001)_INCLUDE_NA_Population not in support_no_no,(Higgins & Davies 1996)_EXCLUDE_?_Inaccessible_NA_NA,citation,Coenocorypha pusilla,snowball
(Dowding & Murphy 2001)_INCLUDE_NA_Population in support_yes_no,(Miskelly 1988)_INCLUDE_NA_Population not in support_no_no,citation,Coenocorypha barrierensis,snowball
(Dowding & Murphy 2001)_EXCLUDE_1_Opinion claim_NA_NA,(Miskelly 1988)_INCLUDE_NA_Population not in support_no_no,citation,Coenocorypha barrierensis,snowball
(Dowding & Murphy 2001)_EXCLUDE_1_No claim_NA_NA,(Miskelly 1988)_INCLUDE_NA_Population not in support_no_no,citation,Coenocorypha barrierensis,snowball
(Dowding & Murphy 2001)_EXCLUDE_?_Inaccessible_NA_NA,(Miskelly 1988)_INCLUDE_NA_Population not in support_no_no,citation,Coenocorypha barrierensis,snowball
(Dowding & Murphy 2001)_INCLUDE_NA_Population in support_no_no,(Miskelly 1988)_INCLUDE_NA_Population not in support_no_no,citation,Coenocorypha barrierensis,snowball
(Dowding & Murphy 2001)_INCLUDE_NA_Population not in support_no_no,(Miskelly 1988)_INCLUDE_NA_Population not in support_no_no,citation,Coenocorypha barrierensis,snowball
(Dowding & Murphy 2001)_INCLUDE_NA_Population in support_yes_no,(Miskelly 1987)_INCLUDE_NA_Population not in support_no_no,citation,Coenocorypha aucklandica,snowball
(Dowding & Murphy 2001)_EXCLUDE_1_Opinion claim_NA_NA,(Miskelly 1987)_INCLUDE_NA_Population not in support_no_no,citation,Coenocorypha aucklandica,snowball
(Dowding & Murphy 2001)_EXCLUDE_1_No claim_NA_NA,(Miskelly 1987)_INCLUDE_NA_Population not in support_no_no,citation,Coenocorypha aucklandica,snowball
(Dowding & Murphy 2001)_EXCLUDE_?_Inaccessible_NA_NA,(Miskelly 1987)_INCLUDE_NA_Population not in support_no_no,citation,Coenocorypha aucklandica,snowball
(Dowding & Murphy 2001)_INCLUDE_NA_Population in support_no_no,(Miskelly 1987)_INCLUDE_NA_Population not in support_no_no,citation,Coenocorypha aucklandica,snowball
(Dowding & Murphy 2001)_INCLUDE_NA_Population not in support_no_no,(Miskelly 1987)_INCLUDE_NA_Population not in support_no_no,citation,Coenocorypha aucklandica,snowball
(Dowding & Murphy 2001)_INCLUDE_NA_Population in support_yes_no,(Miskelly 1987)_INCLUDE_NA_Population not in support_yes_no,citation,Coenocorypha aucklandica,snowball
(Dowding & Murphy 2001)_EXCLUDE_1_Opinion claim_NA_NA,(Miskelly 1987)_INCLUDE_NA_Population not in support_yes_no,citation,Coenocorypha aucklandica,snowball
(Dowding & Murphy 2001)_EXCLUDE_1_No claim_NA_NA,(Miskelly 1987)_INCLUDE_NA_Population not in support_yes_no,citation,Coenocorypha aucklandica,snowball
(Dowding & Murphy 2001)_EXCLUDE_?_Inaccessible_NA_NA,(Miskelly 1987)_INCLUDE_NA_Population not in support_yes_no,citation,Coenocorypha aucklandica,snowball
(Dowding & Murphy 2001)_INCLUDE_NA_Population in support_no_no,(Miskelly 1987)_INCLUDE_NA_Population not in support_yes_no,citation,Coenocorypha aucklandica,snowball
(Dowding & Murphy 2001)_INCLUDE_NA_Population not in support_no_no,(Miskelly 1987)_INCLUDE_NA_Population not in support_yes_no,citation,Coenocorypha aucklandica,snowball
(Dowding & Murphy 2001)_INCLUDE_NA_Population in support_yes_no,(Miskelly 1987)_INCLUDE_NA_Population in support_yes_no,citation,Coenocorypha pusilla,snowball
(Dowding & Murphy 2001)_EXCLUDE_1_Opinion claim_NA_NA,(Miskelly 1987)_INCLUDE_NA_Population in support_yes_no,citation,Coenocorypha pusilla,snowball
(Dowding & Murphy 2001)_EXCLUDE_1_No claim_NA_NA,(Miskelly 1987)_INCLUDE_NA_Population in support_yes_no,citation,Coenocorypha pusilla,snowball
(Dowding & Murphy 2001)_EXCLUDE_?_Inaccessible_NA_NA,(Miskelly 1987)_INCLUDE_NA_Population in support_yes_no,citation,Coenocorypha pusilla,snowball
(Dowding & Murphy 2001)_INCLUDE_NA_Population in support_no_no,(Miskelly 1987)_INCLUDE_NA_Population in support_yes_no,citation,Coenocorypha pusilla,snowball
(Dowding & Murphy 2001)_INCLUDE_NA_Population not in support_no_no,(Miskelly 1987)_INCLUDE_NA_Population in support_yes_no,citation,Coenocorypha pusilla,snowball
(Dowding & Murphy 2001)_INCLUDE_NA_Population in support_yes_no,(Veitch 1985)_EXCLUDE_0_Inaccessible_NA_NA,citation,Coenocorypha aucklandica,snowball
(Dowding & Murphy 2001)_EXCLUDE_1_Opinion claim_NA_NA,(Veitch 1985)_EXCLUDE_0_Inaccessible_NA_NA,citation,Coenocorypha aucklandica,snowball
(Dowding & Murphy 2001)_EXCLUDE_1_No claim_NA_NA,(Veitch 1985)_EXCLUDE_0_Inaccessible_NA_NA,citation,Coenocorypha aucklandica,snowball
(Dowding & Murphy 2001)_EXCLUDE_?_Inaccessible_NA_NA,(Veitch 1985)_EXCLUDE_0_Inaccessible_NA_NA,citation,Coenocorypha aucklandica,snowball
(Dowding & Murphy 2001)_INCLUDE_NA_Population in support_no_no,(Veitch 1985)_EXCLUDE_0_Inaccessible_NA_NA,citation,Coenocorypha aucklandica,snowball
(Dowding & Murphy 2001)_INCLUDE_NA_Population not in support_no_no,(Veitch 1985)_EXCLUDE_0_Inaccessible_NA_NA,citation,Coenocorypha aucklandica,snowball
(Ekstrom et al. 2002)_EXCLUDE_1_No claim_NA_NA,(Steadman 1995)_EXCLUDE_1_No claim_NA_NA,citation,Gallirallus lafresnayanus,snowball
(Engeman et al. 2006)_EXCLUDE_1_Opinion claim_NA_NA,(Fuller 2001)_EXCLUDE_?_Inaccessible_NA_NA,citation,Traversia lyalli,snowball
(Engeman et al. 2006)_EXCLUDE_1_Opinion claim_NA_NA,(Tidemann et al. 1994)_INCLUDE_NA_Predation in support_no_no,citation,Pteropus melanotus,snowball
(Engeman et al. 2006)_EXCLUDE_1_Opinion claim_NA_NA,(Vázquez-Domínguez et al. 2004)_INCLUDE_NA_Predation in support_no_no,citation,Peromyscus guardia,snowball
(Ferreira & Taylor 2003)_EXCLUDE_1_Opinion claim_NA_NA,(Barker 1999)_EXCLUDE_0_Inaccessible_NA_NA,citation,Anas chlorotis,snowball
(Ferreira & Taylor 2003)_EXCLUDE_1_Opinion claim_NA_NA,"D. Barker, pers. Comm._EXCLUDE_0_Inaccessible_NA_NA",citation,Anas chlorotis,snowball
(Ferreira & Taylor 2003)_EXCLUDE_1_Opinion claim_NA_NA,"D. Barker, pers. comm._EXCLUDE_0_Inaccessible_NA_NA",citation,Anas chlorotis,snowball
(Flores Ravelo & Rando Reyes 2021)_INCLUDE_NA_Predation in support_no_no,(Ginovés et al. 2005)_EXCLUDE_0_Inaccessible_NA_NA,citation,Gallotia intermedia,snowball
(Galbreath & Brown 2004)_INCLUDE_NA_Predation in support_no_no,(Holdaway 1996)_EXCLUDE_?_Inaccessible_NA_NA,citation,Traversia lyalli,snowball
(Galbreath & Brown 2004)_INCLUDE_NA_Population in support_no_no,(Holdaway 1996)_EXCLUDE_?_Inaccessible_NA_NA,citation,Traversia lyalli,snowball
(Galbreath & Brown 2004)_INCLUDE_NA_Predation in support_no_no,(Hutton 1904)_EXCLUDE_0_Inaccessible_NA_NA,citation,Traversia lyalli,snowball
(Galbreath & Brown 2004)_INCLUDE_NA_Population in support_no_no,(Hutton 1904)_EXCLUDE_0_Inaccessible_NA_NA,citation,Traversia lyalli,snowball
(Galbreath & Brown 2004)_INCLUDE_NA_Predation in support_no_no,(Medway 1972)_EXCLUDE_0_Inaccessible_NA_NA,citation,Traversia lyalli,snowball
(Galbreath & Brown 2004)_INCLUDE_NA_Population in support_no_no,(Medway 1972)_EXCLUDE_0_Inaccessible_NA_NA,citation,Traversia lyalli,snowball
(Galbreath & Brown 2004)_INCLUDE_NA_Predation in support_no_no,(Thomson 1992)_EXCLUDE_?_Opinion claim_NA_NA,citation,Traversia lyalli,snowball
(Galbreath & Brown 2004)_INCLUDE_NA_Population in support_no_no,(Thomson 1992)_EXCLUDE_?_Opinion claim_NA_NA,citation,Traversia lyalli,snowball
(Galbreath & Brown 2004)_INCLUDE_NA_Predation in support_no_no,(Worthy & Holdaway 2002)_EXCLUDE_?_Inaccessible_NA_NA,citation,Traversia lyalli,snowball
(Galbreath & Brown 2004)_INCLUDE_NA_Population in support_no_no,(Worthy & Holdaway 2002)_EXCLUDE_?_Inaccessible_NA_NA,citation,Traversia lyalli,snowball
(Garnett & Baker 2021) core source_claim,(Baird & Dann 2003)_EXCLUDE_1_Opinion claim_NA_NA,citation,Thinornis cucullatus,core_sources
(Garnett & Baker 2021) core source_claim,(Bell 1990)_EXCLUDE_0_Inaccessible_NA_NA,citation,Petroica multicolor,core_sources
(Garnett & Baker 2021) core source_claim,(Bell 1990)_EXCLUDE_0_Inaccessible_NA_NA,citation,Zosterops tenuirostris,core_sources
(Garnett & Baker 2021) core source_claim,(BirdLife International 2018)_EXCLUDE_0_Opinion claim_NA_NA,citation,Thalassarche steadi,core_sources
(Garnett & Baker 2021) core source_claim,(Burbidge et al. 2010)_EXCLUDE_0_Inaccessible_NA_NA,citation,Dasyornis longirostris,core_sources
(Garnett & Baker 2021) core source_claim,(Veitch et al. 2004)_EXCLUDE_1_Opinion claim_NA_NA,citation,Pterodroma cervicalis,core_sources
(Garnett & Baker 2021) core source_claim,(Comer & Danks 2000)_EXCLUDE_0_No claim_NA_NA,citation,Atrichornis clamosus,core_sources
(Garnett & Baker 2021) core source_claim,(Danks 1997)_EXCLUDE_1_No claim_NA_NA,citation,Atrichornis clamosus,core_sources
(Garnett & Baker 2021) core source_claim,Director of National Parks unpublished_EXCLUDE_0_Inaccessible_NA_NA,citation,Petroica multicolor,core_sources
(Garnett & Baker 2021) core source_claim,Director of National Parks unpublished_EXCLUDE_0_Inaccessible_NA_NA,citation,Zosterops tenuirostris,core_sources
(Garnett & Baker 2021) core source_claim,(Bell et al. 2018)_INCLUDE_NA_Predation in support_no_no,citation,Procellaria parkinsoni,core_sources
(Garnett & Baker 2021) core source_claim,(Gilfillan et al. 2009)_EXCLUDE_0_Opinion claim_NA_NA,citation,Dasyornis longirostris,core_sources
(Garnett & Baker 2021) core source_claim,(Hanisch 1998)_EXCLUDE_0_Inaccessible_NA_NA,citation,Thinornis cucullatus,core_sources
(Garnett & Baker 2021) core source_claim,(Lindenmayer et al. 2009)_EXCLUDE_1_No claim_NA_NA,citation,Dasyornis brachypterus,core_sources
(Garnett & Baker 2021) core source_claim,(Maguire et al. 2013)_EXCLUDE_0_Opinion claim_NA_NA,citation,Thinornis cucullatus,core_sources
(Garnett & Baker 2021) core source_claim,N Dexter unpublished_EXCLUDE_0_Inaccessible_NA_NA,citation,Dasyornis brachypterus,core_sources
(Garnett & Baker 2021) core source_claim,NOTHING_EXCLUDE_NA_No citation given_NA_NA Botaurus poiciloptilus,citation,Botaurus poiciloptilus,core_sources
(Garnett & Baker 2021) core source_claim,NOTHING_EXCLUDE_NA_No citation given_NA_NA Diomedea antipodensis,citation,Diomedea antipodensis,core_sources
(Garnett & Baker 2021) core source_claim,NOTHING_EXCLUDE_NA_No citation given_NA_NA Leipoa ocellata,citation,Leipoa ocellata,core_sources
(Garnett & Baker 2021) core source_claim,NOTHING_EXCLUDE_NA_No citation given_NA_NA Neophema chrysogaster,citation,Neophema chrysogaster,core_sources
(Garnett & Baker 2021) core source_claim,NOTHING_EXCLUDE_NA_No citation given_NA_NA Procellaria aequinoctialis,citation,Procellaria aequinoctialis,core_sources
(Garnett & Baker 2021) core source_claim,NOTHING_EXCLUDE_NA_No citation given_NA_NA Procellaria parkinsoni,citation,Procellaria parkinsoni,core_sources
(Garnett & Baker 2021) core source_claim,NOTHING_EXCLUDE_NA_No citation given_NA_NA Pterodroma leucoptera,citation,Pterodroma leucoptera,core_sources
(Garnett & Baker 2021) core source_claim,NOTHING_EXCLUDE_NA_No citation given_NA_NA Sterna striata,citation,Sterna striata,core_sources
(Garnett & Baker 2021) core source_claim,NOTHING_EXCLUDE_NA_No citation given_NA_NA Sternula nereis,citation,Sternula nereis,core_sources
(Garnett & Baker 2021) core source_claim,NOTHING_EXCLUDE_NA_No citation given_NA_NA Zosterops albogularis,citation,Zosterops albogularis,core_sources
(Garnett & Baker 2021) core source_claim,(Palmas et al. 2017)_INCLUDE_NA_Predation in support_no_no,citation,Pseudobulweria rostrata,core_sources
(Garnett & Baker 2021) core source_claim,(Pavey et al. 2008b)_INCLUDE_NA_Population not in support_yes_no,citation,Elanus scriptus,core_sources
(Garnett & Baker 2021) core source_claim,(Pavey et al. 2008a)_EXCLUDE_1_No claim_NA_NA,citation,Elanus scriptus,core_sources
(Garnett & Baker 2021) core source_claim,(Threatened Species Scientific Committee 2016a)_INCLUDE_NA_Predation not in support_no_no,citation,Amytornis dorotheae,core_sources
(Garnett & Baker 2021) core source_claim,(Weston 2003)_INCLUDE_NA_Predation in support_no_no,citation,Thinornis cucullatus,core_sources
(Garnett & Baker 2021) core source_claim,(White 1922)_EXCLUDE_0_Inaccessible_NA_NA,citation,Turnix olivii,core_sources
(Garnett & Baker 2021) core source_claim,(Woinarski et al. 2017)_EXCLUDE_1_Opinion claim_NA_NA,citation,Dasyornis brachypterus,core_sources
(Garnett et al. 2011) core source_claim,(Ashby 1924)_EXCLUDE_?_Inaccessible_NA_NA,citation,Pezoporus occidentalis,core_sources
(Garnett et al. 2011) core source_claim,(Bell 1990)_EXCLUDE_0_Inaccessible_NA_NA,citation,Zosterops tenuirostris,core_sources
(Garnett et al. 2011) core source_claim,(Burbidge et al. 2010)_EXCLUDE_0_Inaccessible_NA_NA,citation,Dasyornis longirostris,core_sources
(Garnett et al. 2011) core source_claim,(Comer & Danks 2000)_EXCLUDE_0_No claim_NA_NA,citation,Atrichornis clamosus,core_sources
(Garnett et al. 2011) core source_claim,(Danks 1997)_EXCLUDE_1_No claim_NA_NA,citation,Atrichornis clamosus,core_sources
(Garnett et al. 2011) core source_claim,(Gilfillan et al. 2009)_EXCLUDE_0_Opinion claim_NA_NA,citation,Dasyornis longirostris,core_sources
(Garnett et al. 2011) core source_claim,(Lindenmayer et al. 2009)_EXCLUDE_1_No claim_NA_NA,citation,Dasyornis brachypterus,core_sources
(Garnett et al. 2011) core source_claim,(Mathieson & Smith 2009b)_EXCLUDE_0_No claim_NA_NA,citation,Turnix melanogaster,core_sources
(Garnett et al. 2011) core source_claim,NOTHING_EXCLUDE_NA_No citation given_NA_NA Diomedea antipodensis,citation,Diomedea antipodensis,core_sources
(Garnett et al. 2011) core source_claim,NOTHING_EXCLUDE_NA_No citation given_NA_NA Diomedea epomophora,citation,Diomedea epomophora,core_sources
(Garnett et al. 2011) core source_claim,NOTHING_EXCLUDE_NA_No citation given_NA_NA Diomedea exulans,citation,Diomedea exulans,core_sources
(Garnett et al. 2011) core source_claim,NOTHING_EXCLUDE_NA_No citation given_NA_NA Leipoa ocellata,citation,Leipoa ocellata,core_sources
(Garnett et al. 2011) core source_claim,NOTHING_EXCLUDE_NA_No citation given_NA_NA Petroica multicolor,citation,Petroica multicolor,core_sources
(Garnett et al. 2011) core source_claim,NOTHING_EXCLUDE_NA_No citation given_NA_NA Phoebetria fusca,citation,Phoebetria fusca,core_sources
(Garnett et al. 2011) core source_claim,NOTHING_EXCLUDE_NA_No citation given_NA_NA Phoebetria palpebrata,citation,Phoebetria palpebrata,core_sources
(Garnett et al. 2011) core source_claim,NOTHING_EXCLUDE_NA_No citation given_NA_NA Sterna striata,citation,Sterna striata,core_sources
(Garnett et al. 2011) core source_claim,NOTHING_EXCLUDE_NA_No citation given_NA_NA Thalassarche steadi,citation,Thalassarche steadi,core_sources
(Garnett et al. 2011) core source_claim,NOTHING_EXCLUDE_NA_No citation given_NA_NA Turnix olivii,citation,Turnix olivii,core_sources
(Garnett et al. 2011) core source_claim,NOTHING_EXCLUDE_NA_No citation given_NA_NA Zosterops albogularis,citation,Zosterops albogularis,core_sources
(Garnett et al. 2011) core source_claim,(Pavey et al. 2008b)_INCLUDE_NA_Population not in support_yes_no,citation,Elanus scriptus,core_sources
(Garnett et al. 2011) core source_claim,(Pavey et al. 2008a)_EXCLUDE_1_No claim_NA_NA,citation,Elanus scriptus,core_sources
(Garnett et al. 2011) core source_claim,(Rounsevell & Brothers 1984)_EXCLUDE_0_Inaccessible_NA_NA,citation,Procellaria cinerea,core_sources
(Garnett et al. 2011) core source_claim,(Villard et al. 2006)_EXCLUDE_1_Opinion claim_NA_NA,citation,Pseudobulweria rostrata,core_sources
(Garnett et al. 2011) core source_claim,(Whitlock 1924)_EXCLUDE_?_Inaccessible_NA_NA,citation,Pezoporus occidentalis,core_sources
(Gentile et al. 2015)_INCLUDE_NA_Predation in support_no_no,(Woram 1991)_EXCLUDE_1_No claim_NA_NA,citation,Conolophus subcristatus,snowball
(Gerber 1995)_EXCLUDE_0_Inaccessible_NA_NA,(Iverson 1979)_EXCLUDE_1_Inaccessible_NA_NA,citation,Cyclura carinata,snowball
(Gerbracht 2021)_EXCLUDE_0_No claim_NA_NA,(Olson 1984)_EXCLUDE_?_No claim_NA_NA,citation,Melopyrrha grandis,snowball
(Glen et al. 2009)_EXCLUDE_1_No claim_NA_NA,(Glen et al. 2010)_INCLUDE_NA_Predation in support_no_no,citation,Dasyurus geoffroii,snowball
(Glen et al. 2009)_EXCLUDE_1_No claim_NA_NA,(Mathew 1996)_EXCLUDE_0_No claim_NA_NA,citation,Dasyurus geoffroii,snowball
(Glen et al. 2009)_EXCLUDE_1_No claim_NA_NA,(Morris et al. 2003)_EXCLUDE_?_No claim_NA_NA,citation,Dasyurus geoffroii,snowball
(Gonzalez 2014)_EXCLUDE_1_Opinion claim_NA_NA,(Hahn et al. 2004)_EXCLUDE_1_Opinion claim_NA_NA,citation,Aphrastura masafuerae,snowball
(Gonzalez 2014)_EXCLUDE_1_Opinion claim_NA_NA,(Tomasevic et al. 2010)_EXCLUDE_1_Opinion claim_NA_NA,citation,Aphrastura masafuerae,snowball
(Grant et al. 1997)_EXCLUDE_1_Opinion claim_NA_NA,(Powlesland et al. 1994)_EXCLUDE_0_Inaccessible_NA_NA,citation,Hemiphaga chathamensis,snowball
(Grant et al. 2000)_EXCLUDE_1_Opinion claim_NA_NA,(Swarth 1931)_EXCLUDE_1_Inaccessible_NA_NA,citation,Mimus trifasciatus,snowball
(Green 1992)_EXCLUDE_1_Opinion claim_NA_NA,(Stahl et al. 1984)_EXCLUDE_1_Not in English or Spanish_NA_NA,citation,Anas eatoni,snowball
(Griesemer & Holmes 2011)_INCLUDE_NA_Predation in support_no_no,(Ainley et al. 2001)_INCLUDE_NA_Predation in support_no_no,citation,Puffinus newelli,snowball
(Griesemer & Holmes 2011)_INCLUDE_NA_Predation in support_no_no,(Ainley et al. 1995)_EXCLUDE_0_Inaccessible_NA_NA,citation,Puffinus newelli,snowball
(Griesemer & Holmes 2011)_INCLUDE_NA_Predation in support_no_no,(Bell et al. 2007)_EXCLUDE_0_Inaccessible_NA_NA,citation,Procellaria parkinsoni,snowball
(Griesemer & Holmes 2011)_INCLUDE_NA_Predation in support_no_no,(Cooper et al. 1995)_INCLUDE_NA_Population not in support_yes_no,citation,Procellaria aequinoctialis,snowball
(Griesemer & Holmes 2011)_INCLUDE_NA_Predation in support_no_no,(Bonnaud et al. 2009)_INCLUDE_NA_Predation in support_no_no,citation,Puffinus yelkouan,snowball
(Griesemer & Holmes 2011)_INCLUDE_NA_Predation in support_no_no,(Imber 1987)_INCLUDE_NA_Predation in support_no_no,citation,Procellaria parkinsoni,snowball
(Griesemer & Holmes 2011)_INCLUDE_NA_Predation in support_no_no,(Cruz & Cruz 1987)_INCLUDE_NA_Predation in support_no_no,citation,Pterodroma phaeopygia,snowball
(Griesemer & Holmes 2011)_INCLUDE_NA_Predation in support_no_no,(Keitt et al. 2002)_EXCLUDE_?_Opinion claim_NA_NA,citation,Puffinus opisthomelas,snowball
(Griesemer & Holmes 2011)_INCLUDE_NA_Predation in support_no_no,(Imber et al. 2003)_INCLUDE_NA_Predation in support_no_no,citation,Pterodroma cookii,snowball
(Griesemer & Holmes 2011)_INCLUDE_NA_Predation in support_no_no,(Hodges & Nagata Sr 2001)_INCLUDE_NA_Predation in support_no_no,citation,Pterodroma sandwichensis,snowball
(Griesemer & Holmes 2011)_INCLUDE_NA_Predation in support_no_no,(Hodges & Nagata Sr 2001)_INCLUDE_NA_Population in support_yes_yes,citation,Pterodroma sandwichensis,snowball
(Griesemer & Holmes 2011)_INCLUDE_NA_Predation in support_no_no,(Newton & Fugler 1989)_EXCLUDE_0_Opinion claim_NA_NA,citation,Procellaria cinerea,snowball
(Griesemer & Holmes 2011)_INCLUDE_NA_Predation in support_no_no,(Oro et al. 2004)_EXCLUDE_1_Opinion claim_NA_NA,citation,Puffinus mauretanicus,snowball
(Griesemer & Holmes 2011)_INCLUDE_NA_Predation in support_no_no,(Simons 1985)_INCLUDE_NA_Predation in support_no_no,citation,Pterodroma sandwichensis,snowball
(Griesemer & Holmes 2011)_INCLUDE_NA_Predation in support_no_no,(Telfer 1986)_EXCLUDE_0_Inaccessible_NA_NA,citation,Puffinus newelli,snowball
(Griesemer & Holmes 2011)_INCLUDE_NA_Predation in support_no_no,(Cooper et al. 2006)_EXCLUDE_0_No claim_NA_NA,citation,Procellaria westlandica,snowball
(Guo et al. 2020)_EXCLUDE_1_Opinion claim_NA_NA,(BirdLife International 2023)_EXCLUDE_0_Opinion claim_NA_NA,citation,Eurostopodus nigripennis,snowball
(Guo et al. 2020)_EXCLUDE_1_Opinion claim_NA_NA,(Read 2013)_EXCLUDE_1_No claim_NA_NA,citation,Eurostopodus nigripennis,snowball
(Gustafson 2020)_EXCLUDE_0_Opinion claim_NA_NA,(Biteman et al. 2015)_EXCLUDE_0_Inaccessible_NA_NA,citation,Lanius ludovicianus,snowball
(Hahn & Römer 2002)_INCLUDE_NA_Predation in support_no_no,(Brooke 1987a)_EXCLUDE_0_Inaccessible_NA_NA,citation,Anairetes fernandezianus,snowball
(Hahn & Römer 2002)_EXCLUDE_0_No claim_NA_NA,(Brooke 1987a)_EXCLUDE_0_Inaccessible_NA_NA,citation,Anairetes fernandezianus,snowball
(Hansen 2006)_EXCLUDE_0_Opinion claim_NA_NA,(Cumming 1991)_EXCLUDE_0_Inaccessible_NA_NA,citation,Sternula nereis,snowball
(Hansen 2006)_EXCLUDE_0_Opinion claim_NA_NA,(Dowding & Murphy 2001)_EXCLUDE_1_No claim_NA_NA,citation,Sternula nereis,snowball
(Harlow & Biciloa 2001)_EXCLUDE_1_Opinion claim_NA_NA,(Iverson 1978)_INCLUDE_NA_Predation in support_no_no,citation,Cyclura carinata,snowball
(Hess 2014) core source_claim,(Nogales et al. 2004)_EXCLUDE_1_Opinion claim_NA_NA,citation,Ptychoramphus aleuticus,core_sources
(Hess 2014) core source_claim,(Nogales et al. 2004)_EXCLUDE_1_Opinion claim_NA_NA,citation,Puffinus opisthomelas,core_sources
(Hess 2014) core source_claim,(Young et al. 2013)_EXCLUDE_1_Opinion claim_NA_NA,citation,Phoebastria immutabilis,core_sources
(Hohnen et al. 2016a)_EXCLUDE_1_Opinion claim_NA_NA,(Woinarski et al. 2011b)_EXCLUDE_1_No claim_NA_NA,citation,Wyulda squamicaudata,snowball
(Hollis 2011)_EXCLUDE_0_No claim_NA_NA,(Malone 1985)_EXCLUDE_1_Inaccessible_NA_NA,citation,Philoria frosti,snowball
(Honegger 1981)_EXCLUDE_1_Opinion claim_NA_NA,"A. Schwartz, pers. Comm_EXCLUDE_0_Inaccessible_NA_NA",citation,Leiocephalus eremitus,snowball
(Hume 2017) core source_claim,(Buller & Keulemans 1905)_INCLUDE_NA_Predation in support_no_no,citation,Traversia lyalli,core_sources
(Hume 2017) core source_claim,(Buller & Keulemans 1905)_INCLUDE_NA_Population in support_no_no,citation,Traversia lyalli,core_sources
(Hume 2017) core source_claim,(Cheke & Hume 2008)_EXCLUDE_0_Opinion claim_NA_NA,citation,Aphanapteryx bonasia,core_sources
(Hume 2017) core source_claim,Galbreath 1989_EXCLUDE_0_Inaccessible_NA_NA,citation,Traversia lyalli,core_sources
(Hume 2017) core source_claim,(Galbreath & Brown 2004)_INCLUDE_NA_Predation in support_no_no,citation,Traversia lyalli,core_sources
(Hume 2017) core source_claim,(Galbreath & Brown 2004)_INCLUDE_NA_Population in support_no_no,citation,Traversia lyalli,core_sources
(Hume 2017) core source_claim,(Gibbs et al. 2001)_EXCLUDE_0_Inaccessible_NA_NA,citation,Ptilinopus mercierii,core_sources
(Hume 2017) core source_claim,(Greenway 1967)_EXCLUDE_0_Inaccessible_NA_NA,citation,Gallirallus lafresnayanus,core_sources
(Hume 2017) core source_claim,(Greenway 1967)_EXCLUDE_0_Inaccessible_NA_NA,citation,Pareudiastes pacificus,core_sources
(Hume 2017) core source_claim,(IUCN 2025) core source_claim,citation,Prosobonia cancellata,core_sources
(Hume 2017) core source_claim,NOTHING_EXCLUDE_NA_No citation given_NA_NA Acrocephalus longirostris,citation,Acrocephalus longirostris,core_sources
(Hume 2017) core source_claim,NOTHING_EXCLUDE_NA_No citation given_NA_NA Acrocephalus yamashinae,citation,Acrocephalus yamashinae,core_sources
(Hume 2017) core source_claim,NOTHING_EXCLUDE_NA_No citation given_NA_NA Alopochen mauritiana,citation,Alopochen mauritiana,core_sources
(Hume 2017) core source_claim,NOTHING_EXCLUDE_NA_No citation given_NA_NA Anthornis melanocephala,citation,Anthornis melanocephala,core_sources
(Hume 2017) core source_claim,NOTHING_EXCLUDE_NA_No citation given_NA_NA Cabalus modestus,citation,Cabalus modestus,core_sources
(Hume 2017) core source_claim,NOTHING_EXCLUDE_NA_No citation given_NA_NA Carpodacus ferreorostris,citation,Carpodacus ferreorostris,core_sources
(Hume 2017) core source_claim,NOTHING_EXCLUDE_NA_No citation given_NA_NA Coturnix novaezelandiae,citation,Coturnix novaezelandiae,core_sources
(Hume 2017) core source_claim,NOTHING_EXCLUDE_NA_No citation given_NA_NA Dryolimnas augusti,citation,Dryolimnas augusti,core_sources
(Hume 2017) core source_claim,NOTHING_EXCLUDE_NA_No citation given_NA_NA Hypotaenidia pacifica,citation,Hypotaenidia pacifica,core_sources
(Hume 2017) core source_claim,NOTHING_EXCLUDE_NA_No citation given_NA_NA Hypotaenidia poeciloptera,citation,Hypotaenidia poeciloptera,core_sources
(Hume 2017) core source_claim,NOTHING_EXCLUDE_NA_No citation given_NA_NA Mascarenotus murivorus,citation,Mascarenotus murivorus,core_sources
(Hume 2017) core source_claim,NOTHING_EXCLUDE_NA_No citation given_NA_NA Melamprosops phaeosoma,citation,Melamprosops phaeosoma,core_sources
(Hume 2017) core source_claim,NOTHING_EXCLUDE_NA_No citation given_NA_NA Mergus australis,citation,Mergus australis,core_sources
(Hume 2017) core source_claim,NOTHING_EXCLUDE_NA_No citation given_NA_NA Microgoura meeki,citation,Microgoura meeki,core_sources
(Hume 2017) core source_claim,NOTHING_EXCLUDE_NA_No citation given_NA_NA Mundia elpenor,citation,Mundia elpenor,core_sources
(Hume 2017) core source_claim,NOTHING_EXCLUDE_NA_No citation given_NA_NA Necropsittacus rodricanus,citation,Necropsittacus rodricanus,core_sources
(Hume 2017) core source_claim,NOTHING_EXCLUDE_NA_No citation given_NA_NA Nesoenas duboisi,citation,Nesoenas duboisi,core_sources
(Hume 2017) core source_claim,NOTHING_EXCLUDE_NA_No citation given_NA_NA Nyctanassa carcinocatactes,citation,Nyctanassa carcinocatactes,core_sources
(Hume 2017) core source_claim,NOTHING_EXCLUDE_NA_No citation given_NA_NA Nycticorax mauritianus,citation,Nycticorax mauritianus,core_sources
(Hume 2017) core source_claim,NOTHING_EXCLUDE_NA_No citation given_NA_NA Nycticorax megacephalus,citation,Nycticorax megacephalus,core_sources
(Hume 2017) core source_claim,NOTHING_EXCLUDE_NA_No citation given_NA_NA Pareudiastes silvestris,citation,Pareudiastes silvestris,core_sources
(Hume 2017) core source_claim,NOTHING_EXCLUDE_NA_No citation given_NA_NA Pomarea fluxa,citation,Pomarea fluxa,core_sources
(Hume 2017) core source_claim,NOTHING_EXCLUDE_NA_No citation given_NA_NA Sephanoides fernandensis,citation,Sephanoides fernandensis,core_sources
(Hume 2017) core source_claim,NOTHING_EXCLUDE_NA_No citation given_NA_NA Threskiornis solitarius,citation,Threskiornis solitarius,core_sources
(Hume 2017) core source_claim,NOTHING_EXCLUDE_NA_No citation given_NA_NA Toxostoma guttatum,citation,Toxostoma guttatum,core_sources
(Hume 2017) core source_claim,NOTHING_EXCLUDE_NA_No citation given_NA_NA Turnagra tanagra,citation,Turnagra tanagra,core_sources
(Hume 2017) core source_claim,NOTHING_EXCLUDE_NA_No citation given_NA_NA Zapornia sandwichensis,citation,Zapornia sandwichensis,core_sources
(Hume 2017) core source_claim,NOTHING_EXCLUDE_NA_No citation given_NA_NA Zoothera terrestris,citation,Zoothera terrestris,core_sources
(Hume 2017) core source_claim,(Perkins 1919)_EXCLUDE_?_Opinion claim_NA_NA,citation,Dysmorodrepanis munroi,core_sources
(Hume 2017) core source_claim,(Rothschild 1894)_EXCLUDE_0_Inaccessible_NA_NA,citation,Traversia lyalli,core_sources
(Hume 2017) core source_claim,(Rothschild 1907)_EXCLUDE_0_Opinion claim_NA_NA,citation,Poodytes rufescens,core_sources
(Hume 2017) core source_claim,Travers in Medway 2004a_EXCLUDE_0_Inaccessible_NA_NA,citation,Traversia lyalli,core_sources
(Hume 2017) core source_claim,(Turbott 1990)_EXCLUDE_0_Inaccessible_NA_NA,citation,Coenocorypha barrierensis,core_sources
(IUCN 2025) core source_claim,A. Buckner pers. comm. 2015_EXCLUDE_0_Inaccessible_NA_NA,citation,Anolis brunneus,core_sources
(IUCN 2025) core source_claim,A. Burbidge pers. comm._EXCLUDE_0_Inaccessible_NA_NA,citation,Bettongia lesueur,core_sources
(IUCN 2025) core source_claim,A. Gouni in litt. 2012_EXCLUDE_0_Inaccessible_NA_NA,citation,Acrocephalus musae,core_sources
(IUCN 2025) core source_claim,A. Kroner in litt. 2019_EXCLUDE_0_Inaccessible_NA_NA,citation,Hypotaenidia owstoni,core_sources
(IUCN 2025) core source_claim,A. Llerena pers. comm. 2018_EXCLUDE_0_Inaccessible_NA_NA,citation,Conolophus subcristatus,core_sources
(IUCN 2025) core source_claim,A. Skerrett in litt. 1999_EXCLUDE_0_Inaccessible_NA_NA,citation,Falco araeus,core_sources
(IUCN 2025) core source_claim,A. Skerrett in litt. 1999_EXCLUDE_0_Inaccessible_NA_NA,citation,Otus insularis,core_sources
(IUCN 2025) core source_claim,A.A.T. Amarasinghe pers. comm. 2019_EXCLUDE_0_Inaccessible_NA_NA,citation,Cylindrophis isolepis,core_sources
(IUCN 2025) core source_claim,(ACAP 2010c)_EXCLUDE_0_Opinion claim_NA_NA,citation,Phoebetria fusca,core_sources
(IUCN 2025) core source_claim,(ACAP 2010b)_EXCLUDE_0_Opinion claim_NA_NA,citation,Phoebetria palpebrata,core_sources
(IUCN 2025) core source_claim,(ACAP 2009b)_EXCLUDE_0_Opinion claim_NA_NA,citation,Diomedea epomophora,core_sources
(IUCN 2025) core source_claim,(Abbott 2008)_EXCLUDE_1_No claim_NA_NA,citation,Chaeropus ecaudatus,core_sources
(IUCN 2025) core source_claim,(Abbott 2008)_EXCLUDE_1_No claim_NA_NA,citation,Perameles eremiana,core_sources
(IUCN 2025) core source_claim,(Abbott 2008)_EXCLUDE_1_No claim_NA_NA,citation,Setonix brachyurus,core_sources
(IUCN 2025) core source_claim,(Abbott 2002)_EXCLUDE_1_Opinion claim_NA_NA,citation,Chaeropus ecaudatus,core_sources
(IUCN 2025) core source_claim,(Abbott 2002)_EXCLUDE_1_No claim_NA_NA,citation,Perameles eremiana,core_sources
(IUCN 2025) core source_claim,(Abbott 2002)_EXCLUDE_1_No claim_NA_NA,citation,Setonix brachyurus,core_sources
(IUCN 2025) core source_claim,(Abe et al. 2005)_EXCLUDE_?_Inaccessible_NA_NA,citation,Tokudaia muenninki,core_sources
(IUCN 2025) core source_claim,(Abe et al. 2005)_EXCLUDE_?_Inaccessible_NA_NA,citation,Tokudaia osimensis,core_sources
(IUCN 2025) core source_claim,(Abe et al. 2005)_EXCLUDE_?_Inaccessible_NA_NA,citation,Tokudaia tokunoshimensis,core_sources
(IUCN 2025) core source_claim,(Aguirre-Muñoz et al. 2018)_EXCLUDE_0_No claim_NA_NA,citation,Synthliboramphus craveri,core_sources
(IUCN 2025) core source_claim,(Aguirre-Muñoz et al. 2011)_EXCLUDE_0_No claim_NA_NA,citation,Hydrobates socorroensis,core_sources
(IUCN 2025) core source_claim,(Al-Saghier et al. 2000)_EXCLUDE_0_Inaccessible_NA_NA,citation,Bulweria fallax,core_sources
(IUCN 2025) core source_claim,(Alves et al. 2011)_EXCLUDE_0_Opinion claim_NA_NA,citation,Pterodroma arminjoniana,core_sources
(IUCN 2025) core source_claim,(Andreone & Guarino 2003)_EXCLUDE_1_Opinion claim_NA_NA,citation,Chioninia coctei,core_sources
(IUCN 2025) core source_claim,(Andrew et al. 2018)_EXCLUDE_1_Opinion claim_NA_NA,citation,Cryptoblepharus egeriae,core_sources
(IUCN 2025) core source_claim,(Andrew et al. 2018)_EXCLUDE_1_Opinion claim_NA_NA,citation,Lepidodactylus listeri,core_sources
(IUCN 2025) core source_claim,(Arcos & Oro 2004)_INCLUDE_NA_Predation in support_no_no,citation,Puffinus mauretanicus,core_sources
(IUCN 2025) core source_claim,(Arcos et al. 2012)_EXCLUDE_0_Inaccessible_NA_NA,citation,Puffinus mauretanicus,core_sources
(IUCN 2025) core source_claim,(Arnaud et al. 1993)_INCLUDE_NA_Predation in support_no_no,citation,Urosaurus auriculatus,core_sources
(IUCN 2025) core source_claim,Arnold 2000_EXCLUDE_?_Inaccessible_NA_NA,citation,Leiolopisma telfairii,core_sources
(IUCN 2025) core source_claim,(Arnold 1980)_EXCLUDE_1_No claim_NA_NA,citation,Nactus serpensinsula,core_sources
(IUCN 2025) core source_claim,(Arnold 2000)_EXCLUDE_0_Inaccessible_NA_NA,citation,Nactus serpensinsula,core_sources
(IUCN 2025) core source_claim,(Arnold & Jones 1994)_EXCLUDE_0_Inaccessible_NA_NA,citation,Nactus serpensinsula,core_sources
(IUCN 2025) core source_claim,(Ashby 1924)_EXCLUDE_?_Inaccessible_NA_NA,citation,Pezoporus occidentalis,core_sources
(IUCN 2025) core source_claim,(Augros & Hawlitschek 2019)_EXCLUDE_0_Not in English or Spanish_NA_NA,citation,Liophidium mayottensis,core_sources
(IUCN 2025) core source_claim,(Augros & Hawlitschek 2019)_EXCLUDE_0_Not in English or Spanish_NA_NA,citation,Lycodryas cococola,core_sources
(IUCN 2025) core source_claim,(Augros & Hawlitschek 2019)_EXCLUDE_0_Not in English or Spanish_NA_NA,citation,Lycodryas maculatus,core_sources
(IUCN 2025) core source_claim,B. Tershy in litt. 2007_EXCLUDE_0_Inaccessible_NA_NA,citation,Synthliboramphus hypoleucus,core_sources
(IUCN 2025) core source_claim,B. Wilson pers. comm. 2015_EXCLUDE_0_Inaccessible_NA_NA,citation,Celestus duquesneyi,core_sources
(IUCN 2025) core source_claim,B. Wilson pers. comm. 2015_EXCLUDE_0_Inaccessible_NA_NA,citation,Celestus hewardi,core_sources
(IUCN 2025) core source_claim,B. Wilson pers. comm. 2015_EXCLUDE_0_Inaccessible_NA_NA,citation,Celestus microblepharis,core_sources
(IUCN 2025) core source_claim,B. Wilson pers. comm. 2015_EXCLUDE_0_Inaccessible_NA_NA,citation,Pholidoscelis dorsalis,core_sources
(IUCN 2025) core source_claim,B. Wilson pers. comm. 2015_EXCLUDE_0_Inaccessible_NA_NA,citation,Tropidophis stullae,core_sources
(IUCN 2025) core source_claim,(BEST 2016)_EXCLUDE_0_Opinion claim_NA_NA,citation,Todiramphus gambieri,core_sources
(IUCN 2025) core source_claim,(Bain et al. 2023)_EXCLUDE_1_No claim_NA_NA,citation,Setonix brachyurus,core_sources
(IUCN 2025) core source_claim,(Bain et al. 2020)_EXCLUDE_1_Opinion claim_NA_NA,citation,Setonix brachyurus,core_sources
(IUCN 2025) core source_claim,(Bain et al. 2015)_INCLUDE_NA_Population not in support_yes_yes,citation,Setonix brachyurus,core_sources
(IUCN 2025) core source_claim,(Baird & Dann 2003)_EXCLUDE_1_Opinion claim_NA_NA,citation,Thinornis cucullatus,core_sources
(IUCN 2025) core source_claim,Banko 2009_EXCLUDE_0_Inaccessible_NA_NA,citation,Corvus hawaiiensis,core_sources
(IUCN 2025) core source_claim,(Banko 1992)_EXCLUDE_1_Opinion claim_NA_NA,citation,Branta sandvicensis,core_sources
(IUCN 2025) core source_claim,(Banko et al. 2014a)_INCLUDE_NA_Predation in support_no_no,citation,Loxioides bailleui,core_sources
(IUCN 2025) core source_claim,(Banko et al. 2002a)_EXCLUDE_0_Inaccessible_NA_NA,citation,Corvus hawaiiensis,core_sources
(IUCN 2025) core source_claim,(Banko et al. 2013)_EXCLUDE_1_No claim_NA_NA,citation,Loxioides bailleui,core_sources
(IUCN 2025) core source_claim,(Banko et al. 2019)_INCLUDE_NA_Predation not in support_no_no,citation,Chasiempis ibidis,core_sources
(IUCN 2025) core source_claim,(Banko et al. 2014b)_EXCLUDE_1_Opinion claim_NA_NA,citation,Loxioides bailleui,core_sources
(IUCN 2025) core source_claim,(Banko & Elder 1990)_EXCLUDE_0_Opinion claim_NA_NA,citation,Branta sandvicensis,core_sources
(IUCN 2025) core source_claim,(Barbraud et al. 2009)_EXCLUDE_1_No claim_NA_NA,citation,Procellaria aequinoctialis,core_sources
(IUCN 2025) core source_claim,(Basse et al. 1999)_EXCLUDE_1_No claim_NA_NA,citation,Apteryx mantelli,core_sources
(IUCN 2025) core source_claim,(Bell 1990)_EXCLUDE_0_Inaccessible_NA_NA,citation,Petroica multicolor,core_sources
(IUCN 2025) core source_claim,(Bell 1990)_EXCLUDE_0_Inaccessible_NA_NA,citation,Zosterops tenuirostris,core_sources
(IUCN 2025) core source_claim,(Bell et al. 2012)_EXCLUDE_1_No claim_NA_NA,citation,Oligosoma toka,core_sources
(IUCN 2025) core source_claim,(Bentz et al. 2011)_EXCLUDE_1_Opinion claim_NA_NA,citation,Gonatodes daudini,core_sources
(IUCN 2025) core source_claim,(Bentz et al. 2011)_EXCLUDE_1_Opinion claim_NA_NA,citation,Amerotyphlops tasymicris,core_sources
(IUCN 2025) core source_claim,(Bentz et al. 2011)_EXCLUDE_1_Opinion claim_NA_NA,citation,Sphaerodactylus kirbyi,core_sources
(IUCN 2025) core source_claim,(Berlin & Vangelder 1999)_EXCLUDE_0_Inaccessible_NA_NA,citation,Palmeria dolei,core_sources
(IUCN 2025) core source_claim,(Bird et al. 2014)_EXCLUDE_1_Opinion claim_NA_NA,citation,Pseudobulweria becki,core_sources
(IUCN 2025) core source_claim,(BirdLife International 2001)_EXCLUDE_0_No claim_NA_NA,citation,Megapodius bernsteinii,core_sources
(IUCN 2025) core source_claim,(Birds Caribbean 2021)_EXCLUDE_0_No claim_NA_NA,citation,Melopyrrha grandis,core_sources
(IUCN 2025) core source_claim,(Bissessur & Florens 2018)_EXCLUDE_0_No claim_NA_NA,citation,Gongylomorphus fontenayi,core_sources
(IUCN 2025) core source_claim,(Biswell 2006)_EXCLUDE_0_Inaccessible_NA_NA,citation,Larus bulleri,core_sources
(IUCN 2025) core source_claim,(Blanvillain & Thorsen 2003)_EXCLUDE_1_No claim_NA_NA,citation,Ducula galeata,core_sources
(IUCN 2025) core source_claim,(Blumton 1989)_EXCLUDE_0_No claim_NA_NA,citation,Lanius ludovicianus,core_sources
(IUCN 2025) core source_claim,(Boersma et al. 2013)_EXCLUDE_0_No claim_NA_NA,citation,Spheniscus mendiculus,core_sources
(IUCN 2025) core source_claim,(Boersma et al. 2015)_EXCLUDE_0_Inaccessible_NA_NA,citation,Spheniscus mendiculus,core_sources
(IUCN 2025) core source_claim,(Bonnaud et al. 2012)_INCLUDE_NA_Predation in support_no_no,citation,Puffinus yelkouan,core_sources
(IUCN 2025) core source_claim,(Borroto-Páez et al. 2011)_EXCLUDE_0_Opinion claim_NA_NA,citation,Mysateles prehensilis,core_sources
(IUCN 2025) core source_claim,(Borroto-Páez & Mancina 2017)_EXCLUDE_0_Opinion claim_NA_NA,citation,Mysateles prehensilis,core_sources
(IUCN 2025) core source_claim,(Borroto-Páez & Ramos 2012)_EXCLUDE_0_Opinion claim_NA_NA,citation,Mysateles prehensilis,core_sources
(IUCN 2025) core source_claim,(Bradley & Gerber 2005)_EXCLUDE_1_No claim_NA_NA,citation,Spondylurus anegadae,core_sources
(IUCN 2025) core source_claim,(Bradley & Gerber 2006)_EXCLUDE_0_Inaccessible_NA_NA,citation,Cyclura pinguis,core_sources
(IUCN 2025) core source_claim,(Brooke 2004)_EXCLUDE_?_Inaccessible_NA_NA,citation,Nesofregetta fuliginosa,core_sources
(IUCN 2025) core source_claim,(Bruner 1972)_EXCLUDE_0_Inaccessible_NA_NA,citation,Hypotaenidia pacifica,core_sources
(IUCN 2025) core source_claim,(Buden 2000)_EXCLUDE_?_No claim_NA_NA,citation,Pampusana kubaryi,core_sources
(IUCN 2025) core source_claim,(Burbidge & Manly 2002)_EXCLUDE_1_Does not test claim_NA_NA,citation,Leporillus conditor,core_sources
(IUCN 2025) core source_claim,(Burbidge & McKenzie 1989)_EXCLUDE_1_No claim_NA_NA,citation,Pseudomys oralis,core_sources
(IUCN 2025) core source_claim,(Burbidge & Short 2008)_EXCLUDE_0_Inaccessible_NA_NA,citation,Bettongia lesueur,core_sources
(IUCN 2025) core source_claim,(Burns et al. 2013)_INCLUDE_NA_Population in support_yes_yes,citation,Charadrius sanctaehelenae,core_sources
(IUCN 2025) core source_claim,(Burns et al. 2013)_INCLUDE_NA_Predation in support_no_no,citation,Charadrius sanctaehelenae,core_sources
(IUCN 2025) core source_claim,(Butler 1992)_EXCLUDE_?_Inaccessible_NA_NA,citation,Petroica traversi,core_sources
(IUCN 2025) core source_claim,C. Blanvillain in litt. 2016_EXCLUDE_0_Inaccessible_NA_NA,citation,Vini ultramarina,core_sources
(IUCN 2025) core source_claim,(Jones et al. 1995)_INCLUDE_NA_Predation in support_no_no,citation,Falco punctatus,core_sources
(IUCN 2025) core source_claim,C. Licarião in litt. 2024_EXCLUDE_0_Inaccessible_NA_NA,citation,Vireo gracilirostris,core_sources
(IUCN 2025) core source_claim,(Lorenzo et al. 2011)_EXCLUDE_1_Opinion claim_NA_NA,citation,Sylvilagus mansuetus,core_sources
(IUCN 2025) core source_claim,C. Marquez and D. Cisneros-Heredia pers. comm. 2014_EXCLUDE_0_Inaccessible_NA_NA,citation,Microlophus bivittatus,core_sources
(IUCN 2025) core source_claim,(Palmer et al. 2003)_EXCLUDE_0_Opinion claim_NA_NA,citation,Isoodon auratus,core_sources
(IUCN 2025) core source_claim,C. Schuster pers. comm. 2022_EXCLUDE_0_Inaccessible_NA_NA,citation,Crocidura canariensis,core_sources
(IUCN 2025) core source_claim,(Espinosa-Gayosso & Álvarez-Castañeda 2006)_INCLUDE_NA_Predation in support_no_no,citation,Sylvilagus mansuetus,core_sources
(IUCN 2025) core source_claim,(Cabrera & Carreira 2009)_EXCLUDE_1_Opinion claim_NA_NA,citation,Contomastix charrua,core_sources
(IUCN 2025) core source_claim,(Cade & Jones 1993)_EXCLUDE_1_Inaccessible_NA_NA,citation,Falco punctatus,core_sources
(IUCN 2025) core source_claim,(Camp et al. 2009)_EXCLUDE_1_No claim_NA_NA,citation,Acrocephalus hiwae,core_sources
(IUCN 2025) core source_claim,(Carboneras et al. 2014)_EXCLUDE_0_Inaccessible_NA_NA,citation,Procellaria aequinoctialis,core_sources
(IUCN 2025) core source_claim,(Carrión Avilés 2012)_EXCLUDE_0_Not in English or Spanish_NA_NA,citation,Microlophus bivittatus,core_sources
(IUCN 2025) core source_claim,(Case 1982)_EXCLUDE_?_Opinion claim_NA_NA,citation,Sauromalus klauberi,core_sources
(IUCN 2025) core source_claim,(Castro-Prieto et al. 2021)_EXCLUDE_0_Opinion claim_NA_NA,citation,Antrostomus noctitherus,core_sources
(IUCN 2025) core source_claim,(Cayot 2008)_INCLUDE_NA_Predation in support_no_no,citation,Conolophus subcristatus,core_sources
(IUCN 2025) core source_claim,(Cayot et al. 1994)_EXCLUDE_?_Opinion claim_NA_NA,citation,Amblyrhynchus cristatus,core_sources
(IUCN 2025) core source_claim,(Ceballos & Ceballos 2014)_EXCLUDE_1_Inaccessible_NA_NA,citation,Peromyscus stephani,core_sources
(IUCN 2025) core source_claim,(Ceia 2008)_EXCLUDE_0_Not in English or Spanish_NA_NA,citation,Pyrrhula murina,core_sources
(IUCN 2025) core source_claim,(Cepeda & Cruz 1994)_EXCLUDE_0_Inaccessible_NA_NA,citation,Larus fuliginosus,core_sources
(IUCN 2025) core source_claim,Cheke and Hume 2008_EXCLUDE_?_Inaccessible_NA_NA,citation,Nactus serpensinsula,core_sources
(IUCN 2025) core source_claim,(Cheke & Hume 2008)_EXCLUDE_0_Opinion claim_NA_NA,citation,Aphanapteryx bonasia,core_sources
(IUCN 2025) core source_claim,(Cheke & Hume 2008)_EXCLUDE_0_No claim_NA_NA,citation,Leiolopisma telfairii,core_sources
(IUCN 2025) core source_claim,(Cheke & Hume 2008)_EXCLUDE_0_No claim_NA_NA,citation,Phelsuma guentheri,core_sources
(IUCN 2025) core source_claim,(Cheke & Hume 2008)_EXCLUDE_?_Inaccessible_NA_NA,citation,Gongylomorphus fontenayi,core_sources
(IUCN 2025) core source_claim,(Cheke & Hume 2008)_EXCLUDE_?_Inaccessible_NA_NA,citation,Phelsuma edwardnewtonii,core_sources
(IUCN 2025) core source_claim,(Chittenden 2003)_EXCLUDE_0_Inaccessible_NA_NA,citation,Geokichla guttata,core_sources
(IUCN 2025) core source_claim,(Christensen & Burrows 1995)_EXCLUDE_0_No claim_NA_NA,citation,Bettongia anhydra,core_sources
(IUCN 2025) core source_claim,(Christensen & Burrows 1995)_INCLUDE_NA_Predation not in support_no_no,citation,Isoodon auratus,core_sources
(IUCN 2025) core source_claim,(Cleere & Nurney 1998)_EXCLUDE_0_Inaccessible_NA_NA,citation,Antrostomus noctitherus,core_sources
(IUCN 2025) core source_claim,(Clemann 2015)_EXCLUDE_0_No claim_NA_NA,citation,Uperoleia mahonyi,core_sources
(IUCN 2025) core source_claim,(Clough 1972)_EXCLUDE_1_No claim_NA_NA,citation,Geocapromys ingrahami,core_sources
(IUCN 2025) core source_claim,(Clough 1976)_INCLUDE_NA_Population not in support_yes_no,citation,Geocapromys brownii,core_sources
(IUCN 2025) core source_claim,(Clout & Merton 1998)_INCLUDE_NA_Predation in support_no_no,citation,Strigops habroptilus,core_sources
(IUCN 2025) core source_claim,(Cole 2005)_EXCLUDE_0_No claim_NA_NA,citation,Cryptoblepharus boutonii,core_sources
(IUCN 2025) core source_claim,(Cole 2005)_EXCLUDE_0_No claim_NA_NA,citation,Nactus serpensinsula,core_sources
(IUCN 2025) core source_claim,(Cole 2011)_EXCLUDE_0_No claim_NA_NA,citation,Nactus serpensinsula,core_sources
(IUCN 2025) core source_claim,(Cole et al. 2009)_EXCLUDE_0_Inaccessible_NA_NA,citation,Nactus serpensinsula,core_sources
(IUCN 2025) core source_claim,(Collar et al. 1994)_EXCLUDE_0_Inaccessible_NA_NA,citation,Ptilinopus mercierii,core_sources
(IUCN 2025) core source_claim,(Collar & Stuart 1985)_EXCLUDE_0_Inaccessible_NA_NA,citation,Haematopus meadewaldoi,core_sources
(IUCN 2025) core source_claim,(Collar 2015)_EXCLUDE_1_Opinion claim_NA_NA,citation,Didunculus strigirostris,core_sources
(IUCN 2025) core source_claim,(Collar et al. 1994)_EXCLUDE_0_Inaccessible_NA_NA,citation,Hypotaenidia poeciloptera,core_sources
(IUCN 2025) core source_claim,(Collister 1994)_INCLUDE_NA_Population not in support_yes_no,citation,Lanius ludovicianus,core_sources
(IUCN 2025) core source_claim,(Comer & Danks 2000)_EXCLUDE_0_No claim_NA_NA,citation,Atrichornis clamosus,core_sources
(IUCN 2025) core source_claim,(Copley 1999b)_INCLUDE_NA_Predation in support_no_no,citation,Leporillus conditor,core_sources
(IUCN 2025) core source_claim,(Copley 1999a)_INCLUDE_NA_Predation in support_no_no,citation,Leporillus conditor,core_sources
(IUCN 2025) core source_claim,(Corry et al. 2010)_EXCLUDE_0_Opinion claim_NA_NA,citation,Diploglossus montisserrati,core_sources
(IUCN 2025) core source_claim,(Cox 1987)_EXCLUDE_0_Opinion claim_NA_NA,citation,Aphelocoma coerulescens,core_sources
(IUCN 2025) core source_claim,(Croxall & Gales 1998)_EXCLUDE_0_Inaccessible_NA_NA,citation,Thalassarche steadi,core_sources
(IUCN 2025) core source_claim,(Cruz et al. 2014)_EXCLUDE_1_Opinion claim_NA_NA,citation,Chlidonias albostriatus,core_sources
(IUCN 2025) core source_claim,(Currie et al. 2004)_EXCLUDE_1_Opinion claim_NA_NA,citation,Otus insularis,core_sources
(IUCN 2025) core source_claim,(Curry et al. 2006)_EXCLUDE_0_Inaccessible_NA_NA,citation,Toxostoma guttatum,core_sources
(IUCN 2025) core source_claim,(Curry 1989)_INCLUDE_NA_Predation not in support_no_no,citation,Mimus melanotis,core_sources
(IUCN 2025) core source_claim,(Cuthbert 2002)_EXCLUDE_1_No claim_NA_NA,citation,Puffinus huttoni,core_sources
(IUCN 2025) core source_claim,(Cuthbert 1999)_EXCLUDE_0_Inaccessible_NA_NA,citation,Puffinus huttoni,core_sources
(IUCN 2025) core source_claim,D. Ainley in litt. 1999_EXCLUDE_0_Inaccessible_NA_NA,citation,Puffinus newelli,core_sources
(IUCN 2025) core source_claim,D. F. Cisneros-Heredia in litt. 2022_EXCLUDE_0_Inaccessible_NA_NA,citation,Rhynchortyx cinctus,core_sources
(IUCN 2025) core source_claim,"D. Fisher, N. Whitmore and A. Gazzard pers. comm. 2024_EXCLUDE_0_Inaccessible_NA_NA",citation,Rattus detentus,core_sources
(IUCN 2025) core source_claim,D. Maphisa in litt. 2016_EXCLUDE_0_Inaccessible_NA_NA,citation,Spizocorys fringillaris,core_sources
(IUCN 2025) core source_claim,(Danks 1997)_EXCLUDE_1_No claim_NA_NA,citation,Atrichornis clamosus,core_sources
(IUCN 2025) core source_claim,(Davis 1994)_EXCLUDE_1_Opinion claim_NA_NA,citation,Thinornis novaeseelandiae,core_sources
(IUCN 2025) core source_claim,(De La Rosa & Carreras De León 2016)_EXCLUDE_0_Inaccessible_NA_NA,citation,Cyclura ricordii,core_sources
(IUCN 2025) core source_claim,(Deem et al. 2010)_EXCLUDE_NA_Does not test claim_NA_NA,citation,Spheniscus mendiculus,core_sources
(IUCN 2025) core source_claim,(Dennis 2001)_EXCLUDE_0_No claim_NA_NA,citation,Bettongia tropica,core_sources
(IUCN 2025) core source_claim,(Threatened Species Scientific Committee 2016b)_EXCLUDE_0_Opinion claim_NA_NA,citation,Delma impar,core_sources
(IUCN 2025) core source_claim,(Wildlife 2014)_EXCLUDE_0_Inaccessible_NA_NA,citation,Atrichornis clamosus,core_sources
(IUCN 2025) core source_claim,(Environment 2025)_EXCLUDE_0_Opinion claim_NA_NA,citation,Liopholis guthega,core_sources
(IUCN 2025) core source_claim,(Department of the Environment 2007)_EXCLUDE_0_Opinion claim_NA_NA,citation,Nangura spinosa,core_sources
(IUCN 2025) core source_claim,(Dickman 1996b) core source_claim,citation,Onychogalea lunata,core_sources
(IUCN 2025) core source_claim,(Dickman 1996b) core source_claim,citation,Perameles eremiana,core_sources
(IUCN 2025) core source_claim,(Dickman 1996b) core source_claim,citation,Pseudocheirus occidentalis,core_sources
(IUCN 2025) core source_claim,(Dickman 1996b) core source_claim,citation,Setonix brachyurus,core_sources
(IUCN 2025) core source_claim,(Dickman 1996b) core source_claim,citation,Macrotis leucura,core_sources
(IUCN 2025) core source_claim,(Dickman et al. 2000)_INCLUDE_NA_Population not in support_yes_no,citation,Notomys mordax,core_sources
(IUCN 2025) core source_claim,(Doherty et al. 2015)_EXCLUDE_1_No claim_NA_NA,citation,Lerista lineata,core_sources
(IUCN 2025) core source_claim,(Dowding & Murphy 2001)_EXCLUDE_1_Opinion claim_NA_NA,citation,Thinornis novaeseelandiae,core_sources
(IUCN 2025) core source_claim,(Dowding 2006)_EXCLUDE_0_No claim_NA_NA,citation,Charadrius obscurus,core_sources
(IUCN 2025) core source_claim,(Dowding & Kennedy 1993)_EXCLUDE_1_Opinion claim_NA_NA,citation,Thinornis novaeseelandiae,core_sources
(IUCN 2025) core source_claim,(Drost & Lewis 1995)_EXCLUDE_0_Inaccessible_NA_NA,citation,Synthliboramphus scrippsi,core_sources
(IUCN 2025) core source_claim,(Duncan et al. 1999)_EXCLUDE_0_Opinion claim_NA_NA,citation,Phoniscus papuensis,core_sources
(IUCN 2025) core source_claim,(Dunlop 2018)_EXCLUDE_0_Opinion claim_NA_NA,citation,Sternula nereis,core_sources
(IUCN 2025) core source_claim,(Dutton 1994)_EXCLUDE_1_No claim_NA_NA,citation,Bostrychia bocagei,core_sources
(IUCN 2025) core source_claim,(Dutton 1994)_EXCLUDE_1_No claim_NA_NA,citation,Crithagra concolor,core_sources
(IUCN 2025) core source_claim,(Dutton 1994)_EXCLUDE_1_No claim_NA_NA,citation,Lanius newtoni,core_sources
(IUCN 2025) core source_claim,(Dutton 1994)_EXCLUDE_1_No claim_NA_NA,citation,Ploceus grandis,core_sources
(IUCN 2025) core source_claim,(Dvorak et al. 2020)_EXCLUDE_1_No claim_NA_NA,citation,Mimus melanotis,core_sources
(IUCN 2025) core source_claim,E. A. Schreiber in litt. 1999_EXCLUDE_0_Inaccessible_NA_NA,citation,Pterodroma alba,core_sources
(IUCN 2025) core source_claim,E. Hagen in litt. 2020_EXCLUDE_0_Inaccessible_NA_NA,citation,Sephanoides fernandensis,core_sources
(IUCN 2025) core source_claim,E. VanGelder in litt. 1999_EXCLUDE_0_Inaccessible_NA_NA,citation,Palmeria dolei,core_sources
(IUCN 2025) core source_claim,(Echternacht et al. 2011)_INCLUDE_NA_Predation in support_no_no,citation,Tropidophis schwartzi,core_sources
(IUCN 2025) core source_claim,(Engilis Jr & Pratt 1993)_EXCLUDE_?_No claim_NA_NA,citation,Fulica alai,core_sources
(IUCN 2025) core source_claim,F. Burns in litt. 2008_EXCLUDE_0_Inaccessible_NA_NA,citation,Charadrius sanctaehelenae,core_sources
(IUCN 2025) core source_claim,F. Burns in litt. 2010_EXCLUDE_0_Inaccessible_NA_NA,citation,Charadrius sanctaehelenae,core_sources
(IUCN 2025) core source_claim,F. Rodríguez in litt. 2016_EXCLUDE_0_Inaccessible_NA_NA,citation,Fringilla teydea,core_sources
(IUCN 2025) core source_claim,(Famira-Parcsetich et al. 2024)_INCLUDE_NA_Predation in support_no_no,citation,Eliomys quercinus,core_sources
(IUCN 2025) core source_claim,(Fancourt 2014)_INCLUDE_NA_Population in support_yes_no,citation,Bettongia gaimardi,core_sources
(IUCN 2025) core source_claim,(Farris & Kelly 2011)_EXCLUDE_0_No claim_NA_NA,citation,Salanoia concolor,core_sources
(IUCN 2025) core source_claim,(Farris et al. 2012)_EXCLUDE_NA_Does not test claim_NA_NA,citation,Salanoia concolor,core_sources
(IUCN 2025) core source_claim,(Farris et al. 2015b)_EXCLUDE_0_Inaccessible_NA_NA,citation,Salanoia concolor,core_sources
(IUCN 2025) core source_claim,(Farris et al. 2016)_EXCLUDE_0_Inaccessible_NA_NA,citation,Eupleres goudotii,core_sources
(IUCN 2025) core source_claim,(Felix et al. 2014)_EXCLUDE_0_Inaccessible_NA_NA,citation,Ramphocinclus brachyurus,core_sources
(IUCN 2025) core source_claim,(Ferreira & Taylor 2003)_EXCLUDE_1_Opinion claim_NA_NA,citation,Anas chlorotis,core_sources
(IUCN 2025) core source_claim,(Fisher et al. 2000)_EXCLUDE_1_No claim_NA_NA,citation,Onychogalea fraenata,core_sources
(IUCN 2025) core source_claim,(Fisher et al. 2019)_EXCLUDE_0_No claim_NA_NA,citation,Brachylophus gau,core_sources
(IUCN 2025) core source_claim,(Fitzgerald et al. 2002)_EXCLUDE_1_Opinion claim_NA_NA,citation,Hoplocephalus stephensii,core_sources
(IUCN 2025) core source_claim,(Fleming 1939)_EXCLUDE_?_Opinion claim_NA_NA,citation,Poodytes rufescens,core_sources
(IUCN 2025) core source_claim,(Flores Ravelo & Rando Reyes 2021)_INCLUDE_NA_Predation in support_no_no,citation,Gallotia intermedia,core_sources
(IUCN 2025) core source_claim,(Friend 2008)_EXCLUDE_0_Inaccessible_NA_NA,citation,Myrmecobius fasciatus,core_sources
(IUCN 2025) core source_claim,(Friend & Thomas 1994)_INCLUDE_NA_Predation in support_no_no,citation,Myrmecobius fasciatus,core_sources
(IUCN 2025) core source_claim,(Friend 1990)_EXCLUDE_1_Opinion claim_NA_NA,citation,Myrmecobius fasciatus,core_sources
(IUCN 2025) core source_claim,(Fundação Príncipe 2019)_EXCLUDE_0_Inaccessible_NA_NA,citation,Turdus xanthorhynchus,core_sources
(IUCN 2025) core source_claim,G. A. Taylor in litt. 1994_EXCLUDE_0_Inaccessible_NA_NA,citation,Leucocarbo colensoi,core_sources
(IUCN 2025) core source_claim,(Taylor 2000)_EXCLUDE_0_No claim_NA_NA,citation,Diomedea antipodensis,core_sources
(IUCN 2025) core source_claim,(Taylor 2000)_EXCLUDE_0_Opinion claim_NA_NA,citation,Leucocarbo colensoi,core_sources
(IUCN 2025) core source_claim,(Taylor 2000)_EXCLUDE_0_No claim_NA_NA,citation,Puffinus huttoni,core_sources
(IUCN 2025) core source_claim,(Taylor 2000)_EXCLUDE_0_No claim_NA_NA,citation,Thalassarche steadi,core_sources
(IUCN 2025) core source_claim,G. Clemmer pers. comm. 1995_EXCLUDE_0_Inaccessible_NA_NA,citation,Neotamias palmeri,core_sources
(IUCN 2025) core source_claim,G. Dutson in litt. 2007_EXCLUDE_?_Inaccessible_NA_NA,citation,Puffinus heinrothi,core_sources
(IUCN 2025) core source_claim,G. Hilton in litt. 2006_EXCLUDE_0_Inaccessible_NA_NA,citation,Pyrrhula murina,core_sources
(IUCN 2025) core source_claim,"G. Lobos, A. Charrier and M. Vidal pers. comm. May 2018_EXCLUDE_0_Inaccessible_NA_NA",citation,Eupsophus insularis,core_sources
(IUCN 2025) core source_claim,G. McKinlay in litt. 2018_EXCLUDE_0_Inaccessible_NA_NA,citation,Pampusana canifrons,core_sources
(IUCN 2025) core source_claim,G. Rivas pers. comm. 2018_EXCLUDE_0_Inaccessible_NA_NA,citation,Cnemidophorus rostralis,core_sources
(IUCN 2025) core source_claim,(Garcia et al. 2001)_EXCLUDE_1_No claim_NA_NA,citation,Chilabothrus monensis,core_sources
(IUCN 2025) core source_claim,(Garnett et al. 2011) core source_claim,citation,Turnix olivii,core_sources
(IUCN 2025) core source_claim,(Garnett & Baker 2021) core source_claim,citation,Petroica multicolor,core_sources
(IUCN 2025) core source_claim,(Garnett & Baker 2021) core source_claim,citation,Zosterops albogularis,core_sources
(IUCN 2025) core source_claim,(Garnett & Baker 2021) core source_claim,citation,Zosterops tenuirostris,core_sources
(IUCN 2025) core source_claim,(Gentile et al. 2015)_INCLUDE_NA_Predation in support_no_no,citation,Conolophus subcristatus,core_sources
(IUCN 2025) core source_claim,(Gerber 1995)_EXCLUDE_0_Inaccessible_NA_NA,citation,Cyclura carinata,core_sources
(IUCN 2025) core source_claim,Gerber 2000 Unpublished report_EXCLUDE_0_Inaccessible_NA_NA,citation,Cyclura pinguis,core_sources
(IUCN 2025) core source_claim,(Gerbracht 2021)_EXCLUDE_0_No claim_NA_NA,citation,Melopyrrha grandis,core_sources
(IUCN 2025) core source_claim,(Ghestemme 2009)_EXCLUDE_?_Not in English or Spanish_NA_NA,citation,Pomarea nigra,core_sources
(IUCN 2025) core source_claim,(Goder et al. 2015)_EXCLUDE_0_Inaccessible_NA_NA,citation,Nactus serpensinsula,core_sources
(IUCN 2025) core source_claim,(Gouni et al. 2006)_EXCLUDE_0_Inaccessible_NA_NA,citation,Todiramphus gambieri,core_sources
(IUCN 2025) core source_claim,(Green 1992)_EXCLUDE_1_Opinion claim_NA_NA,citation,Anas eatoni,core_sources
(IUCN 2025) core source_claim,(Greenway 1967)_EXCLUDE_0_Inaccessible_NA_NA,citation,Anthornis melanocephala,core_sources
(IUCN 2025) core source_claim,(Greenway 1967)_EXCLUDE_0_Inaccessible_NA_NA,citation,Turnagra tanagra,core_sources
(IUCN 2025) core source_claim,(Greenway 1967)_EXCLUDE_0_Inaccessible_NA_NA,citation,Zoothera terrestris,core_sources
(IUCN 2025) core source_claim,(Griesemer & Holmes 2011)_INCLUDE_NA_Predation in support_no_no,citation,Puffinus newelli,core_sources
(IUCN 2025) core source_claim,(Groombridge et al. 2004)_EXCLUDE_0_Opinion claim_NA_NA,citation,Falco araeus,core_sources
(IUCN 2025) core source_claim,(Guicking 1999)_EXCLUDE_?_Inaccessible_NA_NA,citation,Ardenna creatopus,core_sources
(IUCN 2025) core source_claim,(Guo et al. 2020)_EXCLUDE_1_Opinion claim_NA_NA,citation,Eurostopodus nigripennis,core_sources
(IUCN 2025) core source_claim,(Gustafson 2020)_EXCLUDE_0_Opinion claim_NA_NA,citation,Lanius ludovicianus,core_sources
(IUCN 2025) core source_claim,H. Baker and P. Baker in litt. 1999_EXCLUDE_0_Inaccessible_NA_NA,citation,Loxioides bailleui,core_sources
(IUCN 2025) core source_claim,H. C. Baker and P. E. Baker in litt. 1999_EXCLUDE_0_Inaccessible_NA_NA,citation,Fulica alai,core_sources
(IUCN 2025) core source_claim,H. Weimerskirch in litt. 2008_EXCLUDE_?_Inaccessible_NA_NA,citation,Diomedea exulans,core_sources
(IUCN 2025) core source_claim,(Ha et al. 2010)_EXCLUDE_1_Opinion claim_NA_NA,citation,Corvus kubaryi,core_sources
(IUCN 2025) core source_claim,(Hahn & Römer 2002)_INCLUDE_NA_Predation in support_no_no,citation,Anairetes fernandezianus,core_sources
(IUCN 2025) core source_claim,(Hahn & Römer 2002)_EXCLUDE_0_No claim_NA_NA,citation,Aphrastura masafuerae,core_sources
(IUCN 2025) core source_claim,(Hammond et al. 2016)_EXCLUDE_1_Opinion claim_NA_NA,citation,Magumma parva,core_sources
(IUCN 2025) core source_claim,(Harrington et al. 2017)_EXCLUDE_1_No claim_NA_NA,citation,Amytornis ballarae,core_sources
(IUCN 2025) core source_claim,(Harris 1973)_EXCLUDE_1_Opinion claim_NA_NA,citation,Mimus trifasciatus,core_sources
(IUCN 2025) core source_claim,(Hawlitschek et al. 2011)_EXCLUDE_1_No claim_NA_NA,citation,Liophidium mayottensis,core_sources
(IUCN 2025) core source_claim,(Hawlitschek et al. 2011)_EXCLUDE_1_No claim_NA_NA,citation,Lycodryas cococola,core_sources
(IUCN 2025) core source_claim,(Hawlitschek et al. 2011)_EXCLUDE_1_No claim_NA_NA,citation,Lycodryas maculatus,core_sources
(IUCN 2025) core source_claim,(Hayes 2006)_EXCLUDE_0_Inaccessible_NA_NA,citation,Anas chlorotis,core_sources
(IUCN 2025) core source_claim,(Heather & Robertson 1997)_EXCLUDE_?_Inaccessible_NA_NA,citation,Anas chlorotis,core_sources
(IUCN 2025) core source_claim,(Heather & Robertson 1997)_EXCLUDE_?_Inaccessible_NA_NA,citation,Cyanoramphus auriceps,core_sources
(IUCN 2025) core source_claim,(Hedges & Conn 2012)_EXCLUDE_1_No claim_NA_NA,citation,Spondylurus caicosae,core_sources
(IUCN 2025) core source_claim,(Hernández et al. 1999)_EXCLUDE_1_No claim_NA_NA,citation,Columba junoniae,core_sources
(IUCN 2025) core source_claim,(Hernández 2005)_EXCLUDE_0_Opinion claim_NA_NA,citation,Columba junoniae,core_sources
(IUCN 2025) core source_claim,(Higgins 1999)_EXCLUDE_?_Inaccessible_NA_NA,citation,Cyanoramphus auriceps,core_sources
(IUCN 2025) core source_claim,(Higgins 1999)_EXCLUDE_?_Inaccessible_NA_NA,citation,Cyanoramphus forbesi,core_sources
(IUCN 2025) core source_claim,(Higgins & Davies 1996)_EXCLUDE_?_Inaccessible_NA_NA,citation,Coenocorypha iredalei,core_sources
(IUCN 2025) core source_claim,(Higgins & Davies 1996)_EXCLUDE_?_Inaccessible_NA_NA,citation,Coenocorypha pusilla,core_sources
(IUCN 2025) core source_claim,Hines pers. comm. 2017_EXCLUDE_0_Inaccessible_NA_NA,citation,Litoria kroombitensis,core_sources
(IUCN 2025) core source_claim,Hodum in litt. 2007_EXCLUDE_0_Inaccessible_NA_NA,citation,Sephanoides fernandensis,core_sources
(IUCN 2025) core source_claim,Hodum in litt. 2008_EXCLUDE_0_Inaccessible_NA_NA,citation,Sephanoides fernandensis,core_sources
(IUCN 2025) core source_claim,(Hodum 2009)_EXCLUDE_0_Inaccessible_NA_NA,citation,Pterodroma externa,core_sources
(IUCN 2025) core source_claim,(Hodum 2009)_EXCLUDE_0_Inaccessible_NA_NA,citation,Pterodroma longirostris,core_sources
(IUCN 2025) core source_claim,(Hodum & Wainstein 2003)_EXCLUDE_0_Opinion claim_NA_NA,citation,Pterodroma longirostris,core_sources
(IUCN 2025) core source_claim,(Hodum & Wainstein 2004)_EXCLUDE_0_Inaccessible_NA_NA,citation,Pterodroma longirostris,core_sources
(IUCN 2025) core source_claim,(Hollis 2011)_EXCLUDE_0_No claim_NA_NA,citation,Philoria frosti,core_sources
(IUCN 2025) core source_claim,(Holzapfel et al. 2008)_INCLUDE_NA_Predation in support_no_no,citation,Apteryx mantelli,core_sources
(IUCN 2025) core source_claim,(Honsterette & Probst 1999)_EXCLUDE_?_Not in English or Spanish_NA_NA,citation,Cryptoblepharus boutonii,core_sources
(IUCN 2025) core source_claim,(Hume 2017) core source_claim,citation,Acrocephalus yamashinae,core_sources
(IUCN 2025) core source_claim,(Hume 2017) core source_claim,citation,Alopochen mauritiana,core_sources
(IUCN 2025) core source_claim,(Hume 2017) core source_claim,citation,Carpodacus ferreorostris,core_sources
(IUCN 2025) core source_claim,(Hume 2017) core source_claim,citation,Coturnix novaezelandiae,core_sources
(IUCN 2025) core source_claim,(Hume 2017) core source_claim,citation,Dryolimnas augusti,core_sources
(IUCN 2025) core source_claim,(Hume 2017) core source_claim,citation,Hypotaenidia pacifica,core_sources
(IUCN 2025) core source_claim,(Hume 2017) core source_claim,citation,Mascarenotus murivorus,core_sources
(IUCN 2025) core source_claim,(Hume 2017) core source_claim,citation,Necropsittacus rodricanus,core_sources
(IUCN 2025) core source_claim,(Hume 2017) core source_claim,citation,Nycticorax mauritianus,core_sources
(IUCN 2025) core source_claim,(Hume 2017) core source_claim,citation,Nycticorax megacephalus,core_sources
(IUCN 2025) core source_claim,(Hume 2017) core source_claim,citation,Poodytes rufescens,core_sources
(IUCN 2025) core source_claim,(Hume 2017) core source_claim,citation,Ptilinopus mercierii,core_sources
(IUCN 2025) core source_claim,(Hume 2017) core source_claim,citation,Threskiornis solitarius,core_sources
(IUCN 2025) core source_claim,(Hume 2017) core source_claim,citation,Zoothera terrestris,core_sources
(IUCN 2025) core source_claim,Hume 2017_EXCLUDE_?_Inaccessible_NA_NA,citation,Nesillas aldabrana,core_sources
(IUCN 2025) core source_claim,(Hume 2017) core source_claim,citation,Gallinula nesiotis,core_sources
(IUCN 2025) core source_claim,(Hume 2011)_EXCLUDE_1_No claim_NA_NA,citation,Nesoenas duboisi,core_sources
(IUCN 2025) core source_claim,(Hunter et al. 2018)_EXCLUDE_?_Opinion claim_NA_NA,citation,Heleioporus australiacus,core_sources
(IUCN 2025) core source_claim,I. Debski in litt. 2018_EXCLUDE_?_Inaccessible_NA_NA,citation,Diomedea epomophora,core_sources
(IUCN 2025) core source_claim,(IUCN 2025) core source_INCLUDE_NA_Predation in support_no_no,citation,Dasyurus spartacus,core_sources
(IUCN 2025) core source_claim,(IUCN 2025) core source_claim,citation,Gallotia simonyi,core_sources
(IUCN 2025) core source_claim,(IUCN 2025) core source_claim,citation,Nactus serpensinsula,core_sources
(IUCN 2025) core source_claim,(IUCN 2025) core source_claim,citation,Phyllomys thomasi,core_sources
(IUCN 2025) core source_claim,(IUCN 2025) core source_INCLUDE_NA_Population not in support_no_no,citation,Sauromalus klauberi,core_sources
(IUCN 2025) core source_claim,(Illera & Díaz 2006)_EXCLUDE_1_Opinion claim_NA_NA,citation,Saxicola dacotiae,core_sources
(IUCN 2025) core source_claim,(Imber 1987)_INCLUDE_NA_Predation in support_no_no,citation,Procellaria parkinsoni,core_sources
(IUCN 2025) core source_claim,(Iverson 1978)_INCLUDE_NA_Predation in support_no_no,citation,Cyclura carinata,core_sources
(IUCN 2025) core source_claim,(Iverson 1978)_EXCLUDE_1_No claim_NA_NA,citation,Cyclura lewisi,core_sources
(IUCN 2025) core source_claim,(Iverson 1978)_INCLUDE_NA_Predation in support_no_no,citation,Leiocephalus psammodromus,core_sources
(IUCN 2025) core source_claim,J. Burgett in litt. 2007_EXCLUDE_0_Inaccessible_NA_NA,citation,Corvus hawaiiensis,core_sources
(IUCN 2025) core source_claim,J. C. Simon in litt. 1999_EXCLUDE_0_Inaccessible_NA_NA,citation,Palmeria dolei,core_sources
(IUCN 2025) core source_claim,J. C. Torres-Mura in litt.1999_EXCLUDE_0_Inaccessible_NA_NA,citation,Pterodroma longirostris,core_sources
(IUCN 2025) core source_claim,(Woinarski 2004)_EXCLUDE_0_Opinion claim_NA_NA,citation,Sminthopsis butleri,core_sources
(IUCN 2025) core source_claim,(Dowding 1999)_EXCLUDE_1_Opinion claim_NA_NA,citation,Charadrius obscurus,core_sources
(IUCN 2025) core source_claim,J. E. Martínez-Gómez in litt. 1999_EXCLUDE_0_Inaccessible_NA_NA,citation,Zenaida graysoni,core_sources
(IUCN 2025) core source_claim,J. E. Martínez-Gómez in litt. 2000_EXCLUDE_0_Inaccessible_NA_NA,citation,Zenaida graysoni,core_sources
(IUCN 2025) core source_claim,J. E. Martínez-Gómez in litt. 2007_EXCLUDE_0_Inaccessible_NA_NA,citation,Mimus graysoni,core_sources
(IUCN 2025) core source_claim,J. E. Martínez-Gómez in litt. 2016_EXCLUDE_0_Inaccessible_NA_NA,citation,Toxostoma guttatum,core_sources
(IUCN 2025) core source_claim,J. Freile in litt. 2018_EXCLUDE_0_Inaccessible_NA_NA,citation,Zenaida galapagoensis,core_sources
(IUCN 2025) core source_claim,J. Friend pers. comm._EXCLUDE_0_Inaccessible_NA_NA,citation,Myrmecobius fasciatus,core_sources
(IUCN 2025) core source_claim,J. M. Scott in litt. 1999_EXCLUDE_0_Inaccessible_NA_NA,citation,Chlorodrepanis stejnegeri,core_sources
(IUCN 2025) core source_claim,J. M. Scott in litt. 1999_EXCLUDE_0_Inaccessible_NA_NA,citation,Palmeria dolei,core_sources
(IUCN 2025) core source_claim,J. Martínez Gómez in litt. 1998_EXCLUDE_?_Inaccessible_NA_NA,citation,Puffinus auricularis,core_sources
(IUCN 2025) core source_claim,J. Martínez Gómez in litt. 1999_EXCLUDE_?_Inaccessible_NA_NA,citation,Puffinus auricularis,core_sources
(IUCN 2025) core source_claim,J. Martínez Gómez in litt. 2000_EXCLUDE_?_Inaccessible_NA_NA,citation,Puffinus auricularis,core_sources
(IUCN 2025) core source_claim,J. Pérez pers. comm. 2016_EXCLUDE_0_Inaccessible_NA_NA,citation,Phyllodactylus sentosus,core_sources
(IUCN 2025) core source_claim,J. Read in litt. 2016_EXCLUDE_0_Inaccessible_NA_NA,citation,Eurostopodus nigripennis,core_sources
(IUCN 2025) core source_claim,J. Townsend pers. comm. 2020_EXCLUDE_0_Inaccessible_NA_NA,citation,Cubophis brooksi,core_sources
(IUCN 2025) core source_claim,"J. Valiulis, pers. comm. 2015_EXCLUDE_0_Inaccessible_NA_NA",citation,Sphaerodactylus beattyi,core_sources
(IUCN 2025) core source_claim,J. Woinarski pers. comm. 2017_EXCLUDE_0_Inaccessible_NA_NA,citation,Lerista puncticauda,core_sources
(IUCN 2025) core source_claim,J.C. Ortiz pers. comm. July 2015_EXCLUDE_0_Inaccessible_NA_NA,citation,Eupsophus insularis,core_sources
(IUCN 2025) core source_claim,(Jehl & SI 1975)_EXCLUDE_?_No claim_NA_NA,citation,Synthliboramphus scrippsi,core_sources
(IUCN 2025) core source_claim,(Jiménez-Uzcátegui et al. 2019)_EXCLUDE_1_Opinion claim_NA_NA,citation,Geospiza psittacula,core_sources
(IUCN 2025) core source_claim,(Jones 1988)_EXCLUDE_1_Inaccessible_NA_NA,citation,Gongylomorphus fontenayi,core_sources
(IUCN 2025) core source_claim,(Jones 1993)_EXCLUDE_1_Inaccessible_NA_NA,citation,Cryptoblepharus boutonii,core_sources
(IUCN 2025) core source_claim,(Jones 1993)_EXCLUDE_?_Inaccessible_NA_NA,citation,Gongylomorphus bojerii,core_sources
(IUCN 2025) core source_claim,(Jones 1993)_EXCLUDE_1_Inaccessible_NA_NA,citation,Gongylomorphus fontenayi,core_sources
(IUCN 2025) core source_claim,(Jones et al. 2004)_EXCLUDE_NA_Does not test claim_NA_NA,citation,Dasyurus viverrinus,core_sources
(IUCN 2025) core source_claim,K. Morris pers. Comm_EXCLUDE_0_Inaccessible_NA_NA,citation,Pseudocheirus occidentalis,core_sources
(IUCN 2025) core source_claim,K. Otsuki pers comm. 2015_EXCLUDE_0_Inaccessible_NA_NA,citation,Synthliboramphus wumizusume,core_sources
(IUCN 2025) core source_claim,K. Sivakumar in litt. 2004_EXCLUDE_0_Inaccessible_NA_NA,citation,Megapodius nicobariensis,core_sources
(IUCN 2025) core source_claim,(Kear & Scarlett 1970)_EXCLUDE_1_Opinion claim_NA_NA,citation,Mergus australis,core_sources
(IUCN 2025) core source_claim,(Keedwell 2005)_INCLUDE_NA_Predation in support_no_no,citation,Chlidonias albostriatus,core_sources
(IUCN 2025) core source_claim,(Keitt et al. 2005)_EXCLUDE_0_Inaccessible_NA_NA,citation,Phoebastria immutabilis,core_sources
(IUCN 2025) core source_claim,(Keitt 2005)_INCLUDE_NA_Predation in support_no_no,citation,Synthliboramphus hypoleucus,core_sources
(IUCN 2025) core source_claim,(Keitt 1998)_EXCLUDE_0_Inaccessible_NA_NA,citation,Puffinus opisthomelas,core_sources
(IUCN 2025) core source_claim,(Keitt et al. 2006)_EXCLUDE_0_Inaccessible_NA_NA,citation,Puffinus opisthomelas,core_sources
(IUCN 2025) core source_claim,(Keitt & Tershy 2003)_INCLUDE_NA_Predation in support_no_no,citation,Puffinus opisthomelas,core_sources
(IUCN 2025) core source_claim,(Kemp & Kirwan 2020)_EXCLUDE_0_Inaccessible_NA_NA,citation,Falco araeus,core_sources
(IUCN 2025) core source_claim,Kirkconnell 2013_EXCLUDE_0_Inaccessible_NA_NA,citation,Colaptes fernandinae,core_sources
(IUCN 2025) core source_claim,(Kumar 2019)_INCLUDE_NA_Population in support_yes_no,citation,Conolophus subcristatus,core_sources
(IUCN 2025) core source_claim,L. Bonaparte in litt. 2022_EXCLUDE_0_Inaccessible_NA_NA,citation,Melopyrrha grandis,core_sources
(IUCN 2025) core source_claim,L. Broome pers. comm._EXCLUDE_0_Inaccessible_NA_NA,citation,Mastacomys fuscus,core_sources
(IUCN 2025) core source_claim,L. Dollar pers. comm._EXCLUDE_0_Inaccessible_NA_NA,citation,Macrotarsomys ingens,core_sources
(IUCN 2025) core source_claim,(Lacey & O'Brien 2015)_EXCLUDE_1_Inaccessible_NA_NA,citation,Sternula nereis,core_sources
(IUCN 2025) core source_claim,(Larsen 2020)_EXCLUDE_0_Inaccessible_NA_NA,citation,Turdus ravidus,core_sources
(IUCN 2025) core source_claim,(Laurie 1983)_INCLUDE_NA_Predation in support_no_no,citation,Amblyrhynchus cristatus,core_sources
(IUCN 2025) core source_claim,(Lavery et al. 2022)_EXCLUDE_1_Opinion claim_NA_NA,citation,Pseudomys glaucus,core_sources
(IUCN 2025) core source_claim,(Leahy et al. 2015)_EXCLUDE_1_No claim_NA_NA,citation,Ctenotus kurnbudj,core_sources
(IUCN 2025) core source_claim,(Leahy et al. 2015)_EXCLUDE_1_No claim_NA_NA,citation,Ctenotus stuarti,core_sources
(IUCN 2025) core source_claim,(Leahy et al. 2015)_EXCLUDE_1_No claim_NA_NA,citation,Lucasium occultum,core_sources
(IUCN 2025) core source_claim,(Leary 1992)_EXCLUDE_0_No claim_NA_NA,citation,Cincloramphus turipavae,core_sources
(IUCN 2025) core source_claim,(Lepson 2020)_EXCLUDE_0_Inaccessible_NA_NA,citation,Magumma parva,core_sources
(IUCN 2025) core source_claim,(Lepson & Freed 2020)_EXCLUDE_0_Inaccessible_NA_NA,citation,Loxops coccineus,core_sources
(IUCN 2025) core source_claim,(Leseberg et al. 2021)_EXCLUDE_1_Opinion claim_NA_NA,citation,Pezoporus occidentalis,core_sources
(IUCN 2025) core source_claim,(Lindsey et al. 2009)_EXCLUDE_?_No claim_NA_NA,citation,Hemignathus hanapepe,core_sources
(IUCN 2025) core source_claim,(Lindsey et al. 2009)_EXCLUDE_?_Inaccessible_NA_NA,citation,Loxops ochraceus,core_sources
(IUCN 2025) core source_claim,(Lindsey et al. 2009)_EXCLUDE_?_Inaccessible_NA_NA,citation,Psittirostra psittacea,core_sources
(IUCN 2025) core source_claim,(Lindsey et al. 2009)_EXCLUDE_?_Inaccessible_NA_NA,citation,Hemignathus affinis,core_sources
(IUCN 2025) core source_claim,(Lindsey et al. 1998)_EXCLUDE_0_Inaccessible_NA_NA,citation,Chlorodrepanis stejnegeri,core_sources
(IUCN 2025) core source_claim,(Livezey 1989)_EXCLUDE_1_No claim_NA_NA,citation,Mergus australis,core_sources
(IUCN 2025) core source_claim,(Lorenzo et al. 2014)_EXCLUDE_0_Inaccessible_NA_NA,citation,Sylvilagus mansuetus,core_sources
(IUCN 2025) core source_claim,(Lorenzo et al. 2018a)_EXCLUDE_?_Inaccessible_NA_NA,citation,Sylvilagus mansuetus,core_sources
(IUCN 2025) core source_claim,(Lorenzo et al. 2015)_EXCLUDE_1_Opinion claim_NA_NA,citation,Sylvilagus mansuetus,core_sources
(IUCN 2025) core source_claim,(Lorenzo et al. 2018b)_EXCLUDE_0_Inaccessible_NA_NA,citation,Sylvilagus mansuetus,core_sources
(IUCN 2025) core source_claim,(Loustau-Lalanne 1962)_EXCLUDE_0_Inaccessible_NA_NA,citation,Falco araeus,core_sources
(IUCN 2025) core source_claim,(Lovegrove et al. 1989)_EXCLUDE_0_Inaccessible_NA_NA,citation,Vini peruviana,core_sources
(IUCN 2025) core source_claim,(Lundie-Jenkins & Payne 2000)_EXCLUDE_0_Inaccessible_NA_NA,citation,Sminthopsis douglasi,core_sources
(IUCN 2025) core source_claim,(Lynn & Grant 1940)_EXCLUDE_0_Inaccessible_NA_NA,citation,Chilabothrus subflavus,core_sources
(IUCN 2025) core source_claim,M. Brooke in litt. 2012_EXCLUDE_0_Inaccessible_NA_NA,citation,Acrocephalus vaughani,core_sources
(IUCN 2025) core source_claim,M. O'Brien in litt. 2023_EXCLUDE_0_Inaccessible_NA_NA,citation,Metabolus rugensis,core_sources
(IUCN 2025) core source_claim,M. Rauzon in litt. 1999_EXCLUDE_0_Inaccessible_NA_NA,citation,Pterodroma alba,core_sources
(IUCN 2025) core source_claim,M. Reed in litt. 2007_EXCLUDE_0_Inaccessible_NA_NA,citation,Fulica alai,core_sources
(IUCN 2025) core source_claim,M. Ryan in litt. 2022_EXCLUDE_0_Inaccessible_NA_NA,citation,Melopyrrha grandis,core_sources
(IUCN 2025) core source_claim,M. Sumontha pers. comm. 2017_EXCLUDE_0_Inaccessible_NA_NA,citation,Cyrtodactylus khelangensis,core_sources
(IUCN 2025) core source_claim,(MRRP 2010)_EXCLUDE_0_Inaccessible_NA_NA,citation,Gongylomorphus fontenayi,core_sources
(IUCN 2025) core source_claim,(MacLeod & Steinfartz 2016)_INCLUDE_NA_Population in support_no_no,citation,Amblyrhynchus cristatus,core_sources
(IUCN 2025) core source_claim,(Marchant & Higgins 1993)_EXCLUDE_?_Inaccessible_NA_NA,citation,Cabalus modestus,core_sources
(IUCN 2025) core source_claim,(Marchant & Higgins 1993)_EXCLUDE_?_Inaccessible_NA_NA,citation,Coturnix novaezelandiae,core_sources
(IUCN 2025) core source_claim,(Marchant & Higgins 1993)_EXCLUDE_?_Inaccessible_NA_NA,citation,Hypotaenidia dieffenbachii,core_sources
(IUCN 2025) core source_claim,(Martin et al. 2000)_EXCLUDE_1_No claim_NA_NA,citation,Columba junoniae,core_sources
(IUCN 2025) core source_claim,(Martínez-Gómez & Curry 1996)_INCLUDE_NA_Predation not in support_no_no,citation,Mimus graysoni,core_sources
(IUCN 2025) core source_claim,(Martınez-Gomez et al. 2001)_INCLUDE_NA_Population not in support_yes_no,citation,Mimus graysoni,core_sources
(IUCN 2025) core source_claim,(Martınez-Gomez & Jacobsen 2004)_INCLUDE_NA_Predation in support_no_no,citation,Puffinus auricularis,core_sources
(IUCN 2025) core source_claim,(Masibalavu & Mucklow 2008)_EXCLUDE_0_Inaccessible_NA_NA,citation,Charmosyna amabilis,core_sources
(IUCN 2025) core source_claim,(Mathieson & Smith 2009a)_EXCLUDE_0_Opinion claim_NA_NA,citation,Turnix melanogaster,core_sources
(IUCN 2025) core source_claim,(Mattern & Ellenberg 2016)_EXCLUDE_0_No claim_NA_NA,citation,Eudyptes pachyrhynchus,core_sources
(IUCN 2025) core source_claim,Mauritius Reptile Recovery Programme unpubl. Data_EXCLUDE_0_Inaccessible_NA_NA,citation,Nactus serpensinsula,core_sources
(IUCN 2025) core source_claim,(Maxwell et al. 1996)_EXCLUDE_0_Inaccessible_NA_NA,citation,Perameles bougainville,core_sources
(IUCN 2025) core source_claim,(McAlpin 2001)_INCLUDE_NA_Predation in support_no_no,citation,Liopholis kintorei,core_sources
(IUCN 2025) core source_claim,(McChesney & Tershy 1998)_INCLUDE_NA_Predation in support_no_no,citation,Ptychoramphus aleuticus,core_sources
(IUCN 2025) core source_claim,(McGregor et al. 2015)_EXCLUDE_1_No claim_NA_NA,citation,Ctenotus kurnbudj,core_sources
(IUCN 2025) core source_claim,(McGregor et al. 2015)_EXCLUDE_1_No claim_NA_NA,citation,Ctenotus stuarti,core_sources
(IUCN 2025) core source_claim,(McGregor et al. 2015)_EXCLUDE_1_No claim_NA_NA,citation,Lerista puncticauda,core_sources
(IUCN 2025) core source_claim,(McGregor et al. 2015)_EXCLUDE_1_No claim_NA_NA,citation,Lucasium occultum,core_sources
(IUCN 2025) core source_claim,(McGregor et al. 2014)_EXCLUDE_1_No claim_NA_NA,citation,Ctenotus kurnbudj,core_sources
(IUCN 2025) core source_claim,(McGregor et al. 2014)_EXCLUDE_1_No claim_NA_NA,citation,Ctenotus stuarti,core_sources
(IUCN 2025) core source_claim,(McGregor et al. 2014)_EXCLUDE_1_No claim_NA_NA,citation,Lucasium occultum,core_sources
(IUCN 2025) core source_claim,(McGregor et al. 2016)_EXCLUDE_1_No claim_NA_NA,citation,Ctenotus kurnbudj,core_sources
(IUCN 2025) core source_claim,(McGregor et al. 2016)_EXCLUDE_1_No claim_NA_NA,citation,Ctenotus stuarti,core_sources
(IUCN 2025) core source_claim,(McGregor et al. 2016)_EXCLUDE_1_No claim_NA_NA,citation,Lucasium occultum,core_sources
(IUCN 2025) core source_claim,(McLennan et al. 2004)_INCLUDE_NA_Predation in support_no_no,citation,Apteryx australis,core_sources
(IUCN 2025) core source_claim,(McLennan et al. 1996)_INCLUDE_NA_Predation in support_no_no,citation,Apteryx australis,core_sources
(IUCN 2025) core source_claim,(McLennan et al. 1996)_EXCLUDE_1_No claim_NA_NA,citation,Apteryx mantelli,core_sources
(IUCN 2025) core source_claim,(Medina et al. 2011) core source_claim,citation,Leiocephalus eremitus,core_sources
(IUCN 2025) core source_claim,(Medina & Nogales 2009)_EXCLUDE_1_Opinion claim_NA_NA,citation,Saxicola dacotiae,core_sources
(IUCN 2025) core source_claim,(Mellink et al. 2002)_EXCLUDE_?_Inaccessible_NA_NA,citation,Peromyscus dickeyi,core_sources
(IUCN 2025) core source_claim,(Mills 2013)_EXCLUDE_0_Opinion claim_NA_NA,citation,Sterna striata,core_sources
(IUCN 2025) core source_claim,(Milner et al. 2015)_EXCLUDE_0_No claim_NA_NA,citation,Mastacomys fuscus,core_sources
(IUCN 2025) core source_claim,(Ministerio del Medio Ambiente 2014)_EXCLUDE_0_No claim_NA_NA,citation,Pristidactylus volcanensis,core_sources
(IUCN 2025) core source_claim,(Miskelly 2000)_INCLUDE_NA_Population not in support_yes_no,citation,Coenocorypha aucklandica,core_sources
(IUCN 2025) core source_claim,(Miskelly et al. 2020)_EXCLUDE_1_No claim_NA_NA,citation,Coenocorypha aucklandica,core_sources
(IUCN 2025) core source_claim,(Mitchell et al. 2005)_EXCLUDE_0_Opinion claim_NA_NA,citation,Puffinus newelli,core_sources
(IUCN 2025) core source_claim,(Molur et al. 2005)_EXCLUDE_0_Opinion claim_NA_NA,citation,Tupaia nicobarica,core_sources
(IUCN 2025) core source_claim,(Monnet et al. 1993)_EXCLUDE_1_No claim_NA_NA,citation,Ducula aurorae,core_sources
(IUCN 2025) core source_claim,(Mori et al. 2019)_INCLUDE_NA_Predation in support_no_no,citation,Passer italiae,core_sources
(IUCN 2025) core source_claim,(Mosher 2006)_EXCLUDE_0_Inaccessible_NA_NA,citation,Acrocephalus hiwae,core_sources
(IUCN 2025) core source_claim,(Murphy et al. 2018)_INCLUDE_NA_Population in support_yes_yes,citation,Lophotibis cristata,core_sources
(IUCN 2025) core source_claim,(Márquez B et al. 2010)_EXCLUDE_1_Opinion claim_NA_NA,citation,Conolophus subcristatus,core_sources
(IUCN 2025) core source_claim,N. Cole pers. obs._EXCLUDE_0_Inaccessible_NA_NA,citation,Cryptoblepharus boutonii,core_sources
(IUCN 2025) core source_claim,N. Cole pers. obs._EXCLUDE_0_Inaccessible_NA_NA,citation,Gongylomorphus fontenayi,core_sources
(IUCN 2025) core source_claim,"N. Marlow, P. de Tores and K. Morris et al., pers. comm._EXCLUDE_0_Inaccessible_NA_NA",citation,Bettongia penicillata,core_sources
(IUCN 2025) core source_claim,N. Sallaberry pers comm. 2015_EXCLUDE_0_Inaccessible_NA_NA,citation,Galvarinus chilensis,core_sources
(IUCN 2025) core source_claim,NOTHING_EXCLUDE_NA_No citation given_NA_NA Acrocephalus aequinoctialis,citation,Acrocephalus aequinoctialis,core_sources
(IUCN 2025) core source_claim,NOTHING_EXCLUDE_NA_No citation given_NA_NA Aegotheles savesi,citation,Aegotheles savesi,core_sources
(IUCN 2025) core source_claim,NOTHING_EXCLUDE_NA_No citation given_NA_NA Agelaius xanthomus,citation,Agelaius xanthomus,core_sources
(IUCN 2025) core source_claim,NOTHING_EXCLUDE_NA_No citation given_NA_NA Algyroides marchi,citation,Algyroides marchi,core_sources
(IUCN 2025) core source_claim,NOTHING_EXCLUDE_NA_No citation given_NA_NA Alsophis rijgersmaei,citation,Alsophis rijgersmaei,core_sources
(IUCN 2025) core source_claim,NOTHING_EXCLUDE_NA_No citation given_NA_NA Alsophis rufiventris,citation,Alsophis rufiventris,core_sources
(IUCN 2025) core source_claim,NOTHING_EXCLUDE_NA_No citation given_NA_NA Ameiva provitaae,citation,Ameiva provitaae,core_sources
(IUCN 2025) core source_claim,NOTHING_EXCLUDE_NA_No citation given_NA_NA Anadia bogotensis,citation,Anadia bogotensis,core_sources
(IUCN 2025) core source_claim,NOTHING_EXCLUDE_NA_No citation given_NA_NA Anolis bicaorum,citation,Anolis bicaorum,core_sources
(IUCN 2025) core source_claim,NOTHING_EXCLUDE_NA_No citation given_NA_NA Anolis gorgonae,citation,Anolis gorgonae,core_sources
(IUCN 2025) core source_claim,NOTHING_EXCLUDE_NA_No citation given_NA_NA Anolis lividus,citation,Anolis lividus,core_sources
(IUCN 2025) core source_claim,NOTHING_EXCLUDE_NA_No citation given_NA_NA Anolis nelsoni,citation,Anolis nelsoni,core_sources
(IUCN 2025) core source_claim,NOTHING_EXCLUDE_NA_No citation given_NA_NA Anolis pigmaequestris,citation,Anolis pigmaequestris,core_sources
(IUCN 2025) core source_claim,NOTHING_EXCLUDE_NA_No citation given_NA_NA Antillotyphlops monastus,citation,Antillotyphlops monastus,core_sources
(IUCN 2025) core source_claim,NOTHING_EXCLUDE_NA_No citation given_NA_NA Antillotyphlops richardii,citation,Antillotyphlops richardii,core_sources
(IUCN 2025) core source_claim,NOTHING_EXCLUDE_NA_No citation given_NA_NA Aplonis santovestris,citation,Aplonis santovestris,core_sources
(IUCN 2025) core source_claim,NOTHING_EXCLUDE_NA_No citation given_NA_NA Apteryx haastii,citation,Apteryx haastii,core_sources
(IUCN 2025) core source_claim,NOTHING_EXCLUDE_NA_No citation given_NA_NA Aspidoscelis catalinensis,citation,Aspidoscelis catalinensis,core_sources
(IUCN 2025) core source_claim,NOTHING_EXCLUDE_NA_No citation given_NA_NA Atelopus guanujo,citation,Atelopus guanujo,core_sources
(IUCN 2025) core source_claim,NOTHING_EXCLUDE_NA_No citation given_NA_NA Atopogale cubana,citation,Atopogale cubana,core_sources
(IUCN 2025) core source_claim,NOTHING_EXCLUDE_NA_No citation given_NA_NA Bavayia exsuccida,citation,Bavayia exsuccida,core_sources
(IUCN 2025) core source_claim,NOTHING_EXCLUDE_NA_No citation given_NA_NA Bavayia montana,citation,Bavayia montana,core_sources
(IUCN 2025) core source_claim,NOTHING_EXCLUDE_NA_No citation given_NA_NA Bavayia ornata,citation,Bavayia ornata,core_sources
(IUCN 2025) core source_claim,NOTHING_EXCLUDE_NA_No citation given_NA_NA Bavayia robusta,citation,Bavayia robusta,core_sources
(IUCN 2025) core source_claim,NOTHING_EXCLUDE_NA_No citation given_NA_NA Bavayia sauvagii,citation,Bavayia sauvagii,core_sources
(IUCN 2025) core source_claim,NOTHING_EXCLUDE_NA_No citation given_NA_NA Boa orophias,citation,Boa orophias,core_sources
(IUCN 2025) core source_claim,NOTHING_EXCLUDE_NA_No citation given_NA_NA Bolyeria multocarinata,citation,Bolyeria multocarinata,core_sources
(IUCN 2025) core source_claim,NOTHING_EXCLUDE_NA_No citation given_NA_NA Botaurus poiciloptilus,citation,Botaurus poiciloptilus,core_sources
(IUCN 2025) core source_claim,NOTHING_EXCLUDE_NA_No citation given_NA_NA Brachylophus bulabula,citation,Brachylophus bulabula,core_sources
(IUCN 2025) core source_claim,NOTHING_EXCLUDE_NA_No citation given_NA_NA Brachylophus fasciatus,citation,Brachylophus fasciatus,core_sources
(IUCN 2025) core source_claim,NOTHING_EXCLUDE_NA_No citation given_NA_NA Brachylophus vitiensis,citation,Brachylophus vitiensis,core_sources
(IUCN 2025) core source_claim,NOTHING_EXCLUDE_NA_No citation given_NA_NA Burramys parvus,citation,Burramys parvus,core_sources
(IUCN 2025) core source_claim,NOTHING_EXCLUDE_NA_No citation given_NA_NA Caloenas nicobarica,citation,Caloenas nicobarica,core_sources
(IUCN 2025) core source_claim,NOTHING_EXCLUDE_NA_No citation given_NA_NA Calonectris leucomelas,citation,Calonectris leucomelas,core_sources
(IUCN 2025) core source_claim,NOTHING_EXCLUDE_NA_No citation given_NA_NA Caloprymnus campestris,citation,Caloprymnus campestris,core_sources
(IUCN 2025) core source_claim,NOTHING_EXCLUDE_NA_No citation given_NA_NA Caribicus anelpistus,citation,Caribicus anelpistus,core_sources
(IUCN 2025) core source_claim,NOTHING_EXCLUDE_NA_No citation given_NA_NA Caribicus warreni,citation,Caribicus warreni,core_sources
(IUCN 2025) core source_claim,NOTHING_EXCLUDE_NA_No citation given_NA_NA Casarea dussumieri,citation,Casarea dussumieri,core_sources
(IUCN 2025) core source_claim,NOTHING_EXCLUDE_NA_No citation given_NA_NA Chalinolobus picatus,citation,Chalinolobus picatus,core_sources
(IUCN 2025) core source_claim,NOTHING_EXCLUDE_NA_No citation given_NA_NA Chasiempis ibidis,citation,Chasiempis ibidis,core_sources
(IUCN 2025) core source_claim,NOTHING_EXCLUDE_NA_No citation given_NA_NA Chasiempis sclateri,citation,Chasiempis sclateri,core_sources
(IUCN 2025) core source_claim,NOTHING_EXCLUDE_NA_No citation given_NA_NA Chelonoidis becki,citation,Chelonoidis becki,core_sources
(IUCN 2025) core source_claim,NOTHING_EXCLUDE_NA_No citation given_NA_NA Chelonoidis chathamensis,citation,Chelonoidis chathamensis,core_sources
(IUCN 2025) core source_claim,NOTHING_EXCLUDE_NA_No citation given_NA_NA Chelonoidis donfaustoi,citation,Chelonoidis donfaustoi,core_sources
(IUCN 2025) core source_claim,NOTHING_EXCLUDE_NA_No citation given_NA_NA Chelonoidis guntheri,citation,Chelonoidis guntheri,core_sources
(IUCN 2025) core source_claim,NOTHING_EXCLUDE_NA_No citation given_NA_NA Chelonoidis microphyes,citation,Chelonoidis microphyes,core_sources
(IUCN 2025) core source_claim,NOTHING_EXCLUDE_NA_No citation given_NA_NA Chelonoidis niger,citation,Chelonoidis niger,core_sources
(IUCN 2025) core source_claim,NOTHING_EXCLUDE_NA_No citation given_NA_NA Chelonoidis porteri,citation,Chelonoidis porteri,core_sources
(IUCN 2025) core source_claim,NOTHING_EXCLUDE_NA_No citation given_NA_NA Chelonoidis vicina,citation,Chelonoidis vicina,core_sources
(IUCN 2025) core source_claim,NOTHING_EXCLUDE_NA_No citation given_NA_NA Chilabothrus exsul,citation,Chilabothrus exsul,core_sources
(IUCN 2025) core source_claim,NOTHING_EXCLUDE_NA_No citation given_NA_NA Cincloramphus llaneae,citation,Cincloramphus llaneae,core_sources
(IUCN 2025) core source_claim,NOTHING_EXCLUDE_NA_No citation given_NA_NA Cnemaspis anslemi,citation,Cnemaspis anslemi,core_sources
(IUCN 2025) core source_claim,NOTHING_EXCLUDE_NA_No citation given_NA_NA Cnemaspis latha,citation,Cnemaspis latha,core_sources
(IUCN 2025) core source_claim,NOTHING_EXCLUDE_NA_No citation given_NA_NA Cnemaspis nilgala,citation,Cnemaspis nilgala,core_sources
(IUCN 2025) core source_claim,NOTHING_EXCLUDE_NA_No citation given_NA_NA Cnemaspis rammalensis,citation,Cnemaspis rammalensis,core_sources
(IUCN 2025) core source_claim,NOTHING_EXCLUDE_NA_No citation given_NA_NA Cnemidophorus flavissimus,citation,Cnemidophorus flavissimus,core_sources
(IUCN 2025) core source_claim,NOTHING_EXCLUDE_NA_No citation given_NA_NA Coccyzus bahamensis,citation,Coccyzus bahamensis,core_sources
(IUCN 2025) core source_claim,NOTHING_EXCLUDE_NA_No citation given_NA_NA Coccyzus ferrugineus,citation,Coccyzus ferrugineus,core_sources
(IUCN 2025) core source_claim,NOTHING_EXCLUDE_NA_No citation given_NA_NA Coleura seychellensis,citation,Coleura seychellensis,core_sources
(IUCN 2025) core source_claim,NOTHING_EXCLUDE_NA_No citation given_NA_NA Conilurus albipes,citation,Conilurus albipes,core_sources
(IUCN 2025) core source_claim,NOTHING_EXCLUDE_NA_No citation given_NA_NA Conilurus capricornensis,citation,Conilurus capricornensis,core_sources
(IUCN 2025) core source_claim,NOTHING_EXCLUDE_NA_No citation given_NA_NA Conilurus penicillatus,citation,Conilurus penicillatus,core_sources
(IUCN 2025) core source_claim,NOTHING_EXCLUDE_NA_No citation given_NA_NA Conolophus marthae,citation,Conolophus marthae,core_sources
(IUCN 2025) core source_claim,NOTHING_EXCLUDE_NA_No citation given_NA_NA Coracopsis barklyi,citation,Coracopsis barklyi,core_sources
(IUCN 2025) core source_claim,NOTHING_EXCLUDE_NA_No citation given_NA_NA Cornufer vitianus,citation,Cornufer vitianus,core_sources
(IUCN 2025) core source_claim,NOTHING_EXCLUDE_NA_No citation given_NA_NA Crocidura trichura,citation,Crocidura trichura,core_sources
(IUCN 2025) core source_claim,NOTHING_EXCLUDE_NA_No citation given_NA_NA Cryptoblepharus caudatus,citation,Cryptoblepharus caudatus,core_sources
(IUCN 2025) core source_claim,NOTHING_EXCLUDE_NA_No citation given_NA_NA Ctenosaura bakeri,citation,Ctenosaura bakeri,core_sources
(IUCN 2025) core source_claim,NOTHING_EXCLUDE_NA_No citation given_NA_NA Ctenosaura flavidorsalis,citation,Ctenosaura flavidorsalis,core_sources
(IUCN 2025) core source_claim,NOTHING_EXCLUDE_NA_No citation given_NA_NA Ctenosaura melanosterna,citation,Ctenosaura melanosterna,core_sources
(IUCN 2025) core source_claim,NOTHING_EXCLUDE_NA_No citation given_NA_NA Ctenosaura oedirhina,citation,Ctenosaura oedirhina,core_sources
(IUCN 2025) core source_claim,NOTHING_EXCLUDE_NA_No citation given_NA_NA Cyclodomorphus praealtus,citation,Cyclodomorphus praealtus,core_sources
(IUCN 2025) core source_claim,NOTHING_EXCLUDE_NA_No citation given_NA_NA Cyclura cornuta,citation,Cyclura cornuta,core_sources
(IUCN 2025) core source_claim,NOTHING_EXCLUDE_NA_No citation given_NA_NA Cyclura cychlura,citation,Cyclura cychlura,core_sources
(IUCN 2025) core source_claim,NOTHING_EXCLUDE_NA_No citation given_NA_NA Cyrtodactylus sadleiri,citation,Cyrtodactylus sadleiri,core_sources
(IUCN 2025) core source_claim,NOTHING_EXCLUDE_NA_No citation given_NA_NA Cyrtodactylus soba,citation,Cyrtodactylus soba,core_sources
(IUCN 2025) core source_claim,NOTHING_EXCLUDE_NA_No citation given_NA_NA Cyrtodactylus thirakhupti,citation,Cyrtodactylus thirakhupti,core_sources
(IUCN 2025) core source_claim,NOTHING_EXCLUDE_NA_No citation given_NA_NA Cyrtodactylus yakhuna,citation,Cyrtodactylus yakhuna,core_sources
(IUCN 2025) core source_claim,NOTHING_EXCLUDE_NA_No citation given_NA_NA Dasia haliana,citation,Dasia haliana,core_sources
(IUCN 2025) core source_claim,NOTHING_EXCLUDE_NA_No citation given_NA_NA Dasyurus geoffroii,citation,Dasyurus geoffroii,core_sources
(IUCN 2025) core source_claim,NOTHING_EXCLUDE_NA_No citation given_NA_NA Dasyurus hallucatus,citation,Dasyurus hallucatus,core_sources
(IUCN 2025) core source_claim,NOTHING_EXCLUDE_NA_No citation given_NA_NA Diomedea dabbenena,citation,Diomedea dabbenena,core_sources
(IUCN 2025) core source_claim,NOTHING_EXCLUDE_NA_No citation given_NA_NA Diomedea sanfordi,citation,Diomedea sanfordi,core_sources
(IUCN 2025) core source_claim,NOTHING_EXCLUDE_NA_No citation given_NA_NA Diplothrix legata,citation,Diplothrix legata,core_sources
(IUCN 2025) core source_claim,NOTHING_EXCLUDE_NA_No citation given_NA_NA Dipodomys stephensi,citation,Dipodomys stephensi,core_sources
(IUCN 2025) core source_claim,NOTHING_EXCLUDE_NA_No citation given_NA_NA Diporiphora vescus,citation,Diporiphora vescus,core_sources
(IUCN 2025) core source_claim,NOTHING_EXCLUDE_NA_No citation given_NA_NA Eleutherodactylus barlagnei,citation,Eleutherodactylus barlagnei,core_sources
(IUCN 2025) core source_claim,NOTHING_EXCLUDE_NA_No citation given_NA_NA Eleutherodactylus cavernicola,citation,Eleutherodactylus cavernicola,core_sources
(IUCN 2025) core source_claim,NOTHING_EXCLUDE_NA_No citation given_NA_NA Eleutherodactylus pinchoni,citation,Eleutherodactylus pinchoni,core_sources
(IUCN 2025) core source_claim,NOTHING_EXCLUDE_NA_No citation given_NA_NA Emberiza socotrana,citation,Emberiza socotrana,core_sources
(IUCN 2025) core source_claim,NOTHING_EXCLUDE_NA_No citation given_NA_NA Emoia lawesi,citation,Emoia lawesi,core_sources
(IUCN 2025) core source_claim,NOTHING_EXCLUDE_NA_No citation given_NA_NA Emoia samoensis,citation,Emoia samoensis,core_sources
(IUCN 2025) core source_claim,NOTHING_EXCLUDE_NA_No citation given_NA_NA Erythrolamprus juliae,citation,Erythrolamprus juliae,core_sources
(IUCN 2025) core source_claim,NOTHING_EXCLUDE_NA_No citation given_NA_NA Erythrolamprus perfuscus,citation,Erythrolamprus perfuscus,core_sources
(IUCN 2025) core source_claim,NOTHING_EXCLUDE_NA_No citation given_NA_NA Euleptes europaea,citation,Euleptes europaea,core_sources
(IUCN 2025) core source_claim,NOTHING_EXCLUDE_NA_No citation given_NA_NA Eupleres major,citation,Eupleres major,core_sources
(IUCN 2025) core source_claim,NOTHING_EXCLUDE_NA_No citation given_NA_NA Eupsittula nana,citation,Eupsittula nana,core_sources
(IUCN 2025) core source_claim,NOTHING_EXCLUDE_NA_No citation given_NA_NA Eurostopodus exul,citation,Eurostopodus exul,core_sources
(IUCN 2025) core source_claim,NOTHING_EXCLUDE_NA_No citation given_NA_NA Falsistrellus tasmaniensis,citation,Falsistrellus tasmaniensis,core_sources
(IUCN 2025) core source_claim,NOTHING_EXCLUDE_NA_No citation given_NA_NA Flexiseps valhallae,citation,Flexiseps valhallae,core_sources
(IUCN 2025) core source_claim,NOTHING_EXCLUDE_NA_No citation given_NA_NA Foudia aldabrana,citation,Foudia aldabrana,core_sources
(IUCN 2025) core source_claim,NOTHING_EXCLUDE_NA_No citation given_NA_NA Foudia flavicans,citation,Foudia flavicans,core_sources
(IUCN 2025) core source_claim,NOTHING_EXCLUDE_NA_No citation given_NA_NA Fregata aquila,citation,Fregata aquila,core_sources
(IUCN 2025) core source_claim,NOTHING_EXCLUDE_NA_No citation given_NA_NA Fregetta maoriana,citation,Fregetta maoriana,core_sources
(IUCN 2025) core source_claim,NOTHING_EXCLUDE_NA_No citation given_NA_NA Galemys pyrenaicus,citation,Galemys pyrenaicus,core_sources
(IUCN 2025) core source_claim,NOTHING_EXCLUDE_NA_No citation given_NA_NA Gallirallus lafresnayanus,citation,Gallirallus lafresnayanus,core_sources
(IUCN 2025) core source_claim,NOTHING_EXCLUDE_NA_No citation given_NA_NA Gallotia bravoana,citation,Gallotia bravoana,core_sources
(IUCN 2025) core source_claim,NOTHING_EXCLUDE_NA_No citation given_NA_NA Galvarinus chilensis,citation,Galvarinus chilensis,core_sources
(IUCN 2025) core source_claim,NOTHING_EXCLUDE_NA_No citation given_NA_NA Gastrotheca lojana,citation,Gastrotheca lojana,core_sources
(IUCN 2025) core source_claim,NOTHING_EXCLUDE_NA_No citation given_NA_NA Geocapromys thoracatus,citation,Geocapromys thoracatus,core_sources
(IUCN 2025) core source_claim,NOTHING_EXCLUDE_NA_No citation given_NA_NA Geospiza heliobates,citation,Geospiza heliobates,core_sources
(IUCN 2025) core source_claim,NOTHING_EXCLUDE_NA_No citation given_NA_NA Geospiza pauper,citation,Geospiza pauper,core_sources
(IUCN 2025) core source_claim,NOTHING_EXCLUDE_NA_No citation given_NA_NA Gonatodes naufragus,citation,Gonatodes naufragus,core_sources
(IUCN 2025) core source_claim,NOTHING_EXCLUDE_NA_No citation given_NA_NA Goniurosaurus kuroiwae,citation,Goniurosaurus kuroiwae,core_sources
(IUCN 2025) core source_claim,NOTHING_EXCLUDE_NA_No citation given_NA_NA Haematopus chathamensis,citation,Haematopus chathamensis,core_sources
(IUCN 2025) core source_claim,NOTHING_EXCLUDE_NA_No citation given_NA_NA Haitiophis anomalus,citation,Haitiophis anomalus,core_sources
(IUCN 2025) core source_claim,NOTHING_EXCLUDE_NA_No citation given_NA_NA Hemidactylus bouvieri,citation,Hemidactylus bouvieri,core_sources
(IUCN 2025) core source_claim,NOTHING_EXCLUDE_NA_No citation given_NA_NA Hemiphaga chathamensis,citation,Hemiphaga chathamensis,core_sources
(IUCN 2025) core source_claim,NOTHING_EXCLUDE_NA_No citation given_NA_NA Henicophaps foersteri,citation,Henicophaps foersteri,core_sources
(IUCN 2025) core source_claim,NOTHING_EXCLUDE_NA_No citation given_NA_NA Hipposideros demissus,citation,Hipposideros demissus,core_sources
(IUCN 2025) core source_claim,NOTHING_EXCLUDE_NA_No citation given_NA_NA Hipposideros dinops,citation,Hipposideros dinops,core_sources
(IUCN 2025) core source_claim,NOTHING_EXCLUDE_NA_No citation given_NA_NA Holcosus orcesi,citation,Holcosus orcesi,core_sources
(IUCN 2025) core source_claim,NOTHING_EXCLUDE_NA_No citation given_NA_NA Horornis haddeni,citation,Horornis haddeni,core_sources
(IUCN 2025) core source_claim,NOTHING_EXCLUDE_NA_No citation given_NA_NA Hydrobates leucorhous,citation,Hydrobates leucorhous,core_sources
(IUCN 2025) core source_claim,NOTHING_EXCLUDE_NA_No citation given_NA_NA Hydrobates macrodactylus,citation,Hydrobates macrodactylus,core_sources
(IUCN 2025) core source_claim,NOTHING_EXCLUDE_NA_No citation given_NA_NA Hymenolaimus malacorhynchos,citation,Hymenolaimus malacorhynchos,core_sources
(IUCN 2025) core source_claim,NOTHING_EXCLUDE_NA_No citation given_NA_NA Hypogeomys antimena,citation,Hypogeomys antimena,core_sources
(IUCN 2025) core source_claim,NOTHING_EXCLUDE_NA_No citation given_NA_NA Hypotaenidia okinawae,citation,Hypotaenidia okinawae,core_sources
(IUCN 2025) core source_claim,NOTHING_EXCLUDE_NA_No citation given_NA_NA Hypotaenidia sylvestris,citation,Hypotaenidia sylvestris,core_sources
(IUCN 2025) core source_claim,NOTHING_EXCLUDE_NA_No citation given_NA_NA Icterus northropi,citation,Icterus northropi,core_sources
(IUCN 2025) core source_claim,NOTHING_EXCLUDE_NA_No citation given_NA_NA Iguana delicatissima,citation,Iguana delicatissima,core_sources
(IUCN 2025) core source_claim,NOTHING_EXCLUDE_NA_No citation given_NA_NA Junco insularis,citation,Junco insularis,core_sources
(IUCN 2025) core source_claim,NOTHING_EXCLUDE_NA_No citation given_NA_NA Kanakysaurus viviparus,citation,Kanakysaurus viviparus,core_sources
(IUCN 2025) core source_claim,NOTHING_EXCLUDE_NA_No citation given_NA_NA Lagorchestes asomatus,citation,Lagorchestes asomatus,core_sources
(IUCN 2025) core source_claim,NOTHING_EXCLUDE_NA_No citation given_NA_NA Lalage newtoni,citation,Lalage newtoni,core_sources
(IUCN 2025) core source_claim,NOTHING_EXCLUDE_NA_No citation given_NA_NA Larosterna inca,citation,Larosterna inca,core_sources
(IUCN 2025) core source_claim,NOTHING_EXCLUDE_NA_No citation given_NA_NA Larvivora tanensis,citation,Larvivora tanensis,core_sources
(IUCN 2025) core source_claim,NOTHING_EXCLUDE_NA_No citation given_NA_NA Laterallus spilonota,citation,Laterallus spilonota,core_sources
(IUCN 2025) core source_claim,NOTHING_EXCLUDE_NA_No citation given_NA_NA Leiocephalus varius,citation,Leiocephalus varius,core_sources
(IUCN 2025) core source_claim,NOTHING_EXCLUDE_NA_No citation given_NA_NA Leiolopisma alazon,citation,Leiolopisma alazon,core_sources
(IUCN 2025) core source_claim,NOTHING_EXCLUDE_NA_No citation given_NA_NA Leipoa ocellata,citation,Leipoa ocellata,core_sources
(IUCN 2025) core source_claim,NOTHING_EXCLUDE_NA_No citation given_NA_NA Leporillus apicalis,citation,Leporillus apicalis,core_sources
(IUCN 2025) core source_claim,NOTHING_EXCLUDE_NA_No citation given_NA_NA Leptotila wellsi,citation,Leptotila wellsi,core_sources
(IUCN 2025) core source_claim,NOTHING_EXCLUDE_NA_No citation given_NA_NA Leucocarbo campbelli,citation,Leucocarbo campbelli,core_sources
(IUCN 2025) core source_claim,NOTHING_EXCLUDE_NA_No citation given_NA_NA Leucocarbo onslowi,citation,Leucocarbo onslowi,core_sources
(IUCN 2025) core source_claim,NOTHING_EXCLUDE_NA_No citation given_NA_NA Lewinia muelleri,citation,Lewinia muelleri,core_sources
(IUCN 2025) core source_claim,NOTHING_EXCLUDE_NA_No citation given_NA_NA Liolaemus martorii,citation,Liolaemus martorii,core_sources
(IUCN 2025) core source_claim,NOTHING_EXCLUDE_NA_No citation given_NA_NA Litoria littlejohni,citation,Litoria littlejohni,core_sources
(IUCN 2025) core source_claim,NOTHING_EXCLUDE_NA_No citation given_NA_NA Litoria raniformis,citation,Litoria raniformis,core_sources
(IUCN 2025) core source_claim,NOTHING_EXCLUDE_NA_No citation given_NA_NA Lyriocephalus scutatus,citation,Lyriocephalus scutatus,core_sources
(IUCN 2025) core source_claim,NOTHING_EXCLUDE_NA_No citation given_NA_NA Mabuya montserratae,citation,Mabuya montserratae,core_sources
(IUCN 2025) core source_claim,NOTHING_EXCLUDE_NA_No citation given_NA_NA Macrotis lagotis,citation,Macrotis lagotis,core_sources
(IUCN 2025) core source_claim,NOTHING_EXCLUDE_NA_No citation given_NA_NA Marmorosphax kaala,citation,Marmorosphax kaala,core_sources
(IUCN 2025) core source_claim,NOTHING_EXCLUDE_NA_No citation given_NA_NA Megadyptes antipodes,citation,Megadyptes antipodes,core_sources
(IUCN 2025) core source_claim,NOTHING_EXCLUDE_NA_No citation given_NA_NA Melamprosops phaeosoma,citation,Melamprosops phaeosoma,core_sources
(IUCN 2025) core source_claim,NOTHING_EXCLUDE_NA_No citation given_NA_NA Merulaxis stresemanni,citation,Merulaxis stresemanni,core_sources
(IUCN 2025) core source_claim,NOTHING_EXCLUDE_NA_No citation given_NA_NA Mesembriomys macrurus,citation,Mesembriomys macrurus,core_sources
(IUCN 2025) core source_claim,NOTHING_EXCLUDE_NA_No citation given_NA_NA Mesocapromys sanfelipensis,citation,Mesocapromys sanfelipensis,core_sources
(IUCN 2025) core source_claim,NOTHING_EXCLUDE_NA_No citation given_NA_NA Microlophus grayii,citation,Microlophus grayii,core_sources
(IUCN 2025) core source_claim,NOTHING_EXCLUDE_NA_No citation given_NA_NA Micrurus meridensis,citation,Micrurus meridensis,core_sources
(IUCN 2025) core source_claim,NOTHING_EXCLUDE_NA_No citation given_NA_NA Myotis vivesi,citation,Myotis vivesi,core_sources
(IUCN 2025) core source_claim,NOTHING_EXCLUDE_NA_No citation given_NA_NA Nactus durrellorum,citation,Nactus durrellorum,core_sources
(IUCN 2025) core source_claim,NOTHING_EXCLUDE_NA_No citation given_NA_NA Nannopterum harrisi,citation,Nannopterum harrisi,core_sources
(IUCN 2025) core source_claim,NOTHING_EXCLUDE_NA_No citation given_NA_NA Neophema chrysogaster,citation,Neophema chrysogaster,core_sources
(IUCN 2025) core source_claim,NOTHING_EXCLUDE_NA_No citation given_NA_NA Neotamias palmeri,citation,Neotamias palmeri,core_sources
(IUCN 2025) core source_claim,NOTHING_EXCLUDE_NA_No citation given_NA_NA Nesoenas mayeri,citation,Nesoenas mayeri,core_sources
(IUCN 2025) core source_claim,NOTHING_EXCLUDE_NA_No citation given_NA_NA Nesoryzomys darwini,citation,Nesoryzomys darwini,core_sources
(IUCN 2025) core source_claim,NOTHING_EXCLUDE_NA_No citation given_NA_NA Nesoryzomys indefessus,citation,Nesoryzomys indefessus,core_sources
(IUCN 2025) core source_claim,NOTHING_EXCLUDE_NA_No citation given_NA_NA Nestor notabilis,citation,Nestor notabilis,core_sources
(IUCN 2025) core source_claim,NOTHING_EXCLUDE_NA_No citation given_NA_NA Notomys amplus,citation,Notomys amplus,core_sources
(IUCN 2025) core source_claim,NOTHING_EXCLUDE_NA_No citation given_NA_NA Notomys cervinus,citation,Notomys cervinus,core_sources
(IUCN 2025) core source_claim,NOTHING_EXCLUDE_NA_No citation given_NA_NA Notomys longicaudatus,citation,Notomys longicaudatus,core_sources
(IUCN 2025) core source_claim,NOTHING_EXCLUDE_NA_No citation given_NA_NA Notomys macrotis,citation,Notomys macrotis,core_sources
(IUCN 2025) core source_claim,NOTHING_EXCLUDE_NA_No citation given_NA_NA Notomys robustus,citation,Notomys robustus,core_sources
(IUCN 2025) core source_claim,NOTHING_EXCLUDE_NA_No citation given_NA_NA Nyctanassa carcinocatactes,citation,Nyctanassa carcinocatactes,core_sources
(IUCN 2025) core source_claim,NOTHING_EXCLUDE_NA_No citation given_NA_NA Oligosoma burganae,citation,Oligosoma burganae,core_sources
(IUCN 2025) core source_claim,NOTHING_EXCLUDE_NA_No citation given_NA_NA Oligosoma lineoocellatum,citation,Oligosoma lineoocellatum,core_sources
(IUCN 2025) core source_claim,NOTHING_EXCLUDE_NA_No citation given_NA_NA Oligosoma salmo,citation,Oligosoma salmo,core_sources
(IUCN 2025) core source_claim,NOTHING_EXCLUDE_NA_No citation given_NA_NA Ornithorhynchus anatinus,citation,Ornithorhynchus anatinus,core_sources
(IUCN 2025) core source_claim,NOTHING_EXCLUDE_NA_No citation given_NA_NA Otus bikegila,citation,Otus bikegila,core_sources
(IUCN 2025) core source_claim,NOTHING_EXCLUDE_NA_No citation given_NA_NA Pampusana erythroptera,citation,Pampusana erythroptera,core_sources
(IUCN 2025) core source_claim,NOTHING_EXCLUDE_NA_No citation given_NA_NA Pampusana rubescens,citation,Pampusana rubescens,core_sources
(IUCN 2025) core source_claim,NOTHING_EXCLUDE_NA_No citation given_NA_NA Pampusana salamonis,citation,Pampusana salamonis,core_sources
(IUCN 2025) core source_claim,NOTHING_EXCLUDE_NA_No citation given_NA_NA Pampusana sanctaecrucis,citation,Pampusana sanctaecrucis,core_sources
(IUCN 2025) core source_claim,NOTHING_EXCLUDE_NA_No citation given_NA_NA Parantechinus apicalis,citation,Parantechinus apicalis,core_sources
(IUCN 2025) core source_claim,NOTHING_EXCLUDE_NA_No citation given_NA_NA Pareudiastes pacificus,citation,Pareudiastes pacificus,core_sources
(IUCN 2025) core source_claim,NOTHING_EXCLUDE_NA_No citation given_NA_NA Pareudiastes silvestris,citation,Pareudiastes silvestris,core_sources
(IUCN 2025) core source_claim,NOTHING_EXCLUDE_NA_No citation given_NA_NA Pelecanoides garnotii,citation,Pelecanoides garnotii,core_sources
(IUCN 2025) core source_claim,NOTHING_EXCLUDE_NA_No citation given_NA_NA Perochirus ateles,citation,Perochirus ateles,core_sources
(IUCN 2025) core source_claim,NOTHING_EXCLUDE_NA_No citation given_NA_NA Peromyscus caniceps,citation,Peromyscus caniceps,core_sources
(IUCN 2025) core source_claim,NOTHING_EXCLUDE_NA_No citation given_NA_NA Peromyscus madrensis,citation,Peromyscus madrensis,core_sources
(IUCN 2025) core source_claim,NOTHING_EXCLUDE_NA_No citation given_NA_NA Peromyscus pseudocrinitus,citation,Peromyscus pseudocrinitus,core_sources
(IUCN 2025) core source_claim,NOTHING_EXCLUDE_NA_No citation given_NA_NA Peromyscus sejugis,citation,Peromyscus sejugis,core_sources
(IUCN 2025) core source_claim,NOTHING_EXCLUDE_NA_No citation given_NA_NA Petrogale burbidgei,citation,Petrogale burbidgei,core_sources
(IUCN 2025) core source_claim,NOTHING_EXCLUDE_NA_No citation given_NA_NA Petrogale concinna,citation,Petrogale concinna,core_sources
(IUCN 2025) core source_claim,NOTHING_EXCLUDE_NA_No citation given_NA_NA Petrogale lateralis,citation,Petrogale lateralis,core_sources
(IUCN 2025) core source_claim,NOTHING_EXCLUDE_NA_No citation given_NA_NA Petrogale penicillata,citation,Petrogale penicillata,core_sources
(IUCN 2025) core source_claim,NOTHING_EXCLUDE_NA_No citation given_NA_NA Phalacrocorax featherstoni,citation,Phalacrocorax featherstoni,core_sources
(IUCN 2025) core source_claim,NOTHING_EXCLUDE_NA_No citation given_NA_NA Phascogale calura,citation,Phascogale calura,core_sources
(IUCN 2025) core source_claim,NOTHING_EXCLUDE_NA_No citation given_NA_NA Phascogale tapoatafa,citation,Phascogale tapoatafa,core_sources
(IUCN 2025) core source_claim,NOTHING_EXCLUDE_NA_No citation given_NA_NA Phasmasaurus maruia,citation,Phasmasaurus maruia,core_sources
(IUCN 2025) core source_claim,NOTHING_EXCLUDE_NA_No citation given_NA_NA Phasmasaurus tillieri,citation,Phasmasaurus tillieri,core_sources
(IUCN 2025) core source_claim,NOTHING_EXCLUDE_NA_No citation given_NA_NA Phelsuma guimbeaui,citation,Phelsuma guimbeaui,core_sources
(IUCN 2025) core source_claim,NOTHING_EXCLUDE_NA_No citation given_NA_NA Phelsuma rosagularis,citation,Phelsuma rosagularis,core_sources
(IUCN 2025) core source_claim,NOTHING_EXCLUDE_NA_No citation given_NA_NA Pholidoscelis griswoldi,citation,Pholidoscelis griswoldi,core_sources
(IUCN 2025) core source_claim,NOTHING_EXCLUDE_NA_No citation given_NA_NA Phyllodactylus darwini,citation,Phyllodactylus darwini,core_sources
(IUCN 2025) core source_claim,NOTHING_EXCLUDE_NA_No citation given_NA_NA Phyllodactylus leei,citation,Phyllodactylus leei,core_sources
(IUCN 2025) core source_claim,NOTHING_EXCLUDE_NA_No citation given_NA_NA Phyllodactylus pulcher,citation,Phyllodactylus pulcher,core_sources
(IUCN 2025) core source_claim,NOTHING_EXCLUDE_NA_No citation given_NA_NA Phyllodactylus rutteni,citation,Phyllodactylus rutteni,core_sources
(IUCN 2025) core source_claim,NOTHING_EXCLUDE_NA_No citation given_NA_NA Phyllomys thomasi,citation,Phyllomys thomasi,core_sources
(IUCN 2025) core source_claim,NOTHING_EXCLUDE_NA_No citation given_NA_NA Phyllonycteris aphylla,citation,Phyllonycteris aphylla,core_sources
(IUCN 2025) core source_claim,NOTHING_EXCLUDE_NA_No citation given_NA_NA Pitta superba,citation,Pitta superba,core_sources
(IUCN 2025) core source_claim,NOTHING_EXCLUDE_NA_No citation given_NA_NA Plestiodon barbouri,citation,Plestiodon barbouri,core_sources
(IUCN 2025) core source_claim,NOTHING_EXCLUDE_NA_No citation given_NA_NA Plestiodon kishinouyei,citation,Plestiodon kishinouyei,core_sources
(IUCN 2025) core source_claim,NOTHING_EXCLUDE_NA_No citation given_NA_NA Plestiodon longirostris,citation,Plestiodon longirostris,core_sources
(IUCN 2025) core source_claim,NOTHING_EXCLUDE_NA_No citation given_NA_NA Podarcis lilfordi,citation,Podarcis lilfordi,core_sources
(IUCN 2025) core source_claim,NOTHING_EXCLUDE_NA_No citation given_NA_NA Podarcis pityusensis,citation,Podarcis pityusensis,core_sources
(IUCN 2025) core source_claim,NOTHING_EXCLUDE_NA_No citation given_NA_NA Podomys floridanus,citation,Podomys floridanus,core_sources
(IUCN 2025) core source_claim,NOTHING_EXCLUDE_NA_No citation given_NA_NA Pomarea dimidiata,citation,Pomarea dimidiata,core_sources
(IUCN 2025) core source_claim,NOTHING_EXCLUDE_NA_No citation given_NA_NA Pomarea fluxa,citation,Pomarea fluxa,core_sources
(IUCN 2025) core source_claim,NOTHING_EXCLUDE_NA_No citation given_NA_NA Pomarea iphis,citation,Pomarea iphis,core_sources
(IUCN 2025) core source_claim,NOTHING_EXCLUDE_NA_No citation given_NA_NA Pomarea mira,citation,Pomarea mira,core_sources
(IUCN 2025) core source_claim,NOTHING_EXCLUDE_NA_No citation given_NA_NA Pomarea whitneyi,citation,Pomarea whitneyi,core_sources
(IUCN 2025) core source_claim,NOTHING_EXCLUDE_NA_No citation given_NA_NA Porphyrio paepae,citation,Porphyrio paepae,core_sources
(IUCN 2025) core source_claim,NOTHING_EXCLUDE_NA_No citation given_NA_NA Potorous gilbertii,citation,Potorous gilbertii,core_sources
(IUCN 2025) core source_claim,NOTHING_EXCLUDE_NA_No citation given_NA_NA Potorous tridactylus,citation,Potorous tridactylus,core_sources
(IUCN 2025) core source_claim,NOTHING_EXCLUDE_NA_No citation given_NA_NA Procellaria cinerea,citation,Procellaria cinerea,core_sources
(IUCN 2025) core source_claim,NOTHING_EXCLUDE_NA_No citation given_NA_NA Prosobonia cancellata,citation,Prosobonia cancellata,core_sources
(IUCN 2025) core source_claim,NOTHING_EXCLUDE_NA_No citation given_NA_NA Pseudalsophis biserialis,citation,Pseudalsophis biserialis,core_sources
(IUCN 2025) core source_claim,NOTHING_EXCLUDE_NA_No citation given_NA_NA Pseudalsophis steindachneri,citation,Pseudalsophis steindachneri,core_sources
(IUCN 2025) core source_claim,NOTHING_EXCLUDE_NA_No citation given_NA_NA Pseudemoia cryodroma,citation,Pseudemoia cryodroma,core_sources
(IUCN 2025) core source_claim,NOTHING_EXCLUDE_NA_No citation given_NA_NA Pseudomys auritus,citation,Pseudomys auritus,core_sources
(IUCN 2025) core source_claim,NOTHING_EXCLUDE_NA_No citation given_NA_NA Pseudomys calabyi,citation,Pseudomys calabyi,core_sources
(IUCN 2025) core source_claim,NOTHING_EXCLUDE_NA_No citation given_NA_NA Pseudomys fumeus,citation,Pseudomys fumeus,core_sources
(IUCN 2025) core source_claim,NOTHING_EXCLUDE_NA_No citation given_NA_NA Pseudomys gouldii,citation,Pseudomys gouldii,core_sources
(IUCN 2025) core source_claim,NOTHING_EXCLUDE_NA_No citation given_NA_NA Pseudomys novaehollandiae,citation,Pseudomys novaehollandiae,core_sources
(IUCN 2025) core source_claim,NOTHING_EXCLUDE_NA_No citation given_NA_NA Pseudomys occidentalis,citation,Pseudomys occidentalis,core_sources
(IUCN 2025) core source_claim,NOTHING_EXCLUDE_NA_No citation given_NA_NA Pseudomys shortridgei,citation,Pseudomys shortridgei,core_sources
(IUCN 2025) core source_claim,NOTHING_EXCLUDE_NA_No citation given_NA_NA Pterodroma atrata,citation,Pterodroma atrata,core_sources
(IUCN 2025) core source_claim,NOTHING_EXCLUDE_NA_No citation given_NA_NA Pterodroma axillaris,citation,Pterodroma axillaris,core_sources
(IUCN 2025) core source_claim,NOTHING_EXCLUDE_NA_No citation given_NA_NA Pterodroma cahow,citation,Pterodroma cahow,core_sources
(IUCN 2025) core source_claim,NOTHING_EXCLUDE_NA_No citation given_NA_NA Pterodroma cervicalis,citation,Pterodroma cervicalis,core_sources
(IUCN 2025) core source_claim,NOTHING_EXCLUDE_NA_No citation given_NA_NA Pterodroma cookii,citation,Pterodroma cookii,core_sources
(IUCN 2025) core source_claim,NOTHING_EXCLUDE_NA_No citation given_NA_NA Pterodroma defilippiana,citation,Pterodroma defilippiana,core_sources
(IUCN 2025) core source_claim,NOTHING_EXCLUDE_NA_No citation given_NA_NA Pterodroma deserta,citation,Pterodroma deserta,core_sources
(IUCN 2025) core source_claim,NOTHING_EXCLUDE_NA_No citation given_NA_NA Pterodroma incerta,citation,Pterodroma incerta,core_sources
(IUCN 2025) core source_claim,NOTHING_EXCLUDE_NA_No citation given_NA_NA Pterodroma madeira,citation,Pterodroma madeira,core_sources
(IUCN 2025) core source_claim,NOTHING_EXCLUDE_NA_No citation given_NA_NA Pterodroma magentae,citation,Pterodroma magentae,core_sources
(IUCN 2025) core source_claim,NOTHING_EXCLUDE_NA_No citation given_NA_NA Pterodroma phaeopygia,citation,Pterodroma phaeopygia,core_sources
(IUCN 2025) core source_claim,NOTHING_EXCLUDE_NA_No citation given_NA_NA Pterodroma sandwichensis,citation,Pterodroma sandwichensis,core_sources
(IUCN 2025) core source_claim,NOTHING_EXCLUDE_NA_No citation given_NA_NA Pteropus dasymallus,citation,Pteropus dasymallus,core_sources
(IUCN 2025) core source_claim,NOTHING_EXCLUDE_NA_No citation given_NA_NA Pteropus pselaphon,citation,Pteropus pselaphon,core_sources
(IUCN 2025) core source_claim,NOTHING_EXCLUDE_NA_No citation given_NA_NA Ptilinopus huttoni,citation,Ptilinopus huttoni,core_sources
(IUCN 2025) core source_claim,NOTHING_EXCLUDE_NA_No citation given_NA_NA Reithrodontomys musseri,citation,Reithrodontomys musseri,core_sources
(IUCN 2025) core source_claim,NOTHING_EXCLUDE_NA_No citation given_NA_NA Reithrodontomys raviventris,citation,Reithrodontomys raviventris,core_sources
(IUCN 2025) core source_claim,NOTHING_EXCLUDE_NA_No citation given_NA_NA Reithrodontomys spectabilis,citation,Reithrodontomys spectabilis,core_sources
(IUCN 2025) core source_claim,NOTHING_EXCLUDE_NA_No citation given_NA_NA Rhynochetos jubatus,citation,Rhynochetos jubatus,core_sources
(IUCN 2025) core source_claim,NOTHING_EXCLUDE_NA_No citation given_NA_NA Ristella rurkii,citation,Ristella rurkii,core_sources
(IUCN 2025) core source_claim,NOTHING_EXCLUDE_NA_No citation given_NA_NA Sauromalus hispidus,citation,Sauromalus hispidus,core_sources
(IUCN 2025) core source_claim,NOTHING_EXCLUDE_NA_No citation given_NA_NA Sauromalus slevini,citation,Sauromalus slevini,core_sources
(IUCN 2025) core source_claim,NOTHING_EXCLUDE_NA_No citation given_NA_NA Scolopax mira,citation,Scolopax mira,core_sources
(IUCN 2025) core source_claim,NOTHING_EXCLUDE_NA_No citation given_NA_NA Setophaga graysoni,citation,Setophaga graysoni,core_sources
(IUCN 2025) core source_claim,NOTHING_EXCLUDE_NA_No citation given_NA_NA Sittiparus owstoni,citation,Sittiparus owstoni,core_sources
(IUCN 2025) core source_claim,NOTHING_EXCLUDE_NA_No citation given_NA_NA Sminthopsis bindi,citation,Sminthopsis bindi,core_sources
(IUCN 2025) core source_claim,NOTHING_EXCLUDE_NA_No citation given_NA_NA Sminthopsis psammophila,citation,Sminthopsis psammophila,core_sources
(IUCN 2025) core source_claim,NOTHING_EXCLUDE_NA_No citation given_NA_NA Solenodon marcanoi,citation,Solenodon marcanoi,core_sources
(IUCN 2025) core source_claim,NOTHING_EXCLUDE_NA_No citation given_NA_NA Sphaerodactylus kirbyi,citation,Sphaerodactylus kirbyi,core_sources
(IUCN 2025) core source_claim,NOTHING_EXCLUDE_NA_No citation given_NA_NA Spheniscus humboldti,citation,Spheniscus humboldti,core_sources
(IUCN 2025) core source_claim,NOTHING_EXCLUDE_NA_No citation given_NA_NA Spilogale pygmaea,citation,Spilogale pygmaea,core_sources
(IUCN 2025) core source_claim,NOTHING_EXCLUDE_NA_No citation given_NA_NA Spondylurus fulgidus,citation,Spondylurus fulgidus,core_sources
(IUCN 2025) core source_claim,NOTHING_EXCLUDE_NA_No citation given_NA_NA Spondylurus monae,citation,Spondylurus monae,core_sources
(IUCN 2025) core source_claim,NOTHING_EXCLUDE_NA_No citation given_NA_NA Sylvilagus dicei,citation,Sylvilagus dicei,core_sources
(IUCN 2025) core source_claim,NOTHING_EXCLUDE_NA_No citation given_NA_NA Syrmaticus soemmerringii,citation,Syrmaticus soemmerringii,core_sources
(IUCN 2025) core source_claim,NOTHING_EXCLUDE_NA_No citation given_NA_NA Tarentola raziana,citation,Tarentola raziana,core_sources
(IUCN 2025) core source_claim,NOTHING_EXCLUDE_NA_No citation given_NA_NA Tarsius dentatus,citation,Tarsius dentatus,core_sources
(IUCN 2025) core source_claim,NOTHING_EXCLUDE_NA_No citation given_NA_NA Tarsius fuscus,citation,Tarsius fuscus,core_sources
(IUCN 2025) core source_claim,NOTHING_EXCLUDE_NA_No citation given_NA_NA Tarsius niemitzi,citation,Tarsius niemitzi,core_sources
(IUCN 2025) core source_claim,NOTHING_EXCLUDE_NA_No citation given_NA_NA Tarsius pelengensis,citation,Tarsius pelengensis,core_sources
(IUCN 2025) core source_claim,NOTHING_EXCLUDE_NA_No citation given_NA_NA Tarsius spectrumgurskyae,citation,Tarsius spectrumgurskyae,core_sources
(IUCN 2025) core source_claim,NOTHING_EXCLUDE_NA_No citation given_NA_NA Tarsius supriatnai,citation,Tarsius supriatnai,core_sources
(IUCN 2025) core source_claim,NOTHING_EXCLUDE_NA_No citation given_NA_NA Tarsius tarsier,citation,Tarsius tarsier,core_sources
(IUCN 2025) core source_claim,NOTHING_EXCLUDE_NA_No citation given_NA_NA Todiramphus cinnamominus,citation,Todiramphus cinnamominus,core_sources
(IUCN 2025) core source_claim,NOTHING_EXCLUDE_NA_No citation given_NA_NA Todiramphus godeffroyi,citation,Todiramphus godeffroyi,core_sources
(IUCN 2025) core source_claim,NOTHING_EXCLUDE_NA_No citation given_NA_NA Todiramphus pelewensis,citation,Todiramphus pelewensis,core_sources
(IUCN 2025) core source_claim,NOTHING_EXCLUDE_NA_No citation given_NA_NA Troglodytes sissonii,citation,Troglodytes sissonii,core_sources
(IUCN 2025) core source_claim,NOTHING_EXCLUDE_NA_No citation given_NA_NA Tropidophis bucculentus,citation,Tropidophis bucculentus,core_sources
(IUCN 2025) core source_claim,NOTHING_EXCLUDE_NA_No citation given_NA_NA Tropidophis stejnegeri,citation,Tropidophis stejnegeri,core_sources
(IUCN 2025) core source_claim,NOTHING_EXCLUDE_NA_No citation given_NA_NA Turdus celaenops,citation,Turdus celaenops,core_sources
(IUCN 2025) core source_claim,NOTHING_EXCLUDE_NA_No citation given_NA_NA Vini kuhlii,citation,Vini kuhlii,core_sources
(IUCN 2025) core source_claim,NOTHING_EXCLUDE_NA_No citation given_NA_NA Wyulda squamicaudata,citation,Wyulda squamicaudata,core_sources
(IUCN 2025) core source_claim,NOTHING_EXCLUDE_NA_No citation given_NA_NA Xenosaurus platyceps,citation,Xenosaurus platyceps,core_sources
(IUCN 2025) core source_claim,NOTHING_EXCLUDE_NA_No citation given_NA_NA Zoothera turipavae,citation,Zoothera turipavae,core_sources
(IUCN 2025) core source_claim,NSWG 2005_EXCLUDE_0_Inaccessible_NA_NA,citation,Puffinus newelli,core_sources
(IUCN 2025) core source_claim,(Ndang'ang'a et al. 2004)_INCLUDE_NA_Predation in support_no_no,citation,Geokichla guttata,core_sources
(IUCN 2025) core source_claim,(Neilson et al. 2006)_EXCLUDE_1_No claim_NA_NA,citation,Oligosoma homalonotum,core_sources
(IUCN 2025) core source_claim,(Neilson et al. 2004)_EXCLUDE_1_No claim_NA_NA,citation,Oligosoma striatum,core_sources
(IUCN 2025) core source_claim,(New Zealand Department of Conservation 2006)_EXCLUDE_0_No claim_NA_NA,citation,Naultinus gemmeus,core_sources
(IUCN 2025) core source_claim,(New Zealand Department of Conservation 2006)_EXCLUDE_0_No claim_NA_NA,citation,Naultinus manukanus,core_sources
(IUCN 2025) core source_claim,(Niederhauser & Bowman 2014)_EXCLUDE_1_No claim_NA_NA,citation,Aphelocoma coerulescens,core_sources
(IUCN 2025) core source_claim,(Nunes & Hazevoet 2001)_EXCLUDE_0_Inaccessible_NA_NA,citation,Calonectris edwardsii,core_sources
(IUCN 2025) core source_claim,(O'Connor et al. 2007)_EXCLUDE_0_Opinion claim_NA_NA,citation,Anas chlorotis,core_sources
(IUCN 2025) core source_claim,(O'Donnell et al. 2010)_EXCLUDE_1_Opinion claim_NA_NA,citation,Chalinolobus tuberculatus,core_sources
(IUCN 2025) core source_claim,Oikonos undated_EXCLUDE_0_Inaccessible_NA_NA,citation,Aphrastura masafuerae,core_sources
(IUCN 2025) core source_claim,(Olsen 1995)_EXCLUDE_?_Inaccessible_NA_NA,citation,Elanus scriptus,core_sources
(IUCN 2025) core source_claim,(Oppel et al. 2014)_INCLUDE_NA_Population not in support_yes_yes,citation,Charadrius sanctaehelenae,core_sources
(IUCN 2025) core source_claim,(Ortiz-Alcaraz et al. 2016)_EXCLUDE_?_No claim_NA_NA,citation,Pipilo socorroensis,core_sources
(IUCN 2025) core source_claim,(Ortiz-Alcaraz et al. 2017)_INCLUDE_NA_Predation not in support_no_no,citation,Mimus graysoni,core_sources
(IUCN 2025) core source_claim,(Ortiz-Alcaraz et al. 2017)_INCLUDE_NA_Predation not in support_no_no,citation,Pipilo socorroensis,core_sources
(IUCN 2025) core source_claim,(O’Donnell 2000)_EXCLUDE_1_Opinion claim_NA_NA,citation,Chalinolobus tuberculatus,core_sources
(IUCN 2025) core source_claim,P. Baker in litt. 1999_EXCLUDE_0_Inaccessible_NA_NA,citation,Chlorodrepanis stejnegeri,core_sources
(IUCN 2025) core source_claim,P. Banko in litt. 2007_EXCLUDE_0_Inaccessible_NA_NA,citation,Loxioides bailleui,core_sources
(IUCN 2025) core source_claim,(Banko et al. 2002b)_EXCLUDE_1_Opinion claim_NA_NA,citation,Loxioides bailleui,core_sources
(IUCN 2025) core source_claim,(Battley & Moore 2004)_EXCLUDE_1_No claim_NA_NA,citation,Anarhynchus frontalis,core_sources
(IUCN 2025) core source_claim,P. Feldmann in litt. 2022_EXCLUDE_0_Inaccessible_NA_NA,citation,Melopyrrha grandis,core_sources
(IUCN 2025) core source_claim,P. Hodum in litt. 2020_EXCLUDE_0_Inaccessible_NA_NA,citation,Sephanoides fernandensis,core_sources
(IUCN 2025) core source_claim,(Grant et al. 2000)_EXCLUDE_1_Opinion claim_NA_NA,citation,Mimus trifasciatus,core_sources
(IUCN 2025) core source_claim,P. Raust in litt. 2020_EXCLUDE_0_Inaccessible_NA_NA,citation,Numenius tahitiensis,core_sources
(IUCN 2025) core source_claim,P. Roberts in litt. 2007_EXCLUDE_0_Inaccessible_NA_NA,citation,Chlorodrepanis stejnegeri,core_sources
(IUCN 2025) core source_claim,P. Wenninger in litt. 2007_EXCLUDE_0_Inaccessible_NA_NA,citation,Hypotaenidia owstoni,core_sources
(IUCN 2025) core source_claim,P.J. Tolson pers. comm._EXCLUDE_0_Inaccessible_NA_NA,citation,Chilabothrus granti,core_sources
(IUCN 2025) core source_claim,(Padilla et al. 2019)_EXCLUDE_0_Inaccessible_NA_NA,citation,Gallotia intermedia,core_sources
(IUCN 2025) core source_claim,(Palmas et al. In preparation)_EXCLUDE_0_Inaccessible_NA_NA,citation,Bavayia goroensis,core_sources
(IUCN 2025) core source_claim,(Palmas et al. In preparation)_EXCLUDE_0_Inaccessible_NA_NA,citation,Bavayia nubila,core_sources
(IUCN 2025) core source_claim,(Palmas et al. In preparation)_EXCLUDE_0_Inaccessible_NA_NA,citation,Bavayia septuiclavis,core_sources
(IUCN 2025) core source_claim,(Palmas et al. In preparation)_EXCLUDE_0_Inaccessible_NA_NA,citation,Caledoniscincus aquilonius,core_sources
(IUCN 2025) core source_claim,(Palmas et al. In preparation)_EXCLUDE_0_Inaccessible_NA_NA,citation,Caledoniscincus auratus,core_sources
(IUCN 2025) core source_claim,(Palmas et al. In preparation)_EXCLUDE_0_Inaccessible_NA_NA,citation,Caledoniscincus chazeaui,core_sources
(IUCN 2025) core source_claim,(Palmas et al. In preparation)_EXCLUDE_0_Inaccessible_NA_NA,citation,Caledoniscincus constellatus,core_sources
(IUCN 2025) core source_claim,(Palmas et al. In preparation)_EXCLUDE_0_Inaccessible_NA_NA,citation,Caledoniscincus pelletieri,core_sources
(IUCN 2025) core source_claim,(Palmas et al. In preparation)_EXCLUDE_0_Inaccessible_NA_NA,citation,Caledoniscincus renevieri,core_sources
(IUCN 2025) core source_claim,(Palmas et al. In preparation)_EXCLUDE_0_Inaccessible_NA_NA,citation,Celatiscincus euryotis,core_sources
(IUCN 2025) core source_claim,(Palmas et al. In preparation)_EXCLUDE_0_Inaccessible_NA_NA,citation,Correlophus belepensis,core_sources
(IUCN 2025) core source_claim,(Palmas et al. In preparation)_EXCLUDE_0_Inaccessible_NA_NA,citation,Correlophus ciliatus,core_sources
(IUCN 2025) core source_claim,(Palmas et al. In preparation)_EXCLUDE_0_Inaccessible_NA_NA,citation,Correlophus sarasinorum,core_sources
(IUCN 2025) core source_claim,(Palmas et al. In preparation)_EXCLUDE_0_Inaccessible_NA_NA,citation,Dierogekko inexpectatus,core_sources
(IUCN 2025) core source_claim,(Palmas et al. In preparation)_EXCLUDE_0_Inaccessible_NA_NA,citation,Dierogekko insularis,core_sources
(IUCN 2025) core source_claim,(Palmas et al. In preparation)_EXCLUDE_0_Inaccessible_NA_NA,citation,Dierogekko kaalaensis,core_sources
(IUCN 2025) core source_claim,(Palmas et al. In preparation)_EXCLUDE_0_Inaccessible_NA_NA,citation,Dierogekko koniambo,core_sources
(IUCN 2025) core source_claim,(Palmas et al. In preparation)_EXCLUDE_0_Inaccessible_NA_NA,citation,Dierogekko nehoueensis,core_sources
(IUCN 2025) core source_claim,(Palmas et al. In preparation)_EXCLUDE_0_Inaccessible_NA_NA,citation,Dierogekko thomaswhitei,core_sources
(IUCN 2025) core source_claim,(Palmas et al. In preparation)_EXCLUDE_0_Inaccessible_NA_NA,citation,Dierogekko validiclavis,core_sources
(IUCN 2025) core source_claim,(Palmas et al. In preparation)_EXCLUDE_0_Inaccessible_NA_NA,citation,Epibator greeri,core_sources
(IUCN 2025) core source_claim,(Palmas et al. In preparation)_EXCLUDE_0_Inaccessible_NA_NA,citation,Eurydactylodes agricolae,core_sources
(IUCN 2025) core source_claim,(Palmas et al. In preparation)_EXCLUDE_0_Inaccessible_NA_NA,citation,Eurydactylodes occidentalis,core_sources
(IUCN 2025) core source_claim,(Palmas et al. In preparation)_EXCLUDE_0_Inaccessible_NA_NA,citation,Eurydactylodes symmetricus,core_sources
(IUCN 2025) core source_claim,(Palmas et al. In preparation)_EXCLUDE_0_Inaccessible_NA_NA,citation,Eurydactylodes vieillardi,core_sources
(IUCN 2025) core source_claim,(Palmas et al. In preparation)_EXCLUDE_0_Inaccessible_NA_NA,citation,Lacertoides pardalis,core_sources
(IUCN 2025) core source_claim,(Palmas et al. In preparation)_EXCLUDE_0_Inaccessible_NA_NA,citation,Marmorosphax montana,core_sources
(IUCN 2025) core source_claim,(Palmas et al. In preparation)_EXCLUDE_0_Inaccessible_NA_NA,citation,Miniopterus robustior,core_sources
(IUCN 2025) core source_claim,(Palmas et al. In preparation)_EXCLUDE_0_Inaccessible_NA_NA,citation,Mniarogekko jalu,core_sources
(IUCN 2025) core source_claim,(Palmas et al. In preparation)_EXCLUDE_0_Inaccessible_NA_NA,citation,Nannoscincus gracilis,core_sources
(IUCN 2025) core source_claim,(Palmas et al. In preparation)_EXCLUDE_0_Inaccessible_NA_NA,citation,Notopteris neocaledonicus,core_sources
(IUCN 2025) core source_claim,(Palmas et al. In preparation)_EXCLUDE_0_Inaccessible_NA_NA,citation,Oedodera marmorata,core_sources
(IUCN 2025) core source_claim,(Palmas et al. In preparation)_EXCLUDE_0_Inaccessible_NA_NA,citation,Paniegekko madjo,core_sources
(IUCN 2025) core source_claim,(Palmas et al. In preparation)_EXCLUDE_0_Inaccessible_NA_NA,citation,Sigaloseps balios,core_sources
(IUCN 2025) core source_claim,(Palmas et al. In preparation)_EXCLUDE_0_Inaccessible_NA_NA,citation,Sigaloseps conditus,core_sources
(IUCN 2025) core source_claim,(Palmas et al. In preparation)_EXCLUDE_0_Inaccessible_NA_NA,citation,Sigaloseps ruficauda,core_sources
(IUCN 2025) core source_claim,(Palmas et al. In preparation)_EXCLUDE_0_Inaccessible_NA_NA,citation,Tropidoscincus aubrianus,core_sources
(IUCN 2025) core source_claim,(Palmas et al. 2017)_INCLUDE_NA_Predation in support_no_no,citation,Caledoniscincus orestes,core_sources
(IUCN 2025) core source_claim,(Palmas et al. 2017)_INCLUDE_NA_Predation in support_no_no,citation,Celatiscincus similis,core_sources
(IUCN 2025) core source_claim,(Palmas et al. 2017)_EXCLUDE_1_No claim_NA_NA,citation,Dierogekko poumensis,core_sources
(IUCN 2025) core source_claim,(Palmas et al. 2017)_INCLUDE_NA_Predation in support_no_no,citation,Emoia loyaltiensis,core_sources
(IUCN 2025) core source_claim,(Palmas et al. 2017)_INCLUDE_NA_Predation in support_no_no,citation,Kanakysaurus zebratus,core_sources
(IUCN 2025) core source_claim,(Palmas et al. 2017)_INCLUDE_NA_Predation in support_no_no,citation,Lioscincus steindachneri,core_sources
(IUCN 2025) core source_claim,(Palmas et al. 2017)_INCLUDE_NA_Predation in support_no_no,citation,Lioscincus vivae,core_sources
(IUCN 2025) core source_claim,(Palmas et al. 2017)_INCLUDE_NA_Predation in support_no_no,citation,Marmorosphax taom,core_sources
(IUCN 2025) core source_claim,(Palmas et al. 2017)_INCLUDE_NA_Predation in support_no_no,citation,Nannoscincus hanchisteus,core_sources
(IUCN 2025) core source_claim,(Palmas et al. 2017)_INCLUDE_NA_Predation in support_no_no,citation,Pseudobulweria rostrata,core_sources
(IUCN 2025) core source_claim,(Palmas et al. 2017)_INCLUDE_NA_Predation in support_no_no,citation,Pterodroma leucoptera,core_sources
(IUCN 2025) core source_claim,(Palmas et al. 2017)_INCLUDE_NA_Predation in support_no_no,citation,Pteropus ornatus,core_sources
(IUCN 2025) core source_claim,(Palmas et al. 2017)_INCLUDE_NA_Predation in support_no_no,citation,Pteropus vetula,core_sources
(IUCN 2025) core source_claim,Palomo et al. 2007_EXCLUDE_?_Inaccessible_NA_NA,citation,Crocidura canariensis,core_sources
(IUCN 2025) core source_claim,(Palomo & Gisbert 2002)_EXCLUDE_0_Inaccessible_NA_NA,citation,Crocidura canariensis,core_sources
(IUCN 2025) core source_claim,(Panitvong et al. 2010)_EXCLUDE_1_Opinion claim_NA_NA,citation,Gekko lauhachindai,core_sources
(IUCN 2025) core source_claim,(Pavey et al. 2008b)_INCLUDE_NA_Population not in support_yes_no,citation,Elanus scriptus,core_sources
(IUCN 2025) core source_claim,(Pavey et al. 2008a)_EXCLUDE_1_No claim_NA_NA,citation,Elanus scriptus,core_sources
(IUCN 2025) core source_claim,(Paxton et al. 2018)_EXCLUDE_1_No claim_NA_NA,citation,Chlorodrepanis stejnegeri,core_sources
(IUCN 2025) core source_claim,(Peacock & Abbott 2014)_INCLUDE_NA_Predation not in support_no_no,citation,Dasyurus viverrinus,core_sources
(IUCN 2025) core source_claim,(Peacock & Abbott 2014)_INCLUDE_NA_Predation in support_no_no,citation,Dasyurus viverrinus,core_sources
(IUCN 2025) core source_claim,(Pedler et al. 2016)_INCLUDE_NA_Population in support_yes_no,citation,Dasycercus cristicauda,core_sources
(IUCN 2025) core source_claim,(Phillips et al. 2016)_EXCLUDE_1_Opinion claim_NA_NA,citation,Diomedea epomophora,core_sources
(IUCN 2025) core source_claim,(Phillips et al. 2005)_INCLUDE_NA_Population in support_yes_no,citation,Conolophus subcristatus,core_sources
(IUCN 2025) core source_claim,(Pichegru 2013)_EXCLUDE_0_No claim_NA_NA,citation,Spheniscus demersus,core_sources
(IUCN 2025) core source_claim,(Pierce et al. 2015)_EXCLUDE_0_Opinion claim_NA_NA,citation,Pterodroma alba,core_sources
(IUCN 2025) core source_claim,(Powell 1999)_EXCLUDE_1_Opinion claim_NA_NA,citation,Tropidophis jamaicensis,core_sources
(IUCN 2025) core source_claim,(Pratt & Etpison 2008)_EXCLUDE_0_Inaccessible_NA_NA,citation,Megapodius laperouse,core_sources
(IUCN 2025) core source_claim,(Berrett et al. 1987)_EXCLUDE_?_Inaccessible_NA_NA,citation,Prosobonia parvirostris,core_sources
(IUCN 2025) core source_claim,(Pratt et al. 1997)_INCLUDE_NA_Predation in support_no_no,citation,Loxioides bailleui,core_sources
(IUCN 2025) core source_claim,(Probst 1998)_EXCLUDE_0_Not in English or Spanish_NA_NA,citation,Leiolopisma ceciliae,core_sources
(IUCN 2025) core source_claim,Provita in litt. 2020_EXCLUDE_0_Inaccessible_NA_NA,citation,Amazona barbadensis,core_sources
(IUCN 2025) core source_claim,(Pryde et al. 2005)_EXCLUDE_1_No claim_NA_NA,citation,Chalinolobus tuberculatus,core_sources
(IUCN 2025) core source_claim,(Puckey et al. 2023)_EXCLUDE_0_Opinion claim_NA_NA,citation,Zyzomys palatalis,core_sources
(IUCN 2025) core source_claim,(Páez & García 2003)_EXCLUDE_1_Opinion claim_NA_NA,citation,Mysateles prehensilis,core_sources
(IUCN 2025) core source_claim,(Pérez-Buitrago & Sabat 2007)_INCLUDE_NA_Predation in support_no_no,citation,Cyclura stejnegeri,core_sources
(IUCN 2025) core source_claim,R. Fisher pers. comm. 2012_EXCLUDE_0_Inaccessible_NA_NA,citation,Emoia adspersa,core_sources
(IUCN 2025) core source_claim,R. Fisher pers. comm. 2012_EXCLUDE_0_Inaccessible_NA_NA,citation,Emoia tuitarere,core_sources
(IUCN 2025) core source_claim,R. Fisher pers. comm. 2013_EXCLUDE_0_Inaccessible_NA_NA,citation,Emoia concolor,core_sources
(IUCN 2025) core source_claim,R. Fisher pers. comm. 2020_EXCLUDE_0_Inaccessible_NA_NA,citation,Lepidodactylus euaensis,core_sources
(IUCN 2025) core source_claim,R. Gardiner and R. Hamer pers. comm. 2015_EXCLUDE_0_Inaccessible_NA_NA,citation,Bettongia gaimardi,core_sources
(IUCN 2025) core source_claim,R. Gardiner pers. comm. 2015_EXCLUDE_0_Inaccessible_NA_NA,citation,Bettongia gaimardi,core_sources
(IUCN 2025) core source_claim,R. Gomès pers. comm. 2018_EXCLUDE_0_Inaccessible_NA_NA,citation,Mabuya cochonae,core_sources
(IUCN 2025) core source_claim,R. Hitchmough pers. comm. 2019_EXCLUDE_0_Inaccessible_NA_NA,citation,Mokopirirakau nebulosus,core_sources
(IUCN 2025) core source_claim,R. Hitchmough pers. comm. 2019_EXCLUDE_0_Inaccessible_NA_NA,citation,Oligosoma homalonotum,core_sources
(IUCN 2025) core source_claim,(Pierce & Blanvillain 2004)_EXCLUDE_1_No claim_NA_NA,citation,Prosobonia parvirostris,core_sources
(IUCN 2025) core source_claim,(Pierce 1986)_INCLUDE_NA_Predation in support_no_no,citation,Himantopus novaezelandiae,core_sources
(IUCN 2025) core source_claim,(Curry 1986)_INCLUDE_NA_Predation not in support_no_no,citation,Mimus trifasciatus,core_sources
(IUCN 2025) core source_claim,R. M. Engeman in litt. 2012_EXCLUDE_0_Inaccessible_NA_NA,citation,Amazona vittata,core_sources
(IUCN 2025) core source_claim,R. Paltridge pers. comm. 2017_EXCLUDE_0_Inaccessible_NA_NA,citation,Liopholis kintorei,core_sources
(IUCN 2025) core source_claim,R. Powell pers. comm. 2015_EXCLUDE_0_Inaccessible_NA_NA,citation,Leiocephalus eremitus,core_sources
(IUCN 2025) core source_claim,R. Powell pers. comm. 2016_EXCLUDE_0_Inaccessible_NA_NA,citation,Leiocephalus eremitus,core_sources
(IUCN 2025) core source_claim,R. Subirá in litt. 2024_EXCLUDE_0_Inaccessible_NA_NA,citation,Vireo gracilirostris,core_sources
(IUCN 2025) core source_claim,R. Vasconcelos pers. comm. 2012_EXCLUDE_0_Inaccessible_NA_NA,citation,Chioninia stangeri,core_sources
(IUCN 2025) core source_claim,R. Vasconcelos pers. comm. 2012_EXCLUDE_0_Inaccessible_NA_NA,citation,Gongylomorphus fontenayi,core_sources
(IUCN 2025) core source_claim,(Radley et al. 2021)_EXCLUDE_1_No claim_NA_NA,citation,Megapodius laperouse,core_sources
(IUCN 2025) core source_claim,(Ralph & Fancy 1996)_EXCLUDE_1_Opinion claim_NA_NA,citation,Hemignathus wilsoni,core_sources
(IUCN 2025) core source_claim,(Rauzon et al. 2011)_INCLUDE_NA_Population not in support_yes_no,citation,Nesofregetta fuliginosa,core_sources
(IUCN 2025) core source_claim,(Read & Cunningham 2010)_INCLUDE_NA_Population in support_no_no,citation,Pseudomys australis,core_sources
(IUCN 2025) core source_claim,(Reardon et al. 2012)_EXCLUDE_1_Does not test claim_NA_NA,citation,Oligosoma grande,core_sources
(IUCN 2025) core source_claim,(Remsen Jr & Bonan 2016)_EXCLUDE_0_Inaccessible_NA_NA,citation,Cinclodes antarcticus,core_sources
(IUCN 2025) core source_claim,(Reynolds 2011)_EXCLUDE_0_Opinion claim_NA_NA,citation,Aristelliger hechti,core_sources
(IUCN 2025) core source_claim,(Reynolds & Gerber 2012)_EXCLUDE_1_No claim_NA_NA,citation,Chilabothrus chrysogaster,core_sources
(IUCN 2025) core source_claim,(Rheindt 2010)_EXCLUDE_0_No claim_NA_NA,citation,Megapodius bernsteinii,core_sources
(IUCN 2025) core source_claim,(Rhind et al. 2008)_EXCLUDE_0_Inaccessible_NA_NA,citation,Phascogale pirata,core_sources
(IUCN 2025) core source_claim,Richards 2005_EXCLUDE_?_Inaccessible_NA_NA,citation,Bettongia lesueur,core_sources
(IUCN 2025) core source_claim,(Richards & Short 2003)_INCLUDE_NA_Predation not in support_no_no,citation,Perameles bougainville,core_sources
(IUCN 2025) core source_claim,(Riethmuller et al. 2012)_EXCLUDE_0_Not in English or Spanish_NA_NA,citation,Pseudobulweria aterrima,core_sources
(IUCN 2025) core source_claim,(Rimmer et al. 2008)_EXCLUDE_1_Opinion claim_NA_NA,citation,Calyptophilus tertius,core_sources
(IUCN 2025) core source_claim,(Roberts & Miskelly 2003)_EXCLUDE_0_Opinion claim_NA_NA,citation,Coenocorypha pusilla,core_sources
(IUCN 2025) core source_claim,(Rocamora 1997)_EXCLUDE_0_Inaccessible_NA_NA,citation,Otus insularis,core_sources
(IUCN 2025) core source_claim,(Rocamora 2013)_EXCLUDE_0_Inaccessible_NA_NA,citation,Falco araeus,core_sources
(IUCN 2025) core source_claim,(Rocha 2015)_INCLUDE_NA_Predation in support_no_no,citation,Pipistrellus maderensis,core_sources
(IUCN 2025) core source_claim,(Rodríguez-Robles et al. 2015)_EXCLUDE_1_No claim_NA_NA,citation,Chilabothrus monensis,core_sources
(IUCN 2025) core source_claim,(Roughton & Seddon 2006)_EXCLUDE_1_No claim_NA_NA,citation,Oligosoma otagense,core_sources
(IUCN 2025) core source_claim,(Roy et al. 1999)_INCLUDE_NA_Predation in support_no_no,citation,Sephanoides fernandensis,core_sources
(IUCN 2025) core source_claim,(Ruiz & Martí 2004)_EXCLUDE_0_Not in English or Spanish_NA_NA,citation,Puffinus mauretanicus,core_sources
(IUCN 2025) core source_claim,(Rupp et al. 2008)_EXCLUDE_0_No claim_NA_NA,citation,Cyclura ricordii,core_sources
(IUCN 2025) core source_claim,(Russell et al. 2009)_EXCLUDE_1_Opinion claim_NA_NA,citation,Pterodroma baraui,core_sources
(IUCN 2025) core source_claim,(Ruíz & Flores 2014)_EXCLUDE_?_Inaccessible_NA_NA,citation,Peromyscus interparietalis,core_sources
(IUCN 2025) core source_claim,(Ryan 2021)_EXCLUDE_0_No claim_NA_NA,citation,Melopyrrha grandis,core_sources
(IUCN 2025) core source_claim,(Ryan et al. 2003)_EXCLUDE_1_No claim_NA_NA,citation,Sterna virgata,core_sources
(IUCN 2025) core source_claim,(Ryan et al. 2009)_EXCLUDE_1_No claim_NA_NA,citation,Sterna virgata,core_sources
(IUCN 2025) core source_claim,(Muzaffar et al. 2013)_EXCLUDE_1_Opinion claim_NA_NA,citation,Phalacrocorax nigrogularis,core_sources
(IUCN 2025) core source_claim,(Hess & Banko 2006)_INCLUDE_NA_Predation in support_no_no,citation,Loxioides bailleui,core_sources
(IUCN 2025) core source_claim,S. Chan pers. comm. 2015_EXCLUDE_0_Inaccessible_NA_NA,citation,Synthliboramphus wumizusume,core_sources
(IUCN 2025) core source_claim,(Molur et al. 2005)_EXCLUDE_0_Opinion claim_NA_NA,citation,Mus mayori,core_sources
(IUCN 2025) core source_claim,S.B. Hedges and B. Wilson pers. comm. 2015_EXCLUDE_0_Inaccessible_NA_NA,citation,Celestus molesworthi,core_sources
(IUCN 2025) core source_claim,S.B. Hedges pers. comm. 2015_EXCLUDE_0_Inaccessible_NA_NA,citation,Hypsirhynchus polylepis,core_sources
(IUCN 2025) core source_claim,S.B. Hedges pers. comm. 2016_EXCLUDE_0_Inaccessible_NA_NA,citation,Sphaerodactylus mariguanae,core_sources
(IUCN 2025) core source_claim,S.B. Hedges pers. comm. 2016_EXCLUDE_0_Inaccessible_NA_NA,citation,Tropidophis stullae,core_sources
(IUCN 2025) core source_claim,S.D. Buckner pers. comm. 2015_EXCLUDE_0_Inaccessible_NA_NA,citation,Sphaerodactylus inaguae,core_sources
(IUCN 2025) core source_claim,S.D. Buckner pers. comm. 2015_EXCLUDE_0_Inaccessible_NA_NA,citation,Sphaerodactylus mariguanae,core_sources
(IUCN 2025) core source_claim,S.D. Buckner pers. comm. 2016_EXCLUDE_0_Inaccessible_NA_NA,citation,Sphaerodactylus mariguanae,core_sources
(IUCN 2025) core source_claim,(S.O.P. & Manu 2015)_EXCLUDE_0_Not in English or Spanish_NA_NA,citation,Ptilinopus chrysogaster,core_sources
(IUCN 2025) core source_claim,S.R. Ganesh and S.R. Chandramouli pers. comm. October 2020_EXCLUDE_0_Inaccessible_NA_NA,citation,Raorchestes tinniens,core_sources
(IUCN 2025) core source_claim,(SPREP 2000)_EXCLUDE_0_No claim_NA_NA,citation,Metabolus rugensis,core_sources
(IUCN 2025) core source_claim,(Sanchez 2015)_EXCLUDE_0_Not in English or Spanish_NA_NA,citation,Lygodactylus insularis,core_sources
(IUCN 2025) core source_claim,(Sanders & Maloney 2002)_INCLUDE_NA_Predation in support_no_no,citation,Charadrius bicinctus,core_sources
(IUCN 2025) core source_claim,(Sanders & Maloney 2002)_INCLUDE_NA_Predation in support_no_no,citation,Himantopus novaezelandiae,core_sources
(IUCN 2025) core source_claim,(Schulz & Bamford 1987)_EXCLUDE_0_Inaccessible_NA_NA,citation,Thinornis cucullatus,core_sources
(IUCN 2025) core source_claim,(Schwartz & Carey 1977)_EXCLUDE_0_Opinion claim_NA_NA,citation,Cyclura onchiopsis,core_sources
(IUCN 2025) core source_claim,Seitre and Seitre 1991_EXCLUDE_0_Inaccessible_NA_NA,citation,Ducula galeata,core_sources
(IUCN 2025) core source_claim,Seitre and Seitre 1991_EXCLUDE_?_Inaccessible_NA_NA,citation,Pomarea mendozae,core_sources
(IUCN 2025) core source_claim,(Seitre 1992)_EXCLUDE_1_No claim_NA_NA,citation,Ducula galeata,core_sources
(IUCN 2025) core source_claim,(Seitre 1992)_EXCLUDE_1_No claim_NA_NA,citation,Pomarea mendozae,core_sources
(IUCN 2025) core source_claim,(Seitre & Seitre 1989)_EXCLUDE_0_Not in English or Spanish_NA_NA,citation,Acrocephalus longirostris,core_sources
(IUCN 2025) core source_claim,(Serra et al. 2018)_EXCLUDE_1_Opinion claim_NA_NA,citation,Didunculus strigirostris,core_sources
(IUCN 2025) core source_claim,(Servín et al. 2014)_EXCLUDE_0_Inaccessible_NA_NA,citation,Peromyscus guardia,core_sources
(IUCN 2025) core source_claim,(Shirihai et al. 2015)_EXCLUDE_0_Opinion claim_NA_NA,citation,Anairetes fernandezianus,core_sources
(IUCN 2025) core source_claim,(Short et al. 2019)_INCLUDE_NA_Predation in support_no_no,citation,Leporillus conditor,core_sources
(IUCN 2025) core source_claim,(Short et al. 1999)_EXCLUDE_1_No claim_NA_NA,citation,Perameles bougainville,core_sources
(IUCN 2025) core source_claim,(Showler et al. 2002)_EXCLUDE_1_No claim_NA_NA,citation,Acrocephalus rodericanus,core_sources
(IUCN 2025) core source_claim,(Sim & Roxburgh 2007)_EXCLUDE_?_Inaccessible_NA_NA,citation,Anas chlorotis,core_sources
(IUCN 2025) core source_claim,(Simon et al. 1997)_EXCLUDE_0_Opinion claim_NA_NA,citation,Pseudonestor xanthophrys,core_sources
(IUCN 2025) core source_claim,(Smith & Quin 1996)_EXCLUDE_1_No claim_NA_NA,citation,Notomys fuscus,core_sources
(IUCN 2025) core source_claim,(Smith & Robertson 1999)_EXCLUDE_0_Opinion claim_NA_NA,citation,Delma impar,core_sources
(IUCN 2025) core source_claim,(Snell et al. 1984)_EXCLUDE_1_Opinion claim_NA_NA,citation,Conolophus subcristatus,core_sources
(IUCN 2025) core source_claim,(Snetsinger et al. 1999)_EXCLUDE_0_Inaccessible_NA_NA,citation,Myadestes palmeri,core_sources
(IUCN 2025) core source_claim,(Snetsinger et al. 1998)_EXCLUDE_0_Inaccessible_NA_NA,citation,Dysmorodrepanis munroi,core_sources
(IUCN 2025) core source_claim,(Snetsinger et al. 2005)_EXCLUDE_1_No claim_NA_NA,citation,Myadestes palmeri,core_sources
(IUCN 2025) core source_claim,(Stattersfield 1998)_EXCLUDE_0_Inaccessible_NA_NA,citation,Carpodacus ferreorostris,core_sources
(IUCN 2025) core source_claim,(Stattersfield 1998)_EXCLUDE_0_Inaccessible_NA_NA,citation,Columba jouyi,core_sources
(IUCN 2025) core source_claim,(Stattersfield 1998)_EXCLUDE_0_Inaccessible_NA_NA,citation,Columba versicolor,core_sources
(IUCN 2025) core source_claim,(Stattersfield 1998)_EXCLUDE_0_Inaccessible_NA_NA,citation,Dasyornis longirostris,core_sources
(IUCN 2025) core source_claim,(Staus 1997)_EXCLUDE_0_Inaccessible_NA_NA,citation,Dendrocygna arborea,core_sources
(IUCN 2025) core source_claim,(Staus 1998)_EXCLUDE_?_Opinion claim_NA_NA,citation,Dendrocygna arborea,core_sources
(IUCN 2025) core source_claim,(Steffens et al. 2012)_INCLUDE_NA_Predation in support_no_no,citation,Chlidonias albostriatus,core_sources
(IUCN 2025) core source_claim,(Steinfurth 2007)_INCLUDE_NA_Predation in support_no_no,citation,Spheniscus mendiculus,core_sources
(IUCN 2025) core source_claim,(Stirnemann 2015)_EXCLUDE_0_No claim_NA_NA,citation,Gymnomyza aubryana,core_sources
(IUCN 2025) core source_claim,(Stirnemann 2015)_INCLUDE_NA_Predation not in support_no_no,citation,Gymnomyza samoensis,core_sources
(IUCN 2025) core source_claim,(Suyanto 1998)_EXCLUDE_1_Inaccessible_NA_NA,citation,Papagomys armandvillei,core_sources
(IUCN 2025) core source_claim,"T. Hall, pers. comm. 2020_EXCLUDE_0_Inaccessible_NA_NA",citation,Megapodius laperouse,core_sources
(IUCN 2025) core source_claim,T. Pratt in litt. 1999_EXCLUDE_0_Inaccessible_NA_NA,citation,Loxioides bailleui,core_sources
(IUCN 2025) core source_claim,(Taylor & van Perlo 1998)_EXCLUDE_0_Inaccessible_NA_NA,citation,Gallinula nesiotis,core_sources
(IUCN 2025) core source_claim,(Taylor & van Perlo 1998)_EXCLUDE_0_Inaccessible_NA_NA,citation,Zapornia sandwichensis,core_sources
(IUCN 2025) core source_claim,(Tennent 2009)_INCLUDE_NA_Predation in support_no_no,citation,Microgoura meeki,core_sources
(IUCN 2025) core source_claim,(Tennyson & Martinson 2006)_EXCLUDE_0_Inaccessible_NA_NA,citation,Coenocorypha barrierensis,core_sources
(IUCN 2025) core source_claim,(Tennyson et al. 2012)_INCLUDE_NA_Predation not in support_no_no,citation,Pterodroma brevipes,core_sources
(IUCN 2025) core source_claim,(Teodosio et al. 2009)_EXCLUDE_0_Inaccessible_NA_NA,citation,Pyrrhula murina,core_sources
(IUCN 2025) core source_claim,(Thibault & Cibois 2006a)_EXCLUDE_?_Opinion claim_NA_NA,citation,Acrocephalus rimitarae,core_sources
(IUCN 2025) core source_claim,(Thibault 1988)_EXCLUDE_0_Not in English or Spanish_NA_NA,citation,Acrocephalus longirostris,core_sources
(IUCN 2025) core source_claim,(Thibault & Cibois 2017)_EXCLUDE_0_Inaccessible_NA_NA,citation,Prosobonia parvirostris,core_sources
(IUCN 2025) core source_claim,(Thibault & Cibois 2006b)_EXCLUDE_?_Not in English or Spanish_NA_NA,citation,Acrocephalus rimitarae,core_sources
(IUCN 2025) core source_claim,(Thibault et al. 2017)_EXCLUDE_1_No claim_NA_NA,citation,Caledoniscincus aquilonius,core_sources
(IUCN 2025) core source_claim,(Thibault et al. 2017)_EXCLUDE_1_No claim_NA_NA,citation,Caledoniscincus auratus,core_sources
(IUCN 2025) core source_claim,(Thibault et al. 2017)_EXCLUDE_1_No claim_NA_NA,citation,Caledoniscincus renevieri,core_sources
(IUCN 2025) core source_claim,(Thibault et al. 2017)_EXCLUDE_1_No claim_NA_NA,citation,Celatiscincus euryotis,core_sources
(IUCN 2025) core source_claim,(Thibault et al. 2017)_EXCLUDE_1_No claim_NA_NA,citation,Dierogekko kaalaensis,core_sources
(IUCN 2025) core source_claim,(Thibault et al. 2017)_EXCLUDE_1_No claim_NA_NA,citation,Dierogekko koniambo,core_sources
(IUCN 2025) core source_claim,(Thibault et al. 2017)_EXCLUDE_1_No claim_NA_NA,citation,Dierogekko nehoueensis,core_sources
(IUCN 2025) core source_claim,(Thibault et al. 2017)_EXCLUDE_1_No claim_NA_NA,citation,Dierogekko thomaswhitei,core_sources
(IUCN 2025) core source_claim,(Thibault et al. 2017)_EXCLUDE_1_No claim_NA_NA,citation,Eurydactylodes occidentalis,core_sources
(IUCN 2025) core source_claim,(Thibault et al. 2017)_EXCLUDE_1_No claim_NA_NA,citation,Oedodera marmorata,core_sources
(IUCN 2025) core source_claim,(Thiebot et al. 2014)_INCLUDE_NA_Predation not in support_no_no,citation,Diomedea amsterdamensis,core_sources
(IUCN 2025) core source_claim,(Thomas 1981)_EXCLUDE_1_Opinion claim_NA_NA,citation,Tukutuku rakiurae,core_sources
(IUCN 2025) core source_claim,(Thomas 1985)_EXCLUDE_1_Inaccessible_NA_NA,citation,Oligosoma acrinasum,core_sources
(IUCN 2025) core source_claim,(Thompson et al. 2007)_EXCLUDE_0_Inaccessible_NA_NA,citation,Thalassarche steadi,core_sources
(IUCN 2025) core source_claim,(Threatened Species Scientific Committee 2008a)_EXCLUDE_0_No claim_NA_NA,citation,Notomys fuscus,core_sources
(IUCN 2025) core source_claim,(Threatened Species Scientific Committee 2008b)_EXCLUDE_0_Opinion claim_NA_NA,citation,Bellatorias obiri,core_sources
(IUCN 2025) core source_claim,(Threatened Species Scientific Committee 2016c)_EXCLUDE_0_Opinion claim_NA_NA,citation,Tympanocryptis condaminensis,core_sources
(IUCN 2025) core source_claim,(Threatened Species Scientific Committee 2016a)_INCLUDE_NA_Predation not in support_no_no,citation,Amytornis dorotheae,core_sources
(IUCN 2025) core source_claim,(Threatened Species Scientific Committee 2021)_EXCLUDE_0_Opinion claim_NA_NA,citation,Litoria watsoni,core_sources
(IUCN 2025) core source_claim,(Tocher 2006)_EXCLUDE_1_No claim_NA_NA,citation,Oligosoma acrinasum,core_sources
(IUCN 2025) core source_claim,(Tocher 2006)_EXCLUDE_1_Does not test claim_NA_NA,citation,Oligosoma otagense,core_sources
(IUCN 2025) core source_claim,(Tolson 1996)_EXCLUDE_0_Inaccessible_NA_NA,citation,Chilabothrus monensis,core_sources
(IUCN 2025) core source_claim,(Tolson & Henderson 2011)_EXCLUDE_1_Opinion claim_NA_NA,citation,Tropidophis jamaicensis,core_sources
(IUCN 2025) core source_claim,(Tomasevic et al. 2010)_EXCLUDE_1_Opinion claim_NA_NA,citation,Aphrastura masafuerae,core_sources
(IUCN 2025) core source_claim,(Towns 1994)_EXCLUDE_1_No claim_NA_NA,citation,Oligosoma oliveri,core_sources
(IUCN 2025) core source_claim,(Traill et al. 2011)_EXCLUDE_1_Opinion claim_NA_NA,citation,Xeromys myoides,core_sources
(IUCN 2025) core source_claim,(Troncoso 2010)_EXCLUDE_?_Opinion claim_NA_NA,citation,Pristidactylus volcanensis,core_sources
(IUCN 2025) core source_claim,(Tyrberg & Milberg 1991)_EXCLUDE_?_Not in English or Spanish_NA_NA,citation,Traversia lyalli,core_sources
(IUCN 2025) core source_claim,(USFWS 1998b)_EXCLUDE_0_Opinion claim_NA_NA,citation,Acrocephalus hiwae,core_sources
(IUCN 2025) core source_claim,(USFWS 2011)_EXCLUDE_0_Inaccessible_NA_NA,citation,Anas wyvilliana,core_sources
(IUCN 2025) core source_claim,(USFWS 2020)_EXCLUDE_0_Opinion claim_NA_NA,citation,Loxioides bailleui,core_sources
(IUCN 2025) core source_claim,(USFWS 2000)_EXCLUDE_0_Inaccessible_NA_NA,citation,Leptonycteris nivalis,core_sources
(IUCN 2025) core source_claim,(USFWS 2009)_EXCLUDE_0_Opinion claim_NA_NA,citation,Corvus hawaiiensis,core_sources
(IUCN 2025) core source_claim,(USFWS 1998a)_INCLUDE_NA_Predation in support_no_no,citation,Megapodius laperouse,core_sources
(IUCN 2025) core source_claim,USFWS (1993)_EXCLUDE_0_Inaccessible_NA_NA,citation,Thamnophis gigas,core_sources
(IUCN 2025) core source_claim,(Underhill et al. 2006)_EXCLUDE_1_Opinion claim_NA_NA,citation,Spheniscus demersus,core_sources
(IUCN 2025) core source_claim,V. Reynoso and Y. Gadar pers. obs. 2016_EXCLUDE_0_Inaccessible_NA_NA,citation,Sauromalus klauberi,core_sources
(IUCN 2025) core source_claim,(VanderWerf 2020)_EXCLUDE_0_Inaccessible_NA_NA,citation,Chasiempis sandwichensis,core_sources
(IUCN 2025) core source_claim,(Vargas 1996)_EXCLUDE_?_Inaccessible_NA_NA,citation,Mimus melanotis,core_sources
(IUCN 2025) core source_claim,(Velarde et al. 2011)_EXCLUDE_1_Opinion claim_NA_NA,citation,Synthliboramphus craveri,core_sources
(IUCN 2025) core source_claim,(Chapple et al. 2024)_EXCLUDE_0_No claim_NA_NA,citation,Ctenotus serotinus,core_sources
(IUCN 2025) core source_claim,(Vinson & Vinson 1969)_EXCLUDE_0_Inaccessible_NA_NA,citation,Cryptoblepharus boutonii,core_sources
(IUCN 2025) core source_claim,(Vinson & Vinson 1969)_EXCLUDE_0_Inaccessible_NA_NA,citation,Leiolopisma telfairii,core_sources
(IUCN 2025) core source_claim,(Vinson & Vinson 1969)_EXCLUDE_0_Inaccessible_NA_NA,citation,Phelsuma edwardnewtonii,core_sources
(IUCN 2025) core source_claim,(Vázquez-Domínguez et al. 2004)_INCLUDE_NA_Predation in support_no_no,citation,Peromyscus guardia,core_sources
(IUCN 2025) core source_claim,(Wakelee & Fancy 1999)_EXCLUDE_0_Inaccessible_NA_NA,citation,Myadestes obscurus,core_sources
(IUCN 2025) core source_claim,(Walker et al. 1991)_INCLUDE_NA_Population not in support_yes_no,citation,Charadrius bicinctus,core_sources
(IUCN 2025) core source_claim,(Watling 2013)_EXCLUDE_0_No claim_NA_NA,citation,Charmosyna amabilis,core_sources
(IUCN 2025) core source_claim,(Watling & Lewanavanua 1985)_EXCLUDE_1_Opinion claim_NA_NA,citation,Pseudobulweria macgillivrayi,core_sources
(IUCN 2025) core source_claim,(Watson 1992)_EXCLUDE_1_Opinion claim_NA_NA,citation,Falco araeus,core_sources
(IUCN 2025) core source_claim,(Wayne et al. 2011)_INCLUDE_NA_Population not in support_yes_no,citation,Pseudocheirus occidentalis,core_sources
(IUCN 2025) core source_claim,(Wayne et al. 2005)_INCLUDE_NA_Predation in support_no_no,citation,Pseudocheirus occidentalis,core_sources
(IUCN 2025) core source_claim,Weller 2014_EXCLUDE_?_Inaccessible_NA_NA,citation,Spheniscus demersus,core_sources
(IUCN 2025) core source_claim,(Weller et al. 2016)_EXCLUDE_1_No claim_NA_NA,citation,Spheniscus demersus,core_sources
(IUCN 2025) core source_claim,(Whitaker et al. 2018)_EXCLUDE_1_Opinion claim_NA_NA,citation,Oligosoma hoparatea,core_sources
(IUCN 2025) core source_claim,(Whitehead et al. 2018)_EXCLUDE_1_Opinion claim_NA_NA,citation,Bettongia tropica,core_sources
(IUCN 2025) core source_claim,(Whitlock 1924)_EXCLUDE_?_Inaccessible_NA_NA,citation,Pezoporus occidentalis,core_sources
(IUCN 2025) core source_claim,(Wiedenfeld & Jiménez-Uzcátegui 2008)_EXCLUDE_?_No claim_NA_NA,citation,Larus fuliginosus,core_sources
(IUCN 2025) core source_claim,(Wiersma & Kirwan 2020)_EXCLUDE_0_Inaccessible_NA_NA,citation,Charadrius thoracicus,core_sources
(IUCN 2025) core source_claim,(Wiggins 2004)_INCLUDE_NA_Population not in support_yes_no,citation,Lanius ludovicianus,core_sources
(IUCN 2025) core source_claim,(Williams 1986)_EXCLUDE_1_Opinion claim_NA_NA,citation,Anas aucklandica,core_sources
(IUCN 2025) core source_claim,(Williams & Robertson 2013)_EXCLUDE_0_Opinion claim_NA_NA,citation,Anas aucklandica,core_sources
(IUCN 2025) core source_claim,Wilson 2005_EXCLUDE_?_Inaccessible_NA_NA,citation,Charadrius obscurus,core_sources
(IUCN 2025) core source_claim,(Wilson & Coast 2016)_INCLUDE_NA_Predation in support_no_no,citation,Procellaria westlandica,core_sources
(IUCN 2025) core source_claim,(Woinarski et al. 2014) core source_claim,citation,Notomys aquilo,core_sources
(IUCN 2025) core source_claim,(Woinarski et al. 2014) core source_claim,citation,Zyzomys maini,core_sources
(IUCN 2025) core source_claim,(Woinarski et al. 2014) core source_claim,citation,Zyzomys palatalis,core_sources
(IUCN 2025) core source_claim,Woinarski et al. 2018_EXCLUDE_?_Inaccessible_NA_NA,citation,Amytornis merrotsyi,core_sources
(IUCN 2025) core source_claim,(Woinarski et al. 2017)_EXCLUDE_1_Opinion claim_NA_NA,citation,Atrichornis rufescens,core_sources
(IUCN 2025) core source_claim,(Woinarski et al. 2017)_EXCLUDE_1_Opinion claim_NA_NA,citation,Dasyornis brachypterus,core_sources
(IUCN 2025) core source_claim,(Woinarski et al. 2017)_EXCLUDE_1_No claim_NA_NA,citation,Melanodryas vittata,core_sources
(IUCN 2025) core source_claim,(Woinarski et al. 2017)_EXCLUDE_1_No claim_NA_NA,citation,Neophema chrysostoma,core_sources
(IUCN 2025) core source_claim,(Woinarski et al. 2014) core source_claim,citation,Mesembriomys gouldii,core_sources
(IUCN 2025) core source_claim,(Woinarski et al. 2011a)_EXCLUDE_1_No claim_NA_NA,citation,Antechinus bellus,core_sources
(IUCN 2025) core source_claim,(Wolf et al. 2006)_EXCLUDE_1_Opinion claim_NA_NA,citation,Ptychoramphus aleuticus,core_sources
(IUCN 2025) core source_claim,(Woodall & Kirwan 2019)_EXCLUDE_0_Inaccessible_NA_NA,citation,Todiramphus tutus,core_sources
(IUCN 2025) core source_claim,(Yamada & Cervantes 2005)_EXCLUDE_1_Opinion claim_NA_NA,citation,Pentalagus furnessi,core_sources
(IUCN 2025) core source_claim,(Yamada et al. 2010)_INCLUDE_NA_Predation in support_no_no,citation,Tokudaia muenninki,core_sources
(IUCN 2025) core source_claim,(Zavalaga et al. 2008a)_EXCLUDE_1_No claim_NA_NA,citation,Sternula lorata,core_sources
(IUCN 2025) core source_claim,(Zavalaga et al. 2009)_EXCLUDE_1_Opinion claim_NA_NA,citation,Sternula lorata,core_sources
(IUCN 2025) core source_claim,(del Hoyo et al. 2020)_EXCLUDE_0_Inaccessible_NA_NA,citation,Cinclodes maculirostris,core_sources
(IUCN 2025) core source_claim,(del Hoyo et al. 2001)_EXCLUDE_0_No claim_NA_NA,citation,Todiramphus tutus,core_sources
(IUCN 2025) core source_claim,(van Veen & Wilson 2017)_EXCLUDE_1_Inaccessible_NA_NA,citation,Cyclura collei,core_sources
(IUCN 2025) core source_claim,Álvarez-Castañeda pers. Comm_EXCLUDE_0_Inaccessible_NA_NA,citation,Podomys floridanus,core_sources
(IUCN 2025) core source_claim,Álvarez-Castañeda pers. Comm_EXCLUDE_0_Inaccessible_NA_NA,citation,Tylomys bullaris,core_sources
(Jahncke & Goya 1998)_EXCLUDE_1_Opinion claim_NA_NA,G. Aridito pers. com._EXCLUDE_0_Inaccessible_NA_NA,citation,Pelecanoides garnotii,snowball
(Jahncke & Goya 1998)_EXCLUDE_1_Opinion claim_NA_NA,(Rivadeneira et al. 1986)_EXCLUDE_?_Inaccessible_NA_NA,citation,Pelecanoides garnotii,snowball
(Jehl & Parkes 1983)_EXCLUDE_?_Opinion claim_NA_NA,(Jehl & Parkes 1982)_EXCLUDE_?_No claim_NA_NA,citation,Mimus graysoni,snowball
(Jehl & Parkes 1983)_INCLUDE_NA_Population not in support_yes_no,(Jehl & Parkes 1982)_EXCLUDE_?_No claim_NA_NA,citation,Mimus graysoni,snowball
(Jehl & SI 1975)_EXCLUDE_?_No claim_NA_NA,(Howell 1912)_EXCLUDE_1_No claim_NA_NA,citation,Synthliboramphus hypoleucus,snowball
(Jehl & SI 1975)_EXCLUDE_1_Opinion claim_NA_NA,(Howell 1912)_EXCLUDE_1_No claim_NA_NA,citation,Synthliboramphus hypoleucus,snowball
(Jehl & SI 1975)_EXCLUDE_?_No claim_NA_NA,(Van Denburgh 1924)_INCLUDE_NA_Predation in support_no_no,citation,Synthliboramphus hypoleucus,snowball
(Jehl & SI 1975)_EXCLUDE_1_Opinion claim_NA_NA,(Van Denburgh 1924)_INCLUDE_NA_Predation in support_no_no,citation,Synthliboramphus hypoleucus,snowball
(Juhasz et al. 2022b)_EXCLUDE_1_Opinion claim_NA_NA,(Virion et al. 2021)_EXCLUDE_0_Not in English or Spanish_NA_NA,citation,Pseudobulweria aterrima,snowball
(Keitt 2005)_INCLUDE_NA_Predation in support_no_no,(Jehl & SI 1975)_EXCLUDE_1_Opinion claim_NA_NA,citation,Synthliboramphus hypoleucus,snowball
(Keitt 2005)_EXCLUDE_1_No claim_NA_NA,(Jehl & SI 1975)_EXCLUDE_1_Opinion claim_NA_NA,citation,Synthliboramphus hypoleucus,snowball
(Keitt 2005)_INCLUDE_NA_Predation in support_no_no,(Keitt & Tershy 2003)_INCLUDE_NA_Predation in support_no_no,citation,Puffinus opisthomelas,snowball
(Keitt 2005)_EXCLUDE_1_No claim_NA_NA,(Keitt & Tershy 2003)_INCLUDE_NA_Predation in support_no_no,citation,Puffinus opisthomelas,snowball
(Keitt 2005)_INCLUDE_NA_Predation in support_no_no,(Keitt et al. 2002)_EXCLUDE_?_Opinion claim_NA_NA,citation,Puffinus opisthomelas,snowball
(Keitt 2005)_EXCLUDE_1_No claim_NA_NA,(Keitt et al. 2002)_EXCLUDE_?_Opinion claim_NA_NA,citation,Puffinus opisthomelas,snowball
(Keitt 2005)_INCLUDE_NA_Predation in support_no_no,(McChesney & Tershy 1998)_INCLUDE_NA_Predation in support_no_no,citation,Ptychoramphus aleuticus,snowball
(Keitt 2005)_EXCLUDE_1_No claim_NA_NA,(McChesney & Tershy 1998)_INCLUDE_NA_Predation in support_no_no,citation,Ptychoramphus aleuticus,snowball
(King et al. 2012)_INCLUDE_NA_Predation not in support_no_no,(Darby 2003)_EXCLUDE_1_Opinion claim_NA_NA,citation,Megadyptes antipodes,snowball
(King et al. 2012)_INCLUDE_NA_Population in support_yes_no,(Darby 2003)_EXCLUDE_1_Opinion claim_NA_NA,citation,Megadyptes antipodes,snowball
(King et al. 2012)_INCLUDE_NA_Predation not in support_no_no,(Darby et al. 1990)_INCLUDE_NA_Predation in support_no_no,citation,Megadyptes antipodes,snowball
(King et al. 2012)_INCLUDE_NA_Population in support_yes_no,(Darby et al. 1990)_INCLUDE_NA_Predation in support_no_no,citation,Megadyptes antipodes,snowball
(King et al. 2012)_INCLUDE_NA_Predation not in support_no_no,(Ratz et al. 1992)_EXCLUDE_0_Inaccessible_NA_NA,citation,Megadyptes antipodes,snowball
(King et al. 2012)_INCLUDE_NA_Population in support_yes_no,(Ratz et al. 1992)_EXCLUDE_0_Inaccessible_NA_NA,citation,Megadyptes antipodes,snowball
(Lavery et al. 2022)_EXCLUDE_1_Opinion claim_NA_NA,(Dickman 2008)_EXCLUDE_0_Inaccessible_NA_NA,citation,Pseudomys glaucus,snowball
(Li et al. 2014)_EXCLUDE_0_No claim_NA_NA,(Mellado et al. 1997)_EXCLUDE_1_Opinion claim_NA_NA,citation,Podarcis lilfordi,snowball
(Malachowski et al. 2018)_EXCLUDE_1_Opinion claim_NA_NA,(Swedberg 1967)_EXCLUDE_0_Inaccessible_NA_NA,citation,Anas wyvilliana,snowball
(Malachowski et al. 2018)_EXCLUDE_1_Opinion claim_NA_NA,(USFWS 2011)_EXCLUDE_0_Inaccessible_NA_NA,citation,Anas wyvilliana,snowball
(Malachowski et al. 2022)_INCLUDE_NA_Predation in support_no_no,(Engilis Jr et al. 2020)_EXCLUDE_0_Inaccessible_NA_NA,citation,Anas wyvilliana,snowball
(Malachowski et al. 2022)_INCLUDE_NA_Predation in support_no_no,(Malachowski et al. 2018)_EXCLUDE_1_Opinion claim_NA_NA,citation,Anas wyvilliana,snowball
(Malachowski et al. 2022)_INCLUDE_NA_Predation in support_no_no,(USFWS 2011)_EXCLUDE_0_Inaccessible_NA_NA,citation,Anas wyvilliana,snowball
(Martínez-Gómez & Curry 1996)_INCLUDE_NA_Predation not in support_no_no,(Jehl & Parkes 1983)_EXCLUDE_?_Opinion claim_NA_NA,citation,Mimus graysoni,snowball
(Martínez-Gómez & Curry 1996)_INCLUDE_NA_Predation in support_no_no,(Jehl & Parkes 1983)_EXCLUDE_?_Opinion claim_NA_NA,citation,Mimus graysoni,snowball
(Martínez-Gómez & Curry 1996)_INCLUDE_NA_Predation not in support_no_no,(Jehl & Parkes 1982)_EXCLUDE_?_No claim_NA_NA,citation,Mimus graysoni,snowball
(Martínez-Gómez & Curry 1996)_INCLUDE_NA_Predation in support_no_no,(Jehl & Parkes 1982)_EXCLUDE_?_No claim_NA_NA,citation,Mimus graysoni,snowball
(Martínez-Gómez & Curry 1996)_INCLUDE_NA_Predation not in support_no_no,R. Rodriguez-Estrella in litt. 1995)._EXCLUDE_0_Inaccessible_NA_NA,citation,Mimus graysoni,snowball
(Martínez-Gómez & Curry 1996)_INCLUDE_NA_Predation in support_no_no,R. Rodriguez-Estrella in litt. 1995)._EXCLUDE_0_Inaccessible_NA_NA,citation,Mimus graysoni,snowball
(Martínez-Gómez & Curry 1996)_INCLUDE_NA_Predation not in support_no_no,(Rodríguez-Estrella et al. 1991)_INCLUDE_NA_Predation in support_no_no,citation,Mimus graysoni,snowball
(Martínez-Gómez & Curry 1996)_INCLUDE_NA_Predation in support_no_no,(Rodríguez-Estrella et al. 1991)_INCLUDE_NA_Predation in support_no_no,citation,Mimus graysoni,snowball
(Martínez-Gómez & Curry 1996)_INCLUDE_NA_Predation not in support_no_no,(Wehtje et al. 1993)_EXCLUDE_?_Opinion claim_NA_NA,citation,Mimus graysoni,snowball
(Martínez-Gómez & Curry 1996)_INCLUDE_NA_Predation in support_no_no,(Wehtje et al. 1993)_EXCLUDE_?_Opinion claim_NA_NA,citation,Mimus graysoni,snowball
(Martínez-Gómez & Curry 1996)_INCLUDE_NA_Predation not in support_no_no,(Jehl & Parkes 1982)_INCLUDE_NA_Predation in support_no_no,citation,Puffinus auricularis,snowball
(Martínez-Gómez & Curry 1996)_INCLUDE_NA_Predation in support_no_no,(Jehl & Parkes 1982)_INCLUDE_NA_Predation in support_no_no,citation,Puffinus auricularis,snowball
(McChesney & Tershy 1998)_INCLUDE_NA_Predation in support_no_no,(Anthony 1925)_INCLUDE_NA_Predation in support_no_no,citation,Puffinus opisthomelas,snowball
(McChesney & Tershy 1998)_EXCLUDE_1_No claim_NA_NA,(Anthony 1925)_INCLUDE_NA_Predation in support_no_no,citation,Puffinus opisthomelas,snowball
(McChesney & Tershy 1998)_INCLUDE_NA_Predation in support_no_no,(Hanna 1925)_INCLUDE_NA_Predation in support_no_no,citation,Hydrobates macrodactylus,snowball
(McChesney & Tershy 1998)_EXCLUDE_1_No claim_NA_NA,(Hanna 1925)_INCLUDE_NA_Predation in support_no_no,citation,Hydrobates macrodactylus,snowball
(McChesney & Tershy 1998)_INCLUDE_NA_Predation in support_no_no,(Hanna 1925)_INCLUDE_NA_Predation in support_no_no,citation,Puffinus opisthomelas,snowball
(McChesney & Tershy 1998)_EXCLUDE_1_No claim_NA_NA,(Hanna 1925)_INCLUDE_NA_Predation in support_no_no,citation,Puffinus opisthomelas,snowball
(McChesney & Tershy 1998)_INCLUDE_NA_Predation in support_no_no,(Sumner & Bond 1939)_EXCLUDE_0_Inaccessible_NA_NA,citation,Synthliboramphus hypoleucus,snowball
(McChesney & Tershy 1998)_EXCLUDE_1_No claim_NA_NA,(Sumner & Bond 1939)_EXCLUDE_0_Inaccessible_NA_NA,citation,Synthliboramphus hypoleucus,snowball
(McChesney & Tershy 1998)_INCLUDE_NA_Predation in support_no_no,(Howell 1917)_INCLUDE_NA_Population in support_no_no,citation,Ptychoramphus aleuticus,snowball
(McChesney & Tershy 1998)_EXCLUDE_1_No claim_NA_NA,(Howell 1917)_INCLUDE_NA_Population in support_no_no,citation,Ptychoramphus aleuticus,snowball
(McChesney & Tershy 1998)_INCLUDE_NA_Predation in support_no_no,(Willett 1912)_INCLUDE_NA_Predation in support_no_no,citation,Ptychoramphus aleuticus,snowball
(McChesney & Tershy 1998)_EXCLUDE_1_No claim_NA_NA,(Willett 1912)_INCLUDE_NA_Predation in support_no_no,citation,Ptychoramphus aleuticus,snowball
(McHugh et al. 2019)_INCLUDE_NA_Population not in support_yes_yes,(Lazenby 2012)_INCLUDE_NA_Predation in support_no_no,citation,Potorous tridactylus,snowball
(McHugh et al. 2019)_INCLUDE_NA_Population not in support_yes_yes,(Scott 1994)_EXCLUDE_0_Inaccessible_NA_NA,citation,Potorous tridactylus,snowball
(Medina & Nogales 2009)_EXCLUDE_1_No claim_NA_NA,(Ardura & Calabuig 1993)_EXCLUDE_0_Inaccessible_NA_NA,citation,Saxicola dacotiae,snowball
(Medina & Nogales 2009)_INCLUDE_NA_Predation in support_no_no,(Ardura & Calabuig 1993)_EXCLUDE_0_Inaccessible_NA_NA,citation,Saxicola dacotiae,snowball
(Medina & Nogales 2009)_EXCLUDE_1_Opinion claim_NA_NA,(Ardura & Calabuig 1993)_EXCLUDE_0_Inaccessible_NA_NA,citation,Saxicola dacotiae,snowball
(Medina & Nogales 2009)_EXCLUDE_1_No claim_NA_NA,(Illera & Díaz 2006)_EXCLUDE_1_Opinion claim_NA_NA,citation,Saxicola dacotiae,snowball
(Medina & Nogales 2009)_INCLUDE_NA_Predation in support_no_no,(Illera & Díaz 2006)_EXCLUDE_1_Opinion claim_NA_NA,citation,Saxicola dacotiae,snowball
(Medina & Nogales 2009)_EXCLUDE_1_Opinion claim_NA_NA,(Illera & Díaz 2006)_EXCLUDE_1_Opinion claim_NA_NA,citation,Saxicola dacotiae,snowball
(Medina & Nogales 2009)_EXCLUDE_1_No claim_NA_NA,(Lorenzo et al. 2002)_EXCLUDE_0_Inaccessible_NA_NA,citation,Saxicola dacotiae,snowball
(Medina & Nogales 2009)_INCLUDE_NA_Predation in support_no_no,(Lorenzo et al. 2002)_EXCLUDE_0_Inaccessible_NA_NA,citation,Saxicola dacotiae,snowball
(Medina & Nogales 2009)_EXCLUDE_1_Opinion claim_NA_NA,(Lorenzo et al. 2002)_EXCLUDE_0_Inaccessible_NA_NA,citation,Saxicola dacotiae,snowball
(Medina & Nogales 2009)_EXCLUDE_1_No claim_NA_NA,(García Márquez et al. 1999)_INCLUDE_NA_Predation in support_no_no,citation,Gallotia simonyi,snowball
(Medina & Nogales 2009)_INCLUDE_NA_Predation in support_no_no,(García Márquez et al. 1999)_INCLUDE_NA_Predation in support_no_no,citation,Gallotia simonyi,snowball
(Medina & Nogales 2009)_EXCLUDE_1_Opinion claim_NA_NA,(García Márquez et al. 1999)_INCLUDE_NA_Predation in support_no_no,citation,Gallotia simonyi,snowball
(Medina & Nogales 2009)_EXCLUDE_1_No claim_NA_NA,(Efraín et al. 2000)_INCLUDE_NA_Predation in support_no_no,citation,Gallotia intermedia,snowball
(Medina & Nogales 2009)_INCLUDE_NA_Predation in support_no_no,(Efraín et al. 2000)_INCLUDE_NA_Predation in support_no_no,citation,Gallotia intermedia,snowball
(Medina & Nogales 2009)_EXCLUDE_1_Opinion claim_NA_NA,(Efraín et al. 2000)_INCLUDE_NA_Predation in support_no_no,citation,Gallotia intermedia,snowball
(Medina & Nogales 2009)_EXCLUDE_1_No claim_NA_NA,(Domínguez et al. 1997)_EXCLUDE_?_Inaccessible_NA_NA,citation,Gallotia simonyi,snowball
(Medina & Nogales 2009)_INCLUDE_NA_Predation in support_no_no,(Domínguez et al. 1997)_EXCLUDE_?_Inaccessible_NA_NA,citation,Gallotia simonyi,snowball
(Medina & Nogales 2009)_EXCLUDE_1_Opinion claim_NA_NA,(Domínguez et al. 1997)_EXCLUDE_?_Inaccessible_NA_NA,citation,Gallotia simonyi,snowball
(Medina et al. 2011) core source_claim,(Ainley et al. 2001)_INCLUDE_NA_Predation in support_no_no,citation,Puffinus newelli,core_sources
(Medina et al. 2011) core source_claim,(Alberts 2000) core source_claim,citation,Cyclura lewisi,core_sources
(Medina et al. 2011) core source_claim,(Alberts 2000) core source_claim,citation,Cyclura pinguis,core_sources
(Medina et al. 2011) core source_claim,(Apps 1983)_INCLUDE_NA_Predation in support_no_no,citation,Spheniscus demersus,core_sources
(Medina et al. 2011) core source_claim,(Arcos & Oro 2004)_INCLUDE_NA_Predation in support_no_no,citation,Puffinus mauretanicus,core_sources
(Medina et al. 2011) core source_claim,(Arcos 2011)_EXCLUDE_0_Inaccessible_NA_NA,citation,Puffinus mauretanicus,core_sources
(Medina et al. 2011) core source_claim,(Arnaud et al. 1994)_EXCLUDE_0_No claim_NA_NA,citation,Mimus graysoni,core_sources
(Medina et al. 2011) core source_claim,(Arnaud et al. 1994)_INCLUDE_NA_Predation in support_no_no,citation,Urosaurus auriculatus,core_sources
(Medina et al. 2011) core source_claim,(Arnaud et al. 1993)_INCLUDE_NA_Predation in support_no_no,citation,Urosaurus auriculatus,core_sources
(Medina et al. 2011) core source_claim,(Atkinson & Atkinson 2000)_EXCLUDE_0_Opinion claim_NA_NA,citation,Procellaria parkinsoni,core_sources
(Medina et al. 2011) core source_claim,(Banko et al. 2001)_EXCLUDE_1_Opinion claim_NA_NA,citation,Branta sandvicensis,core_sources
(Medina et al. 2011) core source_claim,(Banko et al. 2001)_INCLUDE_NA_Predation in support_no_no,citation,Corvus hawaiiensis,core_sources
(Medina et al. 2011) core source_claim,(Banko et al. 2001)_EXCLUDE_1_Opinion claim_NA_NA,citation,Loxioides bailleui,core_sources
(Medina et al. 2011) core source_claim,(Bell & Robertson 1994)_EXCLUDE_0_Inaccessible_NA_NA,citation,Pterodroma magentae,core_sources
(Medina et al. 2011) core source_claim,(Berruti 1986)_INCLUDE_NA_Predation in support_no_no,citation,Spheniscus demersus,core_sources
(Medina et al. 2011) core source_claim,(BirdLife International 2000)_EXCLUDE_0_Inaccessible_NA_NA,citation,Acrocephalus rodericanus,core_sources
(Medina et al. 2011) core source_claim,(BirdLife International 2000)_EXCLUDE_0_Inaccessible_NA_NA,citation,Anas aucklandica,core_sources
(Medina et al. 2011) core source_claim,(BirdLife International 2000)_EXCLUDE_1_Inaccessible_NA_NA,citation,Apteryx australis,core_sources
(Medina et al. 2011) core source_claim,(BirdLife International 2000)_EXCLUDE_0_Inaccessible_NA_NA,citation,Charadrius sanctaehelenae,core_sources
(Medina et al. 2011) core source_claim,(BirdLife International 2000)_EXCLUDE_0_Inaccessible_NA_NA,citation,Cyanoramphus forbesi,core_sources
(Medina et al. 2011) core source_claim,(BirdLife International 2000)_EXCLUDE_0_Inaccessible_NA_NA,citation,Diomedea amsterdamensis,core_sources
(Medina et al. 2011) core source_claim,(BirdLife International 2000)_EXCLUDE_0_Inaccessible_NA_NA,citation,Eudyptes pachyrhynchus,core_sources
(Medina et al. 2011) core source_claim,(BirdLife International 2000)_EXCLUDE_0_Inaccessible_NA_NA,citation,Megapodius laperouse,core_sources
(Medina et al. 2011) core source_claim,(BirdLife International 2000)_EXCLUDE_0_Inaccessible_NA_NA,citation,Nesoenas mayeri,core_sources
(Medina et al. 2011) core source_claim,(BirdLife International 2000)_EXCLUDE_0_Inaccessible_NA_NA,citation,Numenius tahitiensis,core_sources
(Medina et al. 2011) core source_claim,(BirdLife International 2000)_EXCLUDE_0_Inaccessible_NA_NA,citation,Palmeria dolei,core_sources
(Medina et al. 2011) core source_claim,(BirdLife International 2000)_EXCLUDE_0_Inaccessible_NA_NA,citation,Pelecanoides garnotii,core_sources
(Medina et al. 2011) core source_claim,(BirdLife International 2000)_EXCLUDE_0_Inaccessible_NA_NA,citation,Pomarea mendozae,core_sources
(Medina et al. 2011) core source_claim,(BirdLife International 2000)_EXCLUDE_0_Inaccessible_NA_NA,citation,Pseudobulweria aterrima,core_sources
(Medina et al. 2011) core source_claim,(BirdLife International 2000)_EXCLUDE_0_Inaccessible_NA_NA,citation,Pseudobulweria macgillivrayi,core_sources
(Medina et al. 2011) core source_claim,(BirdLife International 2000)_EXCLUDE_0_Inaccessible_NA_NA,citation,Pterodroma alba,core_sources
(Medina et al. 2011) core source_claim,(BirdLife International 2000)_EXCLUDE_0_Inaccessible_NA_NA,citation,Pterodroma atrata,core_sources
(Medina et al. 2011) core source_claim,(BirdLife International 2000)_EXCLUDE_0_Inaccessible_NA_NA,citation,Pterodroma defilippiana,core_sources
(Medina et al. 2011) core source_claim,(BirdLife International 2000)_EXCLUDE_0_Inaccessible_NA_NA,citation,Pterodroma externa,core_sources
(Medina et al. 2011) core source_claim,(BirdLife International 2000)_EXCLUDE_0_Inaccessible_NA_NA,citation,Pterodroma madeira,core_sources
(Medina et al. 2011) core source_claim,(BirdLife International 2000)_EXCLUDE_0_Inaccessible_NA_NA,citation,Sephanoides fernandensis,core_sources
(Medina et al. 2011) core source_claim,(BirdLife International 2000)_EXCLUDE_0_Inaccessible_NA_NA,citation,Spheniscus mendiculus,core_sources
(Medina et al. 2011) core source_claim,(BirdLife International 2000)_EXCLUDE_0_Inaccessible_NA_NA,citation,Strigops habroptilus,core_sources
(Medina et al. 2011) core source_claim,(BirdLife International 2000)_EXCLUDE_0_Inaccessible_NA_NA,citation,Turdus celaenops,core_sources
(Medina et al. 2011) core source_claim,(BirdLife International 2000)_EXCLUDE_0_Inaccessible_NA_NA,citation,Zoothera turipavae,core_sources
(Medina et al. 2011) core source_claim,(Bloomer & Bester 1990)_INCLUDE_NA_Predation in support_no_no,citation,Procellaria aequinoctialis,core_sources
(Medina et al. 2011) core source_claim,(Buller & Keulemans 1905)_INCLUDE_NA_Predation in support_no_no,citation,Traversia lyalli,core_sources
(Medina et al. 2011) core source_claim,(Buller & Keulemans 1905)_INCLUDE_NA_Population in support_no_no,citation,Traversia lyalli,core_sources
(Medina et al. 2011) core source_claim,(Burbidge 2004)_EXCLUDE_1_No claim_NA_NA,citation,Isoodon auratus,core_sources
(Medina et al. 2011) core source_claim,(Jones et al. 1995)_INCLUDE_NA_Predation in support_no_no,citation,Falco punctatus,core_sources
(Medina et al. 2011) core source_claim,(Cade & Jones 1993)_EXCLUDE_1_Inaccessible_NA_NA,citation,Falco punctatus,core_sources
(Medina et al. 2011) core source_claim,(Clevenger 1995)_INCLUDE_NA_Predation in support_no_no,citation,Podarcis lilfordi,core_sources
(Medina et al. 2011) core source_claim,(Cooper 1977)_INCLUDE_NA_Predation in support_no_no,citation,Spheniscus demersus,core_sources
(Medina et al. 2011) core source_claim,(Copson 1991)_EXCLUDE_0_Inaccessible_NA_NA,citation,Neophema chrysogaster,core_sources
(Medina et al. 2011) core source_claim,(Coulter 1984)_EXCLUDE_0_Inaccessible_NA_NA,citation,Pterodroma phaeopygia,core_sources
(Medina et al. 2011) core source_claim,(Coulter et al. 1985)_EXCLUDE_0_Inaccessible_NA_NA,citation,Pterodroma phaeopygia,core_sources
(Medina et al. 2011) core source_claim,(Crockett 1994)_EXCLUDE_1_Opinion claim_NA_NA,citation,Pterodroma magentae,core_sources
(Medina et al. 2011) core source_claim,(Wills et al. 2003)_INCLUDE_NA_Predation in support_no_no,citation,Charadrius obscurus,core_sources
(Medina et al. 2011) core source_claim,(Wills et al. 2003)_INCLUDE_NA_Predation not in support_no_no,citation,Charadrius obscurus,core_sources
(Medina et al. 2011) core source_claim,(Dickman 1996b) core source_claim,citation,Dasycercus cristicauda,core_sources
(Medina et al. 2011) core source_claim,(Dickman 1996b) core source_claim,citation,Dasyurus geoffroii,core_sources
(Medina et al. 2011) core source_claim,(Dickman 1996b) core source_claim,citation,Lagostrophus fasciatus,core_sources
(Medina et al. 2011) core source_claim,(Dickman 1996b) core source_claim,citation,Leporillus conditor,core_sources
(Medina et al. 2011) core source_claim,(Dickman 1996b) core source_claim,citation,Parantechinus apicalis,core_sources
(Medina et al. 2011) core source_claim,(Dickman 1996b) core source_claim,citation,Pseudomys fieldi,core_sources
(Medina et al. 2011) core source_claim,(Dowding & Murphy 2001)_EXCLUDE_?_Inaccessible_NA_NA,citation,Charadrius obscurus,core_sources
(Medina et al. 2011) core source_claim,(Dowding & Murphy 2001)_INCLUDE_NA_Population in support_no_no,citation,Coenocorypha aucklandica,core_sources
(Medina et al. 2011) core source_claim,(Dowding & Murphy 2001)_INCLUDE_NA_Population not in support_no_no,citation,Coenocorypha aucklandica,core_sources
(Medina et al. 2011) core source_claim,(Dowding & Murphy 2001)_INCLUDE_NA_Population not in support_no_no,citation,Coenocorypha barrierensis,core_sources
(Medina et al. 2011) core source_claim,(Dowding & Murphy 2001)_EXCLUDE_1_Opinion claim_NA_NA,citation,Thinornis novaeseelandiae,core_sources
(Medina et al. 2011) core source_claim,(Dowler et al. 2000)_INCLUDE_NA_Population in support_no_no,citation,Nesoryzomys darwini,core_sources
(Medina et al. 2011) core source_claim,(Dowler et al. 2000)_INCLUDE_NA_Population in support_no_no,citation,Nesoryzomys indefessus,core_sources
(Medina et al. 2011) core source_claim,(Mellink et al. 2002)_EXCLUDE_1_Opinion claim_NA_NA,citation,Peromyscus guardia,core_sources
(Medina et al. 2011) core source_claim,(Engeman et al. 2006)_EXCLUDE_1_Opinion claim_NA_NA,citation,Amazona vittata,core_sources
(Medina et al. 2011) core source_claim,(Faulquier et al. 2009)_INCLUDE_NA_Predation in support_no_no,citation,Pterodroma baraui,core_sources
(Medina et al. 2011) core source_claim,(Flannery 2001)_EXCLUDE_0_Inaccessible_NA_NA,citation,Cabalus modestus,core_sources
(Medina et al. 2011) core source_claim,(Flannery 2001)_EXCLUDE_0_Inaccessible_NA_NA,citation,Geocapromys thoracatus,core_sources
(Medina et al. 2011) core source_claim,(Flannery 2001)_EXCLUDE_0_Inaccessible_NA_NA,citation,Microgoura meeki,core_sources
(Medina et al. 2011) core source_claim,(Flannery 2001)_EXCLUDE_0_Inaccessible_NA_NA,citation,Zoothera terrestris,core_sources
(Medina et al. 2011) core source_claim,(Taylor 2000)_EXCLUDE_0_Opinion claim_NA_NA,citation,Diomedea epomophora,core_sources
(Medina et al. 2011) core source_claim,(Taylor 2000)_EXCLUDE_0_No claim_NA_NA,citation,Phalacrocorax featherstoni,core_sources
(Medina et al. 2011) core source_claim,(Taylor 2000)_EXCLUDE_0_Opinion claim_NA_NA,citation,Pterodroma axillaris,core_sources
(Medina et al. 2011) core source_claim,(Taylor 2000)_EXCLUDE_0_Opinion claim_NA_NA,citation,Pterodroma cervicalis,core_sources
(Medina et al. 2011) core source_claim,(Galbreath & Brown 2004)_INCLUDE_NA_Predation in support_no_no,citation,Traversia lyalli,core_sources
(Medina et al. 2011) core source_claim,(Galbreath & Brown 2004)_INCLUDE_NA_Population in support_no_no,citation,Traversia lyalli,core_sources
(Medina et al. 2011) core source_claim,(García Márquez et al. 1999)_INCLUDE_NA_Predation in support_no_no,citation,Gallotia simonyi,core_sources
(Medina et al. 2011) core source_claim,(García Márquez et al. 1997)_EXCLUDE_?_No claim_NA_NA,citation,Gallotia simonyi,core_sources
(Medina et al. 2011) core source_claim,(Gibbons 1984)_EXCLUDE_1_Opinion claim_NA_NA,citation,Brachylophus bulabula,core_sources
(Medina et al. 2011) core source_claim,(Gibbons 1984)_EXCLUDE_1_Opinion claim_NA_NA,citation,Brachylophus fasciatus,core_sources
(Medina et al. 2011) core source_claim,(Gibbons 1984)_EXCLUDE_1_Opinion claim_NA_NA,citation,Brachylophus vitiensis,core_sources
(Medina et al. 2011) core source_claim,(Girardet et al. 2001)_INCLUDE_NA_Predation in support_no_no,citation,Pterodroma cookii,core_sources
(Medina et al. 2011) core source_claim,(Efraín et al. 2000)_INCLUDE_NA_Predation in support_no_no,citation,Gallotia intermedia,core_sources
(Medina et al. 2011) core source_claim,(Hu et al. 2001)_EXCLUDE_1_Inaccessible_NA_NA,citation,Pterodroma sandwichensis,core_sources
(Medina et al. 2011) core source_claim,(IUCN 2025) core source_claim,citation,Cyclura cornuta,core_sources
(Medina et al. 2011) core source_claim,(IUCN 2025) core source_claim,citation,Cyclura cychlura,core_sources
(Medina et al. 2011) core source_claim,(Imber 1975)_EXCLUDE_0_Inaccessible_NA_NA,citation,Procellaria parkinsoni,core_sources
(Medina et al. 2011) core source_claim,(Imber 1975)_EXCLUDE_0_Inaccessible_NA_NA,citation,Pterodroma cookii,core_sources
(Medina et al. 2011) core source_claim,(Imber 1987)_INCLUDE_NA_Predation in support_no_no,citation,Procellaria parkinsoni,core_sources
(Medina et al. 2011) core source_claim,(Iverson 1978)_INCLUDE_NA_Predation in support_no_no,citation,Cyclura carinata,core_sources
(Medina et al. 2011) core source_claim,(Cruz & Cruz 1987)_INCLUDE_NA_Predation in support_no_no,citation,Pterodroma phaeopygia,core_sources
(Medina et al. 2011) core source_claim,(Dowding & Murphy 1993)_EXCLUDE_1_Opinion claim_NA_NA,citation,Charadrius obscurus,core_sources
(Medina et al. 2011) core source_claim,(Jehl & Parkes 1983)_EXCLUDE_?_Opinion claim_NA_NA,citation,Mimus graysoni,core_sources
(Medina et al. 2011) core source_claim,(Jehl & Parkes 1983)_INCLUDE_NA_Population not in support_yes_no,citation,Zenaida graysoni,core_sources
(Medina et al. 2011) core source_claim,(Jouventin et al. 1984)_EXCLUDE_0_Inaccessible_NA_NA,citation,Diomedea amsterdamensis,core_sources
(Medina et al. 2011) core source_claim,(Keitt et al. 2005)_EXCLUDE_0_Inaccessible_NA_NA,citation,Phoebastria immutabilis,core_sources
(Medina et al. 2011) core source_claim,(Konecny 1983)_EXCLUDE_0_No claim_NA_NA,citation,Amblyrhynchus cristatus,core_sources
(Medina et al. 2011) core source_claim,(Laurie 1983)_INCLUDE_NA_Predation in support_no_no,citation,Amblyrhynchus cristatus,core_sources
(Medina et al. 2011) core source_claim,(Lever 1994)_EXCLUDE_0_Inaccessible_NA_NA,citation,Atopogale cubana,core_sources
(Medina et al. 2011) core source_claim,(Rayner et al. 2008)_EXCLUDE_1_No claim_NA_NA,citation,Pterodroma cookii,core_sources
(Medina et al. 2011) core source_claim,(Martínez-Gómez & Curry 1996)_INCLUDE_NA_Predation not in support_no_no,citation,Mimus graysoni,core_sources
(Medina et al. 2011) core source_claim,(Martínez-Gómez & Curry 1996)_INCLUDE_NA_Predation in support_no_no,citation,Puffinus auricularis,core_sources
(Medina et al. 2011) core source_claim,(Martınez-Gomez & Jacobsen 2004)_EXCLUDE_1_No claim_NA_NA,citation,Mimus graysoni,core_sources
(Medina et al. 2011) core source_claim,(Martınez-Gomez et al. 2001)_INCLUDE_NA_Population not in support_yes_no,citation,Zenaida graysoni,core_sources
(Medina et al. 2011) core source_claim,(Martınez-Gomez & Jacobsen 2004)_INCLUDE_NA_Predation in support_no_no,citation,Puffinus auricularis,core_sources
(Medina et al. 2011) core source_claim,(Massaro & Blair 2003)_INCLUDE_NA_Population in support_yes_no,citation,Megadyptes antipodes,core_sources
(Medina et al. 2011) core source_claim,(McChesney & Tershy 1998)_INCLUDE_NA_Predation in support_no_no,citation,Synthliboramphus hypoleucus,core_sources
(Medina et al. 2011) core source_claim,(Miskelly 1988)_INCLUDE_NA_Population not in support_no_no,citation,Coenocorypha barrierensis,core_sources
(Medina et al. 2011) core source_claim,(Miskelly & Baker 2010)_EXCLUDE_1_No claim_NA_NA,citation,Coenocorypha barrierensis,core_sources
(Medina et al. 2011) core source_claim,(Mitchell et al. 2002)_EXCLUDE_0_No claim_NA_NA,citation,Cyclura carinata,core_sources
(Medina et al. 2011) core source_claim,(Morgan 1989)_EXCLUDE_1_Opinion claim_NA_NA,citation,Geocapromys thoracatus,core_sources
(Medina et al. 2011) core source_claim,(Pletschet & Kelly 1990)_INCLUDE_NA_Predation in support_no_no,citation,Loxioides bailleui,core_sources
(Medina et al. 2011) core source_claim,(Honegger 1981)_EXCLUDE_1_Opinion claim_NA_NA,citation,Leiocephalus eremitus,core_sources
(Medina et al. 2011) core source_claim,(Domínguez et al. 1997)_EXCLUDE_?_Inaccessible_NA_NA,citation,Gallotia simonyi,core_sources
(Medina et al. 2011) core source_claim,(Rodríguez-Estrella et al. 1991)_INCLUDE_NA_Predation in support_no_no,citation,Urosaurus auriculatus,core_sources
(Medina et al. 2011) core source_claim,(Rodríguez-Estrella et al. 1991)_EXCLUDE_?_Opinion claim_NA_NA,citation,Zenaida graysoni,core_sources
(Medina et al. 2011) core source_claim,(Rodríguez-Moreno et al. 2007)_INCLUDE_NA_Predation in support_no_no,citation,Peromyscus pseudocrinitus,core_sources
(Medina et al. 2011) core source_claim,(Rodríguez-Moreno et al. 2007)_INCLUDE_NA_Population not in support_yes_no,citation,Peromyscus pseudocrinitus,core_sources
(Medina et al. 2011) core source_claim,(Rodriguez-Moreno et al. 1999)_EXCLUDE_0_Inaccessible_NA_NA,citation,Peromyscus pseudocrinitus,core_sources
(Medina et al. 2011) core source_claim,(Smucker et al. 2000)_INCLUDE_NA_Predation in support_no_no,citation,Myadestes obscurus,core_sources
(Medina et al. 2011) core source_claim,(Snetsinger et al. 1994)_INCLUDE_NA_Predation in support_no_no,citation,Chasiempis sandwichensis,core_sources
(Medina et al. 2011) core source_claim,(Thorsen et al. 2002)_EXCLUDE_0_Opinion claim_NA_NA,citation,Ducula galeata,core_sources
(Medina et al. 2011) core source_claim,(Tomkins 1985)_EXCLUDE_0_Inaccessible_NA_NA,citation,Pterodroma phaeopygia,core_sources
(Medina et al. 2011) core source_claim,(Van Rensburg & Bester 1988)_INCLUDE_NA_Population in support_yes_yes,citation,Procellaria aequinoctialis,core_sources
(Medina et al. 2011) core source_claim,(Veitch 1985)_EXCLUDE_0_Inaccessible_NA_NA,citation,Anthornis melanocephala,core_sources
(Medina et al. 2011) core source_claim,(Veitch 1985)_EXCLUDE_0_Inaccessible_NA_NA,citation,Traversia lyalli,core_sources
(Medina et al. 2011) core source_claim,(Vázquez-Domínguez et al. 2004)_INCLUDE_NA_Predation in support_no_no,citation,Myotis vivesi,core_sources
(Medina et al. 2011) core source_claim,(Vázquez-Domínguez et al. 2004)_INCLUDE_NA_Predation in support_no_no,citation,Peromyscus guardia,core_sources
(Medina et al. 2011) core source_claim,(Williams 1984)_EXCLUDE_0_Inaccessible_NA_NA,citation,Fregata aquila,core_sources
(Medina et al. 2011) core source_claim,(Williams 1984)_EXCLUDE_0_Inaccessible_NA_NA,citation,Pterodroma arminjoniana,core_sources
(Medina et al. 2011) core source_claim,(Winter & Wallace 2006)_EXCLUDE_0_Opinion claim_NA_NA,citation,Anas wyvilliana,core_sources
(Medina et al. 2011) core source_claim,(Winter & Wallace 2006)_EXCLUDE_0_Opinion claim_NA_NA,citation,Branta sandvicensis,core_sources
(Medina et al. 2011) core source_claim,(Winter & Wallace 2006)_EXCLUDE_0_Opinion claim_NA_NA,citation,Chasiempis sandwichensis,core_sources
(Medina et al. 2011) core source_claim,(Winter & Wallace 2006)_EXCLUDE_0_Opinion claim_NA_NA,citation,Corvus hawaiiensis,core_sources
(Medina et al. 2011) core source_claim,(Winter & Wallace 2006)_EXCLUDE_0_Opinion claim_NA_NA,citation,Fulica alai,core_sources
(Medina et al. 2011) core source_claim,(Winter & Wallace 2006)_EXCLUDE_0_Opinion claim_NA_NA,citation,Loxioides bailleui,core_sources
(Medina et al. 2011) core source_claim,(Winter & Wallace 2006)_EXCLUDE_0_Opinion claim_NA_NA,citation,Loxops coccineus,core_sources
(Medina et al. 2011) core source_claim,(Winter & Wallace 2006)_EXCLUDE_0_Opinion claim_NA_NA,citation,Myadestes palmeri,core_sources
(Medina et al. 2011) core source_claim,(Winter & Wallace 2006)_EXCLUDE_0_Opinion claim_NA_NA,citation,Pterodroma sandwichensis,core_sources
(Medina et al. 2011) core source_claim,(Winter & Wallace 2006)_EXCLUDE_0_No claim_NA_NA,citation,Puffinus newelli,core_sources
(Medina et al. 2011) core source_claim,(Van Aarde 1981)_INCLUDE_NA_Predation in support_no_no,citation,Procellaria aequinoctialis,core_sources
(Medina et al. 2011) core source_claim,(Van Rensburg 1985)_INCLUDE_NA_Predation in support_no_no,citation,Procellaria aequinoctialis,core_sources
(Militao et al. 2017)_INCLUDE_NA_Predation in support_no_no,(Medina et al. 2010)_INCLUDE_NA_Predation in support_no_no,citation,Pterodroma feae,snowball
(Militao et al. 2017)_INCLUDE_NA_Predation in support_no_no,(Medina et al. 2010)_INCLUDE_NA_Predation not in support_no_no,citation,Pterodroma feae,snowball
(Miskelly 1988)_INCLUDE_NA_Population not in support_no_no,(Turbott 1947)_EXCLUDE_?_Inaccessible_NA_NA,citation,Coenocorypha barrierensis,snowball
(Miskelly 1988)_INCLUDE_NA_Population not in support_no_no,(Turbott 1961)_EXCLUDE_0_Inaccessible_NA_NA,citation,Coenocorypha barrierensis,snowball
(Miskelly 1988)_INCLUDE_NA_Population not in support_no_no,(Veitch 1985)_EXCLUDE_0_Inaccessible_NA_NA,citation,Coenocorypha barrierensis,snowball
(Miskelly 2000)_INCLUDE_NA_Population not in support_yes_no,(Miskelly 1987)_INCLUDE_NA_Population not in support_no_no,citation,Coenocorypha aucklandica,snowball
(Miskelly 2000)_INCLUDE_NA_Population not in support_yes_no,(Miskelly 1987)_INCLUDE_NA_Population not in support_yes_no,citation,Coenocorypha aucklandica,snowball
(Moller & Alterio 1999)_EXCLUDE_1_Opinion claim_NA_NA,(Darby et al. 1990)_INCLUDE_NA_Predation in support_no_no,citation,Megadyptes antipodes,snowball
(Moller & Alterio 1999)_EXCLUDE_1_Opinion claim_NA_NA,(Moller et al. 1996)_EXCLUDE_?_Inaccessible_NA_NA,citation,Megadyptes antipodes,snowball
(Moore & Walker 1991)_EXCLUDE_1_Opinion claim_NA_NA,(Kear & Williams 1978)_EXCLUDE_1_Opinion claim_NA_NA,citation,Anas aucklandica,snowball
(Moore & Walker 1991)_EXCLUDE_1_Opinion claim_NA_NA,(Williams 1964)_EXCLUDE_1_Opinion claim_NA_NA,citation,Anas aucklandica,snowball
(Moseby et al. 2011)_EXCLUDE_1_No claim_NA_NA,(Richards & Short 2003)_INCLUDE_NA_Predation not in support_no_no,citation,Perameles bougainville,snowball
(Moseby et al. 2011)_INCLUDE_NA_Predation in support_no_no,(Richards & Short 2003)_INCLUDE_NA_Predation not in support_no_no,citation,Perameles bougainville,snowball
(Moseby et al. 2011)_INCLUDE_NA_Predation not in support_no_no,(Richards & Short 2003)_INCLUDE_NA_Predation not in support_no_no,citation,Perameles bougainville,snowball
(Moseby et al. 2011)_INCLUDE_NA_Population not in support_yes_no,(Richards & Short 2003)_INCLUDE_NA_Predation not in support_no_no,citation,Perameles bougainville,snowball
(Muzaffar et al. 2013)_EXCLUDE_1_Opinion claim_NA_NA,(Kelly 2000)_EXCLUDE_1_No claim_NA_NA,citation,Phalacrocorax nigrogularis,snowball
(Muzaffar et al. 2013)_EXCLUDE_1_Opinion claim_NA_NA,(Mudler et al. 2011)_EXCLUDE_?_Inaccessible_NA_NA,citation,Phalacrocorax nigrogularis,snowball
(NSW National Parks and Wildlife Service 2002a)_EXCLUDE_0_Opinion claim_NA_NA,(Fullagar 1985)_EXCLUDE_0_Inaccessible_NA_NA,citation,Hypotaenidia sylvestris,snowball
(NSW National Parks and Wildlife Service 2002a)_EXCLUDE_0_Opinion claim_NA_NA,(Miller & Kingston 1980)_EXCLUDE_0_Inaccessible_NA_NA,citation,Hypotaenidia sylvestris,snowball
(Nogales et al. 2004)_EXCLUDE_1_Opinion claim_NA_NA,(Jehl 1977)_EXCLUDE_?_No claim_NA_NA,citation,Ptychoramphus aleuticus,snowball
(Nogales et al. 2004)_EXCLUDE_1_Opinion claim_NA_NA,(Keitt & Tershy 2003)_INCLUDE_NA_Predation in support_no_no,citation,Puffinus opisthomelas,snowball
(Nogales et al. 2004)_EXCLUDE_1_Opinion claim_NA_NA,(Wolf 2002)_EXCLUDE_0_Inaccessible_NA_NA,citation,Ptychoramphus aleuticus,snowball
(Nogales et al. 2004)_EXCLUDE_1_Opinion claim_NA_NA,(Wood et al. 2002)_EXCLUDE_0_No claim_NA_NA,citation,Puffinus opisthomelas,snowball
(O'Connor et al. 2007)_EXCLUDE_0_Opinion claim_NA_NA,(O'Connor 2004)_EXCLUDE_0_Inaccessible_NA_NA,citation,Anas chlorotis,snowball
(O'Donnell et al. 2010)_EXCLUDE_1_Opinion claim_NA_NA,(Daniel & Williams 1984)_INCLUDE_NA_Predation in support_no_no,citation,Chalinolobus tuberculatus,snowball
(O'Donnell et al. 2010)_EXCLUDE_1_Opinion claim_NA_NA,(Dwyer 1962)_INCLUDE_NA_Predation in support_no_no,citation,Chalinolobus tuberculatus,snowball
(O'Donnell et al. 2010)_EXCLUDE_1_Opinion claim_NA_NA,"J. Scrimgeour, pers. comm._EXCLUDE_0_Inaccessible_NA_NA",citation,Chalinolobus tuberculatus,snowball
(O'Donnell et al. 2010)_EXCLUDE_1_Opinion claim_NA_NA,(Lloyd 2005)_EXCLUDE_?_Inaccessible_NA_NA,citation,Chalinolobus tuberculatus,snowball
(O'Donnell et al. 2010)_EXCLUDE_1_Opinion claim_NA_NA,(O'Donnell 2000)_EXCLUDE_0_Opinion claim_NA_NA,citation,Chalinolobus tuberculatus,snowball
(O'Donnell et al. 2010)_EXCLUDE_1_Opinion claim_NA_NA,(O'Donnell & Sedgeley 1999)_EXCLUDE_1_No claim_NA_NA,citation,Chalinolobus tuberculatus,snowball
(O'Donnell et al. 2010)_EXCLUDE_1_Opinion claim_NA_NA,(O’Donnell 2000)_EXCLUDE_1_Opinion claim_NA_NA,citation,Chalinolobus tuberculatus,snowball
(O'Donnell et al. 2010)_EXCLUDE_1_Opinion claim_NA_NA,"P. Webb, Clarke Webb Ecology Ltd, pers. comm._EXCLUDE_0_Inaccessible_NA_NA",citation,Chalinolobus tuberculatus,snowball
(O'Donnell et al. 2010)_EXCLUDE_1_Opinion claim_NA_NA,(Pryde et al. 2005)_EXCLUDE_1_No claim_NA_NA,citation,Chalinolobus tuberculatus,snowball
(Oedin et al. 2021) core source_claim,NOTHING_EXCLUDE_NA_No citation given_NA_NA Chalinolobus tuberculatus,citation,Chalinolobus tuberculatus,core_sources
(Oedin et al. 2021) core source_claim,NOTHING_EXCLUDE_NA_No citation given_NA_NA Coleura seychellensis,citation,Coleura seychellensis,core_sources
(Oedin et al. 2021) core source_claim,NOTHING_EXCLUDE_NA_No citation given_NA_NA Falsistrellus tasmaniensis,citation,Falsistrellus tasmaniensis,core_sources
(Oedin et al. 2021) core source_claim,NOTHING_EXCLUDE_NA_No citation given_NA_NA Leptonycteris nivalis,citation,Leptonycteris nivalis,core_sources
(Oedin et al. 2021) core source_claim,NOTHING_EXCLUDE_NA_No citation given_NA_NA Myotis vivesi,citation,Myotis vivesi,core_sources
(Oedin et al. 2021) core source_claim,NOTHING_EXCLUDE_NA_No citation given_NA_NA Phoniscus papuensis,citation,Phoniscus papuensis,core_sources
(Oedin et al. 2021) core source_claim,NOTHING_EXCLUDE_NA_No citation given_NA_NA Phyllonycteris aphylla,citation,Phyllonycteris aphylla,core_sources
(Oedin et al. 2021) core source_claim,NOTHING_EXCLUDE_NA_No citation given_NA_NA Pipistrellus maderensis,citation,Pipistrellus maderensis,core_sources
(Oedin et al. 2021) core source_claim,NOTHING_EXCLUDE_NA_No citation given_NA_NA Pteropus dasymallus,citation,Pteropus dasymallus,core_sources
(Oedin et al. 2021) core source_claim,NOTHING_EXCLUDE_NA_No citation given_NA_NA Pteropus pselaphon,citation,Pteropus pselaphon,core_sources
(Oedin et al. 2021) core source_claim,NOTHING_EXCLUDE_NA_No citation given_NA_NA Pteropus vetula,citation,Pteropus vetula,core_sources
(Oedin et al. 2021) core source_claim,(Palmas et al. 2017)_INCLUDE_NA_Predation in support_no_no,citation,Pteropus ornatus,core_sources
(Oedin et al. 2021) core source_claim,(Scrimgeour et al. 2012)_INCLUDE_NA_Predation in support_no_no,citation,Mystacina tuberculata,core_sources
(Oedin et al. 2021) core source_claim,(Tidemann et al. 1994)_INCLUDE_NA_Predation in support_no_no,citation,Pteropus melanotus,core_sources
(Office of Environment & Heritage 2012)_EXCLUDE_0_Opinion claim_NA_NA,(Hartley & Kikkawa 1994)_EXCLUDE_0_Inaccessible_NA_NA,citation,Dasyornis brachypterus,snowball
(Office of Environment & Heritage 2012)_EXCLUDE_0_Opinion claim_NA_NA,(Mitchell 2001)_EXCLUDE_0_Inaccessible_NA_NA,citation,Dasyornis brachypterus,snowball
(Oro et al. 2004)_EXCLUDE_1_Opinion claim_NA_NA,(Aguilar 2000)_EXCLUDE_0_Inaccessible_NA_NA,citation,Puffinus mauretanicus,snowball
(Oro et al. 2004)_EXCLUDE_1_Opinion claim_NA_NA,(Mayol-Serra 2000)_EXCLUDE_0_Inaccessible_NA_NA,citation,Puffinus mauretanicus,snowball
(Ortiz-Alcaraz et al. 2016)_EXCLUDE_?_No claim_NA_NA,(Castellanos & Rodriguez-Estrella 1993)_EXCLUDE_?_Opinion claim_NA_NA,citation,Mimus graysoni,snowball
(O’Donnell et al. 2015)_EXCLUDE_1_Opinion claim_NA_NA,(Barker & Williams 2002)_INCLUDE_NA_Predation not in support_no_no,citation,Anas chlorotis,snowball
(O’Donnell et al. 2015)_INCLUDE_NA_Predation in support_no_no,(Barker & Williams 2002)_INCLUDE_NA_Predation not in support_no_no,citation,Anas chlorotis,snowball
(O’Donnell et al. 2015)_EXCLUDE_1_Opinion claim_NA_NA,(Hayes & Williams 1982)_INCLUDE_NA_Population in support_no_no,citation,Anas chlorotis,snowball
(O’Donnell et al. 2015)_INCLUDE_NA_Predation in support_no_no,(Hayes & Williams 1982)_INCLUDE_NA_Population in support_no_no,citation,Anas chlorotis,snowball
(O’Donnell et al. 2015)_EXCLUDE_1_Opinion claim_NA_NA,(O'Connor et al. 2007)_EXCLUDE_0_Opinion claim_NA_NA,citation,Anas chlorotis,snowball
(O’Donnell et al. 2015)_INCLUDE_NA_Predation in support_no_no,(O'Connor et al. 2007)_EXCLUDE_0_Opinion claim_NA_NA,citation,Anas chlorotis,snowball
(O’Donnell et al. 2015)_EXCLUDE_1_Opinion claim_NA_NA,(Skilton 2009)_EXCLUDE_0_Inaccessible_NA_NA,citation,Anas chlorotis,snowball
(O’Donnell et al. 2015)_INCLUDE_NA_Predation in support_no_no,(Skilton 2009)_EXCLUDE_0_Inaccessible_NA_NA,citation,Anas chlorotis,snowball
(O’Donnell et al. 2015)_EXCLUDE_1_Opinion claim_NA_NA,(Ward-Smith & Nagakawa 2012)_EXCLUDE_0_Inaccessible_NA_NA,citation,Anas chlorotis,snowball
(O’Donnell et al. 2015)_INCLUDE_NA_Predation in support_no_no,(Ward-Smith & Nagakawa 2012)_EXCLUDE_0_Inaccessible_NA_NA,citation,Anas chlorotis,snowball
(Pierce & Blanvillain 2004)_INCLUDE_NA_Population in support_yes_yes,(Pierce et al. 2003)_INCLUDE_NA_Population in support_yes_yes,citation,Prosobonia cancellata,snowball
(Pierce & Blanvillain 2004)_EXCLUDE_1_No claim_NA_NA,(Pierce et al. 2003)_INCLUDE_NA_Population in support_yes_yes,citation,Prosobonia cancellata,snowball
(Portelli & Carlile 2019)_EXCLUDE_1_Opinion claim_NA_NA,(Miller & Mullette 1985)_INCLUDE_NA_Predation not in support_no_no,citation,Hypotaenidia sylvestris,snowball
(Portelli & Carlile 2019)_EXCLUDE_1_Opinion claim_NA_NA,(NSW National Parks and Wildlife Service 2002a)_EXCLUDE_0_Opinion claim_NA_NA,citation,Hypotaenidia sylvestris,snowball
(Pratt et al. 1997)_INCLUDE_NA_Predation in support_no_no,"Biological Resources Division, unpubl._EXCLUDE_0_Inaccessible_NA_NA",citation,Loxioides bailleui,snowball
(Pratt et al. 1997)_INCLUDE_NA_Predation in support_no_no,(Pletschet & Kelly 1990)_INCLUDE_NA_Predation in support_no_no,citation,Loxioides bailleui,snowball
(Pratt et al. 1997)_INCLUDE_NA_Predation in support_no_no,(van Riper III 1980a)_INCLUDE_NA_Predation in support_no_no,citation,Loxioides bailleui,snowball
(Priddel et al. 2008)_EXCLUDE_1_Opinion claim_NA_NA,(Watling & Lewanavanua 1985)_EXCLUDE_1_Opinion claim_NA_NA,citation,Pseudobulweria macgillivrayi,snowball
(Radford et al. 2018) core source_claim,(Abbott 2008)_EXCLUDE_1_No claim_NA_NA,citation,Bettongia penicillata,core_sources
(Radford et al. 2018) core source_claim,"Angela Sanders, pers. comm._EXCLUDE_0_Inaccessible_NA_NA",citation,Phascogale calura,core_sources
(Radford et al. 2018) core source_claim,(Burbidge 1971)_EXCLUDE_0_No claim_NA_NA,citation,Isoodon auratus,core_sources
(Radford et al. 2018) core source_claim,(Burbidge 2001)_EXCLUDE_0_Inaccessible_NA_NA,citation,Bettongia lesueur,core_sources
(Radford et al. 2018) core source_claim,(Burbidge 2001)_EXCLUDE_0_Inaccessible_NA_NA,citation,Dasyurus geoffroii,core_sources
(Radford et al. 2018) core source_claim,(Burbidge 2001)_EXCLUDE_0_Inaccessible_NA_NA,citation,Leporillus conditor,core_sources
(Radford et al. 2018) core source_claim,(Burbidge 2001)_EXCLUDE_0_Inaccessible_NA_NA,citation,Parantechinus apicalis,core_sources
(Radford et al. 2018) core source_claim,(Burbidge 2001)_EXCLUDE_0_Inaccessible_NA_NA,citation,Perameles bougainville,core_sources
(Radford et al. 2018) core source_claim,(Burbidge 2001)_EXCLUDE_0_Inaccessible_NA_NA,citation,Pseudomys fieldi,core_sources
(Radford et al. 2018) core source_claim,(Burbidge & Manly 2002)_EXCLUDE_1_Does not test claim_NA_NA,citation,Bettongia lesueur,core_sources
(Radford et al. 2018) core source_claim,(Burbidge & Manly 2002)_EXCLUDE_1_Does not test claim_NA_NA,citation,Dasyurus geoffroii,core_sources
(Radford et al. 2018) core source_claim,(Burbidge & Manly 2002)_EXCLUDE_1_Does not test claim_NA_NA,citation,Leporillus conditor,core_sources
(Radford et al. 2018) core source_claim,(Burbidge & Manly 2002)_EXCLUDE_1_Does not test claim_NA_NA,citation,Parantechinus apicalis,core_sources
(Radford et al. 2018) core source_claim,(Burbidge & Manly 2002)_EXCLUDE_1_Does not test claim_NA_NA,citation,Perameles bougainville,core_sources
(Radford et al. 2018) core source_claim,(Burbidge & Manly 2002)_EXCLUDE_1_Does not test claim_NA_NA,citation,Pseudomys fieldi,core_sources
(Radford et al. 2018) core source_claim,(Burbidge & Manly 2002)_EXCLUDE_1_Does not test claim_NA_NA,citation,Pseudomys shortridgei,core_sources
(Radford et al. 2018) core source_claim,(Davies et al. 2017)_INCLUDE_NA_Population in support_yes_no,citation,Conilurus penicillatus,core_sources
(Radford et al. 2018) core source_claim,(Deller et al. 2015)_EXCLUDE_1_Opinion claim_NA_NA,citation,Bettongia lesueur,core_sources
(Radford et al. 2018) core source_claim,(Deller et al. 2015)_EXCLUDE_1_Opinion claim_NA_NA,citation,Dasyurus geoffroii,core_sources
(Radford et al. 2018) core source_claim,(Deller et al. 2015)_EXCLUDE_1_Opinion claim_NA_NA,citation,Leporillus conditor,core_sources
(Radford et al. 2018) core source_claim,(Deller et al. 2015)_EXCLUDE_1_Opinion claim_NA_NA,citation,Parantechinus apicalis,core_sources
(Radford et al. 2018) core source_claim,(Deller et al. 2015)_EXCLUDE_1_Opinion claim_NA_NA,citation,Perameles bougainville,core_sources
(Radford et al. 2018) core source_claim,(Deller et al. 2015)_EXCLUDE_1_Opinion claim_NA_NA,citation,Pseudomys fieldi,core_sources
(Radford et al. 2018) core source_claim,(Deller et al. 2015)_EXCLUDE_1_Opinion claim_NA_NA,citation,Pseudomys shortridgei,core_sources
(Radford et al. 2018) core source_claim,(Delroy et al. 1986)_EXCLUDE_1_Opinion claim_NA_NA,citation,Bettongia penicillata,core_sources
(Radford et al. 2018) core source_claim,(Dickman et al. 1993)_EXCLUDE_1_Opinion claim_NA_NA,citation,Chaeropus ecaudatus,core_sources
(Radford et al. 2018) core source_claim,(Dickman et al. 1993)_EXCLUDE_1_Opinion claim_NA_NA,citation,Dasyurus geoffroii,core_sources
(Radford et al. 2018) core source_claim,(Dickman et al. 1993)_EXCLUDE_1_Opinion claim_NA_NA,citation,Isoodon auratus,core_sources
(Radford et al. 2018) core source_claim,(Dickman et al. 1993)_EXCLUDE_1_Opinion claim_NA_NA,citation,Leporillus apicalis,core_sources
(Radford et al. 2018) core source_claim,(Dickman et al. 1993)_EXCLUDE_1_Opinion claim_NA_NA,citation,Leporillus conditor,core_sources
(Radford et al. 2018) core source_claim,(Dickman et al. 1993)_EXCLUDE_1_Opinion claim_NA_NA,citation,Notomys longicaudatus,core_sources
(Radford et al. 2018) core source_claim,(Dickman et al. 1993)_EXCLUDE_1_Opinion claim_NA_NA,citation,Perameles bougainville,core_sources
(Radford et al. 2018) core source_claim,(Dickman et al. 1993)_EXCLUDE_1_Opinion claim_NA_NA,citation,Phascogale calura,core_sources
(Radford et al. 2018) core source_claim,(Dickman et al. 1993)_EXCLUDE_1_Opinion claim_NA_NA,citation,Pseudomys australis,core_sources
(Radford et al. 2018) core source_claim,(Dickman et al. 1993)_EXCLUDE_1_Opinion claim_NA_NA,citation,Pseudomys gouldii,core_sources
(Radford et al. 2018) core source_claim,(Fancourt 2014)_INCLUDE_NA_Population in support_yes_no,citation,Bettongia gaimardi,core_sources
(Radford et al. 2018) core source_claim,(Green 2002)_EXCLUDE_1_No claim_NA_NA,citation,Mastacomys fuscus,core_sources
(Radford et al. 2018) core source_claim,(Hohnen 2015)_EXCLUDE_0_No claim_NA_NA,citation,Mesembriomys gouldii,core_sources
(Radford et al. 2018) core source_claim,(Hohnen 2015)_EXCLUDE_0_No claim_NA_NA,citation,Wyulda squamicaudata,core_sources
(Radford et al. 2018) core source_claim,(Hohnen et al. 2016a)_EXCLUDE_1_Opinion claim_NA_NA,citation,Wyulda squamicaudata,core_sources
(Radford et al. 2018) core source_claim,(Hohnen et al. 2016b)_EXCLUDE_1_No claim_NA_NA,citation,Conilurus penicillatus,core_sources
(Radford et al. 2018) core source_claim,(Hohnen et al. 2016b)_EXCLUDE_1_No claim_NA_NA,citation,Mesembriomys gouldii,core_sources
(Radford et al. 2018) core source_claim,(Short et al. 1992)_EXCLUDE_1_Opinion claim_NA_NA,citation,Petrogale penicillata,core_sources
(Radford et al. 2018) core source_claim,(Short et al. 1992)_EXCLUDE_1_Opinion claim_NA_NA,citation,Setonix brachyurus,core_sources
(Radford et al. 2018) core source_claim,(Marlow et al. 2015a)_INCLUDE_NA_Predation in support_no_no,citation,Bettongia penicillata,core_sources
(Radford et al. 2018) core source_claim,(Morris et al. 2015)_EXCLUDE_0_Opinion claim_NA_NA,citation,Dasyurus hallucatus,core_sources
(Radford et al. 2018) core source_claim,(Morris et al. 2004)_EXCLUDE_1_Opinion claim_NA_NA,citation,Bettongia penicillata,core_sources
(Radford et al. 2018) core source_claim,(Morris et al. 2004)_EXCLUDE_1_Opinion claim_NA_NA,citation,Lagostrophus fasciatus,core_sources
(Radford et al. 2018) core source_claim,(Morris et al. 2004)_EXCLUDE_1_Opinion claim_NA_NA,citation,Perameles bougainville,core_sources
(Radford et al. 2018) core source_claim,(Moseby et al. 2015)_INCLUDE_NA_Predation in support_no_no,citation,Dasyurus geoffroii,core_sources
(Radford et al. 2018) core source_claim,(Moseby et al. 2011)_INCLUDE_NA_Predation in support_no_no,citation,Bettongia lesueur,core_sources
(Radford et al. 2018) core source_claim,(Moseby et al. 2011)_EXCLUDE_1_No claim_NA_NA,citation,Leporillus conditor,core_sources
(Radford et al. 2018) core source_claim,(Moseby et al. 2011)_INCLUDE_NA_Predation in support_no_no,citation,Macrotis lagotis,core_sources
(Radford et al. 2018) core source_claim,(Moseby et al. 2011)_INCLUDE_NA_Predation not in support_no_no,citation,Perameles bougainville,core_sources
(Radford et al. 2018) core source_claim,(De Tores et al. 2007)_EXCLUDE_1_Opinion claim_NA_NA,citation,Setonix brachyurus,core_sources
(Radford et al. 2018) core source_claim,(Short 2016)_EXCLUDE_1_No claim_NA_NA,citation,Perameles bougainville,core_sources
(Radford et al. 2018) core source_claim,(Wayne et al. 2017b)_INCLUDE_NA_Population not in support_yes_no,citation,Bettongia penicillata,core_sources
(Radford et al. 2018) core source_claim,(West et al. 2018)_EXCLUDE_1_Does not test claim_NA_NA,citation,Bettongia lesueur,core_sources
(Radford et al. 2018) core source_claim,(Woinarski et al. 2014) core source_claim,citation,Notomys amplus,core_sources
(Radford et al. 2018) core source_claim,(Woinarski et al. 2014) core source_claim,citation,Notomys macrotis,core_sources
(Radford et al. 2018) core source_claim,(Woinarski et al. 2014) core source_claim,citation,Notomys mordax,core_sources
(Radford et al. 2018) core source_claim,(Woinarski et al. 2014) core source_claim,citation,Notomys robustus,core_sources
(Radford et al. 2018) core source_claim,(Woinarski et al. 2014) core source_claim,citation,Pseudomys auritus,core_sources
(Radford et al. 2018) core source_claim,(Woinarski et al. 2014) core source_claim,citation,Pseudomys glaucus,core_sources
(Radford et al. 2018) core source_claim,(Woinarski et al. 2011a)_INCLUDE_NA_Population in support_yes_yes,citation,Conilurus penicillatus,core_sources
(Radford et al. 2018) core source_claim,(Woinarski et al. 2011a)_INCLUDE_NA_Population not in support_yes_yes,citation,Dasyurus hallucatus,core_sources
(Radford et al. 2018) core source_claim,(Woinarski et al. 2011a)_INCLUDE_NA_Population in support_no_no,citation,Phascogale pirata,core_sources
(Radford et al. 2018) core source_claim,(Woinarski et al. 2011a)_INCLUDE_NA_Population not in support_yes_no,citation,Phascogale pirata,core_sources
(Ramos 1996)_EXCLUDE_0_Opinion claim_NA_NA,(Ramos 1994)_INCLUDE_NA_Predation in support_no_no,citation,Pyrrhula murina,snowball
(Ratz & Murphy 1999)_EXCLUDE_1_Opinion claim_NA_NA,(Darby et al. 1990)_INCLUDE_NA_Predation in support_no_no,citation,Megadyptes antipodes,snowball
(Ratz & Murphy 1999)_EXCLUDE_1_Opinion claim_NA_NA,(Conservation 1991)_EXCLUDE_0_Inaccessible_NA_NA,citation,Megadyptes antipodes,snowball
(Ratz & Murphy 1999)_EXCLUDE_1_Opinion claim_NA_NA,(Moller et al. 1995)_EXCLUDE_0_Inaccessible_NA_NA,citation,Megadyptes antipodes,snowball
(Ratz 2000)_EXCLUDE_1_Opinion claim_NA_NA,(Darby et al. 1990)_INCLUDE_NA_Predation in support_no_no,citation,Megadyptes antipodes,snowball
(Robertson & Colbourne 2022)_INCLUDE_NA_Predation in support_no_no,(Harper 2005)_INCLUDE_NA_Predation not in support_no_no,citation,Apteryx australis,snowball
(Robertson & Colbourne 2022)_EXCLUDE_1_No claim_NA_NA,(Harper 2005)_INCLUDE_NA_Predation not in support_no_no,citation,Apteryx australis,snowball
(Robertson & Colbourne 2022)_INCLUDE_NA_Predation in support_no_no,(Karl & Best 1982)_INCLUDE_NA_Predation not in support_no_no,citation,Apteryx australis,snowball
(Robertson & Colbourne 2022)_EXCLUDE_1_No claim_NA_NA,(Karl & Best 1982)_INCLUDE_NA_Predation not in support_no_no,citation,Apteryx australis,snowball
(Rodríguez-Estrella et al. 1991)_INCLUDE_NA_Predation in support_no_no,(Jehl & Parkes 1983)_EXCLUDE_?_Opinion claim_NA_NA,citation,Mimus graysoni,snowball
(Rodríguez-Estrella et al. 1991)_EXCLUDE_?_Opinion claim_NA_NA,(Jehl & Parkes 1983)_EXCLUDE_?_Opinion claim_NA_NA,citation,Mimus graysoni,snowball
(Rodríguez-Estrella et al. 1991)_INCLUDE_NA_Predation in support_no_no,(Jehl & Parkes 1983)_INCLUDE_NA_Population not in support_yes_no,citation,Zenaida graysoni,snowball
(Rodríguez-Estrella et al. 1991)_EXCLUDE_?_Opinion claim_NA_NA,(Jehl & Parkes 1983)_INCLUDE_NA_Population not in support_yes_no,citation,Zenaida graysoni,snowball
(Rodríguez-Estrella et al. 1991)_INCLUDE_NA_Predation in support_no_no,(Martınez-Gomez et al. 2001)_INCLUDE_NA_Population not in support_yes_no,citation,Zenaida graysoni,snowball
(Rodríguez-Estrella et al. 1991)_EXCLUDE_?_Opinion claim_NA_NA,(Martınez-Gomez et al. 2001)_INCLUDE_NA_Population not in support_yes_no,citation,Zenaida graysoni,snowball
(Sarr et al. 1998)_EXCLUDE_0_Opinion claim_NA_NA,(Pletschet & Kelly 1990)_INCLUDE_NA_Predation in support_no_no,citation,Loxioides bailleui,snowball
(Seddon et al. 2013)_EXCLUDE_0_Opinion claim_NA_NA,(Alterio & Moller 1997)_INCLUDE_NA_Predation not in support_no_no,citation,Megadyptes antipodes,snowball
(Seddon et al. 2013)_EXCLUDE_0_Opinion claim_NA_NA,(Clapperton 2001)_EXCLUDE_1_No claim_NA_NA,citation,Megadyptes antipodes,snowball
(Seddon et al. 2013)_EXCLUDE_0_Opinion claim_NA_NA,(Darby et al. 1990)_INCLUDE_NA_Predation in support_no_no,citation,Megadyptes antipodes,snowball
(Seddon et al. 2013)_EXCLUDE_0_Opinion claim_NA_NA,(Moller & Alterio 1999)_EXCLUDE_1_Opinion claim_NA_NA,citation,Megadyptes antipodes,snowball
(Seddon et al. 2013)_EXCLUDE_0_Opinion claim_NA_NA,(Ratz 1997)_EXCLUDE_0_Inaccessible_NA_NA,citation,Megadyptes antipodes,snowball
(Seddon et al. 2013)_EXCLUDE_0_Opinion claim_NA_NA,(Ratz et al. 2004)_EXCLUDE_1_Opinion claim_NA_NA,citation,Megadyptes antipodes,snowball
(Seddon et al. 2013)_EXCLUDE_0_Opinion claim_NA_NA,(Ratz 2000)_EXCLUDE_1_Opinion claim_NA_NA,citation,Megadyptes antipodes,snowball
(Seddon et al. 2013)_EXCLUDE_0_Opinion claim_NA_NA,(Ratz et al. 1999)_INCLUDE_NA_Predation not in support_no_no,citation,Megadyptes antipodes,snowball
(Short 2016)_EXCLUDE_1_No claim_NA_NA,"J. Short, unpublished observations_EXCLUDE_0_Inaccessible_NA_NA",citation,Bettongia lesueur,snowball
(Short 2016)_EXCLUDE_1_Opinion claim_NA_NA,"J. Short, unpublished observations_EXCLUDE_0_Inaccessible_NA_NA",citation,Bettongia lesueur,snowball
(Simons 1984)_EXCLUDE_1_Opinion claim_NA_NA,(Simons 1983)_INCLUDE_NA_Predation in support_no_no,citation,Pterodroma sandwichensis,snowball
(Steinfurth 2007)_INCLUDE_NA_Predation in support_no_no,(Berruti 1986)_EXCLUDE_1_No claim_NA_NA,citation,Spheniscus mendiculus,snowball
(Steinfurth 2007)_INCLUDE_NA_Predation in support_no_no,(Yorio & Boersma 1994)_EXCLUDE_1_No claim_NA_NA,citation,Spheniscus mendiculus,snowball
(Taylor 2000)_EXCLUDE_0_Opinion claim_NA_NA,(Darby et al. 1990)_INCLUDE_NA_Predation in support_no_no,citation,Megadyptes antipodes,snowball
(Taylor 2000)_EXCLUDE_0_No claim_NA_NA,(Darby et al. 1990)_INCLUDE_NA_Predation in support_no_no,citation,Megadyptes antipodes,snowball
(Taylor 2000)_EXCLUDE_0_Opinion claim_NA_NA,(Taylor 1986)_EXCLUDE_0_Inaccessible_NA_NA,citation,Diomedea epomophora,snowball
(Taylor 2000)_EXCLUDE_0_No claim_NA_NA,(Taylor 1986)_EXCLUDE_0_Inaccessible_NA_NA,citation,Diomedea epomophora,snowball
(Thibault & Cibois 2006a)_EXCLUDE_?_Opinion claim_NA_NA,(BirdLife International 2000)_EXCLUDE_0_Inaccessible_NA_NA,citation,Acrocephalus rimitarae,snowball
(Threatened Species Scientific Committee 2008b)_EXCLUDE_0_Opinion claim_NA_NA,(Threatened Species Scientific Committee 2006)_EXCLUDE_0_Opinion claim_NA_NA,citation,Bellatorias obiri,snowball
(Threatened Species Scientific Committee 2008b)_EXCLUDE_0_Opinion claim_NA_NA,(Woinarski 2007)_EXCLUDE_0_Inaccessible_NA_NA,citation,Bellatorias obiri,snowball
(Tocher 2006)_EXCLUDE_1_Does not test claim_NA_NA,(Daugherty & Towns 1991)_EXCLUDE_0_Inaccessible_NA_NA,citation,Oligosoma grande,snowball
(Tocher 2006)_EXCLUDE_1_No claim_NA_NA,(Daugherty & Towns 1991)_EXCLUDE_0_Inaccessible_NA_NA,citation,Oligosoma grande,snowball
(USFWS 1998a)_INCLUDE_NA_Predation in support_no_no,(Dekker 1989)_EXCLUDE_1_No claim_NA_NA,citation,Megapodius laperouse,snowball
(USFWS 1998a)_INCLUDE_NA_Predation in support_no_no,(Ludwig 1979)_EXCLUDE_0_Inaccessible_NA_NA,citation,Megapodius laperouse,snowball
(USFWS 2004)_INCLUDE_NA_Predation in support_no_no,"C. Terry, pers. comm. 1999_EXCLUDE_0_Inaccessible_NA_NA",citation,Branta sandvicensis,snowball
(USFWS 2004)_INCLUDE_NA_Predation in support_no_no,"Telfer, pers. comm 1998_EXCLUDE_0_Inaccessible_NA_NA",citation,Branta sandvicensis,snowball
(USFWS 2013b)_EXCLUDE_0_Opinion claim_NA_NA,(USFWS 2013a)_EXCLUDE_0_Opinion claim_NA_NA,citation,Pterodroma cahow,snowball
(USFWS 2020)_EXCLUDE_0_Opinion claim_NA_NA,(Banko et al. 2004)_EXCLUDE_0_Inaccessible_NA_NA,citation,Loxioides bailleui,snowball
(USFWS 2020)_EXCLUDE_0_Opinion claim_NA_NA,(Pletschet & Kelly 1990)_INCLUDE_NA_Predation in support_no_no,citation,Loxioides bailleui,snowball
(USFWS 2020)_EXCLUDE_0_Opinion claim_NA_NA,(Snetsinger et al. 1994)_INCLUDE_NA_Predation not in support_no_no,citation,Loxioides bailleui,snowball
(VanderWerf et al. 2016)_EXCLUDE_1_Opinion claim_NA_NA,(IUCN 2025) core source_claim,citation,Acrocephalus aequinoctialis,snowball
(Veitch 2001)_EXCLUDE_1_No claim_NA_NA,(Imber 1975)_EXCLUDE_0_Inaccessible_NA_NA,citation,Pterodroma cookii,snowball
(Veitch 2001)_EXCLUDE_1_Opinion claim_NA_NA,(Imber 1975)_EXCLUDE_0_Inaccessible_NA_NA,citation,Pterodroma cookii,snowball
(Veitch et al. 2004)_EXCLUDE_1_Opinion claim_NA_NA,(Oliver 1930)_EXCLUDE_0_Inaccessible_NA_NA,citation,Pterodroma cervicalis,snowball
(Velarde et al. 2011)_EXCLUDE_1_Opinion claim_NA_NA,(BirdLife International 2000)_EXCLUDE_0_Inaccessible_NA_NA,citation,Synthliboramphus craveri,snowball
(Velarde et al. 2011)_EXCLUDE_1_Opinion claim_NA_NA,(Mellink 2002)_EXCLUDE_0_No claim_NA_NA,citation,Synthliboramphus craveri,snowball
(Velarde et al. 2011)_EXCLUDE_1_Opinion claim_NA_NA,(DeWeese & Anderson 1976)_INCLUDE_NA_Predation not in support_no_no,citation,Synthliboramphus craveri,snowball
(Vincenot et al. 2017)_INCLUDE_NA_Predation in support_no_no,(Matayoshi 2014)_EXCLUDE_0_Not in English or Spanish_NA_NA,citation,Pteropus dasymallus,snowball
(Wallach & Lundgren 2025)_external review without claim,(Augusteyn et al. 2022)_INCLUDE_NA_Predation in support_no_no,citation,Onychogalea fraenata,core_sources
(Wallach & Lundgren 2025)_external review without claim,(Bain 2015)_INCLUDE_NA_Predation in support_no_no,citation,Setonix brachyurus,core_sources
(Wallach & Lundgren 2025)_external review without claim,(Blythman et al. 2020)_INCLUDE_NA_Predation in support_no_no,citation,Isoodon auratus,core_sources
(Wallach & Lundgren 2025)_external review without claim,(Burns 2020)_INCLUDE_NA_Predation not in support_no_no,citation,Pseudomys novaehollandiae,core_sources
(Wallach & Lundgren 2025)_external review without claim,(Christensen & Burrows 1995)_INCLUDE_NA_Predation in support_no_no,citation,Bettongia lesueur,core_sources
(Wallach & Lundgren 2025)_external review without claim,(Christensen & Burrows 1995)_INCLUDE_NA_Predation not in support_no_no,citation,Isoodon auratus,core_sources
(Wallach & Lundgren 2025)_external review without claim,(Clarke 2011)_INCLUDE_NA_Predation in support_no_no,citation,Pseudocheirus occidentalis,core_sources
(Wallach & Lundgren 2025)_external review without claim,(Cockburn 1981)_INCLUDE_NA_Predation in support_no_no,citation,Pseudomys fumeus,core_sources
(Wallach & Lundgren 2025)_external review without claim,(Comer et al. 2020)_INCLUDE_NA_Population not in support_yes_no,citation,Dasyurus geoffroii,core_sources
(Wallach & Lundgren 2025)_external review without claim,(Copley 1999b)_INCLUDE_NA_Predation in support_no_no,citation,Leporillus conditor,core_sources
(Wallach & Lundgren 2025)_external review without claim,(Copley 1999a)_INCLUDE_NA_Predation in support_no_no,citation,Leporillus conditor,core_sources
(Wallach & Lundgren 2025)_external review without claim,(Cowan et al. 2020)_INCLUDE_NA_Predation in support_no_no,citation,Dasyurus hallucatus,core_sources
(Wallach & Lundgren 2025)_external review without claim,(Davies et al. 2017)_INCLUDE_NA_Population in support_yes_no,citation,Conilurus penicillatus,core_sources
(Wallach & Lundgren 2025)_external review without claim,(Davies et al. 2018)_INCLUDE_NA_Population in support_yes_no,citation,Conilurus penicillatus,core_sources
(Wallach & Lundgren 2025)_external review without claim,(Davies et al. 2018)_INCLUDE_NA_Population not in support_yes_yes,citation,Mesembriomys gouldii,core_sources
(Wallach & Lundgren 2025)_external review without claim,(Doherty et al. 2015)_INCLUDE_NA_Predation in support_no_no,citation,Bettongia lesueur,core_sources
(Wallach & Lundgren 2025)_external review without claim,(Doherty et al. 2015)_INCLUDE_NA_Predation in support_no_no,citation,Bettongia penicillata,core_sources
(Wallach & Lundgren 2025)_external review without claim,(Doherty et al. 2015)_INCLUDE_NA_Predation in support_no_no,citation,Burramys parvus,core_sources
(Wallach & Lundgren 2025)_external review without claim,(Doherty et al. 2015)_INCLUDE_NA_Predation in support_no_no,citation,Dasycercus cristicauda,core_sources
(Wallach & Lundgren 2025)_external review without claim,(Doherty et al. 2015)_INCLUDE_NA_Population in support_yes_no,citation,Dasycercus cristicauda,core_sources
(Wallach & Lundgren 2025)_external review without claim,(Doherty et al. 2015)_INCLUDE_NA_Predation in support_no_no,citation,Dasyurus geoffroii,core_sources
(Wallach & Lundgren 2025)_external review without claim,(Doherty et al. 2015)_INCLUDE_NA_Predation in support_no_no,citation,Dasyurus hallucatus,core_sources
(Wallach & Lundgren 2025)_external review without claim,(Doherty et al. 2015)_INCLUDE_NA_Predation in support_no_no,citation,Lagostrophus fasciatus,core_sources
(Wallach & Lundgren 2025)_external review without claim,(Doherty et al. 2015)_INCLUDE_NA_Predation in support_no_no,citation,Macrotis lagotis,core_sources
(Wallach & Lundgren 2025)_external review without claim,(Doherty et al. 2015)_INCLUDE_NA_Predation in support_no_no,citation,Mastacomys fuscus,core_sources
(Wallach & Lundgren 2025)_external review without claim,(Doherty et al. 2015)_INCLUDE_NA_Predation in support_no_no,citation,Myrmecobius fasciatus,core_sources
(Wallach & Lundgren 2025)_external review without claim,(Doherty et al. 2015)_INCLUDE_NA_Predation in support_no_no,citation,Onychogalea fraenata,core_sources
(Wallach & Lundgren 2025)_external review without claim,(Doherty et al. 2015)_INCLUDE_NA_Predation in support_no_no,citation,Perameles bougainville,core_sources
(Wallach & Lundgren 2025)_external review without claim,(Doherty et al. 2015)_INCLUDE_NA_Predation in support_no_no,citation,Petrogale lateralis,core_sources
(Wallach & Lundgren 2025)_external review without claim,(Doherty et al. 2015)_INCLUDE_NA_Predation in support_no_no,citation,Petrogale penicillata,core_sources
(Wallach & Lundgren 2025)_external review without claim,(Doherty et al. 2015)_INCLUDE_NA_Predation in support_no_no,citation,Phascogale tapoatafa,core_sources
(Wallach & Lundgren 2025)_external review without claim,(Doherty et al. 2015)_INCLUDE_NA_Predation in support_no_no,citation,Pteropus melanotus,core_sources
(Wallach & Lundgren 2025)_external review without claim,(Doherty et al. 2015)_INCLUDE_NA_Predation in support_no_no,citation,Setonix brachyurus,core_sources
(Wallach & Lundgren 2025)_external review without claim,(Doherty et al. 2015)_INCLUDE_NA_Predation in support_no_no,citation,Sminthopsis douglasi,core_sources
(Wallach & Lundgren 2025)_external review without claim,(Doherty et al. 2015)_INCLUDE_NA_Predation not in support_no_no,citation,Sminthopsis douglasi,core_sources
(Wallach & Lundgren 2025)_external review without claim,(Doherty et al. 2017)_INCLUDE_NA_Predation in support_no_no,citation,Isoodon auratus,core_sources
(Wallach & Lundgren 2025)_external review without claim,(Evans et al. 2021)_INCLUDE_NA_Predation not in support_no_no,citation,Bettongia gaimardi,core_sources
(Wallach & Lundgren 2025)_external review without claim,(Fancourt 2014)_INCLUDE_NA_Population in support_yes_no,citation,Bettongia gaimardi,core_sources
(Wallach & Lundgren 2025)_external review without claim,(Fancourt et al. 2015)_INCLUDE_NA_Population not in support_yes_yes,citation,Dasyurus viverrinus,core_sources
(Wallach & Lundgren 2025)_external review without claim,(Feit et al. 2019)_INCLUDE_NA_Predation in support_no_no,citation,Notomys fuscus,core_sources
(Wallach & Lundgren 2025)_external review without claim,(Fisher 1999)_INCLUDE_NA_Predation in support_no_no,citation,Onychogalea fraenata,core_sources
(Wallach & Lundgren 2025)_external review without claim,(Fisher et al. 2001)_INCLUDE_NA_Predation in support_no_no,citation,Onychogalea fraenata,core_sources
(Wallach & Lundgren 2025)_external review without claim,(Friend 2003)_INCLUDE_NA_Predation in support_no_no,citation,Parantechinus apicalis,core_sources
(Wallach & Lundgren 2025)_external review without claim,(Friend & Thomas 1994)_INCLUDE_NA_Predation in support_no_no,citation,Myrmecobius fasciatus,core_sources
(Wallach & Lundgren 2025)_external review without claim,(Gardiner et al. 2018)_INCLUDE_NA_Population not in support_yes_yes,citation,Bettongia gaimardi,core_sources
(Wallach & Lundgren 2025)_external review without claim,(Geyle et al. 2024)_INCLUDE_NA_Population not in support_yes_no,citation,Macrotis lagotis,core_sources
(Wallach & Lundgren 2025)_external review without claim,(Glen et al. 2010)_INCLUDE_NA_Predation in support_no_no,citation,Dasyurus geoffroii,core_sources
(Wallach & Lundgren 2025)_external review without claim,(Gordon et al. 2015)_INCLUDE_NA_Population not in support_yes_yes,citation,Notomys fuscus,core_sources
(Wallach & Lundgren 2025)_external review without claim,(Hardman et al. 2016)_INCLUDE_NA_Predation in support_no_no,citation,Lagostrophus fasciatus,core_sources
(Wallach & Lundgren 2025)_external review without claim,(Hayward et al. 2012)_INCLUDE_NA_Predation not in support_no_no,citation,Onychogalea fraenata,core_sources
(Wallach & Lundgren 2025)_external review without claim,(Hayward et al. 2005)_INCLUDE_NA_Predation in support_no_no,citation,Setonix brachyurus,core_sources
(Wallach & Lundgren 2025)_external review without claim,(Hollings et al. 2014)_INCLUDE_NA_Population in support_yes_yes,citation,Dasyurus viverrinus,core_sources
(Wallach & Lundgren 2025)_external review without claim,(Horsup & Evans 1993)_INCLUDE_NA_Predation in support_no_no,citation,Onychogalea fraenata,core_sources
(Wallach & Lundgren 2025)_external review without claim,(James et al. 2002)_INCLUDE_NA_Predation in support_no_no,citation,Bettongia penicillata,core_sources
(Wallach & Lundgren 2025)_external review without claim,(Kutt 2003)_INCLUDE_NA_Predation in support_no_no,citation,Sminthopsis douglasi,core_sources
(Wallach & Lundgren 2025)_external review without claim,(Kutt 2011)_INCLUDE_NA_Predation in support_no_no,citation,Sminthopsis douglasi,core_sources
(Wallach & Lundgren 2025)_external review without claim,(Kutt & Kitchener 2012)_INCLUDE_NA_Predation in support_no_no,citation,Sminthopsis douglasi,core_sources
(Wallach & Lundgren 2025)_external review without claim,(Kutt & Kitchener 2012)_INCLUDE_NA_Predation not in support_no_no,citation,Sminthopsis douglasi,core_sources
(Wallach & Lundgren 2025)_external review without claim,(Lazenby 2012)_INCLUDE_NA_Predation in support_no_no,citation,Potorous tridactylus,core_sources
(Wallach & Lundgren 2025)_external review without claim,(Letnic & Koch 2010)_INCLUDE_NA_Population not in support_yes_yes,citation,Notomys fuscus,core_sources
(Wallach & Lundgren 2025)_external review without claim,(Letnic et al. 2009)_INCLUDE_NA_Population not in support_yes_yes,citation,Notomys fuscus,core_sources
(Wallach & Lundgren 2025)_external review without claim,(Lohr et al. 2021)_INCLUDE_NA_Predation in support_no_no,citation,Macrotis lagotis,core_sources
(Wallach & Lundgren 2025)_external review without claim,(Lohr et al. 2022)_INCLUDE_NA_Predation not in support_no_no,citation,Macrotis lagotis,core_sources
(Wallach & Lundgren 2025)_external review without claim,(Mahon 1999)_INCLUDE_NA_Predation in support_no_no,citation,Dasycercus cristicauda,core_sources
(Wallach & Lundgren 2025)_external review without claim,(Marlow et al. 2015a)_INCLUDE_NA_Predation in support_no_no,citation,Bettongia penicillata,core_sources
(Wallach & Lundgren 2025)_external review without claim,(Martin et al. 2006)_INCLUDE_NA_Predation in support_no_no,citation,Bettongia penicillata,core_sources
(Wallach & Lundgren 2025)_external review without claim,(McDonald et al. 2014)_INCLUDE_NA_Predation in support_no_no,citation,Zyzomys pedunculatus,core_sources
(Wallach & Lundgren 2025)_external review without claim,(Mifsud & Woolley 2012)_INCLUDE_NA_Predation in support_no_no,citation,Sminthopsis douglasi,core_sources
(Wallach & Lundgren 2025)_external review without claim,(Miritis et al. 2020)_INCLUDE_NA_Predation in support_no_no,citation,Potorous tridactylus,core_sources
(Wallach & Lundgren 2025)_external review without claim,(Miritis et al. 2020)_INCLUDE_NA_Population not in support_yes_yes,citation,Potorous tridactylus,core_sources
(Wallach & Lundgren 2025)_external review without claim,(Moore et al. 2024)_INCLUDE_NA_Population not in support_yes_yes,citation,Macrotis lagotis,core_sources
(Wallach & Lundgren 2025)_external review without claim,(Moseby et al. 2015)_INCLUDE_NA_Predation not in support_no_no,citation,Bettongia lesueur,core_sources
(Wallach & Lundgren 2025)_external review without claim,(Moseby et al. 2021a)_INCLUDE_NA_Predation in support_no_no,citation,Dasyurus geoffroii,core_sources
(Wallach & Lundgren 2025)_external review without claim,(Moseby et al. 2021a)_INCLUDE_NA_Population not in support_yes_no,citation,Dasyurus geoffroii,core_sources
(Wallach & Lundgren 2025)_external review without claim,(Moseby et al. 2012)_INCLUDE_NA_Predation in support_no_no,citation,Macrotis lagotis,core_sources
(Wallach & Lundgren 2025)_external review without claim,(Moseby et al. 2021b)_INCLUDE_NA_Predation in support_no_no,citation,Dasyurus geoffroii,core_sources
(Wallach & Lundgren 2025)_external review without claim,(Moseby et al. 2022)_INCLUDE_NA_Predation in support_no_no,citation,Dasyurus geoffroii,core_sources
(Wallach & Lundgren 2025)_external review without claim,(Moseby et al. 2018)_INCLUDE_NA_Predation in support_no_no,citation,Bettongia lesueur,core_sources
(Wallach & Lundgren 2025)_external review without claim,(Moseby et al. 2019)_INCLUDE_NA_Predation in support_no_no,citation,Bettongia lesueur,core_sources
(Wallach & Lundgren 2025)_external review without claim,(Moseby et al. 2019)_INCLUDE_NA_Population in support_yes_no,citation,Bettongia lesueur,core_sources
(Wallach & Lundgren 2025)_external review without claim,(Moseby et al. 2019)_INCLUDE_NA_Population not in support_yes_no,citation,Macrotis lagotis,core_sources
(Wallach & Lundgren 2025)_external review without claim,(Moseby et al. 2020)_INCLUDE_NA_Population in support_yes_no,citation,Pseudomys australis,core_sources
(Wallach & Lundgren 2025)_external review without claim,(Moseby et al. 2015)_INCLUDE_NA_Predation in support_no_no,citation,Bettongia penicillata,core_sources
(Wallach & Lundgren 2025)_external review without claim,(Moseby et al. 2015)_INCLUDE_NA_Predation in support_no_no,citation,Dasyurus geoffroii,core_sources
(Wallach & Lundgren 2025)_external review without claim,(Moseby et al. 2015)_INCLUDE_NA_Predation not in support_no_no,citation,Isoodon auratus,core_sources
(Wallach & Lundgren 2025)_external review without claim,(Moseby et al. 2015)_INCLUDE_NA_Predation in support_no_no,citation,Macrotis lagotis,core_sources
(Wallach & Lundgren 2025)_external review without claim,(Moseby et al. 2015)_INCLUDE_NA_Predation not in support_no_no,citation,Macrotis lagotis,core_sources
(Wallach & Lundgren 2025)_external review without claim,(Moseby et al. 2011)_INCLUDE_NA_Predation in support_no_no,citation,Bettongia lesueur,core_sources
(Wallach & Lundgren 2025)_external review without claim,(Moseby et al. 2011)_INCLUDE_NA_Predation in support_no_no,citation,Macrotis lagotis,core_sources
(Wallach & Lundgren 2025)_external review without claim,(Moseby et al. 2011)_INCLUDE_NA_Population not in support_yes_no,citation,Macrotis lagotis,core_sources
(Wallach & Lundgren 2025)_external review without claim,(Moyses et al. 2020)_INCLUDE_NA_Predation in support_no_no,citation,Bettongia lesueur,core_sources
(Wallach & Lundgren 2025)_external review without claim,(Murphy et al. 2019)_INCLUDE_NA_Predation in support_no_no,citation,Macrotis lagotis,core_sources
(Wallach & Lundgren 2025)_external review without claim,(Neave et al. 2024)_INCLUDE_NA_Population in support_yes_no,citation,Conilurus penicillatus,core_sources
(Wallach & Lundgren 2025)_external review without claim,(Norton et al. 2015)_INCLUDE_NA_Population not in support_yes_no,citation,Potorous tridactylus,core_sources
(Wallach & Lundgren 2025)_external review without claim,(Oakwood 2000)_INCLUDE_NA_Predation in support_no_no,citation,Dasyurus hallucatus,core_sources
(Wallach & Lundgren 2025)_external review without claim,(Palmer et al. 2021)_INCLUDE_NA_Population not in support_yes_no,citation,Dasyurus hallucatus,core_sources
(Wallach & Lundgren 2025)_external review without claim,(Paltridge 2002)_INCLUDE_NA_Predation in support_no_no,citation,Dasycercus cristicauda,core_sources
(Wallach & Lundgren 2025)_external review without claim,(Paltridge 2002)_INCLUDE_NA_Predation in support_no_no,citation,Macrotis lagotis,core_sources
(Wallach & Lundgren 2025)_external review without claim,(Paltridge et al. 1997)_INCLUDE_NA_Predation in support_no_no,citation,Petrogale lateralis,core_sources
(Wallach & Lundgren 2025)_external review without claim,(Paltridge et al. 2020)_INCLUDE_NA_Population in support_no_no,citation,Macrotis lagotis,core_sources
(Wallach & Lundgren 2025)_external review without claim,(Paltridge et al. 2020)_INCLUDE_NA_Predation not in support_no_no,citation,Macrotis lagotis,core_sources
(Wallach & Lundgren 2025)_external review without claim,(Paltridge 2005)_INCLUDE_NA_Predation in support_no_no,citation,Dasycercus cristicauda,core_sources
(Wallach & Lundgren 2025)_external review without claim,(Paltridge 2005)_INCLUDE_NA_Population not in support_yes_no,citation,Macrotis lagotis,core_sources
(Wallach & Lundgren 2025)_external review without claim,(Paltridge 2005)_INCLUDE_NA_Predation in support_no_no,citation,Macrotis lagotis,core_sources
(Wallach & Lundgren 2025)_external review without claim,(Pavey et al. 2014)_INCLUDE_NA_Predation in support_no_no,citation,Pseudomys australis,core_sources
(Wallach & Lundgren 2025)_external review without claim,(Pavey et al. 2014)_INCLUDE_NA_Population not in support_yes_no,citation,Pseudomys australis,core_sources
(Wallach & Lundgren 2025)_external review without claim,(Pavey et al. 2008b)_INCLUDE_NA_Predation in support_no_no,citation,Pseudomys australis,core_sources
(Wallach & Lundgren 2025)_external review without claim,(Peacock & Abbott 2014)_INCLUDE_NA_Predation in support_no_no,citation,Dasyurus hallucatus,core_sources
(Wallach & Lundgren 2025)_external review without claim,(Peacock & Abbott 2014)_INCLUDE_NA_Predation not in support_no_no,citation,Dasyurus viverrinus,core_sources
(Wallach & Lundgren 2025)_external review without claim,(Peacock & Abbott 2014)_INCLUDE_NA_Predation in support_no_no,citation,Dasyurus viverrinus,core_sources
(Wallach & Lundgren 2025)_external review without claim,(Pedler et al. 2016)_INCLUDE_NA_Population in support_yes_no,citation,Dasycercus cristicauda,core_sources
(Wallach & Lundgren 2025)_external review without claim,(Pedler et al. 2016)_INCLUDE_NA_Population in support_yes_no,citation,Notomys fuscus,core_sources
(Wallach & Lundgren 2025)_external review without claim,(Pedler et al. 2016)_INCLUDE_NA_Population in support_yes_no,citation,Pseudomys australis,core_sources
(Wallach & Lundgren 2025)_external review without claim,(Penton et al. 2021)_INCLUDE_NA_Population in support_yes_yes,citation,Conilurus penicillatus,core_sources
(Wallach & Lundgren 2025)_external review without claim,(Pollock 1999)_INCLUDE_NA_Predation in support_no_no,citation,Dasyurus hallucatus,core_sources
(Wallach & Lundgren 2025)_external review without claim,(Priddel & Wheeler 2004)_INCLUDE_NA_Predation in support_no_no,citation,Bettongia penicillata,core_sources
(Wallach & Lundgren 2025)_external review without claim,(Read & Cunningham 2010)_INCLUDE_NA_Population in support_no_no,citation,Pseudomys australis,core_sources
(Wallach & Lundgren 2025)_external review without claim,(Read et al. 2019a)_INCLUDE_NA_Predation in support_no_no,citation,Petrogale lateralis,core_sources
(Wallach & Lundgren 2025)_external review without claim,(Read et al. 2019a)_INCLUDE_NA_Predation not in support_no_no,citation,Petrogale lateralis,core_sources
(Wallach & Lundgren 2025)_external review without claim,(Rees et al. 2024)_INCLUDE_NA_Population not in support_yes_yes,citation,Potorous tridactylus,core_sources
(Wallach & Lundgren 2025)_external review without claim,(Richards 2012b)_EXCLUDE_0_Opinion claim_NA_NA,citation,Perameles bougainville,core_sources
(Wallach & Lundgren 2025)_external review without claim,(Richards & Short 2003)_INCLUDE_NA_Predation not in support_no_no,citation,Perameles bougainville,core_sources
(Wallach & Lundgren 2025)_external review without claim,(Richards 2012a)_INCLUDE_NA_Population not in support_no_no,citation,Macrotis lagotis,core_sources
(Wallach & Lundgren 2025)_external review without claim,(Robinson et al. 2021)_INCLUDE_NA_Predation not in support_no_no,citation,Dasyurus viverrinus,core_sources
(Wallach & Lundgren 2025)_external review without claim,(Robinson et al. 2020)_INCLUDE_NA_Predation not in support_no_no,citation,Dasyurus viverrinus,core_sources
(Wallach & Lundgren 2025)_external review without claim,(Robley et al. 2022)_INCLUDE_NA_Population not in support_yes_yes,citation,Potorous tridactylus,core_sources
(Wallach & Lundgren 2025)_external review without claim,(Schwarz 1995)_INCLUDE_NA_Predation in support_no_no,citation,Potorous tridactylus,core_sources
(Wallach & Lundgren 2025)_external review without claim,(Short & Hide 2012)_INCLUDE_NA_Predation in support_no_no,citation,Phascogale calura,core_sources
(Wallach & Lundgren 2025)_external review without claim,(Short & Turner 2000)_INCLUDE_NA_Predation in support_no_no,citation,Bettongia lesueur,core_sources
(Wallach & Lundgren 2025)_external review without claim,(Short 2016)_EXCLUDE_1_No claim_NA_NA,citation,Perameles bougainville,core_sources
(Wallach & Lundgren 2025)_external review without claim,(Short et al. 2019)_INCLUDE_NA_Predation in support_no_no,citation,Leporillus conditor,core_sources
(Wallach & Lundgren 2025)_external review without claim,(Short et al. 2002)_INCLUDE_NA_Predation in support_no_no,citation,Bettongia lesueur,core_sources
(Wallach & Lundgren 2025)_external review without claim,(Soderquist & Serena 1994)_INCLUDE_NA_Predation in support_no_no,citation,Phascogale tapoatafa,core_sources
(Wallach & Lundgren 2025)_external review without claim,(Southgate et al. 2007)_INCLUDE_NA_Population not in support_yes_yes,citation,Macrotis lagotis,core_sources
(Wallach & Lundgren 2025)_external review without claim,(Stobo-Wilson et al. 2020)_INCLUDE_NA_Population in support_yes_no,citation,Antechinus bellus,core_sources
(Wallach & Lundgren 2025)_external review without claim,(Stobo-Wilson et al. 2020)_INCLUDE_NA_Population in support_yes_yes,citation,Conilurus penicillatus,core_sources
(Wallach & Lundgren 2025)_external review without claim,(Stobo-Wilson et al. 2020)_INCLUDE_NA_Population in support_yes_yes,citation,Dasyurus hallucatus,core_sources
(Wallach & Lundgren 2025)_external review without claim,(Stobo-Wilson et al. 2020)_INCLUDE_NA_Population in support_yes_yes,citation,Mesembriomys gouldii,core_sources
(Wallach & Lundgren 2025)_external review without claim,(Stobo-Wilson et al. 2020)_INCLUDE_NA_Population in support_yes_yes,citation,Sminthopsis butleri,core_sources
(Wallach & Lundgren 2025)_external review without claim,(Stobo-Wilson et al. 2020)_INCLUDE_NA_Population in support_yes_yes,citation,Zyzomys maini,core_sources
(Wallach & Lundgren 2025)_external review without claim,(Stokeld et al. 2018)_INCLUDE_NA_Predation in support_no_no,citation,Dasyurus hallucatus,core_sources
(Wallach & Lundgren 2025)_external review without claim,(Stokeld et al. 2018)_INCLUDE_NA_Predation in support_no_no,citation,Mesembriomys gouldii,core_sources
(Wallach & Lundgren 2025)_external review without claim,(Stokeld et al. 2016)_INCLUDE_NA_Predation in support_no_no,citation,Sminthopsis bindi,core_sources
(Wallach & Lundgren 2025)_external review without claim,(Trewella et al. 2023)_INCLUDE_NA_Population not in support_yes_yes,citation,Dasyurus hallucatus,core_sources
(Wallach & Lundgren 2025)_external review without claim,(Vernes et al. 2021a)_INCLUDE_NA_Predation in support_no_no,citation,Notomys fuscus,core_sources
(Wallach & Lundgren 2025)_external review without claim,(Vernes et al. 2021b)_INCLUDE_NA_Predation in support_no_no,citation,Dasycercus cristicauda,core_sources
(Wallach & Lundgren 2025)_external review without claim,(Vernes et al. 2021b)_INCLUDE_NA_Predation in support_no_no,citation,Notomys fuscus,core_sources
(Wallach & Lundgren 2025)_external review without claim,(Wayne et al. 2011)_INCLUDE_NA_Predation in support_no_no,citation,Bettongia penicillata,core_sources
(Wallach & Lundgren 2025)_external review without claim,(Wayne et al. 2011)_INCLUDE_NA_Population not in support_yes_no,citation,Bettongia penicillata,core_sources
(Wallach & Lundgren 2025)_external review without claim,(Wayne et al. 2011)_INCLUDE_NA_Population in support_yes_no,citation,Dasyurus geoffroii,core_sources
(Wallach & Lundgren 2025)_external review without claim,(Wayne et al. 2011)_INCLUDE_NA_Population not in support_yes_no,citation,Pseudocheirus occidentalis,core_sources
(Wallach & Lundgren 2025)_external review without claim,(Wayne et al. 2017b)_INCLUDE_NA_Population not in support_yes_no,citation,Bettongia penicillata,core_sources
(Wallach & Lundgren 2025)_external review without claim,(Wayne et al. 2017b)_INCLUDE_NA_Population in support_yes_no,citation,Dasyurus geoffroii,core_sources
(Wallach & Lundgren 2025)_external review without claim,(Wayne et al. 2017b)_INCLUDE_NA_Population not in support_yes_no,citation,Phascogale tapoatafa,core_sources
(Wallach & Lundgren 2025)_external review without claim,(Wayne et al. 2017b)_INCLUDE_NA_Population not in support_yes_no,citation,Pseudocheirus occidentalis,core_sources
(Wallach & Lundgren 2025)_external review without claim,(Wayne et al. 2017a)_INCLUDE_NA_Population not in support_yes_no,citation,Bettongia penicillata,core_sources
(Wallach & Lundgren 2025)_external review without claim,(Wayne et al. 2017a)_INCLUDE_NA_Population in support_yes_no,citation,Dasyurus geoffroii,core_sources
(Wallach & Lundgren 2025)_external review without claim,(Wayne et al. 2017a)_INCLUDE_NA_Population not in support_yes_no,citation,Pseudocheirus occidentalis,core_sources
(Wallach & Lundgren 2025)_external review without claim,(Wheeler & Priddel 2009)_INCLUDE_NA_Predation in support_no_no,citation,Bettongia penicillata,core_sources
(Wallach & Lundgren 2025)_external review without claim,(Woinarski et al. 2011a)_INCLUDE_NA_Population in support_yes_yes,citation,Conilurus penicillatus,core_sources
(Wallach & Lundgren 2025)_external review without claim,(Woinarski et al. 2011a)_INCLUDE_NA_Population not in support_yes_yes,citation,Dasyurus hallucatus,core_sources
(Wallach & Lundgren 2025)_external review without claim,(Woinarski et al. 2011a)_INCLUDE_NA_Population in support_no_no,citation,Phascogale pirata,core_sources
(Wallach & Lundgren 2025)_external review without claim,(Woinarski et al. 2011a)_INCLUDE_NA_Population not in support_yes_no,citation,Phascogale pirata,core_sources
(Wallach & Lundgren 2025)_external review without claim,(Wysong 2016)_INCLUDE_NA_Predation in support_no_no,citation,Isoodon auratus,core_sources
(Wallach & Lundgren 2025)_external review without claim,(Wysong 2016)_INCLUDE_NA_Predation in support_no_no,citation,Macrotis lagotis,core_sources
(Welch & Leppanen 2017) core source_claim,(Daniel & Williams 1984)_INCLUDE_NA_Predation in support_no_no,citation,Chalinolobus tuberculatus,core_sources
(Welch & Leppanen 2017) core source_claim,(Daniel & Williams 1984)_INCLUDE_NA_Predation in support_no_no,citation,Mystacina tuberculata,core_sources
(Welch & Leppanen 2017) core source_claim,(IUCN 2025) core source_claim,citation,Pteropus melanotus,core_sources
(Welch & Leppanen 2017) core source_claim,(Molloy & Daniel 1995)_INCLUDE_NA_Predation in support_no_no,citation,Mystacina tuberculata,core_sources
(Welch & Leppanen 2017) core source_claim,(Vincenot et al. 2017)_INCLUDE_NA_Predation in support_no_no,citation,Pteropus dasymallus,core_sources
(Welch & Leppanen 2017) core source_claim,(Vincenot et al. 2015)_INCLUDE_NA_Predation in support_no_no,citation,Pteropus dasymallus,core_sources
(Welch & Leppanen 2017) core source_claim,(Vázquez-Domínguez et al. 2004)_INCLUDE_NA_Predation in support_no_no,citation,Myotis vivesi,core_sources
(Whitworth et al. 2020)_EXCLUDE_1_Opinion claim_NA_NA,(Jehl & SI 1975)_EXCLUDE_?_No claim_NA_NA,citation,Synthliboramphus scrippsi,snowball
(Whitworth et al. 2020)_EXCLUDE_1_Opinion claim_NA_NA,(Keitt 2005)_EXCLUDE_1_No claim_NA_NA,citation,Synthliboramphus scrippsi,snowball
(Whitworth et al. 2020)_EXCLUDE_1_Opinion claim_NA_NA,(McChesney & Tershy 1998)_EXCLUDE_1_No claim_NA_NA,citation,Synthliboramphus scrippsi,snowball
(Whitworth et al. 2020)_EXCLUDE_1_Opinion claim_NA_NA,(Van Denburgh 1924)_EXCLUDE_1_No claim_NA_NA,citation,Synthliboramphus scrippsi,snowball
(Wiggins 2004)_INCLUDE_NA_Population not in support_yes_no,(Gawlik & Bildstein 1990)_INCLUDE_NA_Population not in support_yes_no,citation,Lanius ludovicianus,snowball
(Wiggins 2004)_INCLUDE_NA_Population not in support_yes_no,(Scott & Morrison 1990)_EXCLUDE_?_Inaccessible_NA_NA,citation,Lanius ludovicianus,snowball
(Wilson & Coast 2016)_INCLUDE_NA_Predation in support_no_no,(McClellan & Wood 2004)_EXCLUDE_0_Inaccessible_NA_NA,citation,Procellaria westlandica,snowball
(Woinarski et al. 2014) core source_claim,(Abbott 2008)_EXCLUDE_1_No claim_NA_NA,citation,Chaeropus ecaudatus,core_sources
(Woinarski et al. 2014) core source_claim,(Abbott 2008)_EXCLUDE_1_No claim_NA_NA,citation,Leporillus apicalis,core_sources
(Woinarski et al. 2014) core source_claim,(Abbott 2008)_EXCLUDE_1_No claim_NA_NA,citation,Notomys amplus,core_sources
(Woinarski et al. 2014) core source_claim,(Abbott 2008)_EXCLUDE_1_No claim_NA_NA,citation,Notomys longicaudatus,core_sources
(Woinarski et al. 2014) core source_claim,(Abbott 2008)_EXCLUDE_1_No claim_NA_NA,citation,Perameles eremiana,core_sources
(Woinarski et al. 2014) core source_claim,(Abbott 2002)_EXCLUDE_1_Opinion claim_NA_NA,citation,Chaeropus ecaudatus,core_sources
(Woinarski et al. 2014) core source_claim,(Abbott 2002)_EXCLUDE_1_Opinion claim_NA_NA,citation,Conilurus albipes,core_sources
(Woinarski et al. 2014) core source_claim,(Abbott 2002)_EXCLUDE_1_No claim_NA_NA,citation,Leporillus apicalis,core_sources
(Woinarski et al. 2014) core source_claim,(Abbott 2002)_EXCLUDE_1_No claim_NA_NA,citation,Macrotis leucura,core_sources
(Woinarski et al. 2014) core source_claim,(Abbott 2002)_EXCLUDE_1_No claim_NA_NA,citation,Notomys amplus,core_sources
(Woinarski et al. 2014) core source_claim,(Abbott 2002)_EXCLUDE_1_No claim_NA_NA,citation,Notomys longicaudatus,core_sources
(Woinarski et al. 2014) core source_claim,(Abbott 2002)_EXCLUDE_1_No claim_NA_NA,citation,Perameles eremiana,core_sources
(Woinarski et al. 2014) core source_claim,(Abbott 2002)_EXCLUDE_1_No claim_NA_NA,citation,Pseudomys shortridgei,core_sources
(Woinarski et al. 2014) core source_claim,(Abbott 2002)_EXCLUDE_1_No claim_NA_NA,citation,Setonix brachyurus,core_sources
(Woinarski et al. 2014) core source_claim,(Burbidge & Manly 2002)_EXCLUDE_1_Does not test claim_NA_NA,citation,Bettongia lesueur,core_sources
(Woinarski et al. 2014) core source_claim,(Burbidge & Manly 2002)_EXCLUDE_1_Does not test claim_NA_NA,citation,Leporillus conditor,core_sources
(Woinarski et al. 2014) core source_claim,(Burbidge & Manly 2002)_EXCLUDE_1_Does not test claim_NA_NA,citation,Parantechinus apicalis,core_sources
(Woinarski et al. 2014) core source_claim,(Burbidge & Manly 2002)_EXCLUDE_1_Does not test claim_NA_NA,citation,Perameles bougainville,core_sources
(Woinarski et al. 2014) core source_claim,(Burbidge & Manly 2002)_EXCLUDE_1_Does not test claim_NA_NA,citation,Petrogale burbidgei,core_sources
(Woinarski et al. 2014) core source_claim,(Burbidge & Manly 2002)_EXCLUDE_1_Does not test claim_NA_NA,citation,Pseudomys fieldi,core_sources
(Woinarski et al. 2014) core source_claim,(Burbidge & McKenzie 1989)_EXCLUDE_1_No claim_NA_NA,citation,Pseudomys oralis,core_sources
(Woinarski et al. 2014) core source_claim,(Christensen & Burrows 1995)_EXCLUDE_0_No claim_NA_NA,citation,Bettongia anhydra,core_sources
(Woinarski et al. 2014) core source_claim,(Christensen & Burrows 1995)_INCLUDE_NA_Predation in support_no_no,citation,Bettongia lesueur,core_sources
(Woinarski et al. 2014) core source_claim,(Copley 1999a)_EXCLUDE_1_No claim_NA_NA,citation,Leporillus apicalis,core_sources
(Woinarski et al. 2014) core source_claim,D. Algars pers. comm._EXCLUDE_0_Inaccessible_NA_NA,citation,Pteropus melanotus,core_sources
(Woinarski et al. 2014) core source_claim,(Management 2010)_EXCLUDE_0_Opinion claim_NA_NA,citation,Xeromys myoides,core_sources
(Woinarski et al. 2014) core source_claim,(Dickman 1996b) core source_claim,citation,Caloprymnus campestris,core_sources
(Woinarski et al. 2014) core source_claim,(Dickman 1996b) core source_claim,citation,Notomys macrotis,core_sources
(Woinarski et al. 2014) core source_claim,(Dickman 1996b) core source_claim,citation,Notomys mordax,core_sources
(Woinarski et al. 2014) core source_claim,(Dickman 1996b) core source_claim,citation,Notomys robustus,core_sources
(Woinarski et al. 2014) core source_claim,(Dickman 1996b) core source_claim,citation,Onychogalea lunata,core_sources
(Woinarski et al. 2014) core source_claim,(Dickman 1996b) core source_claim,citation,Perameles eremiana,core_sources
(Woinarski et al. 2014) core source_claim,(Dickman 1996b) core source_claim,citation,Pseudocheirus occidentalis,core_sources
(Woinarski et al. 2014) core source_claim,(Dickman 1996b) core source_claim,citation,Pseudomys auritus,core_sources
(Woinarski et al. 2014) core source_claim,(Dickman 1996b) core source_claim,citation,Pseudomys glaucus,core_sources
(Woinarski et al. 2014) core source_claim,(Dickman 1996b) core source_claim,citation,Pseudomys shortridgei,core_sources
(Woinarski et al. 2014) core source_claim,(Dickman 1993)_EXCLUDE_0_Inaccessible_NA_NA,citation,Conilurus albipes,core_sources
(Woinarski et al. 2014) core source_claim,(Dickman 1994)_EXCLUDE_0_No claim_NA_NA,citation,Conilurus albipes,core_sources
(Woinarski et al. 2014) core source_claim,(Dickman 1996b) core source_claim,citation,Macrotis leucura,core_sources
(Woinarski et al. 2014) core source_claim,(Dickman et al. 1993)_EXCLUDE_1_Opinion claim_NA_NA,citation,Conilurus albipes,core_sources
(Woinarski et al. 2014) core source_claim,(Fancourt 2011)_EXCLUDE_0_Inaccessible_NA_NA,citation,Dasyurus viverrinus,core_sources
(Woinarski et al. 2014) core source_claim,(Fisher & Goldizen 2001)_EXCLUDE_1_No claim_NA_NA,citation,Onychogalea fraenata,core_sources
(Woinarski et al. 2014) core source_claim,(Ford et al. 2003)_EXCLUDE_1_Opinion claim_NA_NA,citation,Pseudomys fumeus,core_sources
(Woinarski et al. 2014) core source_claim,(Friend 2003)_INCLUDE_NA_Predation in support_no_no,citation,Parantechinus apicalis,core_sources
(Woinarski et al. 2014) core source_claim,(Glen et al. 2009)_EXCLUDE_1_No claim_NA_NA,citation,Dasyurus geoffroii,core_sources
(Woinarski et al. 2014) core source_claim,(Horsup & Evans 1993)_INCLUDE_NA_Predation in support_no_no,citation,Onychogalea fraenata,core_sources
(Woinarski et al. 2014) core source_claim,(IUCN 2025) core source_claim,citation,Burramys parvus,core_sources
(Woinarski et al. 2014) core source_claim,(IUCN 2025) core source_claim,citation,Mastacomys fuscus,core_sources
(Woinarski et al. 2014) core source_claim,(IUCN 2025) core source_claim,citation,Petrogale penicillata,core_sources
(Woinarski et al. 2014) core source_claim,(IUCN 2025) core source_claim,citation,Pseudomys fumeus,core_sources
(Woinarski et al. 2014) core source_claim,(IUCN 2025) core source_claim,citation,Sminthopsis douglasi,core_sources
(Woinarski et al. 2014) core source_claim,J. Augusteyn pes. Comm._EXCLUDE_0_Inaccessible_NA_NA,citation,Dasyurus hallucatus,core_sources
(Woinarski et al. 2014) core source_claim,(Jones et al. 2004)_EXCLUDE_NA_Does not test claim_NA_NA,citation,Dasyurus viverrinus,core_sources
(Woinarski et al. 2014) core source_claim,K. Morris pers. comms._EXCLUDE_0_Inaccessible_NA_NA,citation,Macrotis lagotis,core_sources
(Woinarski et al. 2014) core source_claim,K. Morris pes. comm._EXCLUDE_0_Inaccessible_NA_NA,citation,Pseudomys shortridgei,core_sources
(Woinarski et al. 2014) core source_claim,(Kinnear et al. 2002)_EXCLUDE_1_No claim_NA_NA,citation,Sminthopsis psammophila,core_sources
(Woinarski et al. 2014) core source_claim,(Kutt 2003)_INCLUDE_NA_Predation in support_no_no,citation,Sminthopsis douglasi,core_sources
(Woinarski et al. 2014) core source_claim,(Lundie-Jenkins & Payne 2000)_EXCLUDE_0_Inaccessible_NA_NA,citation,Sminthopsis douglasi,core_sources
(Woinarski et al. 2014) core source_claim,(Martin & Temple-Smith 2012)_EXCLUDE_0_Inaccessible_NA_NA,citation,Potorous tridactylus,core_sources
(Woinarski et al. 2014) core source_claim,(Menkhorst 2003)_EXCLUDE_0_Inaccessible_NA_NA,citation,Pseudomys fumeus,core_sources
(Woinarski et al. 2014) core source_claim,(Menkhorst & Broome 2006)_EXCLUDE_0_Opinion claim_NA_NA,citation,Pseudomys fumeus,core_sources
(Woinarski et al. 2014) core source_claim,(Menkhorst et al. 2013)_EXCLUDE_0_Inaccessible_NA_NA,citation,Burramys parvus,core_sources
(Woinarski et al. 2014) core source_claim,(Menkhorst 2009)_EXCLUDE_1_Opinion claim_NA_NA,citation,Conilurus albipes,core_sources
(Woinarski et al. 2014) core source_claim,Menkhurst et al. 2008_EXCLUDE_?_Inaccessible_NA_NA,citation,Pseudomys fumeus,core_sources
(Woinarski et al. 2014) core source_claim,(Mifsud 1999)_EXCLUDE_0_Inaccessible_NA_NA,citation,Sminthopsis douglasi,core_sources
(Woinarski et al. 2014) core source_claim,(Mifsud & Woolley 2012)_INCLUDE_NA_Predation in support_no_no,citation,Sminthopsis douglasi,core_sources
(Woinarski et al. 2014) core source_claim,(Moseby et al. 2009)_EXCLUDE_1_No claim_NA_NA,citation,Pseudomys australis,core_sources
(Woinarski et al. 2014) core source_claim,"N. Marlow, P. de Tores and K. Morris et al., pers. comm._EXCLUDE_0_Inaccessible_NA_NA",citation,Bettongia penicillata,core_sources
(Woinarski et al. 2014) core source_claim,NOTHING_EXCLUDE_NA_No citation given_NA_NA Antechinus bellus,citation,Antechinus bellus,core_sources
(Woinarski et al. 2014) core source_claim,NOTHING_EXCLUDE_NA_No citation given_NA_NA Bettongia tropica,citation,Bettongia tropica,core_sources
(Woinarski et al. 2014) core source_claim,NOTHING_EXCLUDE_NA_No citation given_NA_NA Conilurus penicillatus,citation,Conilurus penicillatus,core_sources
(Woinarski et al. 2014) core source_claim,NOTHING_EXCLUDE_NA_No citation given_NA_NA Crocidura trichura,citation,Crocidura trichura,core_sources
(Woinarski et al. 2014) core source_claim,NOTHING_EXCLUDE_NA_No citation given_NA_NA Isoodon auratus,citation,Isoodon auratus,core_sources
(Woinarski et al. 2014) core source_claim,NOTHING_EXCLUDE_NA_No citation given_NA_NA Lagorchestes asomatus,citation,Lagorchestes asomatus,core_sources
(Woinarski et al. 2014) core source_claim,NOTHING_EXCLUDE_NA_No citation given_NA_NA Lagostrophus fasciatus,citation,Lagostrophus fasciatus,core_sources
(Woinarski et al. 2014) core source_claim,NOTHING_EXCLUDE_NA_No citation given_NA_NA Mesembriomys gouldii,citation,Mesembriomys gouldii,core_sources
(Woinarski et al. 2014) core source_claim,NOTHING_EXCLUDE_NA_No citation given_NA_NA Myrmecobius fasciatus,citation,Myrmecobius fasciatus,core_sources
(Woinarski et al. 2014) core source_claim,NOTHING_EXCLUDE_NA_No citation given_NA_NA Notomys aquilo,citation,Notomys aquilo,core_sources
(Woinarski et al. 2014) core source_claim,NOTHING_EXCLUDE_NA_No citation given_NA_NA Petrogale concinna,citation,Petrogale concinna,core_sources
(Woinarski et al. 2014) core source_claim,NOTHING_EXCLUDE_NA_No citation given_NA_NA Petrogale lateralis,citation,Petrogale lateralis,core_sources
(Woinarski et al. 2014) core source_claim,NOTHING_EXCLUDE_NA_No citation given_NA_NA Potorous gilbertii,citation,Potorous gilbertii,core_sources
(Woinarski et al. 2014) core source_claim,NOTHING_EXCLUDE_NA_No citation given_NA_NA Pseudantechinus mimulus,citation,Pseudantechinus mimulus,core_sources
(Woinarski et al. 2014) core source_claim,NOTHING_EXCLUDE_NA_No citation given_NA_NA Pseudomys calabyi,citation,Pseudomys calabyi,core_sources
(Woinarski et al. 2014) core source_claim,NOTHING_EXCLUDE_NA_No citation given_NA_NA Pseudomys gouldii,citation,Pseudomys gouldii,core_sources
(Woinarski et al. 2014) core source_claim,NOTHING_EXCLUDE_NA_No citation given_NA_NA Pseudomys novaehollandiae,citation,Pseudomys novaehollandiae,core_sources
(Woinarski et al. 2014) core source_claim,NOTHING_EXCLUDE_NA_No citation given_NA_NA Pseudomys occidentalis,citation,Pseudomys occidentalis,core_sources
(Woinarski et al. 2014) core source_claim,NOTHING_EXCLUDE_NA_No citation given_NA_NA Sminthopsis butleri,citation,Sminthopsis butleri,core_sources
(Woinarski et al. 2014) core source_claim,NOTHING_EXCLUDE_NA_No citation given_NA_NA Wyulda squamicaudata,citation,Wyulda squamicaudata,core_sources
(Woinarski et al. 2014) core source_claim,NOTHING_EXCLUDE_NA_No citation given_NA_NA Zyzomys maini,citation,Zyzomys maini,core_sources
(Woinarski et al. 2014) core source_claim,NOTHING_EXCLUDE_NA_No citation given_NA_NA Zyzomys palatalis,citation,Zyzomys palatalis,core_sources
(Woinarski et al. 2014) core source_claim,NOTHING_EXCLUDE_NA_No citation given_NA_NA Zyzomys pedunculatus,citation,Zyzomys pedunculatus,core_sources
(Woinarski et al. 2014) core source_claim,(NSW Department of Environment and Climate Change 2005)_INCLUDE_NA_Predation in support_no_no,citation,Pseudomys oralis,core_sources
(Woinarski et al. 2014) core source_claim,(Oakwood 2000)_INCLUDE_NA_Predation in support_no_no,citation,Dasyurus hallucatus,core_sources
(Woinarski et al. 2014) core source_claim,P. McRae pers. comm._EXCLUDE_0_Inaccessible_NA_NA,citation,Macrotis lagotis,core_sources
(Woinarski et al. 2014) core source_claim,(Pavey 2006)_EXCLUDE_0_Opinion claim_NA_NA,citation,Macrotis lagotis,core_sources
(Woinarski et al. 2014) core source_claim,(Pavey et al. 2008b)_INCLUDE_NA_Predation in support_no_no,citation,Pseudomys australis,core_sources
(Woinarski et al. 2014) core source_claim,(Pavey et al. 2012)_EXCLUDE_1_Opinion claim_NA_NA,citation,Dasycercus cristicauda,core_sources
(Woinarski et al. 2014) core source_claim,(Read & Cunningham 2010)_INCLUDE_NA_Population in support_no_no,citation,Pseudomys australis,core_sources
(Woinarski et al. 2014) core source_claim,S. Legge pers.comm._EXCLUDE_0_Inaccessible_NA_NA,citation,Sminthopsis bindi,core_sources
(Woinarski et al. 2014) core source_claim,(Short & Hide 2012)_INCLUDE_NA_Predation in support_no_no,citation,Phascogale calura,core_sources
(Woinarski et al. 2014) core source_claim,(Smith & Quin 1996)_EXCLUDE_1_No claim_NA_NA,citation,Notomys cervinus,core_sources
(Woinarski et al. 2014) core source_claim,(Smith & Quin 1996)_EXCLUDE_1_No claim_NA_NA,citation,Notomys fuscus,core_sources
(Woinarski et al. 2014) core source_claim,(Smith & Quin 1996)_EXCLUDE_1_No claim_NA_NA,citation,Pseudomys oralis,core_sources
(Woinarski et al. 2014) core source_claim,(Soderquist 1994)_EXCLUDE_0_Inaccessible_NA_NA,citation,Phascogale tapoatafa,core_sources
(Woinarski et al. 2014) core source_claim,(Soderquist 1994)_EXCLUDE_0_Inaccessible_NA_NA,citation,Phascogale calura,core_sources
(Woinarski et al. 2014) core source_claim,(Threatened Species Scientific Committee 2008a)_EXCLUDE_0_No claim_NA_NA,citation,Notomys fuscus,core_sources
(Woinarski et al. 2014) core source_claim,(Tidemann et al. 1994)_INCLUDE_NA_Predation in support_no_no,citation,Pteropus melanotus,core_sources
(Woinarski et al. 2014) core source_claim,(Traill et al. 2011)_EXCLUDE_1_Opinion claim_NA_NA,citation,Xeromys myoides,core_sources
(Woinarski et al. 2014) core source_claim,(Van Dyck & Gynther 2012)_EXCLUDE_?_Inaccessible_NA_NA,citation,Xeromys myoides,core_sources
(Woinarski et al. 2014) core source_claim,(Wayne et al. 2011)_INCLUDE_NA_Predation in support_no_no,citation,Bettongia penicillata,core_sources
(Woinarski et al. 2014) core source_claim,(Woinarski et al. 2011a)_INCLUDE_NA_Population in support_no_no,citation,Phascogale pirata,core_sources
(Woinarski et al. 2014) core source_claim,(Woinarski et al. 2011a)_INCLUDE_NA_Population not in support_yes_no,citation,Phascogale pirata,core_sources
(Young et al. 2013)_EXCLUDE_1_Opinion claim_NA_NA,"LCY and EAV, unpubl. data_EXCLUDE_0_Inaccessible_NA_NA",citation,Phoebastria immutabilis,snowball
(Zavalaga et al. 2008a)_EXCLUDE_1_No claim_NA_NA,(Zavalaga et al. 2008b)_EXCLUDE_1_No claim_NA_NA,citation,Sternula lorata,snowball
(Zino et al. 2001)_INCLUDE_NA_Predation in support_no_no,(Zino 1991)_EXCLUDE_?_Inaccessible_NA_NA,citation,Pterodroma madeira,snowball
(Zino et al. 2001)_INCLUDE_NA_Predation in support_no_no,(Zino 1992)_INCLUDE_NA_Predation in support_no_no,citation,Pterodroma madeira,snowball
(Zino et al. 2001)_INCLUDE_NA_Predation in support_no_no,(Zino et al. 1995)_INCLUDE_NA_Predation in support_no_no,citation,Pterodroma madeira,snowball
(van Riper III 1980a)_INCLUDE_NA_Predation in support_no_no,(van Riper III 1980a)_INCLUDE_NA_Predation in support_no_no,citation,Loxioides bailleui,snowball
Opportunistic_Systematic external review,(Aguilar 1999)_EXCLUDE_0_Opinion claim_NA_NA,citation,Puffinus mauretanicus,opportunistic
Opportunistic_Systematic external review,(Anthony 1925)_INCLUDE_NA_Predation in support_no_no,citation,Hydrobates macrodactylus,opportunistic
Opportunistic_Systematic external review,(Bell & Bell 2000a)_EXCLUDE_1_Opinion claim_NA_NA,citation,Thinornis novaeseelandiae,opportunistic
Opportunistic_Systematic external review,(Best & Powlesland 1985)_EXCLUDE_0_Inaccessible_NA_NA,citation,Strigops habroptilus,opportunistic
Opportunistic_Systematic external review,(Bradley & Gerber 2005)_EXCLUDE_0_Opinion claim_NA_NA,citation,Cyclura pinguis,opportunistic
Opportunistic_Systematic external review,(Burbidge et al. 2000)_EXCLUDE_0_Opinion claim_NA_NA,citation,Isoodon auratus,opportunistic
Opportunistic_Systematic external review,(Butler 1989)_EXCLUDE_0_Inaccessible_NA_NA,citation,Strigops habroptilus,opportunistic
Opportunistic_Systematic external review,(Watling 1995)_EXCLUDE_1_No claim_NA_NA,citation,Vini kuhlii,opportunistic
Opportunistic_Systematic external review,(Daniel 1990)_EXCLUDE_?_Inaccessible_NA_NA,citation,Mystacina tuberculata,opportunistic
Opportunistic_Systematic external review,(Department of Environment Land Water and Planning 2016)_EXCLUDE_0_Opinion claim_NA_NA,citation,Burramys parvus,opportunistic
Opportunistic_Systematic external review,(Finlayson et al. 2010)_EXCLUDE_?_Inaccessible_NA_NA,citation,Bettongia lesueur,opportunistic
Opportunistic_Systematic external review,(Fisher et al. 2019)_EXCLUDE_0_No claim_NA_NA,citation,Brachylophus vitiensis,opportunistic
Opportunistic_Systematic external review,(McCormack & Künzlè 1996)_EXCLUDE_1_No claim_NA_NA,citation,Vini kuhlii,opportunistic
Opportunistic_Systematic external review,(Geyle et al. 2018)_EXCLUDE_1_No claim_NA_NA,citation,Zyzomys pedunculatus,opportunistic
Opportunistic_Systematic external review,(Geyle et al. 2025)_INCLUDE_NA_Population not in support_yes_yes,citation,Macrotis lagotis,opportunistic
Opportunistic_Systematic external review,(Goode et al. 2020)_INCLUDE_NA_Predation not in support_no_no,citation,Ctenosaura oedirhina,opportunistic
Opportunistic_Systematic external review,(Gunby 2024)_INCLUDE_NA_Predation in support_no_no,citation,Charadrius bicinctus,opportunistic
Opportunistic_Systematic external review,(Harlow & Biciloa 2001)_EXCLUDE_1_Opinion claim_NA_NA,citation,Brachylophus vitiensis,opportunistic
Opportunistic_Systematic external review,(Harlow & Biciloa 2001)_EXCLUDE_1_Opinion claim_NA_NA,citation,Cyclura carinata,opportunistic
Opportunistic_Systematic external review,(Hill et al. 2004)_EXCLUDE_0_Inaccessible_NA_NA,citation,Macrotis lagotis,opportunistic
Opportunistic_Systematic external review,(Karl & Best 1982)_INCLUDE_NA_Predation in support_no_no,citation,Strigops habroptilus,opportunistic
Opportunistic_Systematic external review,(Keedwell et al. 2002b)_EXCLUDE_1_Does not test claim_NA_NA,citation,Himantopus novaezelandiae,opportunistic
Opportunistic_Systematic external review,(Middlemiss 1995)_INCLUDE_NA_Predation in support_no_no,citation,Oligosoma grande,opportunistic
Opportunistic_Systematic external review,(Middlemiss 1995)_INCLUDE_NA_Predation in support_no_no,citation,Oligosoma otagense,opportunistic
Opportunistic_Systematic external review,(Miskelly et al. 2020)_EXCLUDE_1_Opinion claim_NA_NA,citation,Anas aucklandica,opportunistic
Opportunistic_Systematic external review,(Miskelly et al. 2020)_INCLUDE_NA_Predation in support_no_no,citation,Cyanoramphus auriceps,opportunistic
Opportunistic_Systematic external review,(Miskelly et al. 2020)_EXCLUDE_1_Opinion claim_NA_NA,citation,Lewinia muelleri,opportunistic
Opportunistic_Systematic external review,(Moorhouse & Powlesland 1991)_INCLUDE_NA_Predation in support_no_no,citation,Strigops habroptilus,opportunistic
Opportunistic_Systematic external review,(Palmas et al. 2017)_INCLUDE_NA_Predation in support_no_no,citation,Caledoniscincus aquilonius,opportunistic
Opportunistic_Systematic external review,(Palmas et al. 2017)_INCLUDE_NA_Predation in support_no_no,citation,Caledoniscincus auratus,opportunistic
Opportunistic_Systematic external review,(Palmas et al. 2017)_INCLUDE_NA_Predation in support_no_no,citation,Kanakysaurus viviparus,opportunistic
Opportunistic_Systematic external review,(Palmas et al. 2017)_INCLUDE_NA_Predation in support_no_no,citation,Phasmasaurus maruia,opportunistic
Opportunistic_Systematic external review,(Palmas et al. 2017)_INCLUDE_NA_Predation in support_no_no,citation,Phasmasaurus tillieri,opportunistic
Opportunistic_Systematic external review,(Pocknee 2024)_INCLUDE_NA_Population not in support_yes_yes,citation,Bettongia tropica,opportunistic
Opportunistic_Systematic external review,(Ramos 1996)_EXCLUDE_0_Opinion claim_NA_NA,citation,Pyrrhula murina,opportunistic
Web of Science_Systematic external review,(Adams et al. 2019)_EXCLUDE_1_No claim_NA_NA,citation,Ardenna creatopus,web_of_science
Web of Science_Systematic external review,(Alho et al. 2022)_EXCLUDE_1_No claim_NA_NA,citation,Calonectris edwardsii,web_of_science
Web of Science_Systematic external review,(Alterio & Moller 1997)_INCLUDE_NA_Predation not in support_no_no,citation,Megadyptes antipodes,web_of_science
Web of Science_Systematic external review,(Alterio et al. 1998)_EXCLUDE_1_Opinion claim_NA_NA,citation,Megadyptes antipodes,web_of_science
Web of Science_Systematic external review,(Amarasekare 1993)_EXCLUDE_1_Opinion claim_NA_NA,citation,Loxioides bailleui,web_of_science
Web of Science_Systematic external review,(Amarasekare 1994)_INCLUDE_NA_Predation not in support_no_no,citation,Loxioides bailleui,web_of_science
Web of Science_Systematic external review,(Arnaud et al. 1993)_INCLUDE_NA_Predation in support_no_no,citation,Urosaurus auriculatus,web_of_science
Web of Science_Systematic external review,(Arthur et al. 2012)_INCLUDE_NA_Population not in support_yes_no,citation,Potorous tridactylus,web_of_science
Web of Science_Systematic external review,(Augusteyn et al. 2021)_EXCLUDE_1_No claim_NA_NA,citation,Macrotis lagotis,web_of_science
Web of Science_Systematic external review,(Azumi et al. 2021)_INCLUDE_NA_Predation in support_no_no,citation,Calonectris leucomelas,web_of_science
Web of Science_Systematic external review,(Bretagnolle et al. 2025)_INCLUDE_NA_Predation in support_no_no,citation,Pterodroma brevipes,web_of_science
Web of Science_Systematic external review,(Bain et al. 2015)_INCLUDE_NA_Predation in support_no_no,citation,Setonix brachyurus,web_of_science
Web of Science_Systematic external review,(Baker & Beveridge 2001)_EXCLUDE_1_No claim_NA_NA,citation,Dasyurus viverrinus,web_of_science
Web of Science_Systematic external review,(Balasubramanian et al. 2022)_EXCLUDE_1_No claim_NA_NA,citation,Chelonoidis niger,web_of_science
Web of Science_Systematic external review,(Bannister et al. 2021)_EXCLUDE_1_No claim_NA_NA,citation,Bettongia lesueur,web_of_science
Web of Science_Systematic external review,(Barbraud et al. 2021)_INCLUDE_NA_Predation in support_no_no,citation,Diomedea exulans,web_of_science
Web of Science_Systematic external review,(Barbraud et al. 2021)_INCLUDE_NA_Population in support_no_no,citation,Diomedea exulans,web_of_science
Web of Science_Systematic external review,(Bell 2017)_INCLUDE_NA_Predation in support_no_no,citation,Chlidonias albostriatus,web_of_science
Web of Science_Systematic external review,(Bentz et al. 2011)_EXCLUDE_1_Opinion claim_NA_NA,citation,Amerotyphlops tasymicris,web_of_science
Web of Science_Systematic external review,(Berris et al. 2020)_EXCLUDE_1_No claim_NA_NA,citation,Macrotis lagotis,web_of_science
Web of Science_Systematic external review,(Berruti et al. 1995)_EXCLUDE_1_Opinion claim_NA_NA,citation,Procellaria aequinoctialis,web_of_science
Web of Science_Systematic external review,(Bird et al. 2024)_INCLUDE_NA_Population not in support_no_no,citation,Procellaria cinerea,web_of_science
Web of Science_Systematic external review,(Bisbal 2008)_EXCLUDE_1_Inaccessible_NA_NA,citation,Amazona barbadensis,web_of_science
Web of Science_Systematic external review,(Blanchard et al. 2024)_INCLUDE_NA_Population in support_yes_yes,citation,Diomedea exulans,web_of_science
Web of Science_Systematic external review,(Blanchard et al. 2024)_INCLUDE_NA_Predation in support_no_no,citation,Diomedea exulans,web_of_science
Web of Science_Systematic external review,(Blanvillain et al. 2002)_INCLUDE_NA_Population in support_yes_yes,citation,Numenius tahitiensis,web_of_science
Web of Science_Systematic external review,(Blanvillain et al. 2002)_INCLUDE_NA_Population in support_yes_yes,citation,Pampusana erythroptera,web_of_science
Web of Science_Systematic external review,(Blanvillain et al. 2002)_INCLUDE_NA_Population in support_yes_yes,citation,Prosobonia cancellata,web_of_science
Web of Science_Systematic external review,(Blumstein et al. 2019)_EXCLUDE_1_No claim_NA_NA,citation,Bettongia lesueur,web_of_science
Web of Science_Systematic external review,(Blumstein et al. 2019)_EXCLUDE_1_No claim_NA_NA,citation,Macrotis lagotis,web_of_science
Web of Science_Systematic external review,(Bonnaud et al. 2012)_INCLUDE_NA_Predation in support_no_no,citation,Puffinus yelkouan,web_of_science
Web of Science_Systematic external review,(Bonnaud et al. 2015)_INCLUDE_NA_Predation in support_no_no,citation,Puffinus yelkouan,web_of_science
Web of Science_Systematic external review,(Borkin et al. 2023)_INCLUDE_NA_Predation in support_no_no,citation,Chalinolobus tuberculatus,web_of_science
Web of Science_Systematic external review,(Borkin et al. 2023)_INCLUDE_NA_Predation in support_no_no,citation,Mystacina tuberculata,web_of_science
Web of Science_Systematic external review,(Bourgeois & Vidal 2008)_EXCLUDE_1_Opinion claim_NA_NA,citation,Puffinus yelkouan,web_of_science
Web of Science_Systematic external review,(Bourgoin et al. 2024)_EXCLUDE_1_Does not test claim_NA_NA,citation,Diomedea exulans,web_of_science
Web of Science_Systematic external review,(Bretagnolle et al. 2021)_INCLUDE_NA_Predation in support_no_no,citation,Pterodroma leucoptera,web_of_science
Web of Science_Systematic external review,(Burns et al. 2013)_INCLUDE_NA_Population in support_yes_yes,citation,Charadrius sanctaehelenae,web_of_science
Web of Science_Systematic external review,(Burns et al. 2013)_INCLUDE_NA_Predation in support_no_no,citation,Charadrius sanctaehelenae,web_of_science
Web of Science_Systematic external review,(Burns 2020)_INCLUDE_NA_Predation not in support_no_no,citation,Pseudomys novaehollandiae,web_of_science
Web of Science_Systematic external review,(Lorenzo et al. 2011)_EXCLUDE_1_Opinion claim_NA_NA,citation,Sylvilagus mansuetus,web_of_science
Web of Science_Systematic external review,(Cameron et al. 2005)_EXCLUDE_1_No claim_NA_NA,citation,Himantopus novaezelandiae,web_of_science
Web of Science_Systematic external review,(Campolina et al. 2024)_EXCLUDE_1_Does not test claim_NA_NA,citation,Procellaria cinerea,web_of_science
Web of Science_Systematic external review,(Carle et al. 2019)_EXCLUDE_1_No claim_NA_NA,citation,Ardenna creatopus,web_of_science
Web of Science_Systematic external review,(Carle et al. 2021)_EXCLUDE_1_Does not test claim_NA_NA,citation,Ardenna creatopus,web_of_science
Web of Science_Systematic external review,(Carle et al. 2024)_EXCLUDE_1_No claim_NA_NA,citation,Ardenna creatopus,web_of_science
Web of Science_Systematic external review,(Chalkowski et al. 2021)_EXCLUDE_1_No claim_NA_NA,citation,Corvus hawaiiensis,web_of_science
Web of Science_Systematic external review,(Chapuis et al. 2001)_EXCLUDE_1_No claim_NA_NA,citation,Anas eatoni,web_of_science
Web of Science_Systematic external review,(Chen et al. 2024)_EXCLUDE_1_No claim_NA_NA,citation,Macrotis lagotis,web_of_science
Web of Science_Systematic external review,(Cleeland et al. 2020)_EXCLUDE_1_No claim_NA_NA,citation,Phoebetria palpebrata,web_of_science
Web of Science_Systematic external review,(Copley 1999b)_INCLUDE_NA_Predation in support_no_no,citation,Leporillus conditor,web_of_science
Web of Science_Systematic external review,(Copley 1999a)_EXCLUDE_1_No claim_NA_NA,citation,Leporillus apicalis,web_of_science
Web of Science_Systematic external review,(Copley 1999a)_INCLUDE_NA_Predation in support_no_no,citation,Leporillus conditor,web_of_science
Web of Science_Systematic external review,(Cortés & González-Solís 2018)_EXCLUDE_1_No claim_NA_NA,citation,Puffinus mauretanicus,web_of_science
Web of Science_Systematic external review,(Cowan et al. 2024)_INCLUDE_NA_Population not in support_no_no,citation,Phascogale calura,web_of_science
Web of Science_Systematic external review,(Crawford et al. 2003)_EXCLUDE_1_No claim_NA_NA,citation,Diomedea exulans,web_of_science
Web of Science_Systematic external review,(Crawford et al. 2003)_EXCLUDE_1_No claim_NA_NA,citation,Sterna virgata,web_of_science
Web of Science_Systematic external review,(Cruz et al. 2013)_EXCLUDE_1_No claim_NA_NA,citation,Dasyurus geoffroii,web_of_science
Web of Science_Systematic external review,(Cruz et al. 2014)_EXCLUDE_1_Opinion claim_NA_NA,citation,Chlidonias albostriatus,web_of_science
Web of Science_Systematic external review,(Cuthbert 2003)_EXCLUDE_1_No claim_NA_NA,citation,Nestor notabilis,web_of_science
Web of Science_Systematic external review,(Kesler et al. 2012)_EXCLUDE_1_Opinion claim_NA_NA,citation,Todiramphus gambieri,web_of_science
Web of Science_Systematic external review,(Wills et al. 2003)_INCLUDE_NA_Predation in support_no_no,citation,Charadrius obscurus,web_of_science
Web of Science_Systematic external review,(Wills et al. 2003)_INCLUDE_NA_Predation not in support_no_no,citation,Charadrius obscurus,web_of_science
Web of Science_Systematic external review,(Priddel et al. 2008)_EXCLUDE_1_Opinion claim_NA_NA,citation,Pseudobulweria macgillivrayi,web_of_science
Web of Science_Systematic external review,(Danckwerts et al. 2016)_EXCLUDE_1_No claim_NA_NA,citation,Pterodroma baraui,web_of_science
Web of Science_Systematic external review,(Davies et al. 2018)_INCLUDE_NA_Population in support_yes_no,citation,Conilurus penicillatus,web_of_science
Web of Science_Systematic external review,(Dawson et al. 2018)_EXCLUDE_1_No claim_NA_NA,citation,Macrotis lagotis,web_of_science
Web of Science_Systematic external review,(Deem et al. 2010)_EXCLUDE_1_No claim_NA_NA,citation,Nannopterum harrisi,web_of_science
Web of Science_Systematic external review,(Deem et al. 2010)_EXCLUDE_NA_Does not test claim_NA_NA,citation,Spheniscus mendiculus,web_of_science
Web of Science_Systematic external review,(Delgado et al. 2024)_EXCLUDE_1_No claim_NA_NA,citation,Fringilla teydea,web_of_science
Web of Science_Systematic external review,(Dickman 1992)_EXCLUDE_1_No claim_NA_NA,citation,Dasyurus geoffroii,web_of_science
Web of Science_Systematic external review,(Dickman 1996a)_EXCLUDE_1_No claim_NA_NA,citation,Petrogale lateralis,web_of_science
Web of Science_Systematic external review,(Dickman 2011)_EXCLUDE_0_Inaccessible_NA_NA,citation,Bettongia lesueur,web_of_science
Web of Science_Systematic external review,(Dickman et al. 2001)_INCLUDE_NA_Population not in support_yes_no,citation,Dasycercus cristicauda,web_of_science
Web of Science_Systematic external review,(Dilley et al. 2016)_EXCLUDE_1_No claim_NA_NA,citation,Diomedea exulans,web_of_science
Web of Science_Systematic external review,(Dilley et al. 2018)_INCLUDE_NA_Population in support_yes_no,citation,Procellaria aequinoctialis,web_of_science
Web of Science_Systematic external review,(Dilley et al. 2018)_INCLUDE_NA_Population not in support_yes_no,citation,Procellaria cinerea,web_of_science
Web of Science_Systematic external review,(Dilley et al. 2017)_INCLUDE_NA_Population in support_yes_no,citation,Procellaria aequinoctialis,web_of_science
Web of Science_Systematic external review,(Dumont et al. 2010)_EXCLUDE_1_Opinion claim_NA_NA,citation,Pterodroma baraui,web_of_science
Web of Science_Systematic external review,(Dunlop et al. 2021)_EXCLUDE_1_No claim_NA_NA,citation,Isoodon auratus,web_of_science
Web of Science_Systematic external review,(Durette-Desset & Pesson 1987)_EXCLUDE_1_Not in English or Spanish_NA_NA,citation,Eliomys quercinus,web_of_science
Web of Science_Systematic external review,(Dutson 2013)_EXCLUDE_1_Opinion claim_NA_NA,citation,Zosterops albogularis,web_of_science
Web of Science_Systematic external review,(Dutson 2013)_EXCLUDE_1_Opinion claim_NA_NA,citation,Petroica multicolor,web_of_science
Web of Science_Systematic external review,(Bonnaud et al. 2010b)_INCLUDE_NA_Population in support_yes_no,citation,Puffinus yelkouan,web_of_science
Web of Science_Systematic external review,(Bonnaud et al. 2009)_INCLUDE_NA_Predation in support_no_no,citation,Puffinus yelkouan,web_of_science
Web of Science_Systematic external review,(Eifler & Eifler 2025)_EXCLUDE_1_Opinion claim_NA_NA,citation,Liopholis kintorei,web_of_science
Web of Science_Systematic external review,(Engeman et al. 2006)_EXCLUDE_1_Opinion claim_NA_NA,citation,Amazona vittata,web_of_science
Web of Science_Systematic external review,(Faegre et al. 2020)_INCLUDE_NA_Predation in support_no_no,citation,Corvus kubaryi,web_of_science
Web of Science_Systematic external review,(Famira-Parcsetich et al. 2024)_INCLUDE_NA_Predation in support_no_no,citation,Eliomys quercinus,web_of_science
Web of Science_Systematic external review,(Fancourt 2014)_INCLUDE_NA_Population in support_yes_no,citation,Bettongia gaimardi,web_of_science
Web of Science_Systematic external review,(Fancourt 2014)_EXCLUDE_1_No claim_NA_NA,citation,Bettongia penicillata,web_of_science
Web of Science_Systematic external review,(Fancourt 2014)_EXCLUDE_1_No claim_NA_NA,citation,Dasyurus viverrinus,web_of_science
Web of Science_Systematic external review,(Fancourt 2016)_EXCLUDE_1_Opinion claim_NA_NA,citation,Dasyurus viverrinus,web_of_science
Web of Science_Systematic external review,(Fancourt et al. 2015)_INCLUDE_NA_Population not in support_yes_yes,citation,Dasyurus viverrinus,web_of_science
Web of Science_Systematic external review,(Farris et al. 2015a)_EXCLUDE_1_Does not test claim_NA_NA,citation,Eupleres goudotii,web_of_science
Web of Science_Systematic external review,(Farris et al. 2015a)_EXCLUDE_1_Does not test claim_NA_NA,citation,Salanoia concolor,web_of_science
Web of Science_Systematic external review,(Farris et al. 2016)_EXCLUDE_NA_Does not test claim_NA_NA,citation,Salanoia concolor,web_of_science
Web of Science_Systematic external review,(Farris et al. 2017)_INCLUDE_NA_Population in support_yes_no,citation,Eupleres goudotii,web_of_science
Web of Science_Systematic external review,(Farris et al. 2017)_INCLUDE_NA_Population in support_yes_no,citation,Salanoia concolor,web_of_science
Web of Science_Systematic external review,(Faulquier et al. 2009)_INCLUDE_NA_Predation in support_no_no,citation,Pterodroma baraui,web_of_science
Web of Science_Systematic external review,(Felis et al. 2019)_EXCLUDE_1_No claim_NA_NA,citation,Ardenna creatopus,web_of_science
Web of Science_Systematic external review,(Fernandes et al. 2023)_EXCLUDE_1_No claim_NA_NA,citation,Bettongia penicillata,web_of_science
Web of Science_Systematic external review,(Fernandes et al. 2023)_EXCLUDE_1_No claim_NA_NA,citation,Dasyurus geoffroii,web_of_science
Web of Science_Systematic external review,(Fernandes et al. 2023)_EXCLUDE_1_No claim_NA_NA,citation,Myrmecobius fasciatus,web_of_science
Web of Science_Systematic external review,(Finlayson et al. 2010)_EXCLUDE_?_Inaccessible_NA_NA,citation,Bettongia penicillata,web_of_science
Web of Science_Systematic external review,(Fleming & Frahm 1997)_EXCLUDE_1_No claim_NA_NA,citation,Varanus komodoensis,web_of_science
Web of Science_Systematic external review,(Herrera M. et al. 2019)_INCLUDE_NA_Population not in support_yes_yes,citation,Myotis vivesi,web_of_science
Web of Science_Systematic external review,(Flux 2007)_INCLUDE_NA_Predation in support_no_no,citation,Litoria raniformis,web_of_science
Web of Science_Systematic external review,(Fokidis et al. 2009)_EXCLUDE_1_No claim_NA_NA,citation,Aphelocoma coerulescens,web_of_science
Web of Science_Systematic external review,(French et al. 2020)_EXCLUDE_1_No claim_NA_NA,citation,Apteryx mantelli,web_of_science
Web of Science_Systematic external review,(Friend et al. 2020)_EXCLUDE_1_No claim_NA_NA,citation,Phascogale calura,web_of_science
Web of Science_Systematic external review,(Fujihara & Inoue-Murayama 2024)_EXCLUDE_1_No claim_NA_NA,citation,Hypotaenidia okinawae,web_of_science
Web of Science_Systematic external review,(Funk 1996)_EXCLUDE_1_No claim_NA_NA,citation,Cyanoramphus auriceps,web_of_science
Web of Science_Systematic external review,(Gardiner et al. 2018)_INCLUDE_NA_Population not in support_yes_yes,citation,Bettongia gaimardi,web_of_science
Web of Science_Systematic external review,(Gaschk & Clemente 2022)_EXCLUDE_1_No claim_NA_NA,citation,Setonix brachyurus,web_of_science
Web of Science_Systematic external review,(Gérard et al. 2016)_EXCLUDE_1_Does not test claim_NA_NA,citation,Bavayia septuiclavis,web_of_science
Web of Science_Systematic external review,(Ghestemme et al. 2019)_EXCLUDE_1_Does not test claim_NA_NA,citation,Pomarea whitneyi,web_of_science
Web of Science_Systematic external review,(Gillies et al. 2003)_EXCLUDE_1_No claim_NA_NA,citation,Anas aucklandica,web_of_science
Web of Science_Systematic external review,(Gillies et al. 2003)_EXCLUDE_1_Opinion claim_NA_NA,citation,Anas chlorotis,web_of_science
Web of Science_Systematic external review,(Gillies et al. 2003)_INCLUDE_NA_Population in support_yes_no,citation,Apteryx australis,web_of_science
Web of Science_Systematic external review,(Gillies et al. 2003)_INCLUDE_NA_Predation in support_no_no,citation,Apteryx australis,web_of_science
Web of Science_Systematic external review,(Gillies et al. 2003)_EXCLUDE_1_No claim_NA_NA,citation,Apteryx mantelli,web_of_science
Web of Science_Systematic external review,(Gilmour et al. 2022)_EXCLUDE_1_No claim_NA_NA,citation,Phoebastria immutabilis,web_of_science
Web of Science_Systematic external review,(Gineste et al. 2017)_EXCLUDE_1_No claim_NA_NA,citation,Pterodroma baraui,web_of_science
Web of Science_Systematic external review,(Glen et al. 2010)_INCLUDE_NA_Predation in support_no_no,citation,Dasyurus geoffroii,web_of_science
Web of Science_Systematic external review,(Glen et al. 2009)_EXCLUDE_1_No claim_NA_NA,citation,Dasyurus geoffroii,web_of_science
Web of Science_Systematic external review,(Goldingay 2024)_EXCLUDE_1_No claim_NA_NA,citation,Potorous tridactylus,web_of_science
Web of Science_Systematic external review,(Gonzalez 2014)_EXCLUDE_1_Opinion claim_NA_NA,citation,Aphrastura masafuerae,web_of_science
Web of Science_Systematic external review,(González-Solís et al. 2024)_INCLUDE_NA_Predation in support_no_no,citation,Pterodroma feae,web_of_science
Web of Science_Systematic external review,(Greenwell et al. 2019)_INCLUDE_NA_Predation in support_no_no,citation,Sternula nereis,web_of_science
Web of Science_Systematic external review,(Gunby et al. 2025)_INCLUDE_NA_Predation in support_no_no,citation,Charadrius bicinctus,web_of_science
Web of Science_Systematic external review,(Hahn et al. 2010)_EXCLUDE_1_No claim_NA_NA,citation,Aphrastura masafuerae,web_of_science
Web of Science_Systematic external review,(Haines 1946)_EXCLUDE_1_No claim_NA_NA,citation,Dasyurus viverrinus,web_of_science
Web of Science_Systematic external review,(Hardman et al. 2016)_EXCLUDE_1_No claim_NA_NA,citation,Bettongia penicillata,web_of_science
Web of Science_Systematic external review,(Harrison et al. 2025)_EXCLUDE_1_No claim_NA_NA,citation,Bettongia penicillata,web_of_science
Web of Science_Systematic external review,(Harrison et al. 2025)_EXCLUDE_1_No claim_NA_NA,citation,Dasyurus geoffroii,web_of_science
Web of Science_Systematic external review,(Harrison et al. 2023)_EXCLUDE_1_No claim_NA_NA,citation,Bettongia penicillata,web_of_science
Web of Science_Systematic external review,(Hayward et al. 2015)_EXCLUDE_1_No claim_NA_NA,citation,Myrmecobius fasciatus,web_of_science
Web of Science_Systematic external review,(Hearn et al. 1998)_EXCLUDE_1_No claim_NA_NA,citation,Setonix brachyurus,web_of_science
Web of Science_Systematic external review,(Hedges & Conn 2012)_EXCLUDE_1_No claim_NA_NA,citation,Mabuya cochonae,web_of_science
Web of Science_Systematic external review,(Hedges & Conn 2012)_EXCLUDE_1_No claim_NA_NA,citation,Mabuya montserratae,web_of_science
Web of Science_Systematic external review,(Hedges & Conn 2012)_EXCLUDE_1_Opinion claim_NA_NA,citation,Spondylurus anegadae,web_of_science
Web of Science_Systematic external review,(Hedges & Conn 2012)_EXCLUDE_1_No claim_NA_NA,citation,Spondylurus caicosae,web_of_science
Web of Science_Systematic external review,(Hedges & Conn 2012)_EXCLUDE_1_No claim_NA_NA,citation,Spondylurus fulgidus,web_of_science
Web of Science_Systematic external review,(Hedges & Conn 2012)_EXCLUDE_1_Opinion claim_NA_NA,citation,Spondylurus monae,web_of_science
Web of Science_Systematic external review,(Heiniger et al. 2018)_EXCLUDE_1_No claim_NA_NA,citation,Dasyurus hallucatus,web_of_science
Web of Science_Systematic external review,(Heiniger et al. 2020)_EXCLUDE_1_No claim_NA_NA,citation,Conilurus penicillatus,web_of_science
Web of Science_Systematic external review,(Helmstedt et al. 2014)_EXCLUDE_1_No claim_NA_NA,citation,Macrotis lagotis,web_of_science
Web of Science_Systematic external review,(Hernandez-Divers et al. 2003)_EXCLUDE_1_Opinion claim_NA_NA,citation,Gallotia bravoana,web_of_science
Web of Science_Systematic external review,(Hetherington et al. 2007)_EXCLUDE_1_No claim_NA_NA,citation,Dasyurus geoffroii,web_of_science
Web of Science_Systematic external review,(Hocking & Guiler 1983)_EXCLUDE_1_Inaccessible_NA_NA,citation,Dasyurus viverrinus,web_of_science
Web of Science_Systematic external review,(Hocking & Guiler 1983)_EXCLUDE_1_No claim_NA_NA,citation,Mastacomys fuscus,web_of_science
Web of Science_Systematic external review,(Hocking & Guiler 1983)_EXCLUDE_1_No claim_NA_NA,citation,Ornithorhynchus anatinus,web_of_science
Web of Science_Systematic external review,(Hollings et al. 2014)_INCLUDE_NA_Population in support_yes_yes,citation,Dasyurus viverrinus,web_of_science
Web of Science_Systematic external review,(Illera & Díaz 2006)_EXCLUDE_1_Opinion claim_NA_NA,citation,Saxicola dacotiae,web_of_science
Web of Science_Systematic external review,(Indigo et al. 2019)_EXCLUDE_1_No claim_NA_NA,citation,Dasyurus hallucatus,web_of_science
Web of Science_Systematic external review,(Ishida et al. 2015)_EXCLUDE_1_No claim_NA_NA,citation,Scolopax mira,web_of_science
Web of Science_Systematic external review,(Cruz & Cruz 1987)_INCLUDE_NA_Predation in support_no_no,citation,Pterodroma phaeopygia,web_of_science
Web of Science_Systematic external review,(Madeiros et al. 2012)_EXCLUDE_1_Opinion claim_NA_NA,citation,Pterodroma cahow,web_of_science
Web of Science_Systematic external review,(Jehl & Parkes 1983)_EXCLUDE_?_Opinion claim_NA_NA,citation,Mimus graysoni,web_of_science
Web of Science_Systematic external review,(Jehl & Parkes 1983)_INCLUDE_NA_Population not in support_yes_no,citation,Zenaida graysoni,web_of_science
Web of Science_Systematic external review,(Jessop et al. In prep)_EXCLUDE_0_Inaccessible_NA_NA,citation,Varanus komodoensis,web_of_science
Web of Science_Systematic external review,(Jones et al. 2021)_EXCLUDE_1_No claim_NA_NA,citation,Bettongia gaimardi,web_of_science
Web of Science_Systematic external review,(Jones et al. 2004)_EXCLUDE_NA_Does not test claim_NA_NA,citation,Dasyurus viverrinus,web_of_science
Web of Science_Systematic external review,(Jones & Ryan 2010)_EXCLUDE_1_No claim_NA_NA,citation,Diomedea dabbenena,web_of_science
Web of Science_Systematic external review,(Jones & Ryan 2010)_EXCLUDE_1_No claim_NA_NA,citation,Diomedea exulans,web_of_science
Web of Science_Systematic external review,(Jones & Ryan 2010)_EXCLUDE_1_No claim_NA_NA,citation,Phoebetria fusca,web_of_science
Web of Science_Systematic external review,(Juhasz et al. 2022a)_EXCLUDE_1_No claim_NA_NA,citation,Pseudobulweria aterrima,web_of_science
Web of Science_Systematic external review,(Juhasz et al. 2022a)_EXCLUDE_1_No claim_NA_NA,citation,Pterodroma baraui,web_of_science
Web of Science_Systematic external review,(Juhasz et al. 2022b)_EXCLUDE_1_Opinion claim_NA_NA,citation,Pseudobulweria aterrima,web_of_science
Web of Science_Systematic external review,(Kaewmongkol et al. 2011)_EXCLUDE_1_No claim_NA_NA,citation,Bettongia penicillata,web_of_science
Web of Science_Systematic external review,(Kaewmongkol et al. 2011)_EXCLUDE_1_No claim_NA_NA,citation,Perameles bougainville,web_of_science
Web of Science_Systematic external review,(Kearney et al. 2022)_INCLUDE_NA_Predation not in support_no_no,citation,Pezoporus occidentalis,web_of_science
Web of Science_Systematic external review,(Keitt et al. 2002)_EXCLUDE_?_Opinion claim_NA_NA,citation,Puffinus opisthomelas,web_of_science
Web of Science_Systematic external review,(King 2023)_EXCLUDE_1_No claim_NA_NA,citation,Apteryx mantelli,web_of_science
Web of Science_Systematic external review,(King et al. 2012)_INCLUDE_NA_Predation not in support_no_no,citation,Megadyptes antipodes,web_of_science
Web of Science_Systematic external review,(King et al. 2012)_INCLUDE_NA_Population in support_yes_no,citation,Megadyptes antipodes,web_of_science
Web of Science_Systematic external review,(Kumar et al. 2021)_EXCLUDE_1_Opinion claim_NA_NA,citation,Cyclura collei,web_of_science
Web of Science_Systematic external review,(Kutschera & Kleinhans 2013)_EXCLUDE_1_No claim_NA_NA,citation,Ctenosaura bakeri,web_of_science
Web of Science_Systematic external review,(Kutt et al. 2023)_EXCLUDE_1_Opinion claim_NA_NA,citation,Pezoporus occidentalis,web_of_science
Web of Science_Systematic external review,(Brooke 1987b)_INCLUDE_NA_Predation in support_no_no,citation,Pterodroma externa,web_of_science
Web of Science_Systematic external review,(Brooke 1987b)_INCLUDE_NA_Predation in support_no_no,citation,Pterodroma longirostris,web_of_science
Web of Science_Systematic external review,(Zarones et al. 2015)_INCLUDE_NA_Predation in support_no_no,citation,Corvus kubaryi,web_of_science
Web of Science_Systematic external review,(Legge et al. 2018)_EXCLUDE_1_No claim_NA_NA,citation,Zyzomys pedunculatus,web_of_science
Web of Science_Systematic external review,(Li et al. 2014)_EXCLUDE_0_No claim_NA_NA,citation,Podarcis lilfordi,web_of_science
Web of Science_Systematic external review,(Lohr et al. 2022)_INCLUDE_NA_Predation not in support_no_no,citation,Macrotis lagotis,web_of_science
Web of Science_Systematic external review,(Lollback et al. 2018)_EXCLUDE_1_No claim_NA_NA,citation,Macrotis lagotis,web_of_science
Web of Science_Systematic external review,(MacLeod et al. 2020)_EXCLUDE_NA_Does not test claim_NA_NA,citation,Amblyrhynchus cristatus,web_of_science
Web of Science_Systematic external review,(Malachowski et al. 2022)_INCLUDE_NA_Predation in support_no_no,citation,Anas wyvilliana,web_of_science
Web of Science_Systematic external review,(Marks et al. 2006)_EXCLUDE_1_No claim_NA_NA,citation,Dasyurus hallucatus,web_of_science
Web of Science_Systematic external review,(Marks et al. 2006)_EXCLUDE_1_No claim_NA_NA,citation,Pseudomys australis,web_of_science
Web of Science_Systematic external review,(Marlow et al. 2015b)_EXCLUDE_1_No claim_NA_NA,citation,Bettongia penicillata,web_of_science
Web of Science_Systematic external review,(Martınez-Gomez et al. 2001)_INCLUDE_NA_Population not in support_yes_no,citation,Mimus graysoni,web_of_science
Web of Science_Systematic external review,(Martınez-Gomez et al. 2001)_INCLUDE_NA_Population not in support_yes_no,citation,Zenaida graysoni,web_of_science
Web of Science_Systematic external review,(Martınez-Gomez & Jacobsen 2004)_INCLUDE_NA_Predation in support_no_no,citation,Puffinus auricularis,web_of_science
Web of Science_Systematic external review,(Massaro & Blair 2003)_INCLUDE_NA_Population in support_yes_no,citation,Megadyptes antipodes,web_of_science
Web of Science_Systematic external review,(Masseti 2010)_EXCLUDE_0_Inaccessible_NA_NA,citation,Crocidura canariensis,web_of_science
Web of Science_Systematic external review,(Matias & Catry 2008)_INCLUDE_NA_Predation not in support_no_no,citation,Procellaria aequinoctialis,web_of_science
Web of Science_Systematic external review,(Matthews et al. 2013)_EXCLUDE_1_No claim_NA_NA,citation,Dasyurus geoffroii,web_of_science
Web of Science_Systematic external review,(Matthews et al. 2013)_EXCLUDE_1_No claim_NA_NA,citation,Petrogale lateralis,web_of_science
Web of Science_Systematic external review,(McChesney & Tershy 1998)_INCLUDE_NA_Predation in support_no_no,citation,Hydrobates macrodactylus,web_of_science
Web of Science_Systematic external review,(McChesney & Tershy 1998)_INCLUDE_NA_Predation in support_no_no,citation,Ptychoramphus aleuticus,web_of_science
Web of Science_Systematic external review,(McChesney & Tershy 1998)_INCLUDE_NA_Predation in support_no_no,citation,Puffinus opisthomelas,web_of_science
Web of Science_Systematic external review,(McDonald et al. 2016)_EXCLUDE_1_No claim_NA_NA,citation,Zyzomys pedunculatus,web_of_science
Web of Science_Systematic external review,(McHugh et al. 2022)_INCLUDE_NA_Population not in support_yes_yes,citation,Potorous tridactylus,web_of_science
Web of Science_Systematic external review,(McHugh et al. 2019)_INCLUDE_NA_Population not in support_yes_yes,citation,Potorous tridactylus,web_of_science
Web of Science_Systematic external review,(McHugh et al. 2020)_EXCLUDE_1_No claim_NA_NA,citation,Bettongia tropica,web_of_science
Web of Science_Systematic external review,(McHugh et al. 2020)_EXCLUDE_1_No claim_NA_NA,citation,Potorous tridactylus,web_of_science
Web of Science_Systematic external review,(McKay et al. 2022)_EXCLUDE_1_No claim_NA_NA,citation,Bettongia lesueur,web_of_science
Web of Science_Systematic external review,(McLennan & Potter 1992)_EXCLUDE_1_Opinion claim_NA_NA,citation,Apteryx australis,web_of_science
Web of Science_Systematic external review,(McLennan & Potter 1992)_EXCLUDE_1_No claim_NA_NA,citation,Apteryx mantelli,web_of_science
Web of Science_Systematic external review,(McLennan et al. 1996)_EXCLUDE_1_No claim_NA_NA,citation,Apteryx haastii,web_of_science
Web of Science_Systematic external review,(McLennan et al. 1996)_EXCLUDE_1_No claim_NA_NA,citation,Apteryx mantelli,web_of_science
Web of Science_Systematic external review,(Medina & Nogales 2009)_EXCLUDE_1_Opinion claim_NA_NA,citation,Gallotia intermedia,web_of_science
Web of Science_Systematic external review,(Medina & Nogales 2009)_EXCLUDE_1_Opinion claim_NA_NA,citation,Saxicola dacotiae,web_of_science
Web of Science_Systematic external review,(Medina & Nogales 2009)_INCLUDE_NA_Predation in support_no_no,citation,Gallotia simonyi,web_of_science
Web of Science_Systematic external review,(Menon et al. 2025)_INCLUDE_NA_Population not in support_yes_yes,citation,Potorous tridactylus,web_of_science
Web of Science_Systematic external review,(Mifsud & Woolley 2012)_INCLUDE_NA_Predation in support_no_no,citation,Sminthopsis douglasi,web_of_science
Web of Science_Systematic external review,(Militao et al. 2017)_INCLUDE_NA_Predation in support_no_no,citation,Pterodroma feae,web_of_science
Web of Science_Systematic external review,(Miritis et al. 2020)_INCLUDE_NA_Predation in support_no_no,citation,Potorous tridactylus,web_of_science
Web of Science_Systematic external review,(Miritis et al. 2020)_INCLUDE_NA_Population not in support_yes_yes,citation,Potorous tridactylus,web_of_science
Web of Science_Systematic external review,(Mittermeier et al. 2018)_EXCLUDE_0_Opinion claim_NA_NA,citation,Pampusana salamonis,web_of_science
Web of Science_Systematic external review,(Mittermeier et al. 2018)_EXCLUDE_1_Opinion claim_NA_NA,citation,Pareudiastes silvestris,web_of_science
Web of Science_Systematic external review,(Moller & Alterio 1999)_EXCLUDE_1_Opinion claim_NA_NA,citation,Megadyptes antipodes,web_of_science
Web of Science_Systematic external review,(Moore et al. 2018)_INCLUDE_NA_Predation in support_no_no,citation,Liopholis kintorei,web_of_science
Web of Science_Systematic external review,(Moore et al. 2024)_INCLUDE_NA_Population not in support_yes_yes,citation,Macrotis lagotis,web_of_science
Web of Science_Systematic external review,(Moore et al. 2020)_EXCLUDE_1_No claim_NA_NA,citation,Dasyurus hallucatus,web_of_science
Web of Science_Systematic external review,(Moore & Reid 2009)_INCLUDE_NA_Predation in support_no_no,citation,Haematopus chathamensis,web_of_science
Web of Science_Systematic external review,(Moreno et al. 2008)_EXCLUDE_1_No claim_NA_NA,citation,Varanus komodoensis,web_of_science
Web of Science_Systematic external review,(Moro et al. 2020)_EXCLUDE_1_No claim_NA_NA,citation,Dasyurus hallucatus,web_of_science
Web of Science_Systematic external review,(Moseby et al. 2021a)_EXCLUDE_1_No claim_NA_NA,citation,Dasyurus hallucatus,web_of_science
Web of Science_Systematic external review,(Moseby et al. 2023)_EXCLUDE_1_No claim_NA_NA,citation,Bettongia lesueur,web_of_science
Web of Science_Systematic external review,(Moseby et al. 2024)_EXCLUDE_1_No claim_NA_NA,citation,Bettongia lesueur,web_of_science
Web of Science_Systematic external review,(Moseby et al. 2012)_INCLUDE_NA_Predation in support_no_no,citation,Macrotis lagotis,web_of_science
Web of Science_Systematic external review,(Moseby et al. 2009)_EXCLUDE_1_No claim_NA_NA,citation,Bettongia lesueur,web_of_science
Web of Science_Systematic external review,(Moseby et al. 2021b)_INCLUDE_NA_Predation in support_no_no,citation,Dasyurus geoffroii,web_of_science
Web of Science_Systematic external review,(Moseby et al. 2022)_INCLUDE_NA_Predation in support_no_no,citation,Dasyurus geoffroii,web_of_science
Web of Science_Systematic external review,(Moseby et al. 2020)_EXCLUDE_1_No claim_NA_NA,citation,Bettongia lesueur,web_of_science
Web of Science_Systematic external review,(Moseby et al. 2015)_INCLUDE_NA_Predation in support_no_no,citation,Dasyurus geoffroii,web_of_science
Web of Science_Systematic external review,(Munday & Mason 1980)_EXCLUDE_1_No claim_NA_NA,citation,Dasyurus viverrinus,web_of_science
Web of Science_Systematic external review,(Murphy et al. 2022)_EXCLUDE_1_Opinion claim_NA_NA,citation,Pezoporus occidentalis,web_of_science
Web of Science_Systematic external review,(Nagata et al. 2022)_INCLUDE_NA_Predation in support_no_no,citation,Calonectris leucomelas,web_of_science
Web of Science_Systematic external review,(Neave et al. 2024)_INCLUDE_NA_Population in support_yes_no,citation,Conilurus penicillatus,web_of_science
Web of Science_Systematic external review,(Northover et al. 2024)_EXCLUDE_1_No claim_NA_NA,citation,Bettongia penicillata,web_of_science
Web of Science_Systematic external review,(Northover et al. 2024)_EXCLUDE_1_No claim_NA_NA,citation,Dasyurus geoffroii,web_of_science
Web of Science_Systematic external review,(Northover et al. 2024)_EXCLUDE_1_No claim_NA_NA,citation,Phascogale tapoatafa,web_of_science
Web of Science_Systematic external review,(Oedin et al. 2021) core source_claim,citation,Mystacina tuberculata,web_of_science
Web of Science_Systematic external review,(Oppel et al. 2014)_INCLUDE_NA_Population not in support_yes_yes,citation,Charadrius sanctaehelenae,web_of_science
Web of Science_Systematic external review,(Oro et al. 2004)_EXCLUDE_1_Opinion claim_NA_NA,citation,Puffinus mauretanicus,web_of_science
Web of Science_Systematic external review,(O’Donnell et al. 2015)_EXCLUDE_1_Opinion claim_NA_NA,citation,Anas chlorotis,web_of_science
Web of Science_Systematic external review,(O’Donnell et al. 2015)_INCLUDE_NA_Predation in support_no_no,citation,Botaurus poiciloptilus,web_of_science
Web of Science_Systematic external review,(Banko et al. 2002b)_EXCLUDE_1_Opinion claim_NA_NA,citation,Loxioides bailleui,web_of_science
Web of Science_Systematic external review,(Palmas et al. 2020)_INCLUDE_NA_Predation not in support_no_no,citation,Rhynochetos jubatus,web_of_science
Web of Science_Systematic external review,(Palmer et al. 2021)_INCLUDE_NA_Population not in support_yes_no,citation,Dasyurus hallucatus,web_of_science
Web of Science_Systematic external review,(Paltridge 2002)_INCLUDE_NA_Predation in support_no_no,citation,Dasycercus cristicauda,web_of_science
Web of Science_Systematic external review,(Paltridge 2002)_INCLUDE_NA_Predation in support_no_no,citation,Macrotis lagotis,web_of_science
Web of Science_Systematic external review,(Pavey et al. 2008b)_INCLUDE_NA_Population not in support_yes_no,citation,Elanus scriptus,web_of_science
Web of Science_Systematic external review,(Pavey et al. 2008b)_INCLUDE_NA_Predation in support_no_no,citation,Pseudomys australis,web_of_science
Web of Science_Systematic external review,(Peacock & Abbott 2014)_INCLUDE_NA_Predation in support_no_no,citation,Dasyurus hallucatus,web_of_science
Web of Science_Systematic external review,(Peacock & Abbott 2014)_INCLUDE_NA_Predation not in support_no_no,citation,Dasyurus viverrinus,web_of_science
Web of Science_Systematic external review,(Peacock & Abbott 2014)_INCLUDE_NA_Predation in support_no_no,citation,Dasyurus viverrinus,web_of_science
Web of Science_Systematic external review,(Peacock & Abbott 2013)_EXCLUDE_1_No claim_NA_NA,citation,Dasyurus viverrinus,web_of_science
Web of Science_Systematic external review,(Pedler et al. 2016)_INCLUDE_NA_Population in support_yes_no,citation,Dasycercus cristicauda,web_of_science
Web of Science_Systematic external review,(Pedler et al. 2016)_INCLUDE_NA_Population in support_yes_no,citation,Notomys fuscus,web_of_science
Web of Science_Systematic external review,(Pedler et al. 2016)_INCLUDE_NA_Population in support_yes_no,citation,Pseudomys australis,web_of_science
Web of Science_Systematic external review,(Pedler et al. 2018)_EXCLUDE_1_No claim_NA_NA,citation,Isoodon auratus,web_of_science
Web of Science_Systematic external review,(Pedler et al. 2018)_EXCLUDE_1_No claim_NA_NA,citation,Leporillus conditor,web_of_science
Web of Science_Systematic external review,(Phillips et al. 2012)_EXCLUDE_1_No claim_NA_NA,citation,Pterodroma phaeopygia,web_of_science
Web of Science_Systematic external review,(Portelli & Carlile 2019)_EXCLUDE_1_Opinion claim_NA_NA,citation,Hypotaenidia sylvestris,web_of_science
Web of Science_Systematic external review,(Potter et al. 2010)_EXCLUDE_1_No claim_NA_NA,citation,Apteryx mantelli,web_of_science
Web of Science_Systematic external review,(Powlesland et al. 1995)_INCLUDE_NA_Predation in support_no_no,citation,Strigops habroptilus,web_of_science
Web of Science_Systematic external review,(Priddel & Wheeler 2004)_EXCLUDE_1_Opinion claim_NA_NA,citation,Leipoa ocellata,web_of_science
Web of Science_Systematic external review,(Pye 1991)_EXCLUDE_1_Opinion claim_NA_NA,citation,Pseudomys novaehollandiae,web_of_science
Web of Science_Systematic external review,(Russell et al. 2025)_INCLUDE_NA_Population not in support_yes_yes,citation,Vini peruviana,web_of_science
Web of Science_Systematic external review,(Radford 2012)_EXCLUDE_1_No claim_NA_NA,citation,Isoodon auratus,web_of_science
Web of Science_Systematic external review,(Raine et al. 2020)_EXCLUDE_1_No claim_NA_NA,citation,Pterodroma alba,web_of_science
Web of Science_Systematic external review,(Raine et al. 2020)_INCLUDE_NA_Predation in support_no_no,citation,Pterodroma sandwichensis,web_of_science
Web of Science_Systematic external review,(Ramón‐Laca et al. 2013)_EXCLUDE_1_No claim_NA_NA,citation,Apteryx mantelli,web_of_science
Web of Science_Systematic external review,(Ratz 2000)_EXCLUDE_1_Opinion claim_NA_NA,citation,Megadyptes antipodes,web_of_science
Web of Science_Systematic external review,(Read et al. 2019b)_EXCLUDE_1_No claim_NA_NA,citation,Dasyurus geoffroii,web_of_science
Web of Science_Systematic external review,(Read et al. 2019b)_EXCLUDE_1_No claim_NA_NA,citation,Leipoa ocellata,web_of_science
Web of Science_Systematic external review,(Read et al. 2019b)_EXCLUDE_1_No claim_NA_NA,citation,Macrotis lagotis,web_of_science
Web of Science_Systematic external review,(Read et al. 2019a)_INCLUDE_NA_Predation in support_no_no,citation,Petrogale lateralis,web_of_science
Web of Science_Systematic external review,(Read et al. 2019a)_INCLUDE_NA_Predation not in support_no_no,citation,Petrogale lateralis,web_of_science
Web of Science_Systematic external review,(Read et al. 2023)_EXCLUDE_1_No claim_NA_NA,citation,Isoodon auratus,web_of_science
Web of Science_Systematic external review,(Rees et al. 2024)_INCLUDE_NA_Population not in support_yes_yes,citation,Potorous tridactylus,web_of_science
Web of Science_Systematic external review,(Reyes-Arriagada et al. 2012)_EXCLUDE_1_Opinion claim_NA_NA,citation,Pterodroma externa,web_of_science
Web of Science_Systematic external review,(Reyes-Arriagada et al. 2012)_EXCLUDE_1_Opinion claim_NA_NA,citation,Pterodroma longirostris,web_of_science
Web of Science_Systematic external review,(Rimmer et al. 2008)_EXCLUDE_1_Opinion claim_NA_NA,citation,Calyptophilus tertius,web_of_science
Web of Science_Systematic external review,(Robertson & Colbourne 2022)_INCLUDE_NA_Predation in support_no_no,citation,Apteryx australis,web_of_science
Web of Science_Systematic external review,(Robertson & Colbourne 2022)_EXCLUDE_1_No claim_NA_NA,citation,Apteryx mantelli,web_of_science
Web of Science_Systematic external review,(Robertson et al. 2011)_INCLUDE_NA_Predation in support_no_no,citation,Apteryx mantelli,web_of_science
Web of Science_Systematic external review,(Ross et al. 2019a)_EXCLUDE_1_No claim_NA_NA,citation,Macrotis lagotis,web_of_science
Web of Science_Systematic external review,(Ross et al. 2019b)_EXCLUDE_1_No claim_NA_NA,citation,Bettongia gaimardi,web_of_science
Web of Science_Systematic external review,(Ross et al. 2019b)_EXCLUDE_1_No claim_NA_NA,citation,Onychogalea fraenata,web_of_science
Web of Science_Systematic external review,(Sanders & Maloney 2002)_INCLUDE_NA_Predation in support_no_no,citation,Charadrius bicinctus,web_of_science
Web of Science_Systematic external review,(Sanders & Maloney 2002)_INCLUDE_NA_Predation in support_no_no,citation,Himantopus novaezelandiae,web_of_science
Web of Science_Systematic external review,(Saxon-Mills et al. 2018)_EXCLUDE_1_No claim_NA_NA,citation,Bettongia lesueur,web_of_science
Web of Science_Systematic external review,(Schaefer & Colombelli‐Négrel 2021)_EXCLUDE_1_No claim_NA_NA,citation,Megadyptes antipodes,web_of_science
Web of Science_Systematic external review,(Schramm 1986)_EXCLUDE_1_Opinion claim_NA_NA,citation,Procellaria aequinoctialis,web_of_science
Web of Science_Systematic external review,(Scrimgeour et al. 2012)_INCLUDE_NA_Predation in support_no_no,citation,Mystacina tuberculata,web_of_science
Web of Science_Systematic external review,(Seddon et al. 2013)_EXCLUDE_0_Opinion claim_NA_NA,citation,Megadyptes antipodes,web_of_science
Web of Science_Systematic external review,(Semedo et al. 2021)_EXCLUDE_1_No claim_NA_NA,citation,Calonectris edwardsii,web_of_science
Web of Science_Systematic external review,(Semedo et al. 2021)_EXCLUDE_1_No claim_NA_NA,citation,Pterodroma feae,web_of_science
Web of Science_Systematic external review,(Semedo et al. 2021)_EXCLUDE_1_Opinion claim_NA_NA,citation,Pterodroma madeira,web_of_science
Web of Science_Systematic external review,(Shionosaki et al. 2015)_INCLUDE_NA_Predation in support_no_no,citation,Diplothrix legata,web_of_science
Web of Science_Systematic external review,(Shionosaki et al. 2015)_INCLUDE_NA_Predation in support_no_no,citation,Pentalagus furnessi,web_of_science
Web of Science_Systematic external review,(Shionosaki et al. 2015)_INCLUDE_NA_Predation in support_no_no,citation,Tokudaia osimensis,web_of_science
Web of Science_Systematic external review,(Short & Turner 1994)_EXCLUDE_1_Opinion claim_NA_NA,citation,Isoodon auratus,web_of_science
Web of Science_Systematic external review,(Short 2016)_EXCLUDE_1_Opinion claim_NA_NA,citation,Bettongia lesueur,web_of_science
Web of Science_Systematic external review,(Short 2016)_EXCLUDE_1_No claim_NA_NA,citation,Perameles bougainville,web_of_science
Web of Science_Systematic external review,(Short et al. 2019)_INCLUDE_NA_Predation in support_no_no,citation,Leporillus conditor,web_of_science
Web of Science_Systematic external review,(Short et al. 2002)_INCLUDE_NA_Predation in support_no_no,citation,Bettongia lesueur,web_of_science
Web of Science_Systematic external review,(Short et al. 2018)_EXCLUDE_1_No claim_NA_NA,citation,Leporillus conditor,web_of_science
Web of Science_Systematic external review,(Simeone et al. 2003)_EXCLUDE_?_No claim_NA_NA,citation,Larosterna inca,web_of_science
Web of Science_Systematic external review,(Simeone et al. 2003)_EXCLUDE_?_No claim_NA_NA,citation,Pelecanoides garnotii,web_of_science
Web of Science_Systematic external review,(Simeone et al. 2003)_EXCLUDE_1_No claim_NA_NA,citation,Spheniscus humboldti,web_of_science
Web of Science_Systematic external review,(Smith & Quin 1996)_EXCLUDE_1_No claim_NA_NA,citation,Mastacomys fuscus,web_of_science
Web of Science_Systematic external review,(Smith & Quin 1996)_EXCLUDE_1_Does not test claim_NA_NA,citation,Pseudomys shortridgei,web_of_science
Web of Science_Systematic external review,(Smith et al. 2023)_EXCLUDE_1_No claim_NA_NA,citation,Pseudomys novaehollandiae,web_of_science
Web of Science_Systematic external review,(Southgate et al. 1996)_EXCLUDE_1_No claim_NA_NA,citation,Isoodon auratus,web_of_science
Web of Science_Systematic external review,(Spurr & Anderson 2004)_EXCLUDE_1_No claim_NA_NA,citation,Petrogale lateralis,web_of_science
Web of Science_Systematic external review,(Spurr & Anderson 2004)_EXCLUDE_1_No claim_NA_NA,citation,Petrogale penicillata,web_of_science
Web of Science_Systematic external review,(Steffens et al. 2012)_INCLUDE_NA_Predation in support_no_no,citation,Chlidonias albostriatus,web_of_science
Web of Science_Systematic external review,(Steindler & Letnic 2021)_EXCLUDE_1_No claim_NA_NA,citation,Macrotis lagotis,web_of_science
Web of Science_Systematic external review,(Steindler et al. 2018)_EXCLUDE_1_No claim_NA_NA,citation,Macrotis lagotis,web_of_science
Web of Science_Systematic external review,(Steindler et al. 2020)_EXCLUDE_1_No claim_NA_NA,citation,Bettongia lesueur,web_of_science
Web of Science_Systematic external review,(Stepkovitch et al. 2024)_EXCLUDE_1_No claim_NA_NA,citation,Bettongia lesueur,web_of_science
Web of Science_Systematic external review,(Stepkovitch et al. 2024)_EXCLUDE_1_No claim_NA_NA,citation,Dasyurus geoffroii,web_of_science
Web of Science_Systematic external review,(Stroud et al. 2017)_EXCLUDE_1_No claim_NA_NA,citation,Plestiodon longirostris,web_of_science
Web of Science_Systematic external review,(Tay et al. 2021)_EXCLUDE_1_No claim_NA_NA,citation,Bettongia lesueur,web_of_science
Web of Science_Systematic external review,(Tenorio et al. 2020)_EXCLUDE_?_Opinion claim_NA_NA,citation,Coccyzus ferrugineus,web_of_science
Web of Science_Systematic external review,(Thibault et al. 2017)_EXCLUDE_1_No claim_NA_NA,citation,Eurydactylodes vieillardi,web_of_science
Web of Science_Systematic external review,(Thibault et al. 2017)_EXCLUDE_1_No claim_NA_NA,citation,Kanakysaurus viviparus,web_of_science
Web of Science_Systematic external review,(Thibault et al. 2017)_EXCLUDE_1_No claim_NA_NA,citation,Marmorosphax taom,web_of_science
Web of Science_Systematic external review,(Thompson et al. 2019)_EXCLUDE_1_No claim_NA_NA,citation,Dasyurus geoffroii,web_of_science
Web of Science_Systematic external review,(Tocher 2006)_EXCLUDE_1_Does not test claim_NA_NA,citation,Oligosoma grande,web_of_science
Web of Science_Systematic external review,(Tocher 2006)_EXCLUDE_1_Does not test claim_NA_NA,citation,Oligosoma otagense,web_of_science
Web of Science_Systematic external review,(Traill et al. 2011)_EXCLUDE_1_Opinion claim_NA_NA,citation,Xeromys myoides,web_of_science
Web of Science_Systematic external review,(Tranchant et al. 2003)_INCLUDE_NA_Predation in support_no_no,citation,Puffinus yelkouan,web_of_science
Web of Science_Systematic external review,(Trewella et al. 2023)_INCLUDE_NA_Population not in support_yes_yes,citation,Dasyurus hallucatus,web_of_science
Web of Science_Systematic external review,(Turner et al. 2023)_INCLUDE_NA_Population in support_yes_yes,citation,Plestiodon longirostris,web_of_science
Web of Science_Systematic external review,(Van der Weyde et al. 2023)_EXCLUDE_1_No claim_NA_NA,citation,Dasyurus geoffroii,web_of_science
Web of Science_Systematic external review,(Van der Weyde et al. 2023)_EXCLUDE_1_No claim_NA_NA,citation,Macrotis lagotis,web_of_science
Web of Science_Systematic external review,(VanderWerf et al. 2016)_EXCLUDE_1_Opinion claim_NA_NA,citation,Acrocephalus aequinoctialis,web_of_science
Web of Science_Systematic external review,(Vanstreels et al. 2019)_EXCLUDE_1_No claim_NA_NA,citation,Spheniscus demersus,web_of_science
Web of Science_Systematic external review,(Veitch 2001)_EXCLUDE_1_No claim_NA_NA,citation,Coenocorypha aucklandica,web_of_science
Web of Science_Systematic external review,(Veitch 2001)_EXCLUDE_1_Opinion claim_NA_NA,citation,Coenocorypha barrierensis,web_of_science
Web of Science_Systematic external review,(Veitch 2001)_EXCLUDE_1_Opinion claim_NA_NA,citation,Procellaria parkinsoni,web_of_science
Web of Science_Systematic external review,(Veitch 2001)_EXCLUDE_1_Opinion claim_NA_NA,citation,Pterodroma cookii,web_of_science
Web of Science_Systematic external review,(Vernes et al. 2021a)_EXCLUDE_1_No claim_NA_NA,citation,Caloprymnus campestris,web_of_science
Web of Science_Systematic external review,(Vernes et al. 2021a)_EXCLUDE_1_No claim_NA_NA,citation,Macrotis lagotis,web_of_science
Web of Science_Systematic external review,(Vernes et al. 2021a)_EXCLUDE_1_No claim_NA_NA,citation,Macrotis leucura,web_of_science
Web of Science_Systematic external review,(Vernes et al. 2021a)_EXCLUDE_1_No claim_NA_NA,citation,Notomys cervinus,web_of_science
Web of Science_Systematic external review,(Vernes et al. 2021a)_INCLUDE_NA_Predation in support_no_no,citation,Notomys fuscus,web_of_science
Web of Science_Systematic external review,(Vernes et al. 2021a)_EXCLUDE_1_No claim_NA_NA,citation,Notomys macrotis,web_of_science
Web of Science_Systematic external review,(Vernes et al. 2021a)_EXCLUDE_1_No claim_NA_NA,citation,Pseudomys australis,web_of_science
Web of Science_Systematic external review,(Vernes et al. 2021b)_INCLUDE_NA_Predation in support_no_no,citation,Dasycercus cristicauda,web_of_science
Web of Science_Systematic external review,(Vernes et al. 2021b)_INCLUDE_NA_Predation in support_no_no,citation,Notomys fuscus,web_of_science
Web of Science_Systematic external review,(Wayne et al. 2017b)_INCLUDE_NA_Population in support_yes_no,citation,Dasyurus geoffroii,web_of_science
Web of Science_Systematic external review,(Wayne et al. 2017b)_INCLUDE_NA_Population not in support_yes_no,citation,Phascogale tapoatafa,web_of_science
Web of Science_Systematic external review,(Wayne et al. 2017b)_INCLUDE_NA_Population not in support_yes_no,citation,Pseudocheirus occidentalis,web_of_science
Web of Science_Systematic external review,(Wayne et al. 2005)_INCLUDE_NA_Predation in support_no_no,citation,Pseudocheirus occidentalis,web_of_science
Web of Science_Systematic external review,(Wayne et al. 2017a)_EXCLUDE_1_Opinion claim_NA_NA,citation,Pseudomys novaehollandiae,web_of_science
Web of Science_Systematic external review,(Welch & Leppanen 2017) core source_claim,citation,Mystacina tuberculata,web_of_science
Web of Science_Systematic external review,(Whitehead et al. 2018)_EXCLUDE_1_No claim_NA_NA,citation,Bettongia lesueur,web_of_science
Web of Science_Systematic external review,(Whitehead et al. 2018)_EXCLUDE_1_Opinion claim_NA_NA,citation,Bettongia tropica,web_of_science
Web of Science_Systematic external review,(Whitworth et al. 2020)_EXCLUDE_1_Opinion claim_NA_NA,citation,Synthliboramphus scrippsi,web_of_science
Web of Science_Systematic external review,(Whitworth et al. 2021)_EXCLUDE_1_No claim_NA_NA,citation,Synthliboramphus craveri,web_of_science
Web of Science_Systematic external review,(Whitworth et al. 2021)_EXCLUDE_1_Opinion claim_NA_NA,citation,Synthliboramphus hypoleucus,web_of_science
Web of Science_Systematic external review,(Whitworth et al. 2018)_INCLUDE_NA_Predation not in support_no_no,citation,Synthliboramphus scrippsi,web_of_science
Web of Science_Systematic external review,(Woinarski et al. 2015)_EXCLUDE_1_No claim_NA_NA,citation,Bettongia penicillata,web_of_science
Web of Science_Systematic external review,(Woinarski et al. 2011a)_INCLUDE_NA_Population in support_yes_yes,citation,Conilurus penicillatus,web_of_science
Web of Science_Systematic external review,(Woinarski et al. 2011a)_INCLUDE_NA_Population not in support_yes_yes,citation,Dasyurus hallucatus,web_of_science
Web of Science_Systematic external review,(Woinarski et al. 2011a)_INCLUDE_NA_Population in support_no_no,citation,Phascogale pirata,web_of_science
Web of Science_Systematic external review,(Woinarski et al. 2011a)_INCLUDE_NA_Population not in support_yes_no,citation,Phascogale pirata,web_of_science
Web of Science_Systematic external review,(Work et al. 2015)_EXCLUDE_1_No claim_NA_NA,citation,Branta sandvicensis,web_of_science
Web of Science_Systematic external review,(Work et al. 2000)_EXCLUDE_NA_Does not test claim_NA_NA,citation,Corvus hawaiiensis,web_of_science
Web of Science_Systematic external review,(Work et al. 2016)_EXCLUDE_1_No claim_NA_NA,citation,Branta sandvicensis,web_of_science
Web of Science_Systematic external review,(Yabsley et al. 2017)_EXCLUDE_1_No claim_NA_NA,citation,Spheniscus demersus,web_of_science
Web of Science_Systematic external review,(Zavalaga et al. 2009)_EXCLUDE_1_Opinion claim_NA_NA,citation,Sternula lorata,web_of_science
Web of Science_Systematic external review,(Zino et al. 2001)_INCLUDE_NA_Predation in support_no_no,citation,Pterodroma madeira,web_of_science
Web of Science_Systematic external review,(de Tores et al. 2011)_EXCLUDE_1_No claim_NA_NA,citation,Dasyurus geoffroii,web_of_science
