node_id,article_node_name,evidence_inclusion,Peer_reviewed_source,evidence_type,has_data,of_quality,evidence_type_synthetic,evidence_type_fine,evidence_type_simple,in_support
(ACAP 2009b)_EXCLUDE_NA_Expert opinion_NA_NA,(ACAP 2009b),EXCLUDE,,Does not test claim,,no,Does not test claim,Expert opinion,Excluded,Not relevant
(Adams et al. 1997)_EXCLUDE_NA_Expert opinion_NA_NA,(Adams et al. 1997),EXCLUDE,,Does not test claim,,no,Does not test claim,Expert opinion,Excluded,Not relevant
(Alberts 2000) core source_claim,(Alberts 2000) core source,claim,,Core claim,,no,Core claim,Core claim,Core claim,Not relevant
(Alterio et al. 1998)_EXCLUDE_NA_Expert opinion_NA_NA,(Alterio et al. 1998),EXCLUDE,,Does not test claim,,no,Does not test claim,Expert opinion,Excluded,Not relevant
(Amarasekare 1993)_EXCLUDE_NA_Expert opinion_NA_NA,(Amarasekare 1993),EXCLUDE,,Does not test claim,,no,Does not test claim,Expert opinion,Excluded,Not relevant
(Anthony 1925)_INCLUDE_NA_Predation in support_no_no,(Anthony 1925),INCLUDE,,Predation in support,no,no,Predation in support without data,Predation in support without data,Predation without data,Yes
(Arcos 2011)_EXCLUDE_Report_Failure to access or locate online full citation_NA_NA,(Arcos 2011),EXCLUDE,Report,Inaccessible,,no,Inaccessible,Failure to access or locate online full citation,Excluded,Not relevant
(Arnaud et al. 1994)_EXCLUDE_NA_No claim_NA_NA,(Arnaud et al. 1994),EXCLUDE,,No claim,,no,No claim,No claim,Excluded,Not relevant
(Arnaud et al. 1994)_INCLUDE_NA_Predation in support_no_no,(Arnaud et al. 1994),INCLUDE,,Predation in support,no,no,Predation in support without data,Predation in support without data,Predation without data,Yes
(Atkinson & Atkinson 2000)_EXCLUDE_NA_Expert opinion_NA_NA,(Atkinson & Atkinson 2000),EXCLUDE,,Does not test claim,,no,Does not test claim,Expert opinion,Excluded,Not relevant
(Bain et al. 2015)_INCLUDE_NA_Population not in support_yes_yes,(Bain et al. 2015),INCLUDE,,Population not in support,yes,yes,Population not in support with data of quality,Population not in support with data of quality,Population with data,No
(Bain et al. 2015)_INCLUDE_NA_Predation in support_no_no,(Bain et al. 2015),INCLUDE,,Predation in support,no,no,Predation in support without data,Predation in support without data,Predation without data,Yes
(Bain et al. 2020)_EXCLUDE_NA_Expert opinion_NA_NA,(Bain et al. 2020),EXCLUDE,,Does not test claim,,no,Does not test claim,Expert opinion,Excluded,Not relevant
(Banko 1992)_EXCLUDE_NA_Expert opinion_NA_NA,(Banko 1992),EXCLUDE,,Does not test claim,,no,Does not test claim,Expert opinion,Excluded,Not relevant
(Banko et al. 2001)_EXCLUDE_NA_Expert opinion_NA_NA,(Banko et al. 2001),EXCLUDE,,Does not test claim,,no,Does not test claim,Expert opinion,Excluded,Not relevant
(Banko et al. 2001)_INCLUDE_NA_Predation in support_no_no,(Banko et al. 2001),INCLUDE,,Predation in support,no,no,Predation in support without data,Predation in support without data,Predation without data,Yes
(Banko et al. 2002b)_EXCLUDE_NA_Expert opinion_NA_NA,(Banko et al. 2002b),EXCLUDE,,Does not test claim,,no,Does not test claim,Expert opinion,Excluded,Not relevant
(Banko et al. 2014a)_INCLUDE_NA_Predation in support_no_no,(Banko et al. 2014a),INCLUDE,,Predation in support,no,no,Predation in support without data,Predation in support without data,Predation without data,Yes
(Banko et al. 2019)_INCLUDE_NA_Predation not in support_no_no,(Banko et al. 2019),INCLUDE,,Predation not in support,no,no,Predation not in support without data,Predation not in support without data,Predation without data,No
(Barker & Williams 2002)_INCLUDE_NA_Predation not in support_no_no,(Barker & Williams 2002),INCLUDE,,Predation not in support,no,no,Predation not in support without data,Predation not in support without data,Predation without data,No
(Bauer et al. 2006a)_EXCLUDE_NA_Expert opinion_NA_NA,(Bauer et al. 2006a),EXCLUDE,,Does not test claim,,no,Does not test claim,Expert opinion,Excluded,Not relevant
(Bauer et al. 2006a)_EXCLUDE_NA_No claim_NA_NA,(Bauer et al. 2006a),EXCLUDE,,No claim,,no,No claim,No claim,Excluded,Not relevant
(Bauer et al. 2006b)_EXCLUDE_NA_Expert opinion_NA_NA,(Bauer et al. 2006b),EXCLUDE,,Does not test claim,,no,Does not test claim,Expert opinion,Excluded,Not relevant
(Bell & Bell 2000a)_EXCLUDE_NA_Expert opinion_NA_NA,(Bell & Bell 2000a),EXCLUDE,,Does not test claim,,no,Does not test claim,Expert opinion,Excluded,Not relevant
(Bell et al. 2018)_INCLUDE_NA_Predation in support_no_no,(Bell et al. 2018),INCLUDE,,Predation in support,no,no,Predation in support without data,Predation in support without data,Predation without data,Yes
(Benshemesh 2007)_INCLUDE_NA_Predation in support_no_no,(Benshemesh 2007),INCLUDE,,Predation in support,no,no,Predation in support without data,Predation in support without data,Predation without data,Yes
(Berruti et al. 1995)_EXCLUDE_NA_Expert opinion_NA_NA,(Berruti et al. 1995),EXCLUDE,,Does not test claim,,no,Does not test claim,Expert opinion,Excluded,Not relevant
(Bird et al. 2014)_EXCLUDE_NA_Expert opinion_NA_NA,(Bird et al. 2014),EXCLUDE,,Does not test claim,,no,Does not test claim,Expert opinion,Excluded,Not relevant
(BirdLife International 2018)_EXCLUDE_NA_Expert opinion_NA_NA,(BirdLife International 2018),EXCLUDE,,Does not test claim,,no,Does not test claim,Expert opinion,Excluded,Not relevant
(BirdLife International 2023)_EXCLUDE_NA_Expert opinion_NA_NA,(BirdLife International 2023),EXCLUDE,,Does not test claim,,no,Does not test claim,Expert opinion,Excluded,Not relevant
(Boersma et al. 2013)_EXCLUDE_NA_No claim_NA_NA,(Boersma et al. 2013),EXCLUDE,,No claim,,no,No claim,No claim,Excluded,Not relevant
(Bonnaud et al. 2010a)_INCLUDE_NA_Predation in support_no_no,(Bonnaud et al. 2010a),INCLUDE,,Predation in support,no,no,Predation in support without data,Predation in support without data,Predation without data,Yes
(Borkin et al. 2023)_INCLUDE_NA_Predation in support_no_no,(Borkin et al. 2023),INCLUDE,,Predation in support,no,no,Predation in support without data,Predation in support without data,Predation without data,Yes
(Bourgeois & Vidal 2008)_EXCLUDE_NA_Expert opinion_NA_NA,(Bourgeois & Vidal 2008),EXCLUDE,,Does not test claim,,no,Does not test claim,Expert opinion,Excluded,Not relevant
(Bourgoin et al. 2024)_EXCLUDE_NA_Does not test claim_NA_NA,(Bourgoin et al. 2024),EXCLUDE,,Does not test claim,,no,Does not test claim,Does not test claim,Excluded,Not relevant
(Buller & Keulemans 1905)_INCLUDE_NA_Predation in support_no_no,(Buller & Keulemans 1905),INCLUDE,,Predation in support,no,no,Predation in support without data,Predation in support without data,Predation without data,Yes
(Buller & Keulemans 1905)_INCLUDE_NA_Population in support_no_no,(Buller & Keulemans 1905),INCLUDE,,Population in support,no,no,Population in support without data,Population in support without data,Population without data,Yes
(Campolina et al. 2024)_EXCLUDE_NA_Does not test claim_NA_NA,(Campolina et al. 2024),EXCLUDE,,Does not test claim,,no,Does not test claim,Does not test claim,Excluded,Not relevant
(Campolina et al. 2024) core source_claim,(Campolina et al. 2024) core source,claim,,Core claim,,no,Core claim,Core claim,Core claim,Not relevant
(Castellanos & Rodriguez-Estrella 1993)_EXCLUDE_NA_Expert opinion_NA_NA,(Castellanos & Rodriguez-Estrella 1993),EXCLUDE,,Does not test claim,,no,Does not test claim,Expert opinion,Excluded,Not relevant
(Castro-Prieto et al. 2021)_EXCLUDE_NA_Expert opinion_NA_NA,(Castro-Prieto et al. 2021),EXCLUDE,,Does not test claim,,no,Does not test claim,Expert opinion,Excluded,Not relevant
(Cayot et al. 1994)_EXCLUDE_NA_Expert opinion_NA_NA,(Cayot et al. 1994),EXCLUDE,,Does not test claim,,no,Does not test claim,Expert opinion,Excluded,Not relevant
(Collar 2015)_EXCLUDE_NA_Expert opinion_NA_NA,(Collar 2015),EXCLUDE,,Does not test claim,,no,Does not test claim,Expert opinion,Excluded,Not relevant
(Collister 1994)_INCLUDE_NA_Population not in support_yes_no,(Collister 1994),INCLUDE,,Population not in support,yes,no,Population not in support with data,Population not in support with data,Population with data,No
(Conservation 2001a)_EXCLUDE_NA_Expert opinion_NA_NA,(Conservation 2001a),EXCLUDE,,Does not test claim,,no,Does not test claim,Expert opinion,Excluded,Not relevant
(Copley 1999b)_INCLUDE_NA_Predation in support_no_no,(Copley 1999b),INCLUDE,,Predation in support,no,no,Predation in support without data,Predation in support without data,Predation without data,Yes
(Cruz & Cruz 1987)_INCLUDE_NA_Predation in support_no_no,(Cruz & Cruz 1987),INCLUDE,,Predation in support,no,no,Predation in support without data,Predation in support without data,Predation without data,Yes
(Cruz & Cruz 1996)_INCLUDE_NA_Predation in support_no_no,(Cruz & Cruz 1996),INCLUDE,,Predation in support,no,no,Predation in support without data,Predation in support without data,Predation without data,Yes
(Daniel & Williams 1984)_INCLUDE_NA_Predation in support_no_no,(Daniel & Williams 1984),INCLUDE,,Predation in support,no,no,Predation in support without data,Predation in support without data,Predation without data,Yes
(Darby 2003)_EXCLUDE_NA_Expert opinion_NA_NA,(Darby 2003),EXCLUDE,,Does not test claim,,no,Does not test claim,Expert opinion,Excluded,Not relevant
(Davies et al. 2018)_INCLUDE_NA_Population in support_yes_yes,(Davies et al. 2018),INCLUDE,,Population in support,yes,yes,Population in support with data of quality,Population in support with data of quality,Population with data,Yes
(Davies et al. 2018)_INCLUDE_NA_Population not in support_yes_yes,(Davies et al. 2018),INCLUDE,,Population not in support,yes,yes,Population not in support with data of quality,Population not in support with data of quality,Population with data,No
(Deller et al. 2015)_EXCLUDE_NA_Expert opinion_NA_NA,(Deller et al. 2015),EXCLUDE,,Does not test claim,,no,Does not test claim,Expert opinion,Excluded,Not relevant
(Department of Environment Land Water and Planning 2016)_EXCLUDE_NA_Expert opinion_NA_NA,(Department of Environment Land Water and Planning 2016),EXCLUDE,,Does not test claim,,no,Does not test claim,Expert opinion,Excluded,Not relevant
(Dickman 1996b) core source_claim,(Dickman 1996b) core source,claim,,Core claim,,no,Core claim,Core claim,Core claim,Not relevant
(Dickman et al. 1993)_EXCLUDE_NA_Expert opinion_NA_NA,(Dickman et al. 1993),EXCLUDE,,Does not test claim,,no,Does not test claim,Expert opinion,Excluded,Not relevant
(Dickman et al. 2000)_INCLUDE_NA_Population not in support_yes_no,(Dickman et al. 2000),INCLUDE,,Population not in support,yes,no,Population not in support with data,Population not in support with data,Population with data,No
(Dilley et al. 2017)_INCLUDE_NA_Population in support_yes_no,(Dilley et al. 2017),INCLUDE,,Population in support,yes,no,Population in support with data,Population in support with data,Population with data,Yes
(Dilley et al. 2017)_INCLUDE_NA_Population not in support_yes_no,(Dilley et al. 2017),INCLUDE,,Population not in support,yes,no,Population not in support with data,Population not in support with data,Population with data,No
(Dilley et al. 2018)_INCLUDE_NA_Population not in support_yes_no,(Dilley et al. 2018),INCLUDE,,Population not in support,yes,no,Population not in support with data,Population not in support with data,Population with data,No
(Dilley et al. 2018)_INCLUDE_NA_Population in support_yes_no,(Dilley et al. 2018),INCLUDE,,Population in support,yes,no,Population in support with data,Population in support with data,Population with data,Yes
(Doherty et al. 2015)_EXCLUDE_NA_No claim_NA_NA,(Doherty et al. 2015),EXCLUDE,,No claim,,no,No claim,No claim,Excluded,Not relevant
(Doherty et al. 2015)_INCLUDE_NA_Predation in support_no_no,(Doherty et al. 2015),INCLUDE,,Predation in support,no,no,Predation in support without data,Predation in support without data,Predation without data,Yes
(Doherty et al. 2015)_INCLUDE_NA_Population in support_yes_no,(Doherty et al. 2015),INCLUDE,,Population in support,yes,no,Population in support with data,Population in support with data,Population with data,Yes
(Doherty et al. 2015)_INCLUDE_NA_Predation not in support_no_no,(Doherty et al. 2015),INCLUDE,,Predation not in support,no,no,Predation not in support without data,Predation not in support without data,Predation without data,No
(Doherty et al. 2016) core source_claim,(Doherty et al. 2016) core source,claim,,Core claim,,no,Core claim,Core claim,Core claim,Not relevant
(Dowding & Kennedy 1993)_EXCLUDE_NA_Expert opinion_NA_NA,(Dowding & Kennedy 1993),EXCLUDE,,Does not test claim,,no,Does not test claim,Expert opinion,Excluded,Not relevant
(Dowding & Murphy 2001)_INCLUDE_NA_Population in support_yes_no,(Dowding & Murphy 2001),INCLUDE,,Population in support,yes,no,Population in support with data,Population in support with data,Population with data,Yes
(Dowding & Murphy 2001)_EXCLUDE_NA_Expert opinion_NA_NA,(Dowding & Murphy 2001),EXCLUDE,,Does not test claim,,no,Does not test claim,Expert opinion,Excluded,Not relevant
(Dowding & Murphy 2001)_EXCLUDE_NA_No claim_NA_NA,(Dowding & Murphy 2001),EXCLUDE,,No claim,,no,No claim,No claim,Excluded,Not relevant
(Dowding & Murphy 2001)_EXCLUDE_NA_Missing reference_NA_NA,(Dowding & Murphy 2001),EXCLUDE,NA,Inaccessible,,no,Inaccessible,Missing reference,Excluded,Not relevant
(Dowding & Murphy 2001)_INCLUDE_NA_Population in support_no_no,(Dowding & Murphy 2001),INCLUDE,,Population in support,no,no,Population in support without data,Population in support without data,Population without data,Yes
(Dowding & Murphy 2001)_INCLUDE_NA_Population not in support_no_no,(Dowding & Murphy 2001),INCLUDE,,Population not in support,no,no,Population not in support without data,Population not in support without data,Population without data,No
(Ekstrom et al. 2002)_EXCLUDE_NA_No claim_NA_NA,(Ekstrom et al. 2002),EXCLUDE,,No claim,,no,No claim,No claim,Excluded,Not relevant
(Engeman et al. 2006)_EXCLUDE_NA_Expert opinion_NA_NA,(Engeman et al. 2006),EXCLUDE,,Does not test claim,,no,Does not test claim,Expert opinion,Excluded,Not relevant
(Faegre et al. 2020)_INCLUDE_NA_Predation in support_no_no,(Faegre et al. 2020),INCLUDE,,Predation in support,no,no,Predation in support without data,Predation in support without data,Predation without data,Yes
(Farris et al. 2012)_EXCLUDE_NA_Does not test claim_NA_NA,(Farris et al. 2012),EXCLUDE,,Does not test claim,,no,Does not test claim,Does not test claim,Excluded,Not relevant
(Ferreira & Taylor 2003)_EXCLUDE_NA_Expert opinion_NA_NA,(Ferreira & Taylor 2003),EXCLUDE,,Does not test claim,,no,Does not test claim,Expert opinion,Excluded,Not relevant
(Flores Ravelo & Rando Reyes 2021)_INCLUDE_NA_Predation in support_no_no,(Flores Ravelo & Rando Reyes 2021),INCLUDE,,Predation in support,no,no,Predation in support without data,Predation in support without data,Predation without data,Yes
(Galbreath & Brown 2004)_INCLUDE_NA_Predation in support_no_no,(Galbreath & Brown 2004),INCLUDE,,Predation in support,no,no,Predation in support without data,Predation in support without data,Predation without data,Yes
(Galbreath & Brown 2004)_INCLUDE_NA_Population in support_no_no,(Galbreath & Brown 2004),INCLUDE,,Population in support,no,no,Population in support without data,Population in support without data,Population without data,Yes
(Garnett & Baker 2021) core source_claim,(Garnett & Baker 2021) core source,claim,,Core claim,,no,Core claim,Core claim,Core claim,Not relevant
(Garnett et al. 2011) core source_claim,(Garnett et al. 2011) core source,claim,,Core claim,,no,Core claim,Core claim,Core claim,Not relevant
(Gentile et al. 2015)_INCLUDE_NA_Predation in support_no_no,(Gentile et al. 2015),INCLUDE,,Predation in support,no,no,Predation in support without data,Predation in support without data,Predation without data,Yes
(Gerber 1995)_EXCLUDE_Report_Failure to access or locate online full citation_NA_NA,(Gerber 1995),EXCLUDE,Report,Inaccessible,,no,Inaccessible,Failure to access or locate online full citation,Excluded,Not relevant
(Gerbracht 2021)_EXCLUDE_NA_No claim_NA_NA,(Gerbracht 2021),EXCLUDE,,No claim,,no,No claim,No claim,Excluded,Not relevant
(Glen et al. 2009)_EXCLUDE_NA_No claim_NA_NA,(Glen et al. 2009),EXCLUDE,,No claim,,no,No claim,No claim,Excluded,Not relevant
(Gonzalez 2014)_EXCLUDE_NA_Expert opinion_NA_NA,(Gonzalez 2014),EXCLUDE,,Does not test claim,,no,Does not test claim,Expert opinion,Excluded,Not relevant
(Grant et al. 1997)_EXCLUDE_NA_Expert opinion_NA_NA,(Grant et al. 1997),EXCLUDE,,Does not test claim,,no,Does not test claim,Expert opinion,Excluded,Not relevant
(Grant et al. 2000)_EXCLUDE_NA_Expert opinion_NA_NA,(Grant et al. 2000),EXCLUDE,,Does not test claim,,no,Does not test claim,Expert opinion,Excluded,Not relevant
(Green 1992)_EXCLUDE_NA_Expert opinion_NA_NA,(Green 1992),EXCLUDE,,Does not test claim,,no,Does not test claim,Expert opinion,Excluded,Not relevant
(Griesemer & Holmes 2011)_INCLUDE_NA_Predation in support_no_no,(Griesemer & Holmes 2011),INCLUDE,,Predation in support,no,no,Predation in support without data,Predation in support without data,Predation without data,Yes
(Gunby 2024)_INCLUDE_NA_Predation in support_no_no,(Gunby 2024),INCLUDE,,Predation in support,no,no,Predation in support without data,Predation in support without data,Predation without data,Yes
(Guo et al. 2020)_EXCLUDE_NA_Expert opinion_NA_NA,(Guo et al. 2020),EXCLUDE,,Does not test claim,,no,Does not test claim,Expert opinion,Excluded,Not relevant
(Gustafson 2020)_EXCLUDE_NA_Expert opinion_NA_NA,(Gustafson 2020),EXCLUDE,,Does not test claim,,no,Does not test claim,Expert opinion,Excluded,Not relevant
(Hahn & Römer 2002)_INCLUDE_NA_Predation in support_no_no,(Hahn & Römer 2002),INCLUDE,,Predation in support,no,no,Predation in support without data,Predation in support without data,Predation without data,Yes
(Hahn & Römer 2002)_EXCLUDE_NA_No claim_NA_NA,(Hahn & Römer 2002),EXCLUDE,,No claim,,no,No claim,No claim,Excluded,Not relevant
(Hanna 1925)_INCLUDE_NA_Predation in support_no_no,(Hanna 1925),INCLUDE,,Predation in support,no,no,Predation in support without data,Predation in support without data,Predation without data,Yes
(Hansen 2006)_EXCLUDE_NA_Expert opinion_NA_NA,(Hansen 2006),EXCLUDE,,Does not test claim,,no,Does not test claim,Expert opinion,Excluded,Not relevant
(Hardman 2006)_INCLUDE_NA_Predation in support_no_no,(Hardman 2006),INCLUDE,,Predation in support,no,no,Predation in support without data,Predation in support without data,Predation without data,Yes
(Harlow & Biciloa 2001)_EXCLUDE_NA_Expert opinion_NA_NA,(Harlow & Biciloa 2001),EXCLUDE,,Does not test claim,,no,Does not test claim,Expert opinion,Excluded,Not relevant
(Hess 2014) core source_claim,(Hess 2014) core source,claim,,Core claim,,no,Core claim,Core claim,Core claim,Not relevant
(Hohnen et al. 2016a)_EXCLUDE_NA_Expert opinion_NA_NA,(Hohnen et al. 2016a),EXCLUDE,,Does not test claim,,no,Does not test claim,Expert opinion,Excluded,Not relevant
(Hollis 2011)_EXCLUDE_NA_No claim_NA_NA,(Hollis 2011),EXCLUDE,,No claim,,no,No claim,No claim,Excluded,Not relevant
(Holzapfel et al. 2008)_INCLUDE_NA_Predation in support_no_no,(Holzapfel et al. 2008),INCLUDE,,Predation in support,no,no,Predation in support without data,Predation in support without data,Predation without data,Yes
(Honegger 1981)_EXCLUDE_NA_Expert opinion_NA_NA,(Honegger 1981),EXCLUDE,,Does not test claim,,no,Does not test claim,Expert opinion,Excluded,Not relevant
(Hume 2017) core source_claim,(Hume 2017) core source,claim,,Core claim,,no,Core claim,Core claim,Core claim,Not relevant
(IUCN 2025) core source_claim,(IUCN 2025) core source,claim,,Core claim,,no,Core claim,Core claim,Core claim,Not relevant
(Jahncke & Goya 1998)_EXCLUDE_NA_Expert opinion_NA_NA,(Jahncke & Goya 1998),EXCLUDE,,Does not test claim,,no,Does not test claim,Expert opinion,Excluded,Not relevant
(Jehl & Parkes 1983)_EXCLUDE_NA_Expert opinion_NA_NA,(Jehl & Parkes 1983),EXCLUDE,,Does not test claim,,no,Does not test claim,Expert opinion,Excluded,Not relevant
(Jehl & Parkes 1983)_INCLUDE_NA_Population not in support_yes_no,(Jehl & Parkes 1983),INCLUDE,,Population not in support,yes,no,Population not in support with data,Population not in support with data,Population with data,No
(Jehl & SI 1975)_EXCLUDE_NA_No claim_NA_NA,(Jehl & SI 1975),EXCLUDE,,No claim,,no,No claim,No claim,Excluded,Not relevant
(Jehl & SI 1975)_EXCLUDE_NA_Expert opinion_NA_NA,(Jehl & SI 1975),EXCLUDE,,Does not test claim,,no,Does not test claim,Expert opinion,Excluded,Not relevant
(Juhasz et al. 2022b)_EXCLUDE_NA_Expert opinion_NA_NA,(Juhasz et al. 2022b),EXCLUDE,,Does not test claim,,no,Does not test claim,Expert opinion,Excluded,Not relevant
(Keedwell 2005)_INCLUDE_NA_Predation in support_no_no,(Keedwell 2005),INCLUDE,,Predation in support,no,no,Predation in support without data,Predation in support without data,Predation without data,Yes
(Keitt 2005)_INCLUDE_NA_Predation in support_no_no,(Keitt 2005),INCLUDE,,Predation in support,no,no,Predation in support without data,Predation in support without data,Predation without data,Yes
(Keitt 2005)_EXCLUDE_NA_No claim_NA_NA,(Keitt 2005),EXCLUDE,,No claim,,no,No claim,No claim,Excluded,Not relevant
(King et al. 2012)_INCLUDE_NA_Predation not in support_no_no,(King et al. 2012),INCLUDE,,Predation not in support,no,no,Predation not in support without data,Predation not in support without data,Predation without data,No
(King et al. 2012)_INCLUDE_NA_Population in support_yes_no,(King et al. 2012),INCLUDE,,Population in support,yes,no,Population in support with data,Population in support with data,Population with data,Yes
(Lavery et al. 2022)_EXCLUDE_NA_Expert opinion_NA_NA,(Lavery et al. 2022),EXCLUDE,,Does not test claim,,no,Does not test claim,Expert opinion,Excluded,Not relevant
(Li et al. 2014)_EXCLUDE_NA_No claim_NA_NA,(Li et al. 2014),EXCLUDE,,No claim,,no,No claim,No claim,Excluded,Not relevant
(Malachowski et al. 2018)_EXCLUDE_NA_Expert opinion_NA_NA,(Malachowski et al. 2018),EXCLUDE,,Does not test claim,,no,Does not test claim,Expert opinion,Excluded,Not relevant
(Malachowski et al. 2022)_INCLUDE_NA_Predation in support_no_no,(Malachowski et al. 2022),INCLUDE,,Predation in support,no,no,Predation in support without data,Predation in support without data,Predation without data,Yes
(Martínez-Gómez & Curry 1996)_INCLUDE_NA_Predation not in support_no_no,(Martínez-Gómez & Curry 1996),INCLUDE,,Predation not in support,no,no,Predation not in support without data,Predation not in support without data,Predation without data,No
(Martínez-Gómez & Curry 1996)_INCLUDE_NA_Predation in support_no_no,(Martínez-Gómez & Curry 1996),INCLUDE,,Predation in support,no,no,Predation in support without data,Predation in support without data,Predation without data,Yes
(Martınez-Gomez et al. 2001)_INCLUDE_NA_Population not in support_yes_no,(Martınez-Gomez et al. 2001),INCLUDE,,Population not in support,yes,no,Population not in support with data,Population not in support with data,Population with data,No
(McAlpin 2001)_INCLUDE_NA_Predation in support_no_no,(McAlpin 2001),INCLUDE,,Predation in support,no,no,Predation in support without data,Predation in support without data,Predation without data,Yes
(McChesney & Tershy 1998)_INCLUDE_NA_Predation in support_no_no,(McChesney & Tershy 1998),INCLUDE,,Predation in support,no,no,Predation in support without data,Predation in support without data,Predation without data,Yes
(McChesney & Tershy 1998)_EXCLUDE_NA_No claim_NA_NA,(McChesney & Tershy 1998),EXCLUDE,,No claim,,no,No claim,No claim,Excluded,Not relevant
(McHugh et al. 2019)_INCLUDE_NA_Population not in support_yes_yes,(McHugh et al. 2019),INCLUDE,,Population not in support,yes,yes,Population not in support with data of quality,Population not in support with data of quality,Population with data,No
(Medina & Nogales 2009)_EXCLUDE_NA_No claim_NA_NA,(Medina & Nogales 2009),EXCLUDE,,No claim,,no,No claim,No claim,Excluded,Not relevant
(Medina & Nogales 2009)_INCLUDE_NA_Predation in support_no_no,(Medina & Nogales 2009),INCLUDE,,Predation in support,no,no,Predation in support without data,Predation in support without data,Predation without data,Yes
(Medina & Nogales 2009)_EXCLUDE_NA_Expert opinion_NA_NA,(Medina & Nogales 2009),EXCLUDE,,Does not test claim,,no,Does not test claim,Expert opinion,Excluded,Not relevant
(Medina et al. 2011) core source_claim,(Medina et al. 2011) core source,claim,,Core claim,,no,Core claim,Core claim,Core claim,Not relevant
(Militao et al. 2017)_INCLUDE_NA_Predation in support_no_no,(Militao et al. 2017),INCLUDE,,Predation in support,no,no,Predation in support without data,Predation in support without data,Predation without data,Yes
(Miskelly 1987)_INCLUDE_NA_Population not in support_no_no,(Miskelly 1987),INCLUDE,,Population not in support,no,no,Population not in support without data,Population not in support without data,Population without data,No
(Miskelly 1987)_INCLUDE_NA_Population not in support_yes_no,(Miskelly 1987),INCLUDE,,Population not in support,yes,no,Population not in support with data,Population not in support with data,Population with data,No
(Miskelly 1987)_INCLUDE_NA_Population in support_yes_no,(Miskelly 1987),INCLUDE,,Population in support,yes,no,Population in support with data,Population in support with data,Population with data,Yes
(Miskelly 1988)_INCLUDE_NA_Population not in support_no_no,(Miskelly 1988),INCLUDE,,Population not in support,no,no,Population not in support without data,Population not in support without data,Population without data,No
(Miskelly 2000)_INCLUDE_NA_Population not in support_yes_no,(Miskelly 2000),INCLUDE,,Population not in support,yes,no,Population not in support with data,Population not in support with data,Population with data,No
(Moller & Alterio 1999)_EXCLUDE_NA_Expert opinion_NA_NA,(Moller & Alterio 1999),EXCLUDE,,Does not test claim,,no,Does not test claim,Expert opinion,Excluded,Not relevant
(Moore & Reid 2009)_INCLUDE_NA_Predation in support_no_no,(Moore & Reid 2009),INCLUDE,,Predation in support,no,no,Predation in support without data,Predation in support without data,Predation without data,Yes
(Moore & Walker 1991)_EXCLUDE_NA_Expert opinion_NA_NA,(Moore & Walker 1991),EXCLUDE,,Does not test claim,,no,Does not test claim,Expert opinion,Excluded,Not relevant
(Moore 2008)_INCLUDE_NA_Predation in support_no_no,(Moore 2008),INCLUDE,,Predation in support,no,no,Predation in support without data,Predation in support without data,Predation without data,Yes
(Moseby et al. 2011)_EXCLUDE_NA_No claim_NA_NA,(Moseby et al. 2011),EXCLUDE,,No claim,,no,No claim,No claim,Excluded,Not relevant
(Moseby et al. 2011)_INCLUDE_NA_Predation in support_no_no,(Moseby et al. 2011),INCLUDE,,Predation in support,no,no,Predation in support without data,Predation in support without data,Predation without data,Yes
(Moseby et al. 2011)_INCLUDE_NA_Predation not in support_no_no,(Moseby et al. 2011),INCLUDE,,Predation not in support,no,no,Predation not in support without data,Predation not in support without data,Predation without data,No
(Moseby et al. 2011)_INCLUDE_NA_Population not in support_yes_no,(Moseby et al. 2011),INCLUDE,,Population not in support,yes,no,Population not in support with data,Population not in support with data,Population with data,No
(Moseby et al. 2022)_INCLUDE_NA_Predation in support_no_no,(Moseby et al. 2022),INCLUDE,,Predation in support,no,no,Predation in support without data,Predation in support without data,Predation without data,Yes
(Muzaffar et al. 2013)_EXCLUDE_NA_Expert opinion_NA_NA,(Muzaffar et al. 2013),EXCLUDE,,Does not test claim,,no,Does not test claim,Expert opinion,Excluded,Not relevant
(NSW National Parks and Wildlife Service 2002a)_EXCLUDE_NA_Expert opinion_NA_NA,(NSW National Parks and Wildlife Service 2002a),EXCLUDE,,Does not test claim,,no,Does not test claim,Expert opinion,Excluded,Not relevant
(Nogales et al. 2004)_EXCLUDE_NA_Expert opinion_NA_NA,(Nogales et al. 2004),EXCLUDE,,Does not test claim,,no,Does not test claim,Expert opinion,Excluded,Not relevant
(O'Connor et al. 2007)_EXCLUDE_NA_Expert opinion_NA_NA,(O'Connor et al. 2007),EXCLUDE,,Does not test claim,,no,Does not test claim,Expert opinion,Excluded,Not relevant
(O'Donnell et al. 2010)_EXCLUDE_NA_Expert opinion_NA_NA,(O'Donnell et al. 2010),EXCLUDE,,Does not test claim,,no,Does not test claim,Expert opinion,Excluded,Not relevant
(Oedin et al. 2021) core source_claim,(Oedin et al. 2021) core source,claim,,Core claim,,no,Core claim,Core claim,Core claim,Not relevant
(Office of Environment & Heritage 2012)_EXCLUDE_NA_Expert opinion_NA_NA,(Office of Environment & Heritage 2012),EXCLUDE,,Does not test claim,,no,Does not test claim,Expert opinion,Excluded,Not relevant
(Oro et al. 2004)_EXCLUDE_NA_Expert opinion_NA_NA,(Oro et al. 2004),EXCLUDE,,Does not test claim,,no,Does not test claim,Expert opinion,Excluded,Not relevant
(Ortiz-Alcaraz et al. 2016)_EXCLUDE_NA_No claim_NA_NA,(Ortiz-Alcaraz et al. 2016),EXCLUDE,,No claim,,no,No claim,No claim,Excluded,Not relevant
(O’Donnell et al. 2015)_EXCLUDE_NA_Expert opinion_NA_NA,(O’Donnell et al. 2015),EXCLUDE,,Does not test claim,,no,Does not test claim,Expert opinion,Excluded,Not relevant
(O’Donnell et al. 2015)_INCLUDE_NA_Predation in support_no_no,(O’Donnell et al. 2015),INCLUDE,,Predation in support,no,no,Predation in support without data,Predation in support without data,Predation without data,Yes
(Pavey et al. 2008b)_INCLUDE_NA_Predation in support_no_no,(Pavey et al. 2008b),INCLUDE,,Predation in support,no,no,Predation in support without data,Predation in support without data,Predation without data,Yes
(Pavey et al. 2008b)_INCLUDE_NA_Population not in support_yes_no,(Pavey et al. 2008b),INCLUDE,,Population not in support,yes,no,Population not in support with data,Population not in support with data,Population with data,No
(Penton et al. 2021)_INCLUDE_NA_Population in support_yes_yes,(Penton et al. 2021),INCLUDE,,Population in support,yes,yes,Population in support with data of quality,Population in support with data of quality,Population with data,Yes
(Pierce & Blanvillain 2004)_INCLUDE_NA_Population in support_yes_yes,(Pierce & Blanvillain 2004),INCLUDE,,Population in support,yes,yes,Population in support with data of quality,Population in support with data of quality,Population with data,Yes
(Pierce & Blanvillain 2004)_EXCLUDE_NA_No claim_NA_NA,(Pierce & Blanvillain 2004),EXCLUDE,,No claim,,no,No claim,No claim,Excluded,Not relevant
(Pierce et al. 2003)_INCLUDE_NA_Population in support_yes_yes,(Pierce et al. 2003),INCLUDE,,Population in support,yes,yes,Population in support with data of quality,Population in support with data of quality,Population with data,Yes
(Portelli & Carlile 2019)_EXCLUDE_NA_Expert opinion_NA_NA,(Portelli & Carlile 2019),EXCLUDE,,Does not test claim,,no,Does not test claim,Expert opinion,Excluded,Not relevant
(Pratt et al. 1997)_INCLUDE_NA_Predation in support_no_no,(Pratt et al. 1997),INCLUDE,,Predation in support,no,no,Predation in support without data,Predation in support without data,Predation without data,Yes
(Priddel et al. 2008)_EXCLUDE_NA_Expert opinion_NA_NA,(Priddel et al. 2008),EXCLUDE,,Does not test claim,,no,Does not test claim,Expert opinion,Excluded,Not relevant
(Radford et al. 2018) core source_claim,(Radford et al. 2018) core source,claim,,Core claim,,no,Core claim,Core claim,Core claim,Not relevant
(Ramos 1996)_EXCLUDE_NA_Expert opinion_NA_NA,(Ramos 1996),EXCLUDE,,Does not test claim,,no,Does not test claim,Expert opinion,Excluded,Not relevant
(Ratz & Murphy 1999)_EXCLUDE_NA_Expert opinion_NA_NA,(Ratz & Murphy 1999),EXCLUDE,,Does not test claim,,no,Does not test claim,Expert opinion,Excluded,Not relevant
(Ratz 2000)_EXCLUDE_NA_Expert opinion_NA_NA,(Ratz 2000),EXCLUDE,,Does not test claim,,no,Does not test claim,Expert opinion,Excluded,Not relevant
(Robertson & Colbourne 2022)_INCLUDE_NA_Predation in support_no_no,(Robertson & Colbourne 2022),INCLUDE,,Predation in support,no,no,Predation in support without data,Predation in support without data,Predation without data,Yes
(Robertson & Colbourne 2022)_EXCLUDE_NA_No claim_NA_NA,(Robertson & Colbourne 2022),EXCLUDE,,No claim,,no,No claim,No claim,Excluded,Not relevant
(Rodríguez-Estrella et al. 1991)_INCLUDE_NA_Predation in support_no_no,(Rodríguez-Estrella et al. 1991),INCLUDE,,Predation in support,no,no,Predation in support without data,Predation in support without data,Predation without data,Yes
(Rodríguez-Estrella et al. 1991)_EXCLUDE_NA_Expert opinion_NA_NA,(Rodríguez-Estrella et al. 1991),EXCLUDE,,Does not test claim,,no,Does not test claim,Expert opinion,Excluded,Not relevant
(Sarr et al. 1998)_EXCLUDE_NA_Expert opinion_NA_NA,(Sarr et al. 1998),EXCLUDE,,Does not test claim,,no,Does not test claim,Expert opinion,Excluded,Not relevant
(Seddon et al. 2013)_EXCLUDE_NA_Expert opinion_NA_NA,(Seddon et al. 2013),EXCLUDE,,Does not test claim,,no,Does not test claim,Expert opinion,Excluded,Not relevant
(Short 2016)_EXCLUDE_NA_No claim_NA_NA,(Short 2016),EXCLUDE,,No claim,,no,No claim,No claim,Excluded,Not relevant
(Short 2016)_EXCLUDE_NA_Expert opinion_NA_NA,(Short 2016),EXCLUDE,,Does not test claim,,no,Does not test claim,Expert opinion,Excluded,Not relevant
(Short et al. 2002)_INCLUDE_NA_Predation in support_no_no,(Short et al. 2002),INCLUDE,,Predation in support,no,no,Predation in support without data,Predation in support without data,Predation without data,Yes
(Short et al. 2019)_INCLUDE_NA_Predation in support_no_no,(Short et al. 2019),INCLUDE,,Predation in support,no,no,Predation in support without data,Predation in support without data,Predation without data,Yes
(Simons 1983)_INCLUDE_NA_Predation in support_no_no,(Simons 1983),INCLUDE,,Predation in support,no,no,Predation in support without data,Predation in support without data,Predation without data,Yes
(Simons 1984)_EXCLUDE_NA_Expert opinion_NA_NA,(Simons 1984),EXCLUDE,,Does not test claim,,no,Does not test claim,Expert opinion,Excluded,Not relevant
(Steinfurth 2007)_INCLUDE_NA_Predation in support_no_no,(Steinfurth 2007),INCLUDE,,Predation in support,no,no,Predation in support without data,Predation in support without data,Predation without data,Yes
(Taylor 2000)_EXCLUDE_NA_Expert opinion_NA_NA,(Taylor 2000),EXCLUDE,,Does not test claim,,no,Does not test claim,Expert opinion,Excluded,Not relevant
(Taylor 2000)_EXCLUDE_NA_No claim_NA_NA,(Taylor 2000),EXCLUDE,,No claim,,no,No claim,No claim,Excluded,Not relevant
(Thibault & Cibois 2006a)_EXCLUDE_NA_Expert opinion_NA_NA,(Thibault & Cibois 2006a),EXCLUDE,,Does not test claim,,no,Does not test claim,Expert opinion,Excluded,Not relevant
(Threatened Species Scientific Committee 2008b)_EXCLUDE_NA_Expert opinion_NA_NA,(Threatened Species Scientific Committee 2008b),EXCLUDE,,Does not test claim,,no,Does not test claim,Expert opinion,Excluded,Not relevant
(Tocher 2006)_EXCLUDE_NA_Does not test claim_NA_NA,(Tocher 2006),EXCLUDE,,Does not test claim,,no,Does not test claim,Does not test claim,Excluded,Not relevant
(Tocher 2006)_EXCLUDE_NA_No claim_NA_NA,(Tocher 2006),EXCLUDE,,No claim,,no,No claim,No claim,Excluded,Not relevant
(USFWS 1998a)_INCLUDE_NA_Predation in support_no_no,(USFWS 1998a),INCLUDE,,Predation in support,no,no,Predation in support without data,Predation in support without data,Predation without data,Yes
(USFWS 2004)_INCLUDE_NA_Predation in support_no_no,(USFWS 2004),INCLUDE,,Predation in support,no,no,Predation in support without data,Predation in support without data,Predation without data,Yes
(USFWS 2013b)_EXCLUDE_NA_Expert opinion_NA_NA,(USFWS 2013b),EXCLUDE,,Does not test claim,,no,Does not test claim,Expert opinion,Excluded,Not relevant
(USFWS 2020)_EXCLUDE_NA_Expert opinion_NA_NA,(USFWS 2020),EXCLUDE,,Does not test claim,,no,Does not test claim,Expert opinion,Excluded,Not relevant
(VanderWerf et al. 2016)_EXCLUDE_NA_Expert opinion_NA_NA,(VanderWerf et al. 2016),EXCLUDE,,Does not test claim,,no,Does not test claim,Expert opinion,Excluded,Not relevant
(Veitch 2001)_EXCLUDE_NA_No claim_NA_NA,(Veitch 2001),EXCLUDE,,No claim,,no,No claim,No claim,Excluded,Not relevant
(Veitch 2001)_EXCLUDE_NA_Expert opinion_NA_NA,(Veitch 2001),EXCLUDE,,Does not test claim,,no,Does not test claim,Expert opinion,Excluded,Not relevant
(Veitch et al. 2004)_EXCLUDE_NA_Expert opinion_NA_NA,(Veitch et al. 2004),EXCLUDE,,Does not test claim,,no,Does not test claim,Expert opinion,Excluded,Not relevant
(Velarde et al. 2011)_EXCLUDE_NA_Expert opinion_NA_NA,(Velarde et al. 2011),EXCLUDE,,Does not test claim,,no,Does not test claim,Expert opinion,Excluded,Not relevant
(Vincenot et al. 2015)_INCLUDE_NA_Predation in support_no_no,(Vincenot et al. 2015),INCLUDE,,Predation in support,no,no,Predation in support without data,Predation in support without data,Predation without data,Yes
(Vincenot et al. 2017)_INCLUDE_NA_Predation in support_no_no,(Vincenot et al. 2017),INCLUDE,,Predation in support,no,no,Predation in support without data,Predation in support without data,Predation without data,Yes
(Wallach & Lundgren 2025)_external review without claim,(Wallach & Lundgren 2025),external review without claim,,External review without claim,,no,External review without claim,External review without claim,External review without claim,Not relevant
(Wayne et al. 2011)_INCLUDE_NA_Population not in support_yes_no,(Wayne et al. 2011),INCLUDE,,Population not in support,yes,no,Population not in support with data,Population not in support with data,Population with data,No
(Wayne et al. 2011)_INCLUDE_NA_Predation in support_no_no,(Wayne et al. 2011),INCLUDE,,Predation in support,no,no,Predation in support without data,Predation in support without data,Predation without data,Yes
(Wayne et al. 2011)_INCLUDE_NA_Population in support_yes_no,(Wayne et al. 2011),INCLUDE,,Population in support,yes,no,Population in support with data,Population in support with data,Population with data,Yes
(Wayne et al. 2017a)_INCLUDE_NA_Population not in support_yes_no,(Wayne et al. 2017a),INCLUDE,,Population not in support,yes,no,Population not in support with data,Population not in support with data,Population with data,No
(Wayne et al. 2017a)_INCLUDE_NA_Population in support_yes_no,(Wayne et al. 2017a),INCLUDE,,Population in support,yes,no,Population in support with data,Population in support with data,Population with data,Yes
(Wayne et al. 2017a)_EXCLUDE_NA_Expert opinion_NA_NA,(Wayne et al. 2017a),EXCLUDE,,Does not test claim,,no,Does not test claim,Expert opinion,Excluded,Not relevant
(Welch & Leppanen 2017) core source_claim,(Welch & Leppanen 2017) core source,claim,,Core claim,,no,Core claim,Core claim,Core claim,Not relevant
(Whitworth et al. 2020)_EXCLUDE_NA_Expert opinion_NA_NA,(Whitworth et al. 2020),EXCLUDE,,Does not test claim,,no,Does not test claim,Expert opinion,Excluded,Not relevant
(Wiggins 2004)_INCLUDE_NA_Population not in support_yes_no,(Wiggins 2004),INCLUDE,,Population not in support,yes,no,Population not in support with data,Population not in support with data,Population with data,No
(Wilson & Coast 2016)_INCLUDE_NA_Predation in support_no_no,(Wilson & Coast 2016),INCLUDE,,Predation in support,no,no,Predation in support without data,Predation in support without data,Predation without data,Yes
(Woinarski et al. 2014) core source_claim,(Woinarski et al. 2014) core source,claim,,Core claim,,no,Core claim,Core claim,Core claim,Not relevant
(Young et al. 2013)_EXCLUDE_NA_Expert opinion_NA_NA,(Young et al. 2013),EXCLUDE,,Does not test claim,,no,Does not test claim,Expert opinion,Excluded,Not relevant
(Zavalaga et al. 2008a)_EXCLUDE_NA_No claim_NA_NA,(Zavalaga et al. 2008a),EXCLUDE,,No claim,,no,No claim,No claim,Excluded,Not relevant
(Zino et al. 1995)_INCLUDE_NA_Predation in support_no_no,(Zino et al. 1995),INCLUDE,,Predation in support,no,no,Predation in support without data,Predation in support without data,Predation without data,Yes
(Zino et al. 2001)_INCLUDE_NA_Predation in support_no_no,(Zino et al. 2001),INCLUDE,,Predation in support,no,no,Predation in support without data,Predation in support without data,Predation without data,Yes
(van Riper III 1980a)_INCLUDE_NA_Predation in support_no_no,(van Riper III 1980a),INCLUDE,,Predation in support,no,no,Predation in support without data,Predation in support without data,Predation without data,Yes
Opportunistic_Systematic external review,Opportunistic,Systematic external review,,External review without claim,,no,External review without claim,External review without claim,External review without claim,Not relevant
Web of Science_Systematic external review,Web of Science,Systematic external review,,External review without claim,,no,External review without claim,External review without claim,External review without claim,Not relevant
(Williams 1991)_INCLUDE_NA_Predation in support_no_no,(Williams 1991),INCLUDE,,Predation in support,no,no,Predation in support without data,Predation in support without data,Predation without data,Yes
(Iverson 1978)_INCLUDE_NA_Predation in support_no_no,(Iverson 1978),INCLUDE,,Predation in support,no,no,Predation in support without data,Predation in support without data,Predation without data,Yes
(Moreno 1995)_EXCLUDE_NA_Unpublished data or article_NA_NA,(Moreno 1995),EXCLUDE,NA,Inaccessible,,no,Inaccessible,Unpublished data or article,Excluded,Not relevant
NOTHING_EXCLUDE_NA_No citation given_NA_NA Cyclura collei,NOTHING NA Cyclura collei,EXCLUDE,,No citation given,,no,Opinion claim,Opinion claim,Excluded,Not relevant
NOTHING_EXCLUDE_NA_No citation given_NA_NA Cyclura cornuta,NOTHING NA Cyclura cornuta,EXCLUDE,,No citation given,,no,Opinion claim,Opinion claim,Excluded,Not relevant
NOTHING_EXCLUDE_NA_No citation given_NA_NA Cyclura lewisi,NOTHING NA Cyclura lewisi,EXCLUDE,,No citation given,,no,Opinion claim,Opinion claim,Excluded,Not relevant
NOTHING_EXCLUDE_NA_No citation given_NA_NA Cyclura pinguis,NOTHING NA Cyclura pinguis,EXCLUDE,,No citation given,,no,Opinion claim,Opinion claim,Excluded,Not relevant
NOTHING_EXCLUDE_NA_No citation given_NA_NA Cyclura ricordii,NOTHING NA Cyclura ricordii,EXCLUDE,,No citation given,,no,Opinion claim,Opinion claim,Excluded,Not relevant
NOTHING_EXCLUDE_NA_No citation given_NA_NA Iguana delicatissima,NOTHING NA Iguana delicatissima,EXCLUDE,,No citation given,,no,Opinion claim,Opinion claim,Excluded,Not relevant
(Darby et al. 1990)_INCLUDE_NA_Predation in support_no_no,(Darby et al. 1990),INCLUDE,,Predation in support,no,no,Predation in support without data,Predation in support without data,Predation without data,Yes
(Fechney et al. 1993)_EXCLUDE_Report_Failure to access or locate online full citation_NA_NA,(Fechney et al. 1993),EXCLUDE,Report,Inaccessible,,no,Inaccessible,Failure to access or locate online full citation,Excluded,Not relevant
(Moller et al. 1995)_EXCLUDE_Report_Failure to access or locate online full citation_NA_NA,(Moller et al. 1995),EXCLUDE,Report,Inaccessible,,no,Inaccessible,Failure to access or locate online full citation,Excluded,Not relevant
(Ratz et al. 1992)_EXCLUDE_Report_Failure to access or locate online full citation_NA_NA,(Ratz et al. 1992),EXCLUDE,Report,Inaccessible,,no,Inaccessible,Failure to access or locate online full citation,Excluded,Not relevant
(Pletschet & Kelly 1990)_INCLUDE_NA_Predation in support_no_no,(Pletschet & Kelly 1990),INCLUDE,,Predation in support,no,no,Predation in support without data,Predation in support without data,Predation without data,Yes
(Ruiz & Martí 2004)_EXCLUDE_NA_Not in English or Spanish_NA_NA,(Ruiz & Martí 2004),EXCLUDE,NA,Inaccessible,,no,Inaccessible,Not in English or Spanish,Excluded,Not relevant
(Arnaud et al. 1993)_INCLUDE_NA_Predation in support_no_no,(Arnaud et al. 1993),INCLUDE,,Predation in support,no,no,Predation in support without data,Predation in support without data,Predation without data,Yes
(Imber 1975)_EXCLUDE_Report_Failure to access or locate online full citation_NA_NA,(Imber 1975),EXCLUDE,Report,Inaccessible,,no,Inaccessible,Failure to access or locate online full citation,Excluded,Not relevant
(Bain 2015)_INCLUDE_NA_Predation in support_no_no,(Bain 2015),INCLUDE,,Predation in support,no,no,Predation in support without data,Predation in support without data,Predation without data,Yes
(Christensen & Kimber 1975)_EXCLUDE_Peer-reviewed journal article_Failure to access or locate online full citation_NA_NA,(Christensen & Kimber 1975),EXCLUDE,Peer-reviewed journal article,Inaccessible,,no,Inaccessible,Failure to access or locate online full citation,Excluded,Not relevant
(Hayward et al. 2004)_EXCLUDE_NA_Expert opinion_NA_NA,(Hayward et al. 2004),EXCLUDE,,Does not test claim,,no,Does not test claim,Expert opinion,Excluded,Not relevant
(Hayward et al. 2003)_EXCLUDE_NA_No claim_NA_NA,(Hayward et al. 2003),EXCLUDE,,No claim,,no,No claim,No claim,Excluded,Not relevant
(Hoshide et al. 1990)_INCLUDE_NA_Predation in support_no_no,(Hoshide et al. 1990),INCLUDE,,Predation in support,no,no,Predation in support without data,Predation in support without data,Predation without data,Yes
(Kear & Berger 1980)_EXCLUDE_Book or chapter_Failure to access or locate online full citation_NA_NA,(Kear & Berger 1980),EXCLUDE,Book or chapter,Inaccessible,,no,Inaccessible,Failure to access or locate online full citation,Excluded,Not relevant
(Banko et al. 2020)_EXCLUDE_Book or chapter_Failure to access or locate online full citation_NA_NA,(Banko et al. 2020),EXCLUDE,Book or chapter,Inaccessible,,no,Inaccessible,Failure to access or locate online full citation,Excluded,Not relevant
(van Riper III 1980b)_EXCLUDE_NA_No claim_NA_NA,(van Riper III 1980b),EXCLUDE,,No claim,,no,No claim,No claim,Excluded,Not relevant
(Banko et al. 2009)_EXCLUDE_Book or chapter_Failure to access or locate online full citation_NA_NA,(Banko et al. 2009),EXCLUDE,Book or chapter,Inaccessible,,no,Inaccessible,Failure to access or locate online full citation,Excluded,Not relevant
(Hess et al. 2004)_INCLUDE_NA_Predation in support_no_no,(Hess et al. 2004),INCLUDE,,Predation in support,no,no,Predation in support without data,Predation in support without data,Predation without data,Yes
(Barker 1998)_EXCLUDE_NA_Unpublished data or article_NA_NA,(Barker 1998),EXCLUDE,NA,Inaccessible,,no,Inaccessible,Unpublished data or article,Excluded,Not relevant
(Barker 1999)_EXCLUDE_NA_Unpublished data or article_NA_NA,(Barker 1999),EXCLUDE,NA,Inaccessible,,no,Inaccessible,Unpublished data or article,Excluded,Not relevant
(Williams 2001)_EXCLUDE_NA_Expert opinion_NA_NA,(Williams 2001),EXCLUDE,,Does not test claim,,no,Does not test claim,Expert opinion,Excluded,Not relevant
(Whitaker et al. 2004)_EXCLUDE_Report_Failure to access or locate online full citation_NA_NA,(Whitaker et al. 2004),EXCLUDE,Report,Inaccessible,,no,Inaccessible,Failure to access or locate online full citation,Excluded,Not relevant
(Whitaker Consultants Limited 2002)_EXCLUDE_Report_Failure to access or locate online full citation_NA_NA,(Whitaker Consultants Limited 2002),EXCLUDE,Report,Inaccessible,,no,Inaccessible,Failure to access or locate online full citation,Excluded,Not relevant
(Fleming 1939)_EXCLUDE_NA_No claim_NA_NA,(Fleming 1939),EXCLUDE,,No claim,,no,No claim,No claim,Excluded,Not relevant
(Bell 2013)_EXCLUDE_NA_Expert opinion_NA_NA,(Bell 2013),EXCLUDE,,Does not test claim,,no,Does not test claim,Expert opinion,Excluded,Not relevant
(Benshemesh 1992)_EXCLUDE_Thesis_Failure to access or locate online full citation_NA_NA,(Benshemesh 1992),EXCLUDE,Thesis,Inaccessible,,no,Inaccessible,Failure to access or locate online full citation,Excluded,Not relevant
(Van Aarde 1981)_INCLUDE_NA_Predation in support_no_no,(Van Aarde 1981),INCLUDE,,Predation in support,no,no,Predation in support without data,Predation in support without data,Predation without data,Yes
(Van Rensburg 1985)_INCLUDE_NA_Predation in support_no_no,(Van Rensburg 1985),INCLUDE,,Predation in support,no,no,Predation in support without data,Predation in support without data,Predation without data,Yes
(Croxall & Gales 1998)_EXCLUDE_Book or chapter_Failure to access or locate online full citation_NA_NA,(Croxall & Gales 1998),EXCLUDE,Book or chapter,Inaccessible,,no,Inaccessible,Failure to access or locate online full citation,Excluded,Not relevant
(Thompson et al. 2007)_EXCLUDE_NA_Unpublished data or article_NA_NA,(Thompson et al. 2007),EXCLUDE,NA,Inaccessible,,no,Inaccessible,Unpublished data or article,Excluded,Not relevant
J. Read in litt. 2016_EXCLUDE_NA_Unpublished data or article_NA_NA,J. Read in litt. 2016,EXCLUDE,NA,Inaccessible,,no,Inaccessible,Unpublished data or article,Excluded,Not relevant
(Barnett 1986)_EXCLUDE_NA_No claim_NA_NA,(Barnett 1986),EXCLUDE,,No claim,,no,No claim,No claim,Excluded,Not relevant
(Boersma 1976)_EXCLUDE_NA_No claim_NA_NA,(Boersma 1976),EXCLUDE,,No claim,,no,No claim,No claim,Excluded,Not relevant
(Steinfurth & Merlen 2005)_EXCLUDE_Report_Failure to access or locate online full citation_NA_NA,(Steinfurth & Merlen 2005),EXCLUDE,Report,Inaccessible,,no,Inaccessible,Failure to access or locate online full citation,Excluded,Not relevant
(Espinosa-Gayosso & Álvarez-Castañeda 2006)_INCLUDE_NA_Predation in support_no_no,(Espinosa-Gayosso & Álvarez-Castañeda 2006),INCLUDE,,Predation in support,no,no,Predation in support without data,Predation in support without data,Predation without data,Yes
(García Márquez et al. 1999)_INCLUDE_NA_Predation in support_no_no,(García Márquez et al. 1999),INCLUDE,,Predation in support,no,no,Predation in support without data,Predation in support without data,Predation without data,Yes
(Shionosaki et al. 2015)_INCLUDE_NA_Predation in support_no_no,(Shionosaki et al. 2015),INCLUDE,,Predation in support,no,no,Predation in support without data,Predation in support without data,Predation without data,Yes
(Bonnaud et al. 2007)_INCLUDE_NA_Predation in support_no_no,(Bonnaud et al. 2007),INCLUDE,,Predation in support,no,no,Predation in support without data,Predation in support without data,Predation without data,Yes
(Tranchant et al. 2003)_INCLUDE_NA_Predation in support_no_no,(Tranchant et al. 2003),INCLUDE,,Predation in support,no,no,Predation in support without data,Predation in support without data,Predation without data,Yes
(Barbraud et al. 2021)_INCLUDE_NA_Predation in support_no_no,(Barbraud et al. 2021),INCLUDE,,Predation in support,no,no,Predation in support without data,Predation in support without data,Predation without data,Yes
(Barbraud et al. 2021)_INCLUDE_NA_Population in support_no_no,(Barbraud et al. 2021),INCLUDE,,Population in support,no,no,Population in support without data,Population in support without data,Population without data,Yes
(Blanchard et al. 2024)_INCLUDE_NA_Population in support_yes_yes,(Blanchard et al. 2024),INCLUDE,,Population in support,yes,yes,Population in support with data of quality,Population in support with data of quality,Population with data,Yes
(Blanchard et al. 2024)_INCLUDE_NA_Predation in support_no_no,(Blanchard et al. 2024),INCLUDE,,Predation in support,no,no,Predation in support without data,Predation in support without data,Predation without data,Yes
(Hume 2017) core source_INCLUDE_NA_Predation in support_no_no,(Hume 2017) core source,INCLUDE,,Predation in support,no,no,Predation in support without data,Predation in support without data,Predation without data,Yes
(Hume 2017) core source_INCLUDE_NA_Population in support_no_no,(Hume 2017) core source,INCLUDE,,Population in support,no,no,Population in support without data,Population in support without data,Population without data,Yes
(Newton & Fugler 1989)_EXCLUDE_NA_No claim_NA_NA,(Newton & Fugler 1989),EXCLUDE,,No claim,,no,No claim,No claim,Excluded,Not relevant
(Azumi et al. 2021)_INCLUDE_NA_Predation in support_no_no,(Azumi et al. 2021),INCLUDE,,Predation in support,no,no,Predation in support without data,Predation in support without data,Predation without data,Yes
(Bonnaud et al. 2010b)_INCLUDE_NA_Population in support_yes_no,(Bonnaud et al. 2010b),INCLUDE,,Population in support,yes,no,Population in support with data,Population in support with data,Population with data,Yes
(Bonnaud et al. 2009)_INCLUDE_NA_Predation in support_no_no,(Bonnaud et al. 2009),INCLUDE,,Predation in support,no,no,Predation in support without data,Predation in support without data,Predation without data,Yes
(Rayner et al. 2007)_INCLUDE_NA_Population not in support_yes_no,(Rayner et al. 2007),INCLUDE,,Population not in support,yes,no,Population not in support with data,Population not in support with data,Population with data,No
(Newton & Fugler 1989)_EXCLUDE_NA_Expert opinion_NA_NA,(Newton & Fugler 1989),EXCLUDE,,Does not test claim,,no,Does not test claim,Expert opinion,Excluded,Not relevant
(Oka 2019)_EXCLUDE_Peer-reviewed journal article_Failure to access or locate online full citation_NA_NA,(Oka 2019),EXCLUDE,Peer-reviewed journal article,Inaccessible,,no,Inaccessible,Failure to access or locate online full citation,Excluded,Not relevant
(Oka et al. 2002)_INCLUDE_NA_Predation in support_no_no,(Oka et al. 2002),INCLUDE,,Predation in support,no,no,Predation in support without data,Predation in support without data,Predation without data,Yes
(Raine et al. 2020)_INCLUDE_NA_Predation in support_no_no,(Raine et al. 2020),INCLUDE,,Predation in support,no,no,Predation in support without data,Predation in support without data,Predation without data,Yes
(Shiozaki et al. 2014)_INCLUDE_NA_Predation in support_no_no,(Shiozaki et al. 2014),INCLUDE,,Predation in support,no,no,Predation in support without data,Predation in support without data,Predation without data,Yes
(Sanders & Maloney 2002)_INCLUDE_NA_Predation in support_no_no,(Sanders & Maloney 2002),INCLUDE,,Predation in support,no,no,Predation in support without data,Predation in support without data,Predation without data,Yes
(Jehl & Parkes 1982)_EXCLUDE_NA_No claim_NA_NA,(Jehl & Parkes 1982),EXCLUDE,,No claim,,no,No claim,No claim,Excluded,Not relevant
(Oberle 2018)_EXCLUDE_Book or chapter_Failure to access or locate online full citation_NA_NA,(Oberle 2018),EXCLUDE,Book or chapter,Inaccessible,,no,Inaccessible,Failure to access or locate online full citation,Excluded,Not relevant
(Raffaele et al. 1998)_EXCLUDE_Book or chapter_Failure to access or locate online full citation_NA_NA,(Raffaele et al. 1998),EXCLUDE,Book or chapter,Inaccessible,,no,Inaccessible,Failure to access or locate online full citation,Excluded,Not relevant
(Konecny 1983)_EXCLUDE_NA_No claim_NA_NA,(Konecny 1983),EXCLUDE,,No claim,,no,No claim,No claim,Excluded,Not relevant
(Laurie 1983)_INCLUDE_NA_Predation in support_no_no,(Laurie 1983),INCLUDE,,Predation in support,no,no,Predation in support without data,Predation in support without data,Predation without data,Yes
(Becke 1908)_EXCLUDE_NA_Expert opinion_NA_NA,(Becke 1908),EXCLUDE,,Does not test claim,,no,Does not test claim,Expert opinion,Excluded,Not relevant
(Bennett 1862)_EXCLUDE_Journal pre-1975_Failure to access or locate online full citation_NA_NA,(Bennett 1862),EXCLUDE,Journal pre-1975,Inaccessible,,no,Inaccessible,Failure to access or locate online full citation,Excluded,Not relevant
(Bennett 1863)_EXCLUDE_Journal pre-1975_Failure to access or locate online full citation_NA_NA,(Bennett 1863),EXCLUDE,Journal pre-1975,Inaccessible,,no,Inaccessible,Failure to access or locate online full citation,Excluded,Not relevant
(Bennett 1864)_EXCLUDE_Journal pre-1975_Failure to access or locate online full citation_NA_NA,(Bennett 1864),EXCLUDE,Journal pre-1975,Inaccessible,,no,Inaccessible,Failure to access or locate online full citation,Excluded,Not relevant
(Dorner 1872)_EXCLUDE_NA_Not in English or Spanish_NA_NA,(Dorner 1872),EXCLUDE,NA,Inaccessible,,no,Inaccessible,Not in English or Spanish,Excluded,Not relevant
(Ramsay 1864)_EXCLUDE_Peer-reviewed journal article_Failure to access or locate online full citation_NA_NA,(Ramsay 1864),EXCLUDE,Peer-reviewed journal article,Inaccessible,,no,Inaccessible,Failure to access or locate online full citation,Excluded,Not relevant
(Whitmee 1874)_EXCLUDE_Journal pre-1975_Failure to access or locate online full citation_NA_NA,(Whitmee 1874),EXCLUDE,Journal pre-1975,Inaccessible,,no,Inaccessible,Failure to access or locate online full citation,Excluded,Not relevant
(Whitmee 1875)_EXCLUDE_Journal pre-1975_Failure to access or locate online full citation_NA_NA,(Whitmee 1875),EXCLUDE,Journal pre-1975,Inaccessible,,no,Inaccessible,Failure to access or locate online full citation,Excluded,Not relevant
(Williams 1863)_EXCLUDE_Journal pre-1975_Failure to access or locate online full citation_NA_NA,(Williams 1863),EXCLUDE,Journal pre-1975,Inaccessible,,no,Inaccessible,Failure to access or locate online full citation,Excluded,Not relevant
(Gawlik & Bildstein 1990)_INCLUDE_NA_Population not in support_yes_no,(Gawlik & Bildstein 1990),INCLUDE,,Population not in support,yes,no,Population not in support with data,Population not in support with data,Population with data,No
(Luukkonen 1987)_EXCLUDE_NA_No claim_NA_NA,(Luukkonen 1987),EXCLUDE,,No claim,,no,No claim,No claim,Excluded,Not relevant
(Tyler 1992)_EXCLUDE_NA_Expert opinion_NA_NA,(Tyler 1992),EXCLUDE,,Does not test claim,,no,Does not test claim,Expert opinion,Excluded,Not relevant
(Nilsson et al. 1994)_EXCLUDE_NA_Expert opinion_NA_NA,(Nilsson et al. 1994),EXCLUDE,,Does not test claim,,no,Does not test claim,Expert opinion,Excluded,Not relevant
(Copley 1999a)_INCLUDE_NA_Predation in support_no_no,(Copley 1999a),INCLUDE,,Predation in support,no,no,Predation in support without data,Predation in support without data,Predation without data,Yes
(Coulter 1984)_EXCLUDE_Report_Failure to access or locate online full citation_NA_NA,(Coulter 1984),EXCLUDE,Report,Inaccessible,,no,Inaccessible,Failure to access or locate online full citation,Excluded,Not relevant
(Coulter et al. 1981)_EXCLUDE_Report_Failure to access or locate online full citation_NA_NA,(Coulter et al. 1981),EXCLUDE,Report,Inaccessible,,no,Inaccessible,Failure to access or locate online full citation,Excluded,Not relevant
(Daniel & Williams 1981)_INCLUDE_NA_Predation in support_no_no,(Daniel & Williams 1981),INCLUDE,,Predation in support,no,no,Predation in support without data,Predation in support without data,Predation without data,Yes
"(ODT 2001)_EXCLUDE_Newspaper, newsletter or magazine_Failure to access or locate online full citation_NA_NA",(ODT 2001),EXCLUDE,"Newspaper, newsletter or magazine",Inaccessible,,no,Inaccessible,Failure to access or locate online full citation,Excluded,Not relevant
"(Mayston 2001)_EXCLUDE_Newspaper, newsletter or magazine_Failure to access or locate online full citation_NA_NA",(Mayston 2001),EXCLUDE,"Newspaper, newsletter or magazine",Inaccessible,,no,Inaccessible,Failure to access or locate online full citation,Excluded,Not relevant
(Davies et al. 2017)_INCLUDE_NA_Population in support_yes_yes,(Davies et al. 2017),INCLUDE,,Population in support,yes,yes,Population in support with data of quality,Population in support with data of quality,Population with data,Yes
"(Burbidge 2001)_EXCLUDE_Newspaper, newsletter or magazine_Failure to access or locate online full citation_NA_NA",(Burbidge 2001),EXCLUDE,"Newspaper, newsletter or magazine",Inaccessible,,no,Inaccessible,Failure to access or locate online full citation,Excluded,Not relevant
(Burbidge 2001)_EXCLUDE_NA_Missing reference_NA_NA,(Burbidge 2001),EXCLUDE,NA,Inaccessible,,no,Inaccessible,Missing reference,Excluded,Not relevant
(Burbidge & Manly 2002)_EXCLUDE_NA_Does not test claim_NA_NA,(Burbidge & Manly 2002),EXCLUDE,,Does not test claim,,no,Does not test claim,Does not test claim,Excluded,Not relevant
(Mount Buller and Mount Stirling Alpine Resort Management Board 2005)_EXCLUDE_Report_Failure to access or locate online full citation_NA_NA,(Mount Buller and Mount Stirling Alpine Resort Management Board 2005),EXCLUDE,Report,Inaccessible,,no,Inaccessible,Failure to access or locate online full citation,Excluded,Not relevant
(Broome & Ford 2005)_EXCLUDE_NA_No claim_NA_NA,(Broome & Ford 2005),EXCLUDE,,No claim,,no,No claim,No claim,Excluded,Not relevant
(Broome 1992)_EXCLUDE_Report_Failure to access or locate online full citation_NA_NA,(Broome 1992),EXCLUDE,Report,Inaccessible,,no,Inaccessible,Failure to access or locate online full citation,Excluded,Not relevant
(Broome et al. 2012)_EXCLUDE_NA_Expert opinion_NA_NA,(Broome et al. 2012),EXCLUDE,,Does not test claim,,no,Does not test claim,Expert opinion,Excluded,Not relevant
(Heinze et al. 2004)_EXCLUDE_Book or chapter_Failure to access or locate online full citation_NA_NA,(Heinze et al. 2004),EXCLUDE,Book or chapter,Inaccessible,,no,Inaccessible,Failure to access or locate online full citation,Excluded,Not relevant
(Mansergh 1991)_EXCLUDE_Report_Failure to access or locate online full citation_NA_NA,(Mansergh 1991),EXCLUDE,Report,Inaccessible,,no,Inaccessible,Failure to access or locate online full citation,Excluded,Not relevant
(Mansergh & Broome 1994)_EXCLUDE_Book or chapter_Failure to access or locate online full citation_NA_NA,(Mansergh & Broome 1994),EXCLUDE,Book or chapter,Inaccessible,,no,Inaccessible,Failure to access or locate online full citation,Excluded,Not relevant
(Mansergh 1988)_EXCLUDE_NA_Expert opinion_NA_NA,(Mansergh 1988),EXCLUDE,,Does not test claim,,no,Does not test claim,Expert opinion,Excluded,Not relevant
(McDougall & Broome 2007)_EXCLUDE_NA_Expert opinion_NA_NA,(McDougall & Broome 2007),EXCLUDE,,Does not test claim,,no,Does not test claim,Expert opinion,Excluded,Not relevant
(NSW National Parks and Wildlife Service 2002b)_EXCLUDE_Report_Failure to access or locate online full citation_NA_NA,(NSW National Parks and Wildlife Service 2002b),EXCLUDE,Report,Inaccessible,,no,Inaccessible,Failure to access or locate online full citation,Excluded,Not relevant
(Watson 2006)_EXCLUDE_Thesis_Failure to access or locate online full citation_NA_NA,(Watson 2006),EXCLUDE,Thesis,Inaccessible,,no,Inaccessible,Failure to access or locate online full citation,Excluded,Not relevant
(Baynes 1979)_EXCLUDE_Thesis_Failure to access or locate online full citation_NA_NA,(Baynes 1979),EXCLUDE,Thesis,Inaccessible,,no,Inaccessible,Failure to access or locate online full citation,Excluded,Not relevant
(Baynes 1990)_EXCLUDE_NA_No claim_NA_NA,(Baynes 1990),EXCLUDE,,No claim,,no,No claim,No claim,Excluded,Not relevant
(Burbidge & McKenzie 1989)_EXCLUDE_NA_No claim_NA_NA,(Burbidge & McKenzie 1989),EXCLUDE,,No claim,,no,No claim,No claim,Excluded,Not relevant
(Christensen & Burrows 1995)_INCLUDE_NA_Predation in support_no_no,(Christensen & Burrows 1995),INCLUDE,,Predation in support,no,no,Predation in support without data,Predation in support without data,Predation without data,Yes
(Christensen & Burrows 1995)_INCLUDE_NA_Predation not in support_no_no,(Christensen & Burrows 1995),INCLUDE,,Predation not in support,no,no,Predation not in support without data,Predation not in support without data,Predation without data,No
(Copley 1994)_EXCLUDE_Book or chapter_Failure to access or locate online full citation_NA_NA,(Copley 1994),EXCLUDE,Book or chapter,Inaccessible,,no,Inaccessible,Failure to access or locate online full citation,Excluded,Not relevant
(Ford 1979)_EXCLUDE_NA_No claim_NA_NA,(Ford 1979),EXCLUDE,,No claim,,no,No claim,No claim,Excluded,Not relevant
(Friend 1990)_EXCLUDE_NA_Expert opinion_NA_NA,(Friend 1990),EXCLUDE,,Does not test claim,,no,Does not test claim,Expert opinion,Excluded,Not relevant
(Horsup & Evans 1993)_INCLUDE_NA_Predation in support_no_no,(Horsup & Evans 1993),INCLUDE,,Predation in support,no,no,Predation in support without data,Predation in support without data,Predation without data,Yes
NOTHING_EXCLUDE_NA_No citation given_NA_NA Burramys parvus,NOTHING NA Burramys parvus,EXCLUDE,,No citation given,,no,Opinion claim,Opinion claim,Excluded,Not relevant
NOTHING_EXCLUDE_NA_No citation given_NA_NA Chaeropus ecaudatus,NOTHING NA Chaeropus ecaudatus,EXCLUDE,,No citation given,,no,Opinion claim,Opinion claim,Excluded,Not relevant
NOTHING_EXCLUDE_NA_No citation given_NA_NA Conilurus albipes,NOTHING NA Conilurus albipes,EXCLUDE,,No citation given,,no,Opinion claim,Opinion claim,Excluded,Not relevant
NOTHING_EXCLUDE_NA_No citation given_NA_NA Dasyurus hallucatus,NOTHING NA Dasyurus hallucatus,EXCLUDE,,No citation given,,no,Opinion claim,Opinion claim,Excluded,Not relevant
NOTHING_EXCLUDE_NA_No citation given_NA_NA Dasyurus viverrinus,NOTHING NA Dasyurus viverrinus,EXCLUDE,,No citation given,,no,Opinion claim,Opinion claim,Excluded,Not relevant
NOTHING_EXCLUDE_NA_No citation given_NA_NA Lagostrophus fasciatus,NOTHING NA Lagostrophus fasciatus,EXCLUDE,,No citation given,,no,Opinion claim,Opinion claim,Excluded,Not relevant
NOTHING_EXCLUDE_NA_No citation given_NA_NA Macrotis lagotis,NOTHING NA Macrotis lagotis,EXCLUDE,,No citation given,,no,Opinion claim,Opinion claim,Excluded,Not relevant
NOTHING_EXCLUDE_NA_No citation given_NA_NA Mesembriomys macrurus,NOTHING NA Mesembriomys macrurus,EXCLUDE,,No citation given,,no,Opinion claim,Opinion claim,Excluded,Not relevant
NOTHING_EXCLUDE_NA_No citation given_NA_NA Notomys aquilo,NOTHING NA Notomys aquilo,EXCLUDE,,No citation given,,no,Opinion claim,Opinion claim,Excluded,Not relevant
NOTHING_EXCLUDE_NA_No citation given_NA_NA Notomys fuscus,NOTHING NA Notomys fuscus,EXCLUDE,,No citation given,,no,Opinion claim,Opinion claim,Excluded,Not relevant
NOTHING_EXCLUDE_NA_No citation given_NA_NA Ornithorhynchus anatinus,NOTHING NA Ornithorhynchus anatinus,EXCLUDE,,No citation given,,no,Opinion claim,Opinion claim,Excluded,Not relevant
NOTHING_EXCLUDE_NA_No citation given_NA_NA Perameles bougainville,NOTHING NA Perameles bougainville,EXCLUDE,,No citation given,,no,Opinion claim,Opinion claim,Excluded,Not relevant
NOTHING_EXCLUDE_NA_No citation given_NA_NA Petrogale penicillata,NOTHING NA Petrogale penicillata,EXCLUDE,,No citation given,,no,Opinion claim,Opinion claim,Excluded,Not relevant
NOTHING_EXCLUDE_NA_No citation given_NA_NA Potorous tridactylus,NOTHING NA Potorous tridactylus,EXCLUDE,,No citation given,,no,Opinion claim,Opinion claim,Excluded,Not relevant
NOTHING_EXCLUDE_NA_No citation given_NA_NA Pseudocheirus occidentalis,NOTHING NA Pseudocheirus occidentalis,EXCLUDE,,No citation given,,no,Opinion claim,Opinion claim,Excluded,Not relevant
NOTHING_EXCLUDE_NA_No citation given_NA_NA Pseudomys fieldi,NOTHING NA Pseudomys fieldi,EXCLUDE,,No citation given,,no,Opinion claim,Opinion claim,Excluded,Not relevant
NOTHING_EXCLUDE_NA_No citation given_NA_NA Pseudomys gouldii,NOTHING NA Pseudomys gouldii,EXCLUDE,,No citation given,,no,Opinion claim,Opinion claim,Excluded,Not relevant
NOTHING_EXCLUDE_NA_No citation given_NA_NA Pseudomys oralis,NOTHING NA Pseudomys oralis,EXCLUDE,,No citation given,,no,Opinion claim,Opinion claim,Excluded,Not relevant
NOTHING_EXCLUDE_NA_No citation given_NA_NA Pseudomys shortridgei,NOTHING NA Pseudomys shortridgei,EXCLUDE,,No citation given,,no,Opinion claim,Opinion claim,Excluded,Not relevant
NOTHING_EXCLUDE_NA_No citation given_NA_NA Sminthopsis butleri,NOTHING NA Sminthopsis butleri,EXCLUDE,,No citation given,,no,Opinion claim,Opinion claim,Excluded,Not relevant
NOTHING_EXCLUDE_NA_No citation given_NA_NA Sminthopsis douglasi,NOTHING NA Sminthopsis douglasi,EXCLUDE,,No citation given,,no,Opinion claim,Opinion claim,Excluded,Not relevant
NOTHING_EXCLUDE_NA_No citation given_NA_NA Sminthopsis psammophila,NOTHING NA Sminthopsis psammophila,EXCLUDE,,No citation given,,no,Opinion claim,Opinion claim,Excluded,Not relevant
NOTHING_EXCLUDE_NA_No citation given_NA_NA Xeromys myoides,NOTHING NA Xeromys myoides,EXCLUDE,,No citation given,,no,Opinion claim,Opinion claim,Excluded,Not relevant
NOTHING_EXCLUDE_NA_No citation given_NA_NA Zyzomys pedunculatus,NOTHING NA Zyzomys pedunculatus,EXCLUDE,,No citation given,,no,Opinion claim,Opinion claim,Excluded,Not relevant
(Pearson 1992)_INCLUDE_NA_Predation not in support_no_no,(Pearson 1992),INCLUDE,,Predation not in support,no,no,Predation not in support without data,Predation not in support without data,Predation without data,No
(Pye 1991)_EXCLUDE_NA_Expert opinion_NA_NA,(Pye 1991),EXCLUDE,,Does not test claim,,no,Does not test claim,Expert opinion,Excluded,Not relevant
(Robinson & Smyth 1976)_EXCLUDE_Peer-reviewed journal article_Failure to access or locate online full citation_NA_NA,(Robinson & Smyth 1976),EXCLUDE,Peer-reviewed journal article,Inaccessible,,no,Inaccessible,Failure to access or locate online full citation,Excluded,Not relevant
(Robinson 1989)_EXCLUDE_Report_Failure to access or locate online full citation_NA_NA,(Robinson 1989),EXCLUDE,Report,Inaccessible,,no,Inaccessible,Failure to access or locate online full citation,Excluded,Not relevant
(Serena et al. 1991)_EXCLUDE_NA_Expert opinion_NA_NA,(Serena et al. 1991),EXCLUDE,,Does not test claim,,no,Does not test claim,Expert opinion,Excluded,Not relevant
(Soderquist 1994)_EXCLUDE_Book or chapter_Failure to access or locate online full citation_NA_NA,(Soderquist 1994),EXCLUDE,Book or chapter,Inaccessible,,no,Inaccessible,Failure to access or locate online full citation,Excluded,Not relevant
(Tidemann et al. 1994)_INCLUDE_NA_Predation in support_no_no,(Tidemann et al. 1994),INCLUDE,,Predation in support,no,no,Predation in support without data,Predation in support without data,Predation without data,Yes
(Burbidge & Johnson 1983)_EXCLUDE_Book or chapter_Failure to access or locate online full citation_NA_NA,(Burbidge & Johnson 1983),EXCLUDE,Book or chapter,Inaccessible,,no,Inaccessible,Failure to access or locate online full citation,Excluded,Not relevant
(McKenzie 1984)_EXCLUDE_Book or chapter_Failure to access or locate online full citation_NA_NA,(McKenzie 1984),EXCLUDE,Book or chapter,Inaccessible,,no,Inaccessible,Failure to access or locate online full citation,Excluded,Not relevant
(Serena et al. 1991)_EXCLUDE_NA_No claim_NA_NA,(Serena et al. 1991),EXCLUDE,,No claim,,no,No claim,No claim,Excluded,Not relevant
(Wallach & Lundgren 2025)_INCLUDE_NA_Population not in support_yes_no,(Wallach & Lundgren 2025),INCLUDE,,Population not in support,yes,no,Population not in support with data,Population not in support with data,Population with data,No
(Augusteyn et al. 2022)_INCLUDE_NA_Predation in support_no_no,(Augusteyn et al. 2022),INCLUDE,,Predation in support,no,no,Predation in support without data,Predation in support without data,Predation without data,Yes
(Cowan et al. 2020)_INCLUDE_NA_Predation in support_no_no,(Cowan et al. 2020),INCLUDE,,Predation in support,no,no,Predation in support without data,Predation in support without data,Predation without data,Yes
(Fisher 1999)_INCLUDE_NA_Predation in support_no_no,(Fisher 1999),INCLUDE,,Predation in support,no,no,Predation in support without data,Predation in support without data,Predation without data,Yes
(Fisher et al. 2001)_INCLUDE_NA_Predation in support_no_no,(Fisher et al. 2001),INCLUDE,,Predation in support,no,no,Predation in support without data,Predation in support without data,Predation without data,Yes
(Friend & Thomas 1994)_INCLUDE_NA_Predation in support_no_no,(Friend & Thomas 1994),INCLUDE,,Predation in support,no,no,Predation in support without data,Predation in support without data,Predation without data,Yes
(Glen et al. 2010)_INCLUDE_NA_Predation in support_no_no,(Glen et al. 2010),INCLUDE,,Predation in support,no,no,Predation in support without data,Predation in support without data,Predation without data,Yes
(Hardman et al. 2016)_INCLUDE_NA_Predation in support_no_no,(Hardman et al. 2016),INCLUDE,,Predation in support,no,no,Predation in support without data,Predation in support without data,Predation without data,Yes
(Hayward et al. 2005)_INCLUDE_NA_Predation in support_no_no,(Hayward et al. 2005),INCLUDE,,Predation in support,no,no,Predation in support without data,Predation in support without data,Predation without data,Yes
(Kutt 2003)_INCLUDE_NA_Predation in support_no_no,(Kutt 2003),INCLUDE,,Predation in support,no,no,Predation in support without data,Predation in support without data,Predation without data,Yes
(Kutt 2011)_INCLUDE_NA_Predation in support_no_no,(Kutt 2011),INCLUDE,,Predation in support,no,no,Predation in support without data,Predation in support without data,Predation without data,Yes
(Kutt & Kitchener 2012)_INCLUDE_NA_Predation in support_no_no,(Kutt & Kitchener 2012),INCLUDE,,Predation in support,no,no,Predation in support without data,Predation in support without data,Predation without data,Yes
(Kutt & Kitchener 2012)_INCLUDE_NA_Predation not in support_no_no,(Kutt & Kitchener 2012),INCLUDE,,Predation not in support,no,no,Predation not in support without data,Predation not in support without data,Predation without data,No
(Mahon 1999)_INCLUDE_NA_Predation in support_no_no,(Mahon 1999),INCLUDE,,Predation in support,no,no,Predation in support without data,Predation in support without data,Predation without data,Yes
(Marlow et al. 2015a)_INCLUDE_NA_Predation in support_no_no,(Marlow et al. 2015a),INCLUDE,,Predation in support,no,no,Predation in support without data,Predation in support without data,Predation without data,Yes
(Mifsud & Woolley 2012)_INCLUDE_NA_Predation in support_no_no,(Mifsud & Woolley 2012),INCLUDE,,Predation in support,no,no,Predation in support without data,Predation in support without data,Predation without data,Yes
(Moseby et al. 2018)_INCLUDE_NA_Predation in support_no_no,(Moseby et al. 2018),INCLUDE,,Predation in support,no,no,Predation in support without data,Predation in support without data,Predation without data,Yes
(Moseby et al. 2019)_INCLUDE_NA_Predation in support_no_no,(Moseby et al. 2019),INCLUDE,,Predation in support,no,no,Predation in support without data,Predation in support without data,Predation without data,Yes
(Moseby et al. 2015)_INCLUDE_NA_Predation in support_no_no,(Moseby et al. 2015),INCLUDE,,Predation in support,no,no,Predation in support without data,Predation in support without data,Predation without data,Yes
(Moyses et al. 2020)_INCLUDE_NA_Predation in support_no_no,(Moyses et al. 2020),INCLUDE,,Predation in support,no,no,Predation in support without data,Predation in support without data,Predation without data,Yes
(Murphy et al. 2019)_INCLUDE_NA_Predation in support_no_no,(Murphy et al. 2019),INCLUDE,,Predation in support,no,no,Predation in support without data,Predation in support without data,Predation without data,Yes
(Oakwood 2000)_INCLUDE_NA_Predation in support_no_no,(Oakwood 2000),INCLUDE,,Predation in support,no,no,Predation in support without data,Predation in support without data,Predation without data,Yes
(Paltridge 2002)_INCLUDE_NA_Predation in support_no_no,(Paltridge 2002),INCLUDE,,Predation in support,no,no,Predation in support without data,Predation in support without data,Predation without data,Yes
(Paltridge et al. 1997)_INCLUDE_NA_Predation in support_no_no,(Paltridge et al. 1997),INCLUDE,,Predation in support,no,no,Predation in support without data,Predation in support without data,Predation without data,Yes
(Paltridge 2005)_INCLUDE_NA_Predation in support_no_no,(Paltridge 2005),INCLUDE,,Predation in support,no,no,Predation in support without data,Predation in support without data,Predation without data,Yes
(Peacock & Abbott 2014)_INCLUDE_NA_Predation in support_no_no,(Peacock & Abbott 2014),INCLUDE,,Predation in support,no,no,Predation in support without data,Predation in support without data,Predation without data,Yes
(Pedler et al. 2016)_INCLUDE_NA_Population in support_yes_no,(Pedler et al. 2016),INCLUDE,,Population in support,yes,no,Population in support with data,Population in support with data,Population with data,Yes
(Pollock 1999)_INCLUDE_NA_Predation in support_no_no,(Pollock 1999),INCLUDE,,Predation in support,no,no,Predation in support without data,Predation in support without data,Predation without data,Yes
(Soderquist & Serena 1994)_INCLUDE_NA_Predation in support_no_no,(Soderquist & Serena 1994),INCLUDE,,Predation in support,no,no,Predation in support without data,Predation in support without data,Predation without data,Yes
(Stokeld et al. 2018)_INCLUDE_NA_Predation in support_no_no,(Stokeld et al. 2018),INCLUDE,,Predation in support,no,no,Predation in support without data,Predation in support without data,Predation without data,Yes
(Vernes et al. 2021b)_INCLUDE_NA_Predation in support_no_no,(Vernes et al. 2021b),INCLUDE,,Predation in support,no,no,Predation in support without data,Predation in support without data,Predation without data,Yes
(Engilis Jr & Pratt 1993)_EXCLUDE_NA_No claim_NA_NA,(Engilis Jr & Pratt 1993),EXCLUDE,,No claim,,no,No claim,No claim,Excluded,Not relevant
(Whitaker et al. 2005)_EXCLUDE_NA_Unpublished data or article_NA_NA,(Whitaker et al. 2005),EXCLUDE,NA,Inaccessible,,no,Inaccessible,Unpublished data or article,Excluded,Not relevant
(Whitaker et al. 2005)_EXCLUDE_Report_Failure to access or locate online full citation_NA_NA,(Whitaker et al. 2005),EXCLUDE,Report,Inaccessible,,no,Inaccessible,Failure to access or locate online full citation,Excluded,Not relevant
(Meckstroth et al. 2007)_EXCLUDE_NA_No claim_NA_NA,(Meckstroth et al. 2007),EXCLUDE,,No claim,,no,No claim,No claim,Excluded,Not relevant
(Rodríguez-Ferraro & Sanz 2007)_INCLUDE_NA_Predation in support_no_no,(Rodríguez-Ferraro & Sanz 2007),INCLUDE,,Predation in support,no,no,Predation in support without data,Predation in support without data,Predation without data,Yes
(Cheke 1987)_EXCLUDE_Book or chapter_Failure to access or locate online full citation_NA_NA,(Cheke 1987),EXCLUDE,Book or chapter,Inaccessible,,no,Inaccessible,Failure to access or locate online full citation,Excluded,Not relevant
(Valido et al. 2000)_EXCLUDE_NA_Expert opinion_NA_NA,(Valido et al. 2000),EXCLUDE,,Does not test claim,,no,Does not test claim,Expert opinion,Excluded,Not relevant
(Autai et al. 2012)_EXCLUDE_Report_Failure to access or locate online full citation_NA_NA,(Autai et al. 2012),EXCLUDE,Report,Inaccessible,,no,Inaccessible,Failure to access or locate online full citation,Excluded,Not relevant
(ACAP 2009a)_EXCLUDE_NA_Expert opinion_NA_NA,(ACAP 2009a),EXCLUDE,,Does not test claim,,no,Does not test claim,Expert opinion,Excluded,Not relevant
(ACAP 2010a)_EXCLUDE_Report_Failure to access or locate online full citation_NA_NA,(ACAP 2010a),EXCLUDE,Report,Inaccessible,,no,Inaccessible,Failure to access or locate online full citation,Excluded,Not relevant
(ACAP 2010c)_EXCLUDE_NA_Expert opinion_NA_NA,(ACAP 2010c),EXCLUDE,,Does not test claim,,no,Does not test claim,Expert opinion,Excluded,Not relevant
(Alberts 2000) core source_INCLUDE_NA_Predation in support_no_no,(Alberts 2000) core source,INCLUDE,,Predation in support,no,no,Predation in support without data,Predation in support without data,Predation without data,Yes
(Andreone & Guarino 2003)_EXCLUDE_NA_Expert opinion_NA_NA,(Andreone & Guarino 2003),EXCLUDE,,Does not test claim,,no,Does not test claim,Expert opinion,Excluded,Not relevant
(Araya et al. 2000)_EXCLUDE_Report_Failure to access or locate online full citation_NA_NA,(Araya et al. 2000),EXCLUDE,Report,Inaccessible,,no,Inaccessible,Failure to access or locate online full citation,Excluded,Not relevant
(Lloyd 2001)_INCLUDE_NA_Predation in support_no_no,(Lloyd 2001),INCLUDE,,Predation in support,no,no,Predation in support without data,Predation in support without data,Predation without data,Yes
(Gangloff et al. 2009)_EXCLUDE_NA_No claim_NA_NA,(Gangloff et al. 2009),EXCLUDE,,No claim,,no,No claim,No claim,Excluded,Not relevant
(Miller & Mullette 1985)_INCLUDE_NA_Predation not in support_no_no,(Miller & Mullette 1985),INCLUDE,,Predation not in support,no,no,Predation not in support without data,Predation not in support without data,Predation without data,No
(Keitt et al. 2005)_EXCLUDE_Book or chapter_Failure to access or locate online full citation_NA_NA,(Keitt et al. 2005),EXCLUDE,Book or chapter,Inaccessible,,no,Inaccessible,Failure to access or locate online full citation,Excluded,Not relevant
"(Wilson & van Veen 2005)_EXCLUDE_Newspaper, newsletter or magazine_Failure to access or locate online full citation_NA_NA",(Wilson & van Veen 2005),EXCLUDE,"Newspaper, newsletter or magazine",Inaccessible,,no,Inaccessible,Failure to access or locate online full citation,Excluded,Not relevant
(Bentz et al. 2011)_EXCLUDE_NA_Expert opinion_NA_NA,(Bentz et al. 2011),EXCLUDE,,Does not test claim,,no,Does not test claim,Expert opinion,Excluded,Not relevant
(Bonnaud et al. 2012)_INCLUDE_NA_Predation in support_no_no,(Bonnaud et al. 2012),INCLUDE,,Predation in support,no,no,Predation in support without data,Predation in support without data,Predation without data,Yes
(Burbidge et al. 2010)_EXCLUDE_Book or chapter_Failure to access or locate online full citation_NA_NA,(Burbidge et al. 2010),EXCLUDE,Book or chapter,Inaccessible,,no,Inaccessible,Failure to access or locate online full citation,Excluded,Not relevant
(Burns et al. 2013)_INCLUDE_NA_Population in support_yes_yes,(Burns et al. 2013),INCLUDE,,Population in support,yes,yes,Population in support with data of quality,Population in support with data of quality,Population with data,Yes
(Burns et al. 2013)_INCLUDE_NA_Predation in support_no_no,(Burns et al. 2013),INCLUDE,,Predation in support,no,no,Predation in support without data,Predation in support without data,Predation without data,Yes
(O'Donnell & Hoare 2011)_EXCLUDE_NA_Does not test claim_NA_NA,(O'Donnell & Hoare 2011),EXCLUDE,,Does not test claim,,no,Does not test claim,Does not test claim,Excluded,Not relevant
(Jones et al. 1995)_INCLUDE_NA_Predation in support_no_no,(Jones et al. 1995),INCLUDE,,Predation in support,no,no,Predation in support without data,Predation in support without data,Predation without data,Yes
(MacFarland et al. 1974a)_INCLUDE_NA_Population not in support_yes_no,(MacFarland et al. 1974a),INCLUDE,,Population not in support,yes,no,Population not in support with data,Population not in support with data,Population with data,No
(MacFarland et al. 1974a)_INCLUDE_NA_Predation in support_no_no,(MacFarland et al. 1974a),INCLUDE,,Predation in support,no,no,Predation in support without data,Predation in support without data,Predation without data,Yes
(MacFarland et al. 1974b)_EXCLUDE_NA_Expert opinion_NA_NA,(MacFarland et al. 1974b),EXCLUDE,,Does not test claim,,no,Does not test claim,Expert opinion,Excluded,Not relevant
(Robertson 2001)_EXCLUDE_NA_No claim_NA_NA,(Robertson 2001),EXCLUDE,,No claim,,no,No claim,No claim,Excluded,Not relevant
(Lorenzo et al. 2011)_EXCLUDE_NA_Expert opinion_NA_NA,(Lorenzo et al. 2011),EXCLUDE,,Does not test claim,,no,Does not test claim,Expert opinion,Excluded,Not relevant
(Palmer et al. 2003)_EXCLUDE_NA_Expert opinion_NA_NA,(Palmer et al. 2003),EXCLUDE,,Does not test claim,,no,Does not test claim,Expert opinion,Excluded,Not relevant
(Cade & Jones 1993)_EXCLUDE_Peer-reviewed journal article_Failure to access or locate online full citation_NA_NA,(Cade & Jones 1993),EXCLUDE,Peer-reviewed journal article,Inaccessible,,no,Inaccessible,Failure to access or locate online full citation,Excluded,Not relevant
(Clough 1976)_EXCLUDE_NA_No claim_NA_NA,(Clough 1976),EXCLUDE,,No claim,,no,No claim,No claim,Excluded,Not relevant
(Duffy & Capece 2014)_INCLUDE_NA_Predation in support_no_no,(Duffy & Capece 2014),INCLUDE,,Predation in support,no,no,Predation in support without data,Predation in support without data,Predation without data,Yes
(Kesler et al. 2012)_EXCLUDE_NA_Expert opinion_NA_NA,(Kesler et al. 2012),EXCLUDE,,Does not test claim,,no,Does not test claim,Expert opinion,Excluded,Not relevant
(Wills et al. 2003)_INCLUDE_NA_Predation in support_no_no,(Wills et al. 2003),INCLUDE,,Predation in support,no,no,Predation in support without data,Predation in support without data,Predation without data,Yes
(Wills et al. 2003)_INCLUDE_NA_Predation not in support_no_no,(Wills et al. 2003),INCLUDE,,Predation not in support,no,no,Predation not in support without data,Predation not in support without data,Predation without data,No
(James et al. 2007)_EXCLUDE_Report_Failure to access or locate online full citation_NA_NA,(James et al. 2007),EXCLUDE,Report,Inaccessible,,no,Inaccessible,Failure to access or locate online full citation,Excluded,Not relevant
(Priddel & Wheeler 1996)_EXCLUDE_NA_Expert opinion_NA_NA,(Priddel & Wheeler 1996),EXCLUDE,,Does not test claim,,no,Does not test claim,Expert opinion,Excluded,Not relevant
(Priddel & Wheeler 1997)_INCLUDE_NA_Predation in support_no_no,(Priddel & Wheeler 1997),INCLUDE,,Predation in support,no,no,Predation in support without data,Predation in support without data,Predation without data,Yes
(Priddel & Wheeler 1994)_INCLUDE_NA_Predation in support_no_no,(Priddel & Wheeler 1994),INCLUDE,,Predation in support,no,no,Predation in support without data,Predation in support without data,Predation without data,Yes
(Day et al. 2003)_EXCLUDE_NA_Expert opinion_NA_NA,(Day et al. 2003),EXCLUDE,,Does not test claim,,no,Does not test claim,Expert opinion,Excluded,Not relevant
(Deem et al. 2010)_EXCLUDE_NA_Does not test claim_NA_NA,(Deem et al. 2010),EXCLUDE,,Does not test claim,,no,Does not test claim,Does not test claim,Excluded,Not relevant
(Conservation 2001b)_EXCLUDE_NA_Expert opinion_NA_NA,(Conservation 2001b),EXCLUDE,,Does not test claim,,no,Does not test claim,Expert opinion,Excluded,Not relevant
(Wildlife 2014)_EXCLUDE_NA_Expert opinion_NA_NA,(Wildlife 2014),EXCLUDE,,Does not test claim,,no,Does not test claim,Expert opinion,Excluded,Not relevant
(Wildlife 2014)_EXCLUDE_Report_Failure to access or locate online full citation_NA_NA,(Wildlife 2014),EXCLUDE,Report,Inaccessible,,no,Inaccessible,Failure to access or locate online full citation,Excluded,Not relevant
(Management 2010)_EXCLUDE_NA_Expert opinion_NA_NA,(Management 2010),EXCLUDE,,Does not test claim,,no,Does not test claim,Expert opinion,Excluded,Not relevant
(Dutson 2013)_EXCLUDE_NA_Expert opinion_NA_NA,(Dutson 2013),EXCLUDE,,Does not test claim,,no,Does not test claim,Expert opinion,Excluded,Not relevant
(Rave et al. 2005)_INCLUDE_NA_Predation in support_no_no,(Rave et al. 2005),INCLUDE,,Predation in support,no,no,Predation in support without data,Predation in support without data,Predation without data,Yes
(Mellink et al. 2002)_EXCLUDE_NA_Expert opinion_NA_NA,(Mellink et al. 2002),EXCLUDE,,Does not test claim,,no,Does not test claim,Expert opinion,Excluded,Not relevant
(Kennedy 2009)_EXCLUDE_NA_Expert opinion_NA_NA,(Kennedy 2009),EXCLUDE,,Does not test claim,,no,Does not test claim,Expert opinion,Excluded,Not relevant
(Andreone & Gavetti 1998)_EXCLUDE_NA_Expert opinion_NA_NA,(Andreone & Gavetti 1998),EXCLUDE,,Does not test claim,,no,Does not test claim,Expert opinion,Excluded,Not relevant
(Cruz-Delgado et al. 2010)_INCLUDE_NA_Predation not in support_no_no,(Cruz-Delgado et al. 2010),INCLUDE,,Predation not in support,no,no,Predation not in support without data,Predation not in support without data,Predation without data,No
(Vilella 1995)_EXCLUDE_NA_No claim_NA_NA,(Vilella 1995),EXCLUDE,,No claim,,no,No claim,No claim,Excluded,Not relevant
(Faulquier et al. 2009)_INCLUDE_NA_Predation in support_no_no,(Faulquier et al. 2009),INCLUDE,,Predation in support,no,no,Predation in support without data,Predation in support without data,Predation without data,Yes
(Elliott & Kemp 2004)_EXCLUDE_NA_No claim_NA_NA,(Elliott & Kemp 2004),EXCLUDE,,No claim,,no,No claim,No claim,Excluded,Not relevant
(Witteman et al. 1990)_EXCLUDE_Peer-reviewed journal article_Failure to access or locate online full citation_NA_NA,(Witteman et al. 1990),EXCLUDE,Peer-reviewed journal article,Inaccessible,,no,Inaccessible,Failure to access or locate online full citation,Excluded,Not relevant
(Garnett et al. 2011) core source_INCLUDE_NA_Population in support_no_no,(Garnett et al. 2011) core source,INCLUDE,,Population in support,no,no,Population in support without data,Population in support without data,Population without data,Yes
(Garnett et al. 2011) core source_INCLUDE_NA_Predation in support_no_no,(Garnett et al. 2011) core source,INCLUDE,,Predation in support,no,no,Predation in support without data,Predation in support without data,Predation without data,Yes
(Gibbons 1984)_EXCLUDE_NA_Expert opinion_NA_NA,(Gibbons 1984),EXCLUDE,,Does not test claim,,no,Does not test claim,Expert opinion,Excluded,Not relevant
(Gillies et al. 2003)_INCLUDE_NA_Population in support_yes_no,(Gillies et al. 2003),INCLUDE,,Population in support,yes,no,Population in support with data,Population in support with data,Population with data,Yes
(Gillies et al. 2003)_INCLUDE_NA_Predation in support_no_no,(Gillies et al. 2003),INCLUDE,,Predation in support,no,no,Predation in support without data,Predation in support without data,Predation without data,Yes
(Gillies et al. 2003)_EXCLUDE_NA_No claim_NA_NA,(Gillies et al. 2003),EXCLUDE,,No claim,,no,No claim,No claim,Excluded,Not relevant
(Gordon et al. 2015)_INCLUDE_NA_Population not in support_yes_yes,(Gordon et al. 2015),INCLUDE,,Population not in support,yes,yes,Population not in support with data of quality,Population not in support with data of quality,Population with data,No
(Greenway 1967)_EXCLUDE_Book or chapter_Failure to access or locate online full citation_NA_NA,(Greenway 1967),EXCLUDE,Book or chapter,Inaccessible,,no,Inaccessible,Failure to access or locate online full citation,Excluded,Not relevant
(Hasegawa et al. 2002)_EXCLUDE_NA_Expert opinion_NA_NA,(Hasegawa et al. 2002),EXCLUDE,,Does not test claim,,no,Does not test claim,Expert opinion,Excluded,Not relevant
(Hahn et al. 2004)_EXCLUDE_NA_Expert opinion_NA_NA,(Hahn et al. 2004),EXCLUDE,,Does not test claim,,no,Does not test claim,Expert opinion,Excluded,Not relevant
(Hedges & Conn 2012)_EXCLUDE_NA_Expert opinion_NA_NA,(Hedges & Conn 2012),EXCLUDE,,Does not test claim,,no,Does not test claim,Expert opinion,Excluded,Not relevant
(Efraín et al. 2000)_INCLUDE_NA_Predation in support_no_no,(Efraín et al. 2000),INCLUDE,,Predation in support,no,no,Predation in support without data,Predation in support without data,Predation without data,Yes
(Hodum & Wainstein 2003)_EXCLUDE_NA_Expert opinion_NA_NA,(Hodum & Wainstein 2003),EXCLUDE,,Does not test claim,,no,Does not test claim,Expert opinion,Excluded,Not relevant
(Hume 2011)_EXCLUDE_NA_No claim_NA_NA,(Hume 2011),EXCLUDE,,No claim,,no,No claim,No claim,Excluded,Not relevant
(Hunt 1997)_INCLUDE_NA_Predation in support_no_no,(Hunt 1997),INCLUDE,,Predation in support,no,no,Predation in support without data,Predation in support without data,Predation without data,Yes
(IUCN 2025) core source_INCLUDE_NA_Predation in support_no_no,(IUCN 2025) core source,INCLUDE,,Predation in support,no,no,Predation in support without data,Predation in support without data,Predation without data,Yes
(IUCN 2025) core source_INCLUDE_NA_Population in support_no_no,(IUCN 2025) core source,INCLUDE,,Population in support,no,no,Population in support without data,Population in support without data,Population without data,Yes
(IUCN 2025) core source_INCLUDE_NA_Population not in support_no_no,(IUCN 2025) core source,INCLUDE,,Population not in support,no,no,Population not in support without data,Population not in support without data,Population without data,No
(IUCN 2025) core source_INCLUDE_NA_Population not in support_yes_no,(IUCN 2025) core source,INCLUDE,,Population not in support,yes,no,Population not in support with data,Population not in support with data,Population with data,No
(Woinarski 2004)_EXCLUDE_NA_Expert opinion_NA_NA,(Woinarski 2004),EXCLUDE,,Does not test claim,,no,Does not test claim,Expert opinion,Excluded,Not relevant
(Courtenay & Friend 2004)_EXCLUDE_NA_Expert opinion_NA_NA,(Courtenay & Friend 2004),EXCLUDE,,Does not test claim,,no,Does not test claim,Expert opinion,Excluded,Not relevant
(Dowding & Davis 2007)_EXCLUDE_NA_Expert opinion_NA_NA,(Dowding & Davis 2007),EXCLUDE,,Does not test claim,,no,Does not test claim,Expert opinion,Excluded,Not relevant
(Dowding & Murphy 1993)_EXCLUDE_NA_Expert opinion_NA_NA,(Dowding & Murphy 1993),EXCLUDE,,Does not test claim,,no,Does not test claim,Expert opinion,Excluded,Not relevant
(Dowding 1999)_EXCLUDE_NA_Expert opinion_NA_NA,(Dowding 1999),EXCLUDE,,Does not test claim,,no,Does not test claim,Expert opinion,Excluded,Not relevant
(Gerlach 2011)_EXCLUDE_NA_Expert opinion_NA_NA,(Gerlach 2011),EXCLUDE,,Does not test claim,,no,Does not test claim,Expert opinion,Excluded,Not relevant
(Kear & Williams 1978)_EXCLUDE_NA_Expert opinion_NA_NA,(Kear & Williams 1978),EXCLUDE,,Does not test claim,,no,Does not test claim,Expert opinion,Excluded,Not relevant
(Monks et al. 2013)_EXCLUDE_NA_No claim_NA_NA,(Monks et al. 2013),EXCLUDE,,No claim,,no,No claim,No claim,Excluded,Not relevant
(Madeiros et al. 2012)_EXCLUDE_NA_Expert opinion_NA_NA,(Madeiros et al. 2012),EXCLUDE,,Does not test claim,,no,Does not test claim,Expert opinion,Excluded,Not relevant
(Short et al. 1992)_EXCLUDE_NA_Expert opinion_NA_NA,(Short et al. 1992),EXCLUDE,,Does not test claim,,no,Does not test claim,Expert opinion,Excluded,Not relevant
(Reardon et al. 2012)_EXCLUDE_NA_Does not test claim_NA_NA,(Reardon et al. 2012),EXCLUDE,,Does not test claim,,no,Does not test claim,Does not test claim,Excluded,Not relevant
(Thibault & Varney 1991)_EXCLUDE_NA_Expert opinion_NA_NA,(Thibault & Varney 1991),EXCLUDE,,Does not test claim,,no,Does not test claim,Expert opinion,Excluded,Not relevant
(Morris 2000)_EXCLUDE_Book or chapter_Failure to access or locate online full citation_NA_NA,(Morris 2000),EXCLUDE,Book or chapter,Inaccessible,,no,Inaccessible,Failure to access or locate online full citation,Excluded,Not relevant
(Sivakumar 2010)_INCLUDE_NA_Predation in support_no_no,(Sivakumar 2010),INCLUDE,,Predation in support,no,no,Predation in support without data,Predation in support without data,Predation without data,Yes
(Brooke 1987b)_INCLUDE_NA_Predation in support_no_no,(Brooke 1987b),INCLUDE,,Predation in support,no,no,Predation in support without data,Predation in support without data,Predation without data,Yes
(DeWeese & Anderson 1976)_INCLUDE_NA_Predation not in support_no_no,(DeWeese & Anderson 1976),INCLUDE,,Predation not in support,no,no,Predation not in support without data,Predation not in support without data,Predation without data,No
(Zarones et al. 2015)_INCLUDE_NA_Predation in support_no_no,(Zarones et al. 2015),INCLUDE,,Predation in support,no,no,Predation in support without data,Predation in support without data,Predation without data,Yes
(Alley et al. 2007)_INCLUDE_NA_Predation in support_no_no,(Alley et al. 2007),INCLUDE,,Predation in support,no,no,Predation in support without data,Predation in support without data,Predation without data,Yes
(Bell & Bell 2000b)_EXCLUDE_NA_Expert opinion_NA_NA,(Bell & Bell 2000b),EXCLUDE,,Does not test claim,,no,Does not test claim,Expert opinion,Excluded,Not relevant
(Imber et al. 2003)_INCLUDE_NA_Predation in support_no_no,(Imber et al. 2003),INCLUDE,,Predation in support,no,no,Predation in support without data,Predation in support without data,Predation without data,Yes
(Rayner et al. 2008)_EXCLUDE_NA_No claim_NA_NA,(Rayner et al. 2008),EXCLUDE,,No claim,,no,No claim,No claim,Excluded,Not relevant
(Rich et al. 2014)_EXCLUDE_NA_No claim_NA_NA,(Rich et al. 2014),EXCLUDE,,No claim,,no,No claim,No claim,Excluded,Not relevant
(Schulz 2004)_EXCLUDE_NA_Expert opinion_NA_NA,(Schulz 2004),EXCLUDE,,Does not test claim,,no,Does not test claim,Expert opinion,Excluded,Not relevant
(MNRE 2006)_EXCLUDE_Report_Failure to access or locate online full citation_NA_NA,(MNRE 2006),EXCLUDE,Report,Inaccessible,,no,Inaccessible,Failure to access or locate online full citation,Excluded,Not relevant
(Marks & Redmond 1994)_INCLUDE_NA_Population in support_yes_no,(Marks & Redmond 1994),INCLUDE,,Population in support,yes,no,Population in support with data,Population in support with data,Population with data,Yes
(Martınez-Gomez & Jacobsen 2004)_INCLUDE_NA_Predation in support_no_no,(Martınez-Gomez & Jacobsen 2004),INCLUDE,,Predation in support,no,no,Predation in support without data,Predation in support without data,Predation without data,Yes
(Massaro & Blair 2003)_INCLUDE_NA_Population in support_yes_no,(Massaro & Blair 2003),INCLUDE,,Population in support,yes,no,Population in support with data,Population in support with data,Population with data,Yes
(McLennan et al. 2004)_INCLUDE_NA_Predation in support_no_no,(McLennan et al. 2004),INCLUDE,,Predation in support,no,no,Predation in support without data,Predation in support without data,Predation without data,Yes
(McLennan et al. 1996)_INCLUDE_NA_Predation in support_no_no,(McLennan et al. 1996),INCLUDE,,Predation in support,no,no,Predation in support without data,Predation in support without data,Predation without data,Yes
(McLennan et al. 1996)_EXCLUDE_NA_No claim_NA_NA,(McLennan et al. 1996),EXCLUDE,,No claim,,no,No claim,No claim,Excluded,Not relevant
(Mitchell et al. 2002)_EXCLUDE_NA_No claim_NA_NA,(Mitchell et al. 2002),EXCLUDE,,No claim,,no,No claim,No claim,Excluded,Not relevant
(Molur et al. 2005)_EXCLUDE_NA_Expert opinion_NA_NA,(Molur et al. 2005),EXCLUDE,,Does not test claim,,no,Does not test claim,Expert opinion,Excluded,Not relevant
(Moseby et al. 2015)_INCLUDE_NA_Predation not in support_no_no,(Moseby et al. 2015),INCLUDE,,Predation not in support,no,no,Predation not in support without data,Predation not in support without data,Predation without data,No
(Carlile et al. 2003)_EXCLUDE_NA_Expert opinion_NA_NA,(Carlile et al. 2003),EXCLUDE,,Does not test claim,,no,Does not test claim,Expert opinion,Excluded,Not relevant
(McCulloch 1991)_INCLUDE_NA_Predation in support_no_no,(McCulloch 1991),INCLUDE,,Predation in support,no,no,Predation in support without data,Predation in support without data,Predation without data,Yes
(Ashmole et al. 1994)_EXCLUDE_Book or chapter_Failure to access or locate online full citation_NA_NA,(Ashmole et al. 1994),EXCLUDE,Book or chapter,Inaccessible,,no,Inaccessible,Failure to access or locate online full citation,Excluded,Not relevant
(Hodges & Nagata Sr 2001)_INCLUDE_NA_Predation in support_no_no,(Hodges & Nagata Sr 2001),INCLUDE,,Predation in support,no,no,Predation in support without data,Predation in support without data,Predation without data,Yes
(Hodges & Nagata Sr 2001)_INCLUDE_NA_Population in support_yes_yes,(Hodges & Nagata Sr 2001),INCLUDE,,Population in support,yes,yes,Population in support with data of quality,Population in support with data of quality,Population with data,Yes
(Oppel et al. 2014)_INCLUDE_NA_Population not in support_yes_yes,(Oppel et al. 2014),INCLUDE,,Population not in support,yes,yes,Population not in support with data of quality,Population not in support with data of quality,Population with data,No
(Orange Bellied Parrot Recovery Team 2006)_EXCLUDE_NA_Expert opinion_NA_NA,(Orange Bellied Parrot Recovery Team 2006),EXCLUDE,,Does not test claim,,no,Does not test claim,Expert opinion,Excluded,Not relevant
(O’Donnell et al. 2010)_INCLUDE_NA_Predation in support_no_no,(O’Donnell et al. 2010),INCLUDE,,Predation in support,no,no,Predation in support without data,Predation in support without data,Predation without data,Yes
(Meek 2000)_EXCLUDE_NA_No claim_NA_NA,(Meek 2000),EXCLUDE,,No claim,,no,No claim,No claim,Excluded,Not relevant
(Montague 1914)_EXCLUDE_NA_Expert opinion_NA_NA,(Montague 1914),EXCLUDE,,Does not test claim,,no,Does not test claim,Expert opinion,Excluded,Not relevant
(Battley & Moore 2004)_EXCLUDE_NA_No claim_NA_NA,(Battley & Moore 2004),EXCLUDE,,No claim,,no,No claim,No claim,Excluded,Not relevant
(Moore 2009)_INCLUDE_NA_Predation in support_no_no,(Moore 2009),INCLUDE,,Predation in support,no,no,Predation in support without data,Predation in support without data,Predation without data,Yes
(Tolson 1988)_EXCLUDE_Report_Failure to access or locate online full citation_NA_NA,(Tolson 1988),EXCLUDE,Report,Inaccessible,,no,Inaccessible,Failure to access or locate online full citation,Excluded,Not relevant
(De Tores et al. 2007)_EXCLUDE_NA_Expert opinion_NA_NA,(De Tores et al. 2007),EXCLUDE,,Does not test claim,,no,Does not test claim,Expert opinion,Excluded,Not relevant
(Harlow et al. 2007)_EXCLUDE_NA_Expert opinion_NA_NA,(Harlow et al. 2007),EXCLUDE,,Does not test claim,,no,Does not test claim,Expert opinion,Excluded,Not relevant
(Skipwith et al. 2014)_EXCLUDE_NA_Expert opinion_NA_NA,(Skipwith et al. 2014),EXCLUDE,,Does not test claim,,no,Does not test claim,Expert opinion,Excluded,Not relevant
(Pavey et al. 2014)_INCLUDE_NA_Predation in support_no_no,(Pavey et al. 2014),INCLUDE,,Predation in support,no,no,Predation in support without data,Predation in support without data,Predation without data,Yes
(Pavey et al. 2014)_INCLUDE_NA_Population not in support_yes_no,(Pavey et al. 2014),INCLUDE,,Population not in support,yes,no,Population not in support with data,Population not in support with data,Population with data,No
(Mittermeier 1972)_INCLUDE_NA_Predation in support_no_no,(Mittermeier 1972),INCLUDE,,Predation in support,no,no,Predation in support without data,Predation in support without data,Predation without data,Yes
(Sajdak & Henderson 1991)_EXCLUDE_NA_Expert opinion_NA_NA,(Sajdak & Henderson 1991),EXCLUDE,,Does not test claim,,no,Does not test claim,Expert opinion,Excluded,Not relevant
(Keedwell et al. 2002a)_INCLUDE_NA_Predation in support_no_no,(Keedwell et al. 2002a),INCLUDE,,Predation in support,no,no,Predation in support without data,Predation in support without data,Predation without data,Yes
(Pierce 1986)_INCLUDE_NA_Predation in support_no_no,(Pierce 1986),INCLUDE,,Predation in support,no,no,Predation in support without data,Predation in support without data,Predation without data,Yes
(Curry 1986)_INCLUDE_NA_Predation not in support_no_no,(Curry 1986),INCLUDE,,Predation not in support,no,no,Predation not in support without data,Predation not in support without data,Predation without data,No
(Powell et al. 2000)_EXCLUDE_NA_Expert opinion_NA_NA,(Powell et al. 2000),EXCLUDE,,Does not test claim,,no,Does not test claim,Expert opinion,Excluded,Not relevant
(Powell & Henderson 2003)_EXCLUDE_Peer-reviewed journal article_Failure to access or locate online full citation_NA_NA,(Powell & Henderson 2003),EXCLUDE,Peer-reviewed journal article,Inaccessible,,no,Inaccessible,Failure to access or locate online full citation,Excluded,Not relevant
(Read & Cunningham 2010)_INCLUDE_NA_Population in support_no_no,(Read & Cunningham 2010),INCLUDE,,Population in support,no,no,Population in support without data,Population in support without data,Population without data,Yes
(Richards 2012b)_EXCLUDE_NA_Expert opinion_NA_NA,(Richards 2012b),EXCLUDE,,Does not test claim,,no,Does not test claim,Expert opinion,Excluded,Not relevant
(Richards & Short 2003)_INCLUDE_NA_Predation not in support_no_no,(Richards & Short 2003),INCLUDE,,Predation not in support,no,no,Predation not in support without data,Predation not in support without data,Predation without data,No
(Rickett 2010)_EXCLUDE_NA_Expert opinion_NA_NA,(Rickett 2010),EXCLUDE,,Does not test claim,,no,Does not test claim,Expert opinion,Excluded,Not relevant
(Robertson et al. 2011)_INCLUDE_NA_Predation in support_no_no,(Robertson et al. 2011),INCLUDE,,Predation in support,no,no,Predation in support without data,Predation in support without data,Predation without data,Yes
(Hess & Banko 2006)_INCLUDE_NA_Predation in support_no_no,(Hess & Banko 2006),INCLUDE,,Predation in support,no,no,Predation in support without data,Predation in support without data,Predation without data,Yes
(Churchill 2001)_EXCLUDE_NA_Expert opinion_NA_NA,(Churchill 2001),EXCLUDE,,Does not test claim,,no,Does not test claim,Expert opinion,Excluded,Not relevant
(Ellis et al. 1998)_EXCLUDE_Report_Failure to access or locate online full citation_NA_NA,(Ellis et al. 1998),EXCLUDE,Report,Inaccessible,,no,Inaccessible,Failure to access or locate online full citation,Excluded,Not relevant
(Judge et al. 2012)_INCLUDE_NA_Predation in support_no_no,(Judge et al. 2012),INCLUDE,,Predation in support,no,no,Predation in support without data,Predation in support without data,Predation without data,Yes
(Ferreira et al. 2005)_EXCLUDE_NA_No claim_NA_NA,(Ferreira et al. 2005),EXCLUDE,,No claim,,no,No claim,No claim,Excluded,Not relevant
(Mountainspring et al. 1990)_EXCLUDE_NA_Expert opinion_NA_NA,(Mountainspring et al. 1990),EXCLUDE,,Does not test claim,,no,Does not test claim,Expert opinion,Excluded,Not relevant
(Oppel et al. 2011)_INCLUDE_NA_Population not in support_yes_yes,(Oppel et al. 2011),INCLUDE,,Population not in support,yes,yes,Population not in support with data of quality,Population not in support with data of quality,Population with data,No
(Alvarez-Castañeda et al. 1998)_EXCLUDE_NA_No claim_NA_NA,(Alvarez-Castañeda et al. 1998),EXCLUDE,,No claim,,no,No claim,No claim,Excluded,Not relevant
(Alvarez-Castañeda 1998)_EXCLUDE_NA_No claim_NA_NA,(Alvarez-Castañeda 1998),EXCLUDE,,No claim,,no,No claim,No claim,Excluded,Not relevant
(Alvarez-Castañeda 2001)_EXCLUDE_NA_No claim_NA_NA,(Alvarez-Castañeda 2001),EXCLUDE,,No claim,,no,No claim,No claim,Excluded,Not relevant
(Scrimgeour et al. 2012)_INCLUDE_NA_Predation in support_no_no,(Scrimgeour et al. 2012),INCLUDE,,Predation in support,no,no,Predation in support without data,Predation in support without data,Predation without data,Yes
(Seitre 1992)_EXCLUDE_NA_No claim_NA_NA,(Seitre 1992),EXCLUDE,,No claim,,no,No claim,No claim,Excluded,Not relevant
(Sugimura et al. 2000)_INCLUDE_NA_Predation in support_no_no,(Sugimura et al. 2000),INCLUDE,,Predation in support,no,no,Predation in support without data,Predation in support without data,Predation without data,Yes
(Sugimura et al. 2000)_INCLUDE_NA_Population in support_no_no,(Sugimura et al. 2000),INCLUDE,,Population in support,no,no,Population in support without data,Population in support without data,Population without data,Yes
(Holmes & Caskey 2001)_EXCLUDE_NA_Expert opinion_NA_NA,(Holmes & Caskey 2001),EXCLUDE,,Does not test claim,,no,Does not test claim,Expert opinion,Excluded,Not relevant
(Simons 1985)_INCLUDE_NA_Predation in support_no_no,(Simons 1985),INCLUDE,,Predation in support,no,no,Predation in support without data,Predation in support without data,Predation without data,Yes
(Wilson & Hansen 2005)_EXCLUDE_NA_Does not test claim_NA_NA,(Wilson & Hansen 2005),EXCLUDE,,Does not test claim,,no,Does not test claim,Does not test claim,Excluded,Not relevant
(Tennent 2009)_INCLUDE_NA_Predation in support_no_no,(Tennent 2009),INCLUDE,,Predation in support,no,no,Predation in support without data,Predation in support without data,Predation without data,Yes
(Thiebot et al. 2014)_INCLUDE_NA_Predation not in support_no_no,(Thiebot et al. 2014),INCLUDE,,Predation not in support,no,no,Predation not in support without data,Predation not in support without data,Predation without data,No
(Thorsen et al. 2002)_EXCLUDE_NA_Expert opinion_NA_NA,(Thorsen et al. 2002),EXCLUDE,,Does not test claim,,no,Does not test claim,Expert opinion,Excluded,Not relevant
(Traill et al. 2011)_EXCLUDE_NA_Expert opinion_NA_NA,(Traill et al. 2011),EXCLUDE,,Does not test claim,,no,Does not test claim,Expert opinion,Excluded,Not relevant
(UNEP World Conservation Monitoring Centre 2004)_EXCLUDE_Report_Failure to access or locate online full citation_NA_NA,(UNEP World Conservation Monitoring Centre 2004),EXCLUDE,Report,Inaccessible,,no,Inaccessible,Failure to access or locate online full citation,Excluded,Not relevant
(USFWS 1993)_EXCLUDE_Report_Failure to access or locate online full citation_NA_NA,(USFWS 1993),EXCLUDE,Report,Inaccessible,,no,Inaccessible,Failure to access or locate online full citation,Excluded,Not relevant
(USFWS 2005)_EXCLUDE_Report_Failure to access or locate online full citation_NA_NA,(USFWS 2005),EXCLUDE,Report,Inaccessible,,no,Inaccessible,Failure to access or locate online full citation,Excluded,Not relevant
(USFWS 2009)_EXCLUDE_NA_Expert opinion_NA_NA,(USFWS 2009),EXCLUDE,,Does not test claim,,no,Does not test claim,Expert opinion,Excluded,Not relevant
(Mellado et al. 1997)_EXCLUDE_NA_Expert opinion_NA_NA,(Mellado et al. 1997),EXCLUDE,,Does not test claim,,no,Does not test claim,Expert opinion,Excluded,Not relevant
(Van Rensburg & Bester 1988)_INCLUDE_NA_Population in support_yes_yes,(Van Rensburg & Bester 1988),INCLUDE,,Population in support,yes,yes,Population in support with data of quality,Population in support with data of quality,Population with data,Yes
(Veitch 1985)_EXCLUDE_Report_Failure to access or locate online full citation_NA_NA,(Veitch 1985),EXCLUDE,Report,Inaccessible,,no,Inaccessible,Failure to access or locate online full citation,Excluded,Not relevant
(Vázquez-Domínguez et al. 2004)_INCLUDE_NA_Predation in support_no_no,(Vázquez-Domínguez et al. 2004),INCLUDE,,Predation in support,no,no,Predation in support without data,Predation in support without data,Predation without data,Yes
(Weston 2003)_INCLUDE_NA_Predation in support_no_no,(Weston 2003),INCLUDE,,Predation in support,no,no,Predation in support without data,Predation in support without data,Predation without data,Yes
(Wiedenfeld & Jiménez-Uzcátegui 2008)_EXCLUDE_NA_No claim_NA_NA,(Wiedenfeld & Jiménez-Uzcátegui 2008),EXCLUDE,,No claim,,no,No claim,No claim,Excluded,Not relevant
(Woinarski et al. 2011a)_INCLUDE_NA_Population in support_no_no,(Woinarski et al. 2011a),INCLUDE,,Population in support,no,no,Population in support without data,Population in support without data,Population without data,Yes
(Woinarski et al. 2011a)_INCLUDE_NA_Population not in support_yes_no,(Woinarski et al. 2011a),INCLUDE,,Population not in support,yes,no,Population not in support with data,Population not in support with data,Population with data,No
(Yamada et al. 2010)_INCLUDE_NA_Predation in support_no_no,(Yamada et al. 2010),INCLUDE,,Predation in support,no,no,Predation in support without data,Predation in support without data,Predation without data,Yes
(Collar et al. 1994)_EXCLUDE_Report_Failure to access or locate online full citation_NA_NA,(Collar et al. 1994),EXCLUDE,Report,Inaccessible,,no,Inaccessible,Failure to access or locate online full citation,Excluded,Not relevant
(Higgins & Davies 1996)_EXCLUDE_Book or chapter_Failure to access or locate online full citation_NA_NA,(Higgins & Davies 1996),EXCLUDE,Book or chapter,Inaccessible,,no,Inaccessible,Failure to access or locate online full citation,Excluded,Not relevant
(Steadman 1995)_EXCLUDE_NA_No claim_NA_NA,(Steadman 1995),EXCLUDE,,No claim,,no,No claim,No claim,Excluded,Not relevant
(Fuller 2001)_EXCLUDE_Book or chapter_Failure to access or locate online full citation_NA_NA,(Fuller 2001),EXCLUDE,Book or chapter,Inaccessible,,no,Inaccessible,Failure to access or locate online full citation,Excluded,Not relevant
(Farris et al. 2016)_EXCLUDE_NA_Does not test claim_NA_NA,(Farris et al. 2016),EXCLUDE,,Does not test claim,,no,Does not test claim,Does not test claim,Excluded,Not relevant
"D. Barker, pers. Comm._EXCLUDE_NA_Personal communication_NA_NA","D. Barker, pers. Comm.",EXCLUDE,NA,Inaccessible,,no,Inaccessible,Personal communication,Excluded,Not relevant
"D. Barker, pers. comm._EXCLUDE_NA_Personal communication_NA_NA","D. Barker, pers. comm.",EXCLUDE,NA,Inaccessible,,no,Inaccessible,Personal communication,Excluded,Not relevant
(Ginovés et al. 2005)_EXCLUDE_Thesis_Failure to access or locate online full citation_NA_NA,(Ginovés et al. 2005),EXCLUDE,Thesis,Inaccessible,,no,Inaccessible,Failure to access or locate online full citation,Excluded,Not relevant
"(Holdaway 1996)_EXCLUDE_Newspaper, newsletter or magazine_Failure to access or locate online full citation_NA_NA",(Holdaway 1996),EXCLUDE,"Newspaper, newsletter or magazine",Inaccessible,,no,Inaccessible,Failure to access or locate online full citation,Excluded,Not relevant
(Hutton 1904)_EXCLUDE_Book or chapter_Failure to access or locate online full citation_NA_NA,(Hutton 1904),EXCLUDE,Book or chapter,Inaccessible,,no,Inaccessible,Failure to access or locate online full citation,Excluded,Not relevant
"(Medway 1972)_EXCLUDE_Newspaper, newsletter or magazine_Failure to access or locate online full citation_NA_NA",(Medway 1972),EXCLUDE,"Newspaper, newsletter or magazine",Inaccessible,,no,Inaccessible,Failure to access or locate online full citation,Excluded,Not relevant
(Thomson 1992)_EXCLUDE_NA_Expert opinion_NA_NA,(Thomson 1992),EXCLUDE,,Does not test claim,,no,Does not test claim,Expert opinion,Excluded,Not relevant
(Worthy & Holdaway 2002)_EXCLUDE_Book or chapter_Failure to access or locate online full citation_NA_NA,(Worthy & Holdaway 2002),EXCLUDE,Book or chapter,Inaccessible,,no,Inaccessible,Failure to access or locate online full citation,Excluded,Not relevant
(Baird & Dann 2003)_EXCLUDE_NA_Expert opinion_NA_NA,(Baird & Dann 2003),EXCLUDE,,Does not test claim,,no,Does not test claim,Expert opinion,Excluded,Not relevant
(Bell 1990)_EXCLUDE_Report_Failure to access or locate online full citation_NA_NA,(Bell 1990),EXCLUDE,Report,Inaccessible,,no,Inaccessible,Failure to access or locate online full citation,Excluded,Not relevant
(Comer & Danks 2000)_EXCLUDE_NA_No claim_NA_NA,(Comer & Danks 2000),EXCLUDE,,No claim,,no,No claim,No claim,Excluded,Not relevant
(Danks 1997)_EXCLUDE_NA_No claim_NA_NA,(Danks 1997),EXCLUDE,,No claim,,no,No claim,No claim,Excluded,Not relevant
Director of National Parks unpublished_EXCLUDE_NA_Unpublished data or article_NA_NA,Director of National Parks unpublished,EXCLUDE,NA,Inaccessible,,no,Inaccessible,Unpublished data or article,Excluded,Not relevant
(Garnett & Baker 2021) core source_INCLUDE_NA_Predation in support_no_no,(Garnett & Baker 2021) core source,INCLUDE,,Predation in support,no,no,Predation in support without data,Predation in support without data,Predation without data,Yes
(Garnett & Baker 2021) core source_INCLUDE_NA_Predation not in support_no_no,(Garnett & Baker 2021) core source,INCLUDE,,Predation not in support,no,no,Predation not in support without data,Predation not in support without data,Predation without data,No
(Gilfillan et al. 2009)_EXCLUDE_NA_Expert opinion_NA_NA,(Gilfillan et al. 2009),EXCLUDE,,Does not test claim,,no,Does not test claim,Expert opinion,Excluded,Not relevant
(Hanisch 1998)_EXCLUDE_Thesis_Failure to access or locate online full citation_NA_NA,(Hanisch 1998),EXCLUDE,Thesis,Inaccessible,,no,Inaccessible,Failure to access or locate online full citation,Excluded,Not relevant
(Lindenmayer et al. 2009)_EXCLUDE_NA_No claim_NA_NA,(Lindenmayer et al. 2009),EXCLUDE,,No claim,,no,No claim,No claim,Excluded,Not relevant
(Maguire et al. 2013)_EXCLUDE_NA_Expert opinion_NA_NA,(Maguire et al. 2013),EXCLUDE,,Does not test claim,,no,Does not test claim,Expert opinion,Excluded,Not relevant
N Dexter unpublished_EXCLUDE_NA_Unpublished data or article_NA_NA,N Dexter unpublished,EXCLUDE,NA,Inaccessible,,no,Inaccessible,Unpublished data or article,Excluded,Not relevant
NOTHING_EXCLUDE_NA_No citation given_NA_NA Botaurus poiciloptilus,NOTHING NA Botaurus poiciloptilus,EXCLUDE,,No citation given,,no,Opinion claim,Opinion claim,Excluded,Not relevant
NOTHING_EXCLUDE_NA_No citation given_NA_NA Diomedea antipodensis,NOTHING NA Diomedea antipodensis,EXCLUDE,,No citation given,,no,Opinion claim,Opinion claim,Excluded,Not relevant
NOTHING_EXCLUDE_NA_No citation given_NA_NA Leipoa ocellata,NOTHING NA Leipoa ocellata,EXCLUDE,,No citation given,,no,Opinion claim,Opinion claim,Excluded,Not relevant
NOTHING_EXCLUDE_NA_No citation given_NA_NA Neophema chrysogaster,NOTHING NA Neophema chrysogaster,EXCLUDE,,No citation given,,no,Opinion claim,Opinion claim,Excluded,Not relevant
NOTHING_EXCLUDE_NA_No citation given_NA_NA Procellaria aequinoctialis,NOTHING NA Procellaria aequinoctialis,EXCLUDE,,No citation given,,no,Opinion claim,Opinion claim,Excluded,Not relevant
NOTHING_EXCLUDE_NA_No citation given_NA_NA Procellaria parkinsoni,NOTHING NA Procellaria parkinsoni,EXCLUDE,,No citation given,,no,Opinion claim,Opinion claim,Excluded,Not relevant
NOTHING_EXCLUDE_NA_No citation given_NA_NA Pterodroma leucoptera,NOTHING NA Pterodroma leucoptera,EXCLUDE,,No citation given,,no,Opinion claim,Opinion claim,Excluded,Not relevant
NOTHING_EXCLUDE_NA_No citation given_NA_NA Sterna striata,NOTHING NA Sterna striata,EXCLUDE,,No citation given,,no,Opinion claim,Opinion claim,Excluded,Not relevant
NOTHING_EXCLUDE_NA_No citation given_NA_NA Sternula nereis,NOTHING NA Sternula nereis,EXCLUDE,,No citation given,,no,Opinion claim,Opinion claim,Excluded,Not relevant
NOTHING_EXCLUDE_NA_No citation given_NA_NA Zosterops albogularis,NOTHING NA Zosterops albogularis,EXCLUDE,,No citation given,,no,Opinion claim,Opinion claim,Excluded,Not relevant
(Palmas et al. 2017)_INCLUDE_NA_Predation in support_no_no,(Palmas et al. 2017),INCLUDE,,Predation in support,no,no,Predation in support without data,Predation in support without data,Predation without data,Yes
(Pavey et al. 2008a)_EXCLUDE_NA_No claim_NA_NA,(Pavey et al. 2008a),EXCLUDE,,No claim,,no,No claim,No claim,Excluded,Not relevant
(Threatened Species Scientific Committee 2016a)_INCLUDE_NA_Predation not in support_no_no,(Threatened Species Scientific Committee 2016a),INCLUDE,,Predation not in support,no,no,Predation not in support without data,Predation not in support without data,Predation without data,No
(White 1922)_EXCLUDE_Journal pre-1975_Failure to access or locate online full citation_NA_NA,(White 1922),EXCLUDE,Journal pre-1975,Inaccessible,,no,Inaccessible,Failure to access or locate online full citation,Excluded,Not relevant
(Woinarski et al. 2017)_EXCLUDE_NA_Expert opinion_NA_NA,(Woinarski et al. 2017),EXCLUDE,,Does not test claim,,no,Does not test claim,Expert opinion,Excluded,Not relevant
(Ashby 1924)_EXCLUDE_Journal pre-1975_Failure to access or locate online full citation_NA_NA,(Ashby 1924),EXCLUDE,Journal pre-1975,Inaccessible,,no,Inaccessible,Failure to access or locate online full citation,Excluded,Not relevant
(Mathieson & Smith 2009b)_EXCLUDE_NA_No claim_NA_NA,(Mathieson & Smith 2009b),EXCLUDE,,No claim,,no,No claim,No claim,Excluded,Not relevant
NOTHING_EXCLUDE_NA_No citation given_NA_NA Diomedea epomophora,NOTHING NA Diomedea epomophora,EXCLUDE,,No citation given,,no,Opinion claim,Opinion claim,Excluded,Not relevant
NOTHING_EXCLUDE_NA_No citation given_NA_NA Diomedea exulans,NOTHING NA Diomedea exulans,EXCLUDE,,No citation given,,no,Opinion claim,Opinion claim,Excluded,Not relevant
NOTHING_EXCLUDE_NA_No citation given_NA_NA Petroica multicolor,NOTHING NA Petroica multicolor,EXCLUDE,,No citation given,,no,Opinion claim,Opinion claim,Excluded,Not relevant
NOTHING_EXCLUDE_NA_No citation given_NA_NA Phoebetria fusca,NOTHING NA Phoebetria fusca,EXCLUDE,,No citation given,,no,Opinion claim,Opinion claim,Excluded,Not relevant
NOTHING_EXCLUDE_NA_No citation given_NA_NA Phoebetria palpebrata,NOTHING NA Phoebetria palpebrata,EXCLUDE,,No citation given,,no,Opinion claim,Opinion claim,Excluded,Not relevant
NOTHING_EXCLUDE_NA_No citation given_NA_NA Thalassarche steadi,NOTHING NA Thalassarche steadi,EXCLUDE,,No citation given,,no,Opinion claim,Opinion claim,Excluded,Not relevant
NOTHING_EXCLUDE_NA_No citation given_NA_NA Turnix olivii,NOTHING NA Turnix olivii,EXCLUDE,,No citation given,,no,Opinion claim,Opinion claim,Excluded,Not relevant
(Rounsevell & Brothers 1984)_EXCLUDE_Report_Failure to access or locate online full citation_NA_NA,(Rounsevell & Brothers 1984),EXCLUDE,Report,Inaccessible,,no,Inaccessible,Failure to access or locate online full citation,Excluded,Not relevant
(Villard et al. 2006)_EXCLUDE_NA_Expert opinion_NA_NA,(Villard et al. 2006),EXCLUDE,,Does not test claim,,no,Does not test claim,Expert opinion,Excluded,Not relevant
(Whitlock 1924)_EXCLUDE_Journal pre-1975_Failure to access or locate online full citation_NA_NA,(Whitlock 1924),EXCLUDE,Journal pre-1975,Inaccessible,,no,Inaccessible,Failure to access or locate online full citation,Excluded,Not relevant
(Cayot 2008)_INCLUDE_NA_Predation in support_no_no,(Cayot 2008),INCLUDE,,Predation in support,no,no,Predation in support without data,Predation in support without data,Predation without data,Yes
(Woram 1991)_EXCLUDE_NA_No claim_NA_NA,(Woram 1991),EXCLUDE,,No claim,,no,No claim,No claim,Excluded,Not relevant
(Iverson 1979)_EXCLUDE_Peer-reviewed journal article_Failure to access or locate online full citation_NA_NA,(Iverson 1979),EXCLUDE,Peer-reviewed journal article,Inaccessible,,no,Inaccessible,Failure to access or locate online full citation,Excluded,Not relevant
(Olson 1984)_EXCLUDE_NA_No claim_NA_NA,(Olson 1984),EXCLUDE,,No claim,,no,No claim,No claim,Excluded,Not relevant
(Mathew 1996)_EXCLUDE_NA_No claim_NA_NA,(Mathew 1996),EXCLUDE,,No claim,,no,No claim,No claim,Excluded,Not relevant
(Morris et al. 2003)_EXCLUDE_NA_No claim_NA_NA,(Morris et al. 2003),EXCLUDE,,No claim,,no,No claim,No claim,Excluded,Not relevant
(Tomasevic et al. 2010)_EXCLUDE_NA_Expert opinion_NA_NA,(Tomasevic et al. 2010),EXCLUDE,,Does not test claim,,no,Does not test claim,Expert opinion,Excluded,Not relevant
(Powlesland et al. 1994)_EXCLUDE_Report_Failure to access or locate online full citation_NA_NA,(Powlesland et al. 1994),EXCLUDE,Report,Inaccessible,,no,Inaccessible,Failure to access or locate online full citation,Excluded,Not relevant
(Swarth 1931)_EXCLUDE_Book or chapter_Failure to access or locate online full citation_NA_NA,(Swarth 1931),EXCLUDE,Book or chapter,Inaccessible,,no,Inaccessible,Failure to access or locate online full citation,Excluded,Not relevant
(Stahl et al. 1984)_EXCLUDE_NA_Not in English or Spanish_NA_NA,(Stahl et al. 1984),EXCLUDE,NA,Inaccessible,,no,Inaccessible,Not in English or Spanish,Excluded,Not relevant
(Ainley et al. 2001)_INCLUDE_NA_Predation in support_no_no,(Ainley et al. 2001),INCLUDE,,Predation in support,no,no,Predation in support without data,Predation in support without data,Predation without data,Yes
(Ainley et al. 1995)_EXCLUDE_Report_Failure to access or locate online full citation_NA_NA,(Ainley et al. 1995),EXCLUDE,Report,Inaccessible,,no,Inaccessible,Failure to access or locate online full citation,Excluded,Not relevant
(Bell et al. 2007)_EXCLUDE_Report_Failure to access or locate online full citation_NA_NA,(Bell et al. 2007),EXCLUDE,Report,Inaccessible,,no,Inaccessible,Failure to access or locate online full citation,Excluded,Not relevant
(Cooper et al. 1995)_INCLUDE_NA_Population not in support_yes_no,(Cooper et al. 1995),INCLUDE,,Population not in support,yes,no,Population not in support with data,Population not in support with data,Population with data,No
(Imber 1987)_INCLUDE_NA_Predation in support_no_no,(Imber 1987),INCLUDE,,Predation in support,no,no,Predation in support without data,Predation in support without data,Predation without data,Yes
(Keitt et al. 2002)_EXCLUDE_NA_Model no pop data_NA_NA,(Keitt et al. 2002),EXCLUDE,,Does not test claim,,no,Does not test claim,Modelling without data,Excluded,Not relevant
(Telfer 1986)_EXCLUDE_Report_Failure to access or locate online full citation_NA_NA,(Telfer 1986),EXCLUDE,Report,Inaccessible,,no,Inaccessible,Failure to access or locate online full citation,Excluded,Not relevant
(Cooper et al. 2006)_EXCLUDE_NA_No claim_NA_NA,(Cooper et al. 2006),EXCLUDE,,No claim,,no,No claim,No claim,Excluded,Not relevant
(Gunby et al. 2025)_INCLUDE_NA_Predation in support_no_no,(Gunby et al. 2025),INCLUDE,,Predation in support,no,no,Predation in support without data,Predation in support without data,Predation without data,Yes
(Read 2013)_EXCLUDE_NA_No claim_NA_NA,(Read 2013),EXCLUDE,,No claim,,no,No claim,No claim,Excluded,Not relevant
(Biteman et al. 2015)_EXCLUDE_Report_Failure to access or locate online full citation_NA_NA,(Biteman et al. 2015),EXCLUDE,Report,Inaccessible,,no,Inaccessible,Failure to access or locate online full citation,Excluded,Not relevant
(Brooke 1987a)_EXCLUDE_Report_Failure to access or locate online full citation_NA_NA,(Brooke 1987a),EXCLUDE,Report,Inaccessible,,no,Inaccessible,Failure to access or locate online full citation,Excluded,Not relevant
(Cumming 1991)_EXCLUDE_Thesis_Failure to access or locate online full citation_NA_NA,(Cumming 1991),EXCLUDE,Thesis,Inaccessible,,no,Inaccessible,Failure to access or locate online full citation,Excluded,Not relevant
(Woinarski et al. 2011b)_EXCLUDE_NA_No claim_NA_NA,(Woinarski et al. 2011b),EXCLUDE,,No claim,,no,No claim,No claim,Excluded,Not relevant
(Malone 1985)_EXCLUDE_Book or chapter_Failure to access or locate online full citation_NA_NA,(Malone 1985),EXCLUDE,Book or chapter,Inaccessible,,no,Inaccessible,Failure to access or locate online full citation,Excluded,Not relevant
"A. Schwartz, pers. Comm_EXCLUDE_NA_Personal communication_NA_NA","A. Schwartz, pers. Comm",EXCLUDE,NA,Inaccessible,,no,Inaccessible,Personal communication,Excluded,Not relevant
(Cheke & Hume 2008)_EXCLUDE_NA_Expert opinion_NA_NA,(Cheke & Hume 2008),EXCLUDE,,Does not test claim,,no,Does not test claim,Expert opinion,Excluded,Not relevant
Galbreath 1989_EXCLUDE_NA_Missing reference_NA_NA,Galbreath 1989,EXCLUDE,NA,Inaccessible,,no,Inaccessible,Missing reference,Excluded,Not relevant
(Gibbs et al. 2001)_EXCLUDE_Book or chapter_Failure to access or locate online full citation_NA_NA,(Gibbs et al. 2001),EXCLUDE,Book or chapter,Inaccessible,,no,Inaccessible,Failure to access or locate online full citation,Excluded,Not relevant
(Hume 2017) core source_INCLUDE_NA_Population not in support_yes_no,(Hume 2017) core source,INCLUDE,,Population not in support,yes,no,Population not in support with data,Population not in support with data,Population with data,No
NOTHING_EXCLUDE_NA_No citation given_NA_NA Acrocephalus longirostris,NOTHING NA Acrocephalus longirostris,EXCLUDE,,No citation given,,no,Opinion claim,Opinion claim,Excluded,Not relevant
NOTHING_EXCLUDE_NA_No citation given_NA_NA Acrocephalus yamashinae,NOTHING NA Acrocephalus yamashinae,EXCLUDE,,No citation given,,no,Opinion claim,Opinion claim,Excluded,Not relevant
NOTHING_EXCLUDE_NA_No citation given_NA_NA Alopochen mauritiana,NOTHING NA Alopochen mauritiana,EXCLUDE,,No citation given,,no,Opinion claim,Opinion claim,Excluded,Not relevant
NOTHING_EXCLUDE_NA_No citation given_NA_NA Anthornis melanocephala,NOTHING NA Anthornis melanocephala,EXCLUDE,,No citation given,,no,Opinion claim,Opinion claim,Excluded,Not relevant
NOTHING_EXCLUDE_NA_No citation given_NA_NA Cabalus modestus,NOTHING NA Cabalus modestus,EXCLUDE,,No citation given,,no,Opinion claim,Opinion claim,Excluded,Not relevant
NOTHING_EXCLUDE_NA_No citation given_NA_NA Carpodacus ferreorostris,NOTHING NA Carpodacus ferreorostris,EXCLUDE,,No citation given,,no,Opinion claim,Opinion claim,Excluded,Not relevant
NOTHING_EXCLUDE_NA_No citation given_NA_NA Coturnix novaezelandiae,NOTHING NA Coturnix novaezelandiae,EXCLUDE,,No citation given,,no,Opinion claim,Opinion claim,Excluded,Not relevant
NOTHING_EXCLUDE_NA_No citation given_NA_NA Dryolimnas augusti,NOTHING NA Dryolimnas augusti,EXCLUDE,,No citation given,,no,Opinion claim,Opinion claim,Excluded,Not relevant
NOTHING_EXCLUDE_NA_No citation given_NA_NA Hypotaenidia pacifica,NOTHING NA Hypotaenidia pacifica,EXCLUDE,,No citation given,,no,Opinion claim,Opinion claim,Excluded,Not relevant
NOTHING_EXCLUDE_NA_No citation given_NA_NA Hypotaenidia poeciloptera,NOTHING NA Hypotaenidia poeciloptera,EXCLUDE,,No citation given,,no,Opinion claim,Opinion claim,Excluded,Not relevant
NOTHING_EXCLUDE_NA_No citation given_NA_NA Mascarenotus murivorus,NOTHING NA Mascarenotus murivorus,EXCLUDE,,No citation given,,no,Opinion claim,Opinion claim,Excluded,Not relevant
NOTHING_EXCLUDE_NA_No citation given_NA_NA Melamprosops phaeosoma,NOTHING NA Melamprosops phaeosoma,EXCLUDE,,No citation given,,no,Opinion claim,Opinion claim,Excluded,Not relevant
NOTHING_EXCLUDE_NA_No citation given_NA_NA Mergus australis,NOTHING NA Mergus australis,EXCLUDE,,No citation given,,no,Opinion claim,Opinion claim,Excluded,Not relevant
NOTHING_EXCLUDE_NA_No citation given_NA_NA Microgoura meeki,NOTHING NA Microgoura meeki,EXCLUDE,,No citation given,,no,Opinion claim,Opinion claim,Excluded,Not relevant
NOTHING_EXCLUDE_NA_No citation given_NA_NA Mundia elpenor,NOTHING NA Mundia elpenor,EXCLUDE,,No citation given,,no,Opinion claim,Opinion claim,Excluded,Not relevant
NOTHING_EXCLUDE_NA_No citation given_NA_NA Necropsittacus rodricanus,NOTHING NA Necropsittacus rodricanus,EXCLUDE,,No citation given,,no,Opinion claim,Opinion claim,Excluded,Not relevant
NOTHING_EXCLUDE_NA_No citation given_NA_NA Nesoenas duboisi,NOTHING NA Nesoenas duboisi,EXCLUDE,,No citation given,,no,Opinion claim,Opinion claim,Excluded,Not relevant
NOTHING_EXCLUDE_NA_No citation given_NA_NA Nyctanassa carcinocatactes,NOTHING NA Nyctanassa carcinocatactes,EXCLUDE,,No citation given,,no,Opinion claim,Opinion claim,Excluded,Not relevant
NOTHING_EXCLUDE_NA_No citation given_NA_NA Nycticorax mauritianus,NOTHING NA Nycticorax mauritianus,EXCLUDE,,No citation given,,no,Opinion claim,Opinion claim,Excluded,Not relevant
NOTHING_EXCLUDE_NA_No citation given_NA_NA Nycticorax megacephalus,NOTHING NA Nycticorax megacephalus,EXCLUDE,,No citation given,,no,Opinion claim,Opinion claim,Excluded,Not relevant
NOTHING_EXCLUDE_NA_No citation given_NA_NA Pareudiastes silvestris,NOTHING NA Pareudiastes silvestris,EXCLUDE,,No citation given,,no,Opinion claim,Opinion claim,Excluded,Not relevant
NOTHING_EXCLUDE_NA_No citation given_NA_NA Pomarea fluxa,NOTHING NA Pomarea fluxa,EXCLUDE,,No citation given,,no,Opinion claim,Opinion claim,Excluded,Not relevant
NOTHING_EXCLUDE_NA_No citation given_NA_NA Sephanoides fernandensis,NOTHING NA Sephanoides fernandensis,EXCLUDE,,No citation given,,no,Opinion claim,Opinion claim,Excluded,Not relevant
NOTHING_EXCLUDE_NA_No citation given_NA_NA Threskiornis solitarius,NOTHING NA Threskiornis solitarius,EXCLUDE,,No citation given,,no,Opinion claim,Opinion claim,Excluded,Not relevant
NOTHING_EXCLUDE_NA_No citation given_NA_NA Toxostoma guttatum,NOTHING NA Toxostoma guttatum,EXCLUDE,,No citation given,,no,Opinion claim,Opinion claim,Excluded,Not relevant
NOTHING_EXCLUDE_NA_No citation given_NA_NA Turnagra tanagra,NOTHING NA Turnagra tanagra,EXCLUDE,,No citation given,,no,Opinion claim,Opinion claim,Excluded,Not relevant
NOTHING_EXCLUDE_NA_No citation given_NA_NA Zapornia sandwichensis,NOTHING NA Zapornia sandwichensis,EXCLUDE,,No citation given,,no,Opinion claim,Opinion claim,Excluded,Not relevant
NOTHING_EXCLUDE_NA_No citation given_NA_NA Zoothera terrestris,NOTHING NA Zoothera terrestris,EXCLUDE,,No citation given,,no,Opinion claim,Opinion claim,Excluded,Not relevant
(Perkins 1919)_EXCLUDE_NA_Expert opinion_NA_NA,(Perkins 1919),EXCLUDE,,Does not test claim,,no,Does not test claim,Expert opinion,Excluded,Not relevant
(Rothschild 1894)_EXCLUDE_Journal pre-1975_Failure to access or locate online full citation_NA_NA,(Rothschild 1894),EXCLUDE,Journal pre-1975,Inaccessible,,no,Inaccessible,Failure to access or locate online full citation,Excluded,Not relevant
(Rothschild 1907)_EXCLUDE_NA_Expert opinion_NA_NA,(Rothschild 1907),EXCLUDE,,Does not test claim,,no,Does not test claim,Expert opinion,Excluded,Not relevant
Travers in Medway 2004a_EXCLUDE_NA_Missing reference_NA_NA,Travers in Medway 2004a,EXCLUDE,NA,Inaccessible,,no,Inaccessible,Missing reference,Excluded,Not relevant
(Turbott 1990)_EXCLUDE_Conference proceedings_Failure to access or locate online full citation_NA_NA,(Turbott 1990),EXCLUDE,Conference proceedings,Inaccessible,,no,Inaccessible,Failure to access or locate online full citation,Excluded,Not relevant
A. Buckner pers. comm. 2015_EXCLUDE_NA_Personal communication_NA_NA,A. Buckner pers. comm. 2015,EXCLUDE,NA,Inaccessible,,no,Inaccessible,Personal communication,Excluded,Not relevant
A. Burbidge pers. comm._EXCLUDE_NA_Personal communication_NA_NA,A. Burbidge pers. comm.,EXCLUDE,NA,Inaccessible,,no,Inaccessible,Personal communication,Excluded,Not relevant
A. Gouni in litt. 2012_EXCLUDE_NA_Unpublished data or article_NA_NA,A. Gouni in litt. 2012,EXCLUDE,NA,Inaccessible,,no,Inaccessible,Unpublished data or article,Excluded,Not relevant
A. Kroner in litt. 2019_EXCLUDE_NA_Unpublished data or article_NA_NA,A. Kroner in litt. 2019,EXCLUDE,NA,Inaccessible,,no,Inaccessible,Unpublished data or article,Excluded,Not relevant
A. Llerena pers. comm. 2018_EXCLUDE_NA_Personal communication_NA_NA,A. Llerena pers. comm. 2018,EXCLUDE,NA,Inaccessible,,no,Inaccessible,Personal communication,Excluded,Not relevant
A. Skerrett in litt. 1999_EXCLUDE_NA_Unpublished data or article_NA_NA,A. Skerrett in litt. 1999,EXCLUDE,NA,Inaccessible,,no,Inaccessible,Unpublished data or article,Excluded,Not relevant
A.A.T. Amarasinghe pers. comm. 2019_EXCLUDE_NA_Personal communication_NA_NA,A.A.T. Amarasinghe pers. comm. 2019,EXCLUDE,NA,Inaccessible,,no,Inaccessible,Personal communication,Excluded,Not relevant
(ACAP 2010b)_EXCLUDE_NA_Expert opinion_NA_NA,(ACAP 2010b),EXCLUDE,,Does not test claim,,no,Does not test claim,Expert opinion,Excluded,Not relevant
(Abbott 2008)_EXCLUDE_NA_No claim_NA_NA,(Abbott 2008),EXCLUDE,,No claim,,no,No claim,No claim,Excluded,Not relevant
(Abbott 2002)_EXCLUDE_NA_Expert opinion_NA_NA,(Abbott 2002),EXCLUDE,,Does not test claim,,no,Does not test claim,Expert opinion,Excluded,Not relevant
(Abbott 2002)_EXCLUDE_NA_No claim_NA_NA,(Abbott 2002),EXCLUDE,,No claim,,no,No claim,No claim,Excluded,Not relevant
(Abe et al. 2005)_EXCLUDE_Book or chapter_Failure to access or locate online full citation_NA_NA,(Abe et al. 2005),EXCLUDE,Book or chapter,Inaccessible,,no,Inaccessible,Failure to access or locate online full citation,Excluded,Not relevant
(Aguirre-Muñoz et al. 2018)_EXCLUDE_NA_No claim_NA_NA,(Aguirre-Muñoz et al. 2018),EXCLUDE,,No claim,,no,No claim,No claim,Excluded,Not relevant
(Aguirre-Muñoz et al. 2011)_EXCLUDE_NA_No claim_NA_NA,(Aguirre-Muñoz et al. 2011),EXCLUDE,,No claim,,no,No claim,No claim,Excluded,Not relevant
(Al-Saghier et al. 2000)_EXCLUDE_Report_Failure to access or locate online full citation_NA_NA,(Al-Saghier et al. 2000),EXCLUDE,Report,Inaccessible,,no,Inaccessible,Failure to access or locate online full citation,Excluded,Not relevant
(Alberts 2000) core source_INCLUDE_NA_Population in support_yes_yes,(Alberts 2000) core source,INCLUDE,,Population in support,yes,yes,Population in support with data of quality,Population in support with data of quality,Population with data,Yes
(Alves et al. 2011)_EXCLUDE_NA_Expert opinion_NA_NA,(Alves et al. 2011),EXCLUDE,,Does not test claim,,no,Does not test claim,Expert opinion,Excluded,Not relevant
(Andrew et al. 2018)_EXCLUDE_NA_Expert opinion_NA_NA,(Andrew et al. 2018),EXCLUDE,,Does not test claim,,no,Does not test claim,Expert opinion,Excluded,Not relevant
(Arcos & Oro 2004)_INCLUDE_NA_Predation in support_no_no,(Arcos & Oro 2004),INCLUDE,,Predation in support,no,no,Predation in support without data,Predation in support without data,Predation without data,Yes
(Arcos et al. 2012)_EXCLUDE_Report_Failure to access or locate online full citation_NA_NA,(Arcos et al. 2012),EXCLUDE,Report,Inaccessible,,no,Inaccessible,Failure to access or locate online full citation,Excluded,Not relevant
Arnold 2000_EXCLUDE_NA_Missing reference_NA_NA,Arnold 2000,EXCLUDE,NA,Inaccessible,,no,Inaccessible,Missing reference,Excluded,Not relevant
(Arnold 1980)_EXCLUDE_NA_No claim_NA_NA,(Arnold 1980),EXCLUDE,,No claim,,no,No claim,No claim,Excluded,Not relevant
(Arnold 2000)_EXCLUDE_Book or chapter_Failure to access or locate online full citation_NA_NA,(Arnold 2000),EXCLUDE,Book or chapter,Inaccessible,,no,Inaccessible,Failure to access or locate online full citation,Excluded,Not relevant
"(Arnold & Jones 1994)_EXCLUDE_Newspaper, newsletter or magazine_Failure to access or locate online full citation_NA_NA",(Arnold & Jones 1994),EXCLUDE,"Newspaper, newsletter or magazine",Inaccessible,,no,Inaccessible,Failure to access or locate online full citation,Excluded,Not relevant
(Augros & Hawlitschek 2019)_EXCLUDE_NA_Not in English or Spanish_NA_NA,(Augros & Hawlitschek 2019),EXCLUDE,NA,Inaccessible,,no,Inaccessible,Not in English or Spanish,Excluded,Not relevant
B. Tershy in litt. 2007_EXCLUDE_NA_Unpublished data or article_NA_NA,B. Tershy in litt. 2007,EXCLUDE,NA,Inaccessible,,no,Inaccessible,Unpublished data or article,Excluded,Not relevant
B. Wilson pers. comm. 2015_EXCLUDE_NA_Personal communication_NA_NA,B. Wilson pers. comm. 2015,EXCLUDE,NA,Inaccessible,,no,Inaccessible,Personal communication,Excluded,Not relevant
(BEST 2016)_EXCLUDE_NA_Expert opinion_NA_NA,(BEST 2016),EXCLUDE,,Does not test claim,,no,Does not test claim,Expert opinion,Excluded,Not relevant
(Bain et al. 2023)_EXCLUDE_NA_No claim_NA_NA,(Bain et al. 2023),EXCLUDE,,No claim,,no,No claim,No claim,Excluded,Not relevant
Banko 2009_EXCLUDE_NA_Missing reference_NA_NA,Banko 2009,EXCLUDE,NA,Inaccessible,,no,Inaccessible,Missing reference,Excluded,Not relevant
(Banko et al. 2002a)_EXCLUDE_Book or chapter_Failure to access or locate online full citation_NA_NA,(Banko et al. 2002a),EXCLUDE,Book or chapter,Inaccessible,,no,Inaccessible,Failure to access or locate online full citation,Excluded,Not relevant
(Banko et al. 2013)_EXCLUDE_NA_No claim_NA_NA,(Banko et al. 2013),EXCLUDE,,No claim,,no,No claim,No claim,Excluded,Not relevant
(Banko et al. 2014b)_EXCLUDE_NA_Expert opinion_NA_NA,(Banko et al. 2014b),EXCLUDE,,Does not test claim,,no,Does not test claim,Expert opinion,Excluded,Not relevant
(Banko & Elder 1990)_EXCLUDE_NA_Expert opinion_NA_NA,(Banko & Elder 1990),EXCLUDE,,Does not test claim,,no,Does not test claim,Expert opinion,Excluded,Not relevant
(Barbraud et al. 2009)_EXCLUDE_NA_No claim_NA_NA,(Barbraud et al. 2009),EXCLUDE,,No claim,,no,No claim,No claim,Excluded,Not relevant
(Basse et al. 1999)_EXCLUDE_NA_No claim_NA_NA,(Basse et al. 1999),EXCLUDE,,No claim,,no,No claim,No claim,Excluded,Not relevant
(Bell et al. 2012)_EXCLUDE_NA_No claim_NA_NA,(Bell et al. 2012),EXCLUDE,,No claim,,no,No claim,No claim,Excluded,Not relevant
(Berlin & Vangelder 1999)_EXCLUDE_Book or chapter_Failure to access or locate online full citation_NA_NA,(Berlin & Vangelder 1999),EXCLUDE,Book or chapter,Inaccessible,,no,Inaccessible,Failure to access or locate online full citation,Excluded,Not relevant
(BirdLife International 2001)_EXCLUDE_NA_No claim_NA_NA,(BirdLife International 2001),EXCLUDE,,No claim,,no,No claim,No claim,Excluded,Not relevant
(Birds Caribbean 2021)_EXCLUDE_NA_No claim_NA_NA,(Birds Caribbean 2021),EXCLUDE,,No claim,,no,No claim,No claim,Excluded,Not relevant
(Bissessur & Florens 2018)_EXCLUDE_NA_No claim_NA_NA,(Bissessur & Florens 2018),EXCLUDE,,No claim,,no,No claim,No claim,Excluded,Not relevant
"(Biswell 2006)_EXCLUDE_Newspaper, newsletter or magazine_Failure to access or locate online full citation_NA_NA",(Biswell 2006),EXCLUDE,"Newspaper, newsletter or magazine",Inaccessible,,no,Inaccessible,Failure to access or locate online full citation,Excluded,Not relevant
(Blanvillain & Thorsen 2003)_EXCLUDE_NA_No claim_NA_NA,(Blanvillain & Thorsen 2003),EXCLUDE,,No claim,,no,No claim,No claim,Excluded,Not relevant
(Blumton 1989)_EXCLUDE_NA_No claim_NA_NA,(Blumton 1989),EXCLUDE,,No claim,,no,No claim,No claim,Excluded,Not relevant
(Boersma et al. 2015)_EXCLUDE_Book or chapter_Failure to access or locate online full citation_NA_NA,(Boersma et al. 2015),EXCLUDE,Book or chapter,Inaccessible,,no,Inaccessible,Failure to access or locate online full citation,Excluded,Not relevant
(Borroto-Páez et al. 2011)_EXCLUDE_NA_Expert opinion_NA_NA,(Borroto-Páez et al. 2011),EXCLUDE,,Does not test claim,,no,Does not test claim,Expert opinion,Excluded,Not relevant
(Borroto-Páez & Mancina 2017)_EXCLUDE_NA_Expert opinion_NA_NA,(Borroto-Páez & Mancina 2017),EXCLUDE,,Does not test claim,,no,Does not test claim,Expert opinion,Excluded,Not relevant
(Borroto-Páez & Ramos 2012)_EXCLUDE_NA_Expert opinion_NA_NA,(Borroto-Páez & Ramos 2012),EXCLUDE,,Does not test claim,,no,Does not test claim,Expert opinion,Excluded,Not relevant
(Bradley & Gerber 2005)_EXCLUDE_NA_No claim_NA_NA,(Bradley & Gerber 2005),EXCLUDE,,No claim,,no,No claim,No claim,Excluded,Not relevant
"(Bradley & Gerber 2006)_EXCLUDE_Newspaper, newsletter or magazine_Failure to access or locate online full citation_NA_NA",(Bradley & Gerber 2006),EXCLUDE,"Newspaper, newsletter or magazine",Inaccessible,,no,Inaccessible,Failure to access or locate online full citation,Excluded,Not relevant
(Brooke 2004)_EXCLUDE_Book or chapter_Failure to access or locate online full citation_NA_NA,(Brooke 2004),EXCLUDE,Book or chapter,Inaccessible,,no,Inaccessible,Failure to access or locate online full citation,Excluded,Not relevant
(Bruner 1972)_EXCLUDE_Report_Failure to access or locate online full citation_NA_NA,(Bruner 1972),EXCLUDE,Report,Inaccessible,,no,Inaccessible,Failure to access or locate online full citation,Excluded,Not relevant
(Buden 2000)_EXCLUDE_NA_No claim_NA_NA,(Buden 2000),EXCLUDE,,No claim,,no,No claim,No claim,Excluded,Not relevant
(Burbidge & Short 2008)_EXCLUDE_Book or chapter_Failure to access or locate online full citation_NA_NA,(Burbidge & Short 2008),EXCLUDE,Book or chapter,Inaccessible,,no,Inaccessible,Failure to access or locate online full citation,Excluded,Not relevant
(Butler 1992)_EXCLUDE_Book or chapter_Failure to access or locate online full citation_NA_NA,(Butler 1992),EXCLUDE,Book or chapter,Inaccessible,,no,Inaccessible,Failure to access or locate online full citation,Excluded,Not relevant
C. Blanvillain in litt. 2016_EXCLUDE_NA_Unpublished data or article_NA_NA,C. Blanvillain in litt. 2016,EXCLUDE,NA,Inaccessible,,no,Inaccessible,Unpublished data or article,Excluded,Not relevant
C. Licarião in litt. 2024_EXCLUDE_NA_Unpublished data or article_NA_NA,C. Licarião in litt. 2024,EXCLUDE,NA,Inaccessible,,no,Inaccessible,Unpublished data or article,Excluded,Not relevant
C. Marquez and D. Cisneros-Heredia pers. comm. 2014_EXCLUDE_NA_Personal communication_NA_NA,C. Marquez and D. Cisneros-Heredia pers. comm. 2014,EXCLUDE,NA,Inaccessible,,no,Inaccessible,Personal communication,Excluded,Not relevant
C. Schuster pers. comm. 2022_EXCLUDE_NA_Personal communication_NA_NA,C. Schuster pers. comm. 2022,EXCLUDE,NA,Inaccessible,,no,Inaccessible,Personal communication,Excluded,Not relevant
(Cabrera & Carreira 2009)_EXCLUDE_NA_Expert opinion_NA_NA,(Cabrera & Carreira 2009),EXCLUDE,,Does not test claim,,no,Does not test claim,Expert opinion,Excluded,Not relevant
(Camp et al. 2009)_EXCLUDE_NA_No claim_NA_NA,(Camp et al. 2009),EXCLUDE,,No claim,,no,No claim,No claim,Excluded,Not relevant
(Carboneras et al. 2014)_EXCLUDE_Book or chapter_Failure to access or locate online full citation_NA_NA,(Carboneras et al. 2014),EXCLUDE,Book or chapter,Inaccessible,,no,Inaccessible,Failure to access or locate online full citation,Excluded,Not relevant
(Carrión Avilés 2012)_EXCLUDE_NA_Not in English or Spanish_NA_NA,(Carrión Avilés 2012),EXCLUDE,NA,Inaccessible,,no,Inaccessible,Not in English or Spanish,Excluded,Not relevant
(Case 1982)_EXCLUDE_NA_Expert opinion_NA_NA,(Case 1982),EXCLUDE,,Does not test claim,,no,Does not test claim,Expert opinion,Excluded,Not relevant
(Ceballos & Ceballos 2014)_EXCLUDE_Book or chapter_Failure to access or locate online full citation_NA_NA,(Ceballos & Ceballos 2014),EXCLUDE,Book or chapter,Inaccessible,,no,Inaccessible,Failure to access or locate online full citation,Excluded,Not relevant
(Ceia 2008)_EXCLUDE_NA_Not in English or Spanish_NA_NA,(Ceia 2008),EXCLUDE,NA,Inaccessible,,no,Inaccessible,Not in English or Spanish,Excluded,Not relevant
(Cepeda & Cruz 1994)_EXCLUDE_Book or chapter_Failure to access or locate online full citation_NA_NA,(Cepeda & Cruz 1994),EXCLUDE,Book or chapter,Inaccessible,,no,Inaccessible,Failure to access or locate online full citation,Excluded,Not relevant
Cheke and Hume 2008_EXCLUDE_NA_Missing reference_NA_NA,Cheke and Hume 2008,EXCLUDE,NA,Inaccessible,,no,Inaccessible,Missing reference,Excluded,Not relevant
(Cheke & Hume 2008)_EXCLUDE_NA_No claim_NA_NA,(Cheke & Hume 2008),EXCLUDE,,No claim,,no,No claim,No claim,Excluded,Not relevant
(Cheke & Hume 2008)_EXCLUDE_Book or chapter_Failure to access or locate online full citation_NA_NA,(Cheke & Hume 2008),EXCLUDE,Book or chapter,Inaccessible,,no,Inaccessible,Failure to access or locate online full citation,Excluded,Not relevant
"(Chittenden 2003)_EXCLUDE_Newspaper, newsletter or magazine_Failure to access or locate online full citation_NA_NA",(Chittenden 2003),EXCLUDE,"Newspaper, newsletter or magazine",Inaccessible,,no,Inaccessible,Failure to access or locate online full citation,Excluded,Not relevant
(Christensen & Burrows 1995)_EXCLUDE_NA_No claim_NA_NA,(Christensen & Burrows 1995),EXCLUDE,,No claim,,no,No claim,No claim,Excluded,Not relevant
(Cleere & Nurney 1998)_EXCLUDE_Book or chapter_Failure to access or locate online full citation_NA_NA,(Cleere & Nurney 1998),EXCLUDE,Book or chapter,Inaccessible,,no,Inaccessible,Failure to access or locate online full citation,Excluded,Not relevant
(Clemann 2015)_EXCLUDE_NA_No claim_NA_NA,(Clemann 2015),EXCLUDE,,No claim,,no,No claim,No claim,Excluded,Not relevant
(Clough 1972)_EXCLUDE_NA_No claim_NA_NA,(Clough 1972),EXCLUDE,,No claim,,no,No claim,No claim,Excluded,Not relevant
(Clough 1976)_INCLUDE_NA_Population not in support_yes_no,(Clough 1976),INCLUDE,,Population not in support,yes,no,Population not in support with data,Population not in support with data,Population with data,No
(Clout & Merton 1998)_INCLUDE_NA_Predation in support_no_no,(Clout & Merton 1998),INCLUDE,,Predation in support,no,no,Predation in support without data,Predation in support without data,Predation without data,Yes
(Cole 2005)_EXCLUDE_NA_No claim_NA_NA,(Cole 2005),EXCLUDE,,No claim,,no,No claim,No claim,Excluded,Not relevant
(Cole 2011)_EXCLUDE_NA_No claim_NA_NA,(Cole 2011),EXCLUDE,,No claim,,no,No claim,No claim,Excluded,Not relevant
(Cole et al. 2009)_EXCLUDE_Report_Failure to access or locate online full citation_NA_NA,(Cole et al. 2009),EXCLUDE,Report,Inaccessible,,no,Inaccessible,Failure to access or locate online full citation,Excluded,Not relevant
(Collar & Stuart 1985)_EXCLUDE_NA_Missing reference_NA_NA,(Collar & Stuart 1985),EXCLUDE,NA,Inaccessible,,no,Inaccessible,Missing reference,Excluded,Not relevant
(Corry et al. 2010)_EXCLUDE_NA_Expert opinion_NA_NA,(Corry et al. 2010),EXCLUDE,,Does not test claim,,no,Does not test claim,Expert opinion,Excluded,Not relevant
(Cox 1987)_EXCLUDE_NA_Expert opinion_NA_NA,(Cox 1987),EXCLUDE,,Does not test claim,,no,Does not test claim,Expert opinion,Excluded,Not relevant
(Cruz et al. 2014)_EXCLUDE_NA_Expert opinion_NA_NA,(Cruz et al. 2014),EXCLUDE,,Does not test claim,,no,Does not test claim,Expert opinion,Excluded,Not relevant
(Currie et al. 2004)_EXCLUDE_NA_Expert opinion_NA_NA,(Currie et al. 2004),EXCLUDE,,Does not test claim,,no,Does not test claim,Expert opinion,Excluded,Not relevant
(Curry et al. 2006)_EXCLUDE_Conference proceedings_Failure to access or locate online full citation_NA_NA,(Curry et al. 2006),EXCLUDE,Conference proceedings,Inaccessible,,no,Inaccessible,Failure to access or locate online full citation,Excluded,Not relevant
(Curry 1989)_INCLUDE_NA_Predation not in support_no_no,(Curry 1989),INCLUDE,,Predation not in support,no,no,Predation not in support without data,Predation not in support without data,Predation without data,No
(Cuthbert 2002)_EXCLUDE_NA_No claim_NA_NA,(Cuthbert 2002),EXCLUDE,,No claim,,no,No claim,No claim,Excluded,Not relevant
(Cuthbert 1999)_EXCLUDE_Thesis_Failure to access or locate online full citation_NA_NA,(Cuthbert 1999),EXCLUDE,Thesis,Inaccessible,,no,Inaccessible,Failure to access or locate online full citation,Excluded,Not relevant
D. Ainley in litt. 1999_EXCLUDE_NA_Unpublished data or article_NA_NA,D. Ainley in litt. 1999,EXCLUDE,NA,Inaccessible,,no,Inaccessible,Unpublished data or article,Excluded,Not relevant
D. F. Cisneros-Heredia in litt. 2022_EXCLUDE_NA_Unpublished data or article_NA_NA,D. F. Cisneros-Heredia in litt. 2022,EXCLUDE,NA,Inaccessible,,no,Inaccessible,Unpublished data or article,Excluded,Not relevant
"D. Fisher, N. Whitmore and A. Gazzard pers. comm. 2024_EXCLUDE_NA_Personal communication_NA_NA","D. Fisher, N. Whitmore and A. Gazzard pers. comm. 2024",EXCLUDE,NA,Inaccessible,,no,Inaccessible,Personal communication,Excluded,Not relevant
D. Maphisa in litt. 2016_EXCLUDE_NA_Unpublished data or article_NA_NA,D. Maphisa in litt. 2016,EXCLUDE,NA,Inaccessible,,no,Inaccessible,Unpublished data or article,Excluded,Not relevant
(Davis 1994)_EXCLUDE_NA_Expert opinion_NA_NA,(Davis 1994),EXCLUDE,,Does not test claim,,no,Does not test claim,Expert opinion,Excluded,Not relevant
(De La Rosa & Carreras De León 2016)_EXCLUDE_NA_Missing reference_NA_NA,(De La Rosa & Carreras De León 2016),EXCLUDE,NA,Inaccessible,,no,Inaccessible,Missing reference,Excluded,Not relevant
(Dennis 2001)_EXCLUDE_NA_No claim_NA_NA,(Dennis 2001),EXCLUDE,,No claim,,no,No claim,No claim,Excluded,Not relevant
(Threatened Species Scientific Committee 2016b)_EXCLUDE_NA_Expert opinion_NA_NA,(Threatened Species Scientific Committee 2016b),EXCLUDE,,Does not test claim,,no,Does not test claim,Expert opinion,Excluded,Not relevant
(Environment 2025)_EXCLUDE_NA_Expert opinion_NA_NA,(Environment 2025),EXCLUDE,,Does not test claim,,no,Does not test claim,Expert opinion,Excluded,Not relevant
(Department of the Environment 2007)_EXCLUDE_NA_Expert opinion_NA_NA,(Department of the Environment 2007),EXCLUDE,,Does not test claim,,no,Does not test claim,Expert opinion,Excluded,Not relevant
(Dowding 2006)_EXCLUDE_NA_No claim_NA_NA,(Dowding 2006),EXCLUDE,,No claim,,no,No claim,No claim,Excluded,Not relevant
(Drost & Lewis 1995)_EXCLUDE_Book or chapter_Failure to access or locate online full citation_NA_NA,(Drost & Lewis 1995),EXCLUDE,Book or chapter,Inaccessible,,no,Inaccessible,Failure to access or locate online full citation,Excluded,Not relevant
(Duncan et al. 1999)_EXCLUDE_NA_Expert opinion_NA_NA,(Duncan et al. 1999),EXCLUDE,,Does not test claim,,no,Does not test claim,Expert opinion,Excluded,Not relevant
(Dunlop 2018)_EXCLUDE_NA_Expert opinion_NA_NA,(Dunlop 2018),EXCLUDE,,Does not test claim,,no,Does not test claim,Expert opinion,Excluded,Not relevant
(Dutton 1994)_EXCLUDE_NA_No claim_NA_NA,(Dutton 1994),EXCLUDE,,No claim,,no,No claim,No claim,Excluded,Not relevant
(Dvorak et al. 2020)_EXCLUDE_NA_No claim_NA_NA,(Dvorak et al. 2020),EXCLUDE,,No claim,,no,No claim,No claim,Excluded,Not relevant
E. A. Schreiber in litt. 1999_EXCLUDE_NA_Unpublished data or article_NA_NA,E. A. Schreiber in litt. 1999,EXCLUDE,NA,Inaccessible,,no,Inaccessible,Unpublished data or article,Excluded,Not relevant
E. Hagen in litt. 2020_EXCLUDE_NA_Unpublished data or article_NA_NA,E. Hagen in litt. 2020,EXCLUDE,NA,Inaccessible,,no,Inaccessible,Unpublished data or article,Excluded,Not relevant
E. VanGelder in litt. 1999_EXCLUDE_NA_Unpublished data or article_NA_NA,E. VanGelder in litt. 1999,EXCLUDE,NA,Inaccessible,,no,Inaccessible,Unpublished data or article,Excluded,Not relevant
(Echternacht et al. 2011)_INCLUDE_NA_Predation in support_no_no,(Echternacht et al. 2011),INCLUDE,,Predation in support,no,no,Predation in support without data,Predation in support without data,Predation without data,Yes
F. Burns in litt. 2008_EXCLUDE_NA_Unpublished data or article_NA_NA,F. Burns in litt. 2008,EXCLUDE,NA,Inaccessible,,no,Inaccessible,Unpublished data or article,Excluded,Not relevant
F. Burns in litt. 2010_EXCLUDE_NA_Unpublished data or article_NA_NA,F. Burns in litt. 2010,EXCLUDE,NA,Inaccessible,,no,Inaccessible,Unpublished data or article,Excluded,Not relevant
F. Rodríguez in litt. 2016_EXCLUDE_NA_Unpublished data or article_NA_NA,F. Rodríguez in litt. 2016,EXCLUDE,NA,Inaccessible,,no,Inaccessible,Unpublished data or article,Excluded,Not relevant
(Famira-Parcsetich et al. 2024)_INCLUDE_NA_Predation in support_no_no,(Famira-Parcsetich et al. 2024),INCLUDE,,Predation in support,no,no,Predation in support without data,Predation in support without data,Predation without data,Yes
(Fancourt 2014)_INCLUDE_NA_Population in support_yes_no,(Fancourt 2014),INCLUDE,,Population in support,yes,no,Population in support with data,Population in support with data,Population with data,Yes
(Farris & Kelly 2011)_EXCLUDE_NA_No claim_NA_NA,(Farris & Kelly 2011),EXCLUDE,,No claim,,no,No claim,No claim,Excluded,Not relevant
(Farris et al. 2015b)_EXCLUDE_NA_Unpublished data or article_NA_NA,(Farris et al. 2015b),EXCLUDE,NA,Inaccessible,,no,Inaccessible,Unpublished data or article,Excluded,Not relevant
(Farris et al. 2016)_EXCLUDE_NA_Unpublished data or article_NA_NA,(Farris et al. 2016),EXCLUDE,NA,Inaccessible,,no,Inaccessible,Unpublished data or article,Excluded,Not relevant
(Felix et al. 2014)_EXCLUDE_NA_Unpublished data or article_NA_NA,(Felix et al. 2014),EXCLUDE,NA,Inaccessible,,no,Inaccessible,Unpublished data or article,Excluded,Not relevant
(Fisher et al. 2000)_EXCLUDE_NA_No claim_NA_NA,(Fisher et al. 2000),EXCLUDE,,No claim,,no,No claim,No claim,Excluded,Not relevant
(Fisher et al. 2019)_EXCLUDE_NA_No claim_NA_NA,(Fisher et al. 2019),EXCLUDE,,No claim,,no,No claim,No claim,Excluded,Not relevant
(Fitzgerald et al. 2002)_EXCLUDE_NA_Expert opinion_NA_NA,(Fitzgerald et al. 2002),EXCLUDE,,Does not test claim,,no,Does not test claim,Expert opinion,Excluded,Not relevant
(Fleming 1939)_EXCLUDE_NA_Expert opinion_NA_NA,(Fleming 1939),EXCLUDE,,Does not test claim,,no,Does not test claim,Expert opinion,Excluded,Not relevant
(Flux 2007)_INCLUDE_NA_Predation in support_no_no,(Flux 2007),INCLUDE,,Predation in support,no,no,Predation in support without data,Predation in support without data,Predation without data,Yes
(Friend 2003)_INCLUDE_NA_Predation in support_no_no,(Friend 2003),INCLUDE,,Predation in support,no,no,Predation in support without data,Predation in support without data,Predation without data,Yes
(Friend 2008)_EXCLUDE_Book or chapter_Failure to access or locate online full citation_NA_NA,(Friend 2008),EXCLUDE,Book or chapter,Inaccessible,,no,Inaccessible,Failure to access or locate online full citation,Excluded,Not relevant
(Fundação Príncipe 2019)_EXCLUDE_Report_Failure to access or locate online full citation_NA_NA,(Fundação Príncipe 2019),EXCLUDE,Report,Inaccessible,,no,Inaccessible,Failure to access or locate online full citation,Excluded,Not relevant
G. A. Taylor in litt. 1994_EXCLUDE_NA_Unpublished data or article_NA_NA,G. A. Taylor in litt. 1994,EXCLUDE,NA,Inaccessible,,no,Inaccessible,Unpublished data or article,Excluded,Not relevant
G. Clemmer pers. comm. 1995_EXCLUDE_NA_Personal communication_NA_NA,G. Clemmer pers. comm. 1995,EXCLUDE,NA,Inaccessible,,no,Inaccessible,Personal communication,Excluded,Not relevant
G. Dutson in litt. 2007_EXCLUDE_NA_Missing reference_NA_NA,G. Dutson in litt. 2007,EXCLUDE,NA,Inaccessible,,no,Inaccessible,Missing reference,Excluded,Not relevant
G. Hilton in litt. 2006_EXCLUDE_NA_Unpublished data or article_NA_NA,G. Hilton in litt. 2006,EXCLUDE,NA,Inaccessible,,no,Inaccessible,Unpublished data or article,Excluded,Not relevant
"G. Lobos, A. Charrier and M. Vidal pers. comm. May 2018_EXCLUDE_NA_Personal communication_NA_NA","G. Lobos, A. Charrier and M. Vidal pers. comm. May 2018",EXCLUDE,NA,Inaccessible,,no,Inaccessible,Personal communication,Excluded,Not relevant
G. McKinlay in litt. 2018_EXCLUDE_NA_Unpublished data or article_NA_NA,G. McKinlay in litt. 2018,EXCLUDE,NA,Inaccessible,,no,Inaccessible,Unpublished data or article,Excluded,Not relevant
G. Rivas pers. comm. 2018_EXCLUDE_NA_Personal communication_NA_NA,G. Rivas pers. comm. 2018,EXCLUDE,NA,Inaccessible,,no,Inaccessible,Personal communication,Excluded,Not relevant
(Garcia et al. 2001)_EXCLUDE_NA_No claim_NA_NA,(Garcia et al. 2001),EXCLUDE,,No claim,,no,No claim,No claim,Excluded,Not relevant
Gerber 2000 Unpublished report_EXCLUDE_Report_Failure to access or locate online full citation_NA_NA,Gerber 2000 Unpublished report,EXCLUDE,Report,Inaccessible,,no,Inaccessible,Failure to access or locate online full citation,Excluded,Not relevant
(Ghestemme 2009)_EXCLUDE_NA_Not in English or Spanish_NA_NA,(Ghestemme 2009),EXCLUDE,NA,Inaccessible,,no,Inaccessible,Not in English or Spanish,Excluded,Not relevant
(Goder et al. 2015)_EXCLUDE_Report_Failure to access or locate online full citation_NA_NA,(Goder et al. 2015),EXCLUDE,Report,Inaccessible,,no,Inaccessible,Failure to access or locate online full citation,Excluded,Not relevant
(Gouni et al. 2006)_EXCLUDE_NA_Not in English or Spanish_NA_NA,(Gouni et al. 2006),EXCLUDE,NA,Inaccessible,,no,Inaccessible,Not in English or Spanish,Excluded,Not relevant
(Groombridge et al. 2004)_EXCLUDE_NA_Expert opinion_NA_NA,(Groombridge et al. 2004),EXCLUDE,,Does not test claim,,no,Does not test claim,Expert opinion,Excluded,Not relevant
"(Guicking 1999)_EXCLUDE_Newspaper, newsletter or magazine_Failure to access or locate online full citation_NA_NA",(Guicking 1999),EXCLUDE,"Newspaper, newsletter or magazine",Inaccessible,,no,Inaccessible,Failure to access or locate online full citation,Excluded,Not relevant
H. Baker and P. Baker in litt. 1999_EXCLUDE_NA_Unpublished data or article_NA_NA,H. Baker and P. Baker in litt. 1999,EXCLUDE,NA,Inaccessible,,no,Inaccessible,Unpublished data or article,Excluded,Not relevant
H. C. Baker and P. E. Baker in litt. 1999_EXCLUDE_NA_Unpublished data or article_NA_NA,H. C. Baker and P. E. Baker in litt. 1999,EXCLUDE,NA,Inaccessible,,no,Inaccessible,Unpublished data or article,Excluded,Not relevant
H. Weimerskirch in litt. 2008_EXCLUDE_NA_Missing reference_NA_NA,H. Weimerskirch in litt. 2008,EXCLUDE,NA,Inaccessible,,no,Inaccessible,Missing reference,Excluded,Not relevant
(Ha et al. 2010)_EXCLUDE_NA_Expert opinion_NA_NA,(Ha et al. 2010),EXCLUDE,,Does not test claim,,no,Does not test claim,Expert opinion,Excluded,Not relevant
(Hammond et al. 2016)_EXCLUDE_NA_Expert opinion_NA_NA,(Hammond et al. 2016),EXCLUDE,,Does not test claim,,no,Does not test claim,Expert opinion,Excluded,Not relevant
(Harrington et al. 2017)_EXCLUDE_NA_No claim_NA_NA,(Harrington et al. 2017),EXCLUDE,,No claim,,no,No claim,No claim,Excluded,Not relevant
(Harris 1973)_EXCLUDE_NA_Expert opinion_NA_NA,(Harris 1973),EXCLUDE,,Does not test claim,,no,Does not test claim,Expert opinion,Excluded,Not relevant
(Hawlitschek et al. 2011)_EXCLUDE_NA_No claim_NA_NA,(Hawlitschek et al. 2011),EXCLUDE,,No claim,,no,No claim,No claim,Excluded,Not relevant
"(Hayes 2006)_EXCLUDE_Newspaper, newsletter or magazine_Failure to access or locate online full citation_NA_NA",(Hayes 2006),EXCLUDE,"Newspaper, newsletter or magazine",Inaccessible,,no,Inaccessible,Failure to access or locate online full citation,Excluded,Not relevant
(Heather & Robertson 1997)_EXCLUDE_Book or chapter_Failure to access or locate online full citation_NA_NA,(Heather & Robertson 1997),EXCLUDE,Book or chapter,Inaccessible,,no,Inaccessible,Failure to access or locate online full citation,Excluded,Not relevant
(Hedges & Conn 2012)_EXCLUDE_NA_No claim_NA_NA,(Hedges & Conn 2012),EXCLUDE,,No claim,,no,No claim,No claim,Excluded,Not relevant
(Hernández et al. 1999)_EXCLUDE_NA_No claim_NA_NA,(Hernández et al. 1999),EXCLUDE,,No claim,,no,No claim,No claim,Excluded,Not relevant
(Hernández 2005)_EXCLUDE_NA_Expert opinion_NA_NA,(Hernández 2005),EXCLUDE,,Does not test claim,,no,Does not test claim,Expert opinion,Excluded,Not relevant
(Higgins 1999)_EXCLUDE_Book or chapter_Failure to access or locate online full citation_NA_NA,(Higgins 1999),EXCLUDE,Book or chapter,Inaccessible,,no,Inaccessible,Failure to access or locate online full citation,Excluded,Not relevant
Hines pers. comm. 2017_EXCLUDE_NA_Personal communication_NA_NA,Hines pers. comm. 2017,EXCLUDE,NA,Inaccessible,,no,Inaccessible,Personal communication,Excluded,Not relevant
Hodum in litt. 2007_EXCLUDE_NA_Unpublished data or article_NA_NA,Hodum in litt. 2007,EXCLUDE,NA,Inaccessible,,no,Inaccessible,Unpublished data or article,Excluded,Not relevant
Hodum in litt. 2008_EXCLUDE_NA_Unpublished data or article_NA_NA,Hodum in litt. 2008,EXCLUDE,NA,Inaccessible,,no,Inaccessible,Unpublished data or article,Excluded,Not relevant
(Hodum 2009)_EXCLUDE_Report_Failure to access or locate online full citation_NA_NA,(Hodum 2009),EXCLUDE,Report,Inaccessible,,no,Inaccessible,Failure to access or locate online full citation,Excluded,Not relevant
(Hodum & Wainstein 2004)_EXCLUDE_Report_Failure to access or locate online full citation_NA_NA,(Hodum & Wainstein 2004),EXCLUDE,Report,Inaccessible,,no,Inaccessible,Failure to access or locate online full citation,Excluded,Not relevant
(Honsterette & Probst 1999)_EXCLUDE_NA_Not in English or Spanish_NA_NA,(Honsterette & Probst 1999),EXCLUDE,NA,Inaccessible,,no,Inaccessible,Not in English or Spanish,Excluded,Not relevant
Hume 2017_EXCLUDE_NA_Missing reference_NA_NA,Hume 2017,EXCLUDE,NA,Inaccessible,,no,Inaccessible,Missing reference,Excluded,Not relevant
(Hume 2017) core source_INCLUDE_NA_Population in support_yes_no,(Hume 2017) core source,INCLUDE,,Population in support,yes,no,Population in support with data,Population in support with data,Population with data,Yes
(Hunter et al. 2018)_EXCLUDE_NA_Expert opinion_NA_NA,(Hunter et al. 2018),EXCLUDE,,Does not test claim,,no,Does not test claim,Expert opinion,Excluded,Not relevant
I. Debski in litt. 2018_EXCLUDE_NA_Missing reference_NA_NA,I. Debski in litt. 2018,EXCLUDE,NA,Inaccessible,,no,Inaccessible,Missing reference,Excluded,Not relevant
(Illera & Díaz 2006)_EXCLUDE_NA_Expert opinion_NA_NA,(Illera & Díaz 2006),EXCLUDE,,Does not test claim,,no,Does not test claim,Expert opinion,Excluded,Not relevant
(Iverson 1978)_EXCLUDE_NA_No claim_NA_NA,(Iverson 1978),EXCLUDE,,No claim,,no,No claim,No claim,Excluded,Not relevant
J. Burgett in litt. 2007_EXCLUDE_NA_Unpublished data or article_NA_NA,J. Burgett in litt. 2007,EXCLUDE,NA,Inaccessible,,no,Inaccessible,Unpublished data or article,Excluded,Not relevant
J. C. Simon in litt. 1999_EXCLUDE_NA_Unpublished data or article_NA_NA,J. C. Simon in litt. 1999,EXCLUDE,NA,Inaccessible,,no,Inaccessible,Unpublished data or article,Excluded,Not relevant
J. C. Torres-Mura in litt.1999_EXCLUDE_NA_Unpublished data or article_NA_NA,J. C. Torres-Mura in litt.1999,EXCLUDE,NA,Inaccessible,,no,Inaccessible,Unpublished data or article,Excluded,Not relevant
J. E. Martínez-Gómez in litt. 1999_EXCLUDE_NA_Unpublished data or article_NA_NA,J. E. Martínez-Gómez in litt. 1999,EXCLUDE,NA,Inaccessible,,no,Inaccessible,Unpublished data or article,Excluded,Not relevant
J. E. Martínez-Gómez in litt. 2000_EXCLUDE_NA_Unpublished data or article_NA_NA,J. E. Martínez-Gómez in litt. 2000,EXCLUDE,NA,Inaccessible,,no,Inaccessible,Unpublished data or article,Excluded,Not relevant
J. E. Martínez-Gómez in litt. 2007_EXCLUDE_NA_Unpublished data or article_NA_NA,J. E. Martínez-Gómez in litt. 2007,EXCLUDE,NA,Inaccessible,,no,Inaccessible,Unpublished data or article,Excluded,Not relevant
J. E. Martínez-Gómez in litt. 2016_EXCLUDE_NA_Unpublished data or article_NA_NA,J. E. Martínez-Gómez in litt. 2016,EXCLUDE,NA,Inaccessible,,no,Inaccessible,Unpublished data or article,Excluded,Not relevant
J. Freile in litt. 2018_EXCLUDE_NA_Unpublished data or article_NA_NA,J. Freile in litt. 2018,EXCLUDE,NA,Inaccessible,,no,Inaccessible,Unpublished data or article,Excluded,Not relevant
J. Friend pers. comm._EXCLUDE_NA_Personal communication_NA_NA,J. Friend pers. comm.,EXCLUDE,NA,Inaccessible,,no,Inaccessible,Personal communication,Excluded,Not relevant
J. M. Scott in litt. 1999_EXCLUDE_NA_Unpublished data or article_NA_NA,J. M. Scott in litt. 1999,EXCLUDE,NA,Inaccessible,,no,Inaccessible,Unpublished data or article,Excluded,Not relevant
J. Martínez Gómez in litt. 1998_EXCLUDE_NA_Missing reference_NA_NA,J. Martínez Gómez in litt. 1998,EXCLUDE,NA,Inaccessible,,no,Inaccessible,Missing reference,Excluded,Not relevant
J. Martínez Gómez in litt. 1999_EXCLUDE_NA_Missing reference_NA_NA,J. Martínez Gómez in litt. 1999,EXCLUDE,NA,Inaccessible,,no,Inaccessible,Missing reference,Excluded,Not relevant
J. Martínez Gómez in litt. 2000_EXCLUDE_NA_Missing reference_NA_NA,J. Martínez Gómez in litt. 2000,EXCLUDE,NA,Inaccessible,,no,Inaccessible,Missing reference,Excluded,Not relevant
J. Pérez pers. comm. 2016_EXCLUDE_NA_Personal communication_NA_NA,J. Pérez pers. comm. 2016,EXCLUDE,NA,Inaccessible,,no,Inaccessible,Personal communication,Excluded,Not relevant
J. Townsend pers. comm. 2020_EXCLUDE_NA_Personal communication_NA_NA,J. Townsend pers. comm. 2020,EXCLUDE,NA,Inaccessible,,no,Inaccessible,Personal communication,Excluded,Not relevant
"J. Valiulis, pers. comm. 2015_EXCLUDE_NA_Personal communication_NA_NA","J. Valiulis, pers. comm. 2015",EXCLUDE,NA,Inaccessible,,no,Inaccessible,Personal communication,Excluded,Not relevant
J. Woinarski pers. comm. 2017_EXCLUDE_NA_Personal communication_NA_NA,J. Woinarski pers. comm. 2017,EXCLUDE,NA,Inaccessible,,no,Inaccessible,Personal communication,Excluded,Not relevant
J.C. Ortiz pers. comm. July 2015_EXCLUDE_NA_Personal communication_NA_NA,J.C. Ortiz pers. comm. July 2015,EXCLUDE,NA,Inaccessible,,no,Inaccessible,Personal communication,Excluded,Not relevant
(Jiménez-Uzcátegui et al. 2019)_EXCLUDE_NA_Expert opinion_NA_NA,(Jiménez-Uzcátegui et al. 2019),EXCLUDE,,Does not test claim,,no,Does not test claim,Expert opinion,Excluded,Not relevant
(Jones 1988)_EXCLUDE_Peer-reviewed journal article_Failure to access or locate online full citation_NA_NA,(Jones 1988),EXCLUDE,Peer-reviewed journal article,Inaccessible,,no,Inaccessible,Failure to access or locate online full citation,Excluded,Not relevant
(Jones 1993)_EXCLUDE_Peer-reviewed journal article_Failure to access or locate online full citation_NA_NA,(Jones 1993),EXCLUDE,Peer-reviewed journal article,Inaccessible,,no,Inaccessible,Failure to access or locate online full citation,Excluded,Not relevant
(Jones et al. 2004)_EXCLUDE_NA_Does not test claim_NA_NA,(Jones et al. 2004),EXCLUDE,,Does not test claim,,no,Does not test claim,Does not test claim,Excluded,Not relevant
K. Morris pers. Comm_EXCLUDE_NA_Personal communication_NA_NA,K. Morris pers. Comm,EXCLUDE,NA,Inaccessible,,no,Inaccessible,Personal communication,Excluded,Not relevant
K. Otsuki pers comm. 2015_EXCLUDE_NA_Personal communication_NA_NA,K. Otsuki pers comm. 2015,EXCLUDE,NA,Inaccessible,,no,Inaccessible,Personal communication,Excluded,Not relevant
K. Sivakumar in litt. 2004_EXCLUDE_NA_Unpublished data or article_NA_NA,K. Sivakumar in litt. 2004,EXCLUDE,NA,Inaccessible,,no,Inaccessible,Unpublished data or article,Excluded,Not relevant
(Kear & Scarlett 1970)_EXCLUDE_NA_Expert opinion_NA_NA,(Kear & Scarlett 1970),EXCLUDE,,Does not test claim,,no,Does not test claim,Expert opinion,Excluded,Not relevant
(Keitt et al. 2005)_EXCLUDE_Online resource_Failure to access or locate online full citation_NA_NA,(Keitt et al. 2005),EXCLUDE,Online resource,Inaccessible,,no,Inaccessible,Failure to access or locate online full citation,Excluded,Not relevant
(Keitt 1998)_EXCLUDE_Thesis_Failure to access or locate online full citation_NA_NA,(Keitt 1998),EXCLUDE,Thesis,Inaccessible,,no,Inaccessible,Failure to access or locate online full citation,Excluded,Not relevant
(Keitt et al. 2006)_EXCLUDE_Book or chapter_Failure to access or locate online full citation_NA_NA,(Keitt et al. 2006),EXCLUDE,Book or chapter,Inaccessible,,no,Inaccessible,Failure to access or locate online full citation,Excluded,Not relevant
(Keitt & Tershy 2003)_INCLUDE_NA_Predation in support_no_no,(Keitt & Tershy 2003),INCLUDE,,Predation in support,no,no,Predation in support without data,Predation in support without data,Predation without data,Yes
(Kemp & Kirwan 2020)_EXCLUDE_Online resource_Failure to access or locate online full citation_NA_NA,(Kemp & Kirwan 2020),EXCLUDE,Online resource,Inaccessible,,no,Inaccessible,Failure to access or locate online full citation,Excluded,Not relevant
Kirkconnell 2013_EXCLUDE_NA_Missing reference_NA_NA,Kirkconnell 2013,EXCLUDE,NA,Inaccessible,,no,Inaccessible,Missing reference,Excluded,Not relevant
(Kumar 2019)_INCLUDE_NA_Population in support_yes_no,(Kumar 2019),INCLUDE,,Population in support,yes,no,Population in support with data,Population in support with data,Population with data,Yes
L. Bonaparte in litt. 2022_EXCLUDE_NA_Unpublished data or article_NA_NA,L. Bonaparte in litt. 2022,EXCLUDE,NA,Inaccessible,,no,Inaccessible,Unpublished data or article,Excluded,Not relevant
L. Broome pers. comm._EXCLUDE_NA_Personal communication_NA_NA,L. Broome pers. comm.,EXCLUDE,NA,Inaccessible,,no,Inaccessible,Personal communication,Excluded,Not relevant
L. Dollar pers. comm._EXCLUDE_NA_Personal communication_NA_NA,L. Dollar pers. comm.,EXCLUDE,NA,Inaccessible,,no,Inaccessible,Personal communication,Excluded,Not relevant
(Lacey & O'Brien 2015)_EXCLUDE_Peer-reviewed journal article_Failure to access or locate online full citation_NA_NA,(Lacey & O'Brien 2015),EXCLUDE,Peer-reviewed journal article,Inaccessible,,no,Inaccessible,Failure to access or locate online full citation,Excluded,Not relevant
(Larsen 2020)_EXCLUDE_Online resource_Failure to access or locate online full citation_NA_NA,(Larsen 2020),EXCLUDE,Online resource,Inaccessible,,no,Inaccessible,Failure to access or locate online full citation,Excluded,Not relevant
(Leahy et al. 2015)_EXCLUDE_NA_No claim_NA_NA,(Leahy et al. 2015),EXCLUDE,,No claim,,no,No claim,No claim,Excluded,Not relevant
(Leary 1992)_EXCLUDE_NA_No claim_NA_NA,(Leary 1992),EXCLUDE,,No claim,,no,No claim,No claim,Excluded,Not relevant
(Lepson 2020)_EXCLUDE_Book or chapter_Failure to access or locate online full citation_NA_NA,(Lepson 2020),EXCLUDE,Book or chapter,Inaccessible,,no,Inaccessible,Failure to access or locate online full citation,Excluded,Not relevant
(Lepson & Freed 2020)_EXCLUDE_Book or chapter_Failure to access or locate online full citation_NA_NA,(Lepson & Freed 2020),EXCLUDE,Book or chapter,Inaccessible,,no,Inaccessible,Failure to access or locate online full citation,Excluded,Not relevant
(Leseberg et al. 2021)_EXCLUDE_NA_Expert opinion_NA_NA,(Leseberg et al. 2021),EXCLUDE,,Does not test claim,,no,Does not test claim,Expert opinion,Excluded,Not relevant
(Lindsey et al. 2009)_EXCLUDE_NA_No claim_NA_NA,(Lindsey et al. 2009),EXCLUDE,,No claim,,no,No claim,No claim,Excluded,Not relevant
(Lindsey et al. 2009)_EXCLUDE_Book or chapter_Failure to access or locate online full citation_NA_NA,(Lindsey et al. 2009),EXCLUDE,Book or chapter,Inaccessible,,no,Inaccessible,Failure to access or locate online full citation,Excluded,Not relevant
(Lindsey et al. 1998)_EXCLUDE_Book or chapter_Failure to access or locate online full citation_NA_NA,(Lindsey et al. 1998),EXCLUDE,Book or chapter,Inaccessible,,no,Inaccessible,Failure to access or locate online full citation,Excluded,Not relevant
(Livezey 1989)_EXCLUDE_NA_No claim_NA_NA,(Livezey 1989),EXCLUDE,,No claim,,no,No claim,No claim,Excluded,Not relevant
(Lorenzo et al. 2014)_EXCLUDE_Report_Failure to access or locate online full citation_NA_NA,(Lorenzo et al. 2014),EXCLUDE,Report,Inaccessible,,no,Inaccessible,Failure to access or locate online full citation,Excluded,Not relevant
(Lorenzo et al. 2018a)_EXCLUDE_Book or chapter_Failure to access or locate online full citation_NA_NA,(Lorenzo et al. 2018a),EXCLUDE,Book or chapter,Inaccessible,,no,Inaccessible,Failure to access or locate online full citation,Excluded,Not relevant
(Lorenzo et al. 2015)_EXCLUDE_NA_Expert opinion_NA_NA,(Lorenzo et al. 2015),EXCLUDE,,Does not test claim,,no,Does not test claim,Expert opinion,Excluded,Not relevant
(Lorenzo et al. 2018b)_EXCLUDE_Report_Failure to access or locate online full citation_NA_NA,(Lorenzo et al. 2018b),EXCLUDE,Report,Inaccessible,,no,Inaccessible,Failure to access or locate online full citation,Excluded,Not relevant
(Loustau-Lalanne 1962)_EXCLUDE_Report_Failure to access or locate online full citation_NA_NA,(Loustau-Lalanne 1962),EXCLUDE,Report,Inaccessible,,no,Inaccessible,Failure to access or locate online full citation,Excluded,Not relevant
(Lovegrove et al. 1989)_EXCLUDE_Report_Failure to access or locate online full citation_NA_NA,(Lovegrove et al. 1989),EXCLUDE,Report,Inaccessible,,no,Inaccessible,Failure to access or locate online full citation,Excluded,Not relevant
(Lundie-Jenkins & Payne 2000)_EXCLUDE_Report_Failure to access or locate online full citation_NA_NA,(Lundie-Jenkins & Payne 2000),EXCLUDE,Report,Inaccessible,,no,Inaccessible,Failure to access or locate online full citation,Excluded,Not relevant
(Lynn & Grant 1940)_EXCLUDE_Journal pre-1975_Failure to access or locate online full citation_NA_NA,(Lynn & Grant 1940),EXCLUDE,Journal pre-1975,Inaccessible,,no,Inaccessible,Failure to access or locate online full citation,Excluded,Not relevant
M. Brooke in litt. 2012_EXCLUDE_NA_Unpublished data or article_NA_NA,M. Brooke in litt. 2012,EXCLUDE,NA,Inaccessible,,no,Inaccessible,Unpublished data or article,Excluded,Not relevant
M. O'Brien in litt. 2023_EXCLUDE_NA_Unpublished data or article_NA_NA,M. O'Brien in litt. 2023,EXCLUDE,NA,Inaccessible,,no,Inaccessible,Unpublished data or article,Excluded,Not relevant
M. Rauzon in litt. 1999_EXCLUDE_NA_Unpublished data or article_NA_NA,M. Rauzon in litt. 1999,EXCLUDE,NA,Inaccessible,,no,Inaccessible,Unpublished data or article,Excluded,Not relevant
M. Reed in litt. 2007_EXCLUDE_NA_Unpublished data or article_NA_NA,M. Reed in litt. 2007,EXCLUDE,NA,Inaccessible,,no,Inaccessible,Unpublished data or article,Excluded,Not relevant
M. Ryan in litt. 2022_EXCLUDE_NA_Unpublished data or article_NA_NA,M. Ryan in litt. 2022,EXCLUDE,NA,Inaccessible,,no,Inaccessible,Unpublished data or article,Excluded,Not relevant
M. Sumontha pers. comm. 2017_EXCLUDE_NA_Personal communication_NA_NA,M. Sumontha pers. comm. 2017,EXCLUDE,NA,Inaccessible,,no,Inaccessible,Personal communication,Excluded,Not relevant
(MRRP 2010)_EXCLUDE_Report_Failure to access or locate online full citation_NA_NA,(MRRP 2010),EXCLUDE,Report,Inaccessible,,no,Inaccessible,Failure to access or locate online full citation,Excluded,Not relevant
(MacLeod & Steinfartz 2016)_INCLUDE_NA_Population in support_no_no,(MacLeod & Steinfartz 2016),INCLUDE,,Population in support,no,no,Population in support without data,Population in support without data,Population without data,Yes
(Marchant & Higgins 1993)_EXCLUDE_Book or chapter_Failure to access or locate online full citation_NA_NA,(Marchant & Higgins 1993),EXCLUDE,Book or chapter,Inaccessible,,no,Inaccessible,Failure to access or locate online full citation,Excluded,Not relevant
(Martin et al. 2000)_EXCLUDE_NA_No claim_NA_NA,(Martin et al. 2000),EXCLUDE,,No claim,,no,No claim,No claim,Excluded,Not relevant
(Masibalavu & Mucklow 2008)_EXCLUDE_Report_Failure to access or locate online full citation_NA_NA,(Masibalavu & Mucklow 2008),EXCLUDE,Report,Inaccessible,,no,Inaccessible,Failure to access or locate online full citation,Excluded,Not relevant
(Mathieson & Smith 2009a)_EXCLUDE_NA_Expert opinion_NA_NA,(Mathieson & Smith 2009a),EXCLUDE,,Does not test claim,,no,Does not test claim,Expert opinion,Excluded,Not relevant
(Mattern & Ellenberg 2016)_EXCLUDE_NA_No claim_NA_NA,(Mattern & Ellenberg 2016),EXCLUDE,,No claim,,no,No claim,No claim,Excluded,Not relevant
Mauritius Reptile Recovery Programme unpubl. Data_EXCLUDE_NA_Unpublished data or article_NA_NA,Mauritius Reptile Recovery Programme unpubl. Data,EXCLUDE,NA,Inaccessible,,no,Inaccessible,Unpublished data or article,Excluded,Not relevant
(Maxwell et al. 1996)_EXCLUDE_Report_Failure to access or locate online full citation_NA_NA,(Maxwell et al. 1996),EXCLUDE,Report,Inaccessible,,no,Inaccessible,Failure to access or locate online full citation,Excluded,Not relevant
(McGregor et al. 2015)_EXCLUDE_NA_No claim_NA_NA,(McGregor et al. 2015),EXCLUDE,,No claim,,no,No claim,No claim,Excluded,Not relevant
(McGregor et al. 2014)_EXCLUDE_NA_No claim_NA_NA,(McGregor et al. 2014),EXCLUDE,,No claim,,no,No claim,No claim,Excluded,Not relevant
(McGregor et al. 2016)_EXCLUDE_NA_No claim_NA_NA,(McGregor et al. 2016),EXCLUDE,,No claim,,no,No claim,No claim,Excluded,Not relevant
(Mellink et al. 2002)_EXCLUDE_Book or chapter_Failure to access or locate online full citation_NA_NA,(Mellink et al. 2002),EXCLUDE,Book or chapter,Inaccessible,,no,Inaccessible,Failure to access or locate online full citation,Excluded,Not relevant
(Mills 2013)_EXCLUDE_NA_Expert opinion_NA_NA,(Mills 2013),EXCLUDE,,Does not test claim,,no,Does not test claim,Expert opinion,Excluded,Not relevant
(Milner et al. 2015)_EXCLUDE_NA_No claim_NA_NA,(Milner et al. 2015),EXCLUDE,,No claim,,no,No claim,No claim,Excluded,Not relevant
(Ministerio del Medio Ambiente 2014)_EXCLUDE_NA_No claim_NA_NA,(Ministerio del Medio Ambiente 2014),EXCLUDE,,No claim,,no,No claim,No claim,Excluded,Not relevant
(Miskelly et al. 2020)_EXCLUDE_NA_No claim_NA_NA,(Miskelly et al. 2020),EXCLUDE,,No claim,,no,No claim,No claim,Excluded,Not relevant
(Mitchell et al. 2005)_EXCLUDE_NA_Expert opinion_NA_NA,(Mitchell et al. 2005),EXCLUDE,,Does not test claim,,no,Does not test claim,Expert opinion,Excluded,Not relevant
(Monnet et al. 1993)_EXCLUDE_NA_No claim_NA_NA,(Monnet et al. 1993),EXCLUDE,,No claim,,no,No claim,No claim,Excluded,Not relevant
(Mori et al. 2019)_INCLUDE_NA_Predation in support_no_no,(Mori et al. 2019),INCLUDE,,Predation in support,no,no,Predation in support without data,Predation in support without data,Predation without data,Yes
(Mosher 2006)_EXCLUDE_Thesis_Failure to access or locate online full citation_NA_NA,(Mosher 2006),EXCLUDE,Thesis,Inaccessible,,no,Inaccessible,Failure to access or locate online full citation,Excluded,Not relevant
(Murphy et al. 2018)_INCLUDE_NA_Population in support_yes_yes,(Murphy et al. 2018),INCLUDE,,Population in support,yes,yes,Population in support with data of quality,Population in support with data of quality,Population with data,Yes
(Márquez B et al. 2010)_EXCLUDE_NA_Expert opinion_NA_NA,(Márquez B et al. 2010),EXCLUDE,,Does not test claim,,no,Does not test claim,Expert opinion,Excluded,Not relevant
N. Cole pers. obs._EXCLUDE_NA_Personal communication_NA_NA,N. Cole pers. obs.,EXCLUDE,NA,Inaccessible,,no,Inaccessible,Personal communication,Excluded,Not relevant
"N. Marlow, P. de Tores and K. Morris et al., pers. comm._EXCLUDE_NA_Personal communication_NA_NA","N. Marlow, P. de Tores and K. Morris et al., pers. comm.",EXCLUDE,NA,Inaccessible,,no,Inaccessible,Personal communication,Excluded,Not relevant
N. Sallaberry pers comm. 2015_EXCLUDE_NA_Personal communication_NA_NA,N. Sallaberry pers comm. 2015,EXCLUDE,NA,Inaccessible,,no,Inaccessible,Personal communication,Excluded,Not relevant
NOTHING_EXCLUDE_NA_No citation given_NA_NA Acrocephalus aequinoctialis,NOTHING NA Acrocephalus aequinoctialis,EXCLUDE,,No citation given,,no,Opinion claim,Opinion claim,Excluded,Not relevant
NOTHING_EXCLUDE_NA_No citation given_NA_NA Aegotheles savesi,NOTHING NA Aegotheles savesi,EXCLUDE,,No citation given,,no,Opinion claim,Opinion claim,Excluded,Not relevant
NOTHING_EXCLUDE_NA_No citation given_NA_NA Agelaius xanthomus,NOTHING NA Agelaius xanthomus,EXCLUDE,,No citation given,,no,Opinion claim,Opinion claim,Excluded,Not relevant
NOTHING_EXCLUDE_NA_No citation given_NA_NA Algyroides marchi,NOTHING NA Algyroides marchi,EXCLUDE,,No citation given,,no,Opinion claim,Opinion claim,Excluded,Not relevant
NOTHING_EXCLUDE_NA_No citation given_NA_NA Alsophis rijgersmaei,NOTHING NA Alsophis rijgersmaei,EXCLUDE,,No citation given,,no,Opinion claim,Opinion claim,Excluded,Not relevant
NOTHING_EXCLUDE_NA_No citation given_NA_NA Alsophis rufiventris,NOTHING NA Alsophis rufiventris,EXCLUDE,,No citation given,,no,Opinion claim,Opinion claim,Excluded,Not relevant
NOTHING_EXCLUDE_NA_No citation given_NA_NA Ameiva provitaae,NOTHING NA Ameiva provitaae,EXCLUDE,,No citation given,,no,Opinion claim,Opinion claim,Excluded,Not relevant
NOTHING_EXCLUDE_NA_No citation given_NA_NA Anadia bogotensis,NOTHING NA Anadia bogotensis,EXCLUDE,,No citation given,,no,Opinion claim,Opinion claim,Excluded,Not relevant
NOTHING_EXCLUDE_NA_No citation given_NA_NA Anolis bicaorum,NOTHING NA Anolis bicaorum,EXCLUDE,,No citation given,,no,Opinion claim,Opinion claim,Excluded,Not relevant
NOTHING_EXCLUDE_NA_No citation given_NA_NA Anolis gorgonae,NOTHING NA Anolis gorgonae,EXCLUDE,,No citation given,,no,Opinion claim,Opinion claim,Excluded,Not relevant
NOTHING_EXCLUDE_NA_No citation given_NA_NA Anolis lividus,NOTHING NA Anolis lividus,EXCLUDE,,No citation given,,no,Opinion claim,Opinion claim,Excluded,Not relevant
NOTHING_EXCLUDE_NA_No citation given_NA_NA Anolis nelsoni,NOTHING NA Anolis nelsoni,EXCLUDE,,No citation given,,no,Opinion claim,Opinion claim,Excluded,Not relevant
NOTHING_EXCLUDE_NA_No citation given_NA_NA Anolis pigmaequestris,NOTHING NA Anolis pigmaequestris,EXCLUDE,,No citation given,,no,Opinion claim,Opinion claim,Excluded,Not relevant
NOTHING_EXCLUDE_NA_No citation given_NA_NA Antillotyphlops monastus,NOTHING NA Antillotyphlops monastus,EXCLUDE,,No citation given,,no,Opinion claim,Opinion claim,Excluded,Not relevant
NOTHING_EXCLUDE_NA_No citation given_NA_NA Antillotyphlops richardii,NOTHING NA Antillotyphlops richardii,EXCLUDE,,No citation given,,no,Opinion claim,Opinion claim,Excluded,Not relevant
NOTHING_EXCLUDE_NA_No citation given_NA_NA Aplonis santovestris,NOTHING NA Aplonis santovestris,EXCLUDE,,No citation given,,no,Opinion claim,Opinion claim,Excluded,Not relevant
NOTHING_EXCLUDE_NA_No citation given_NA_NA Apteryx haastii,NOTHING NA Apteryx haastii,EXCLUDE,,No citation given,,no,Opinion claim,Opinion claim,Excluded,Not relevant
NOTHING_EXCLUDE_NA_No citation given_NA_NA Aspidoscelis catalinensis,NOTHING NA Aspidoscelis catalinensis,EXCLUDE,,No citation given,,no,Opinion claim,Opinion claim,Excluded,Not relevant
NOTHING_EXCLUDE_NA_No citation given_NA_NA Atelopus guanujo,NOTHING NA Atelopus guanujo,EXCLUDE,,No citation given,,no,Opinion claim,Opinion claim,Excluded,Not relevant
NOTHING_EXCLUDE_NA_No citation given_NA_NA Atopogale cubana,NOTHING NA Atopogale cubana,EXCLUDE,,No citation given,,no,Opinion claim,Opinion claim,Excluded,Not relevant
NOTHING_EXCLUDE_NA_No citation given_NA_NA Bavayia exsuccida,NOTHING NA Bavayia exsuccida,EXCLUDE,,No citation given,,no,Opinion claim,Opinion claim,Excluded,Not relevant
NOTHING_EXCLUDE_NA_No citation given_NA_NA Bavayia montana,NOTHING NA Bavayia montana,EXCLUDE,,No citation given,,no,Opinion claim,Opinion claim,Excluded,Not relevant
NOTHING_EXCLUDE_NA_No citation given_NA_NA Bavayia ornata,NOTHING NA Bavayia ornata,EXCLUDE,,No citation given,,no,Opinion claim,Opinion claim,Excluded,Not relevant
NOTHING_EXCLUDE_NA_No citation given_NA_NA Bavayia robusta,NOTHING NA Bavayia robusta,EXCLUDE,,No citation given,,no,Opinion claim,Opinion claim,Excluded,Not relevant
NOTHING_EXCLUDE_NA_No citation given_NA_NA Bavayia sauvagii,NOTHING NA Bavayia sauvagii,EXCLUDE,,No citation given,,no,Opinion claim,Opinion claim,Excluded,Not relevant
NOTHING_EXCLUDE_NA_No citation given_NA_NA Boa orophias,NOTHING NA Boa orophias,EXCLUDE,,No citation given,,no,Opinion claim,Opinion claim,Excluded,Not relevant
NOTHING_EXCLUDE_NA_No citation given_NA_NA Bolyeria multocarinata,NOTHING NA Bolyeria multocarinata,EXCLUDE,,No citation given,,no,Opinion claim,Opinion claim,Excluded,Not relevant
NOTHING_EXCLUDE_NA_No citation given_NA_NA Brachylophus bulabula,NOTHING NA Brachylophus bulabula,EXCLUDE,,No citation given,,no,Opinion claim,Opinion claim,Excluded,Not relevant
NOTHING_EXCLUDE_NA_No citation given_NA_NA Brachylophus fasciatus,NOTHING NA Brachylophus fasciatus,EXCLUDE,,No citation given,,no,Opinion claim,Opinion claim,Excluded,Not relevant
NOTHING_EXCLUDE_NA_No citation given_NA_NA Brachylophus vitiensis,NOTHING NA Brachylophus vitiensis,EXCLUDE,,No citation given,,no,Opinion claim,Opinion claim,Excluded,Not relevant
NOTHING_EXCLUDE_NA_No citation given_NA_NA Caloenas nicobarica,NOTHING NA Caloenas nicobarica,EXCLUDE,,No citation given,,no,Opinion claim,Opinion claim,Excluded,Not relevant
NOTHING_EXCLUDE_NA_No citation given_NA_NA Calonectris leucomelas,NOTHING NA Calonectris leucomelas,EXCLUDE,,No citation given,,no,Opinion claim,Opinion claim,Excluded,Not relevant
NOTHING_EXCLUDE_NA_No citation given_NA_NA Caloprymnus campestris,NOTHING NA Caloprymnus campestris,EXCLUDE,,No citation given,,no,Opinion claim,Opinion claim,Excluded,Not relevant
NOTHING_EXCLUDE_NA_No citation given_NA_NA Caribicus anelpistus,NOTHING NA Caribicus anelpistus,EXCLUDE,,No citation given,,no,Opinion claim,Opinion claim,Excluded,Not relevant
NOTHING_EXCLUDE_NA_No citation given_NA_NA Caribicus warreni,NOTHING NA Caribicus warreni,EXCLUDE,,No citation given,,no,Opinion claim,Opinion claim,Excluded,Not relevant
NOTHING_EXCLUDE_NA_No citation given_NA_NA Casarea dussumieri,NOTHING NA Casarea dussumieri,EXCLUDE,,No citation given,,no,Opinion claim,Opinion claim,Excluded,Not relevant
NOTHING_EXCLUDE_NA_No citation given_NA_NA Chalinolobus picatus,NOTHING NA Chalinolobus picatus,EXCLUDE,,No citation given,,no,Opinion claim,Opinion claim,Excluded,Not relevant
NOTHING_EXCLUDE_NA_No citation given_NA_NA Chasiempis ibidis,NOTHING NA Chasiempis ibidis,EXCLUDE,,No citation given,,no,Opinion claim,Opinion claim,Excluded,Not relevant
NOTHING_EXCLUDE_NA_No citation given_NA_NA Chasiempis sclateri,NOTHING NA Chasiempis sclateri,EXCLUDE,,No citation given,,no,Opinion claim,Opinion claim,Excluded,Not relevant
NOTHING_EXCLUDE_NA_No citation given_NA_NA Chelonoidis becki,NOTHING NA Chelonoidis becki,EXCLUDE,,No citation given,,no,Opinion claim,Opinion claim,Excluded,Not relevant
NOTHING_EXCLUDE_NA_No citation given_NA_NA Chelonoidis chathamensis,NOTHING NA Chelonoidis chathamensis,EXCLUDE,,No citation given,,no,Opinion claim,Opinion claim,Excluded,Not relevant
NOTHING_EXCLUDE_NA_No citation given_NA_NA Chelonoidis donfaustoi,NOTHING NA Chelonoidis donfaustoi,EXCLUDE,,No citation given,,no,Opinion claim,Opinion claim,Excluded,Not relevant
NOTHING_EXCLUDE_NA_No citation given_NA_NA Chelonoidis guntheri,NOTHING NA Chelonoidis guntheri,EXCLUDE,,No citation given,,no,Opinion claim,Opinion claim,Excluded,Not relevant
NOTHING_EXCLUDE_NA_No citation given_NA_NA Chelonoidis microphyes,NOTHING NA Chelonoidis microphyes,EXCLUDE,,No citation given,,no,Opinion claim,Opinion claim,Excluded,Not relevant
NOTHING_EXCLUDE_NA_No citation given_NA_NA Chelonoidis niger,NOTHING NA Chelonoidis niger,EXCLUDE,,No citation given,,no,Opinion claim,Opinion claim,Excluded,Not relevant
NOTHING_EXCLUDE_NA_No citation given_NA_NA Chelonoidis porteri,NOTHING NA Chelonoidis porteri,EXCLUDE,,No citation given,,no,Opinion claim,Opinion claim,Excluded,Not relevant
NOTHING_EXCLUDE_NA_No citation given_NA_NA Chelonoidis vicina,NOTHING NA Chelonoidis vicina,EXCLUDE,,No citation given,,no,Opinion claim,Opinion claim,Excluded,Not relevant
NOTHING_EXCLUDE_NA_No citation given_NA_NA Chilabothrus exsul,NOTHING NA Chilabothrus exsul,EXCLUDE,,No citation given,,no,Opinion claim,Opinion claim,Excluded,Not relevant
NOTHING_EXCLUDE_NA_No citation given_NA_NA Cincloramphus llaneae,NOTHING NA Cincloramphus llaneae,EXCLUDE,,No citation given,,no,Opinion claim,Opinion claim,Excluded,Not relevant
NOTHING_EXCLUDE_NA_No citation given_NA_NA Cnemaspis anslemi,NOTHING NA Cnemaspis anslemi,EXCLUDE,,No citation given,,no,Opinion claim,Opinion claim,Excluded,Not relevant
NOTHING_EXCLUDE_NA_No citation given_NA_NA Cnemaspis latha,NOTHING NA Cnemaspis latha,EXCLUDE,,No citation given,,no,Opinion claim,Opinion claim,Excluded,Not relevant
NOTHING_EXCLUDE_NA_No citation given_NA_NA Cnemaspis nilgala,NOTHING NA Cnemaspis nilgala,EXCLUDE,,No citation given,,no,Opinion claim,Opinion claim,Excluded,Not relevant
NOTHING_EXCLUDE_NA_No citation given_NA_NA Cnemaspis rammalensis,NOTHING NA Cnemaspis rammalensis,EXCLUDE,,No citation given,,no,Opinion claim,Opinion claim,Excluded,Not relevant
NOTHING_EXCLUDE_NA_No citation given_NA_NA Cnemidophorus flavissimus,NOTHING NA Cnemidophorus flavissimus,EXCLUDE,,No citation given,,no,Opinion claim,Opinion claim,Excluded,Not relevant
NOTHING_EXCLUDE_NA_No citation given_NA_NA Coccyzus bahamensis,NOTHING NA Coccyzus bahamensis,EXCLUDE,,No citation given,,no,Opinion claim,Opinion claim,Excluded,Not relevant
NOTHING_EXCLUDE_NA_No citation given_NA_NA Coccyzus ferrugineus,NOTHING NA Coccyzus ferrugineus,EXCLUDE,,No citation given,,no,Opinion claim,Opinion claim,Excluded,Not relevant
NOTHING_EXCLUDE_NA_No citation given_NA_NA Coleura seychellensis,NOTHING NA Coleura seychellensis,EXCLUDE,,No citation given,,no,Opinion claim,Opinion claim,Excluded,Not relevant
NOTHING_EXCLUDE_NA_No citation given_NA_NA Conilurus capricornensis,NOTHING NA Conilurus capricornensis,EXCLUDE,,No citation given,,no,Opinion claim,Opinion claim,Excluded,Not relevant
NOTHING_EXCLUDE_NA_No citation given_NA_NA Conilurus penicillatus,NOTHING NA Conilurus penicillatus,EXCLUDE,,No citation given,,no,Opinion claim,Opinion claim,Excluded,Not relevant
NOTHING_EXCLUDE_NA_No citation given_NA_NA Conolophus marthae,NOTHING NA Conolophus marthae,EXCLUDE,,No citation given,,no,Opinion claim,Opinion claim,Excluded,Not relevant
NOTHING_EXCLUDE_NA_No citation given_NA_NA Coracopsis barklyi,NOTHING NA Coracopsis barklyi,EXCLUDE,,No citation given,,no,Opinion claim,Opinion claim,Excluded,Not relevant
NOTHING_EXCLUDE_NA_No citation given_NA_NA Cornufer vitianus,NOTHING NA Cornufer vitianus,EXCLUDE,,No citation given,,no,Opinion claim,Opinion claim,Excluded,Not relevant
NOTHING_EXCLUDE_NA_No citation given_NA_NA Crocidura trichura,NOTHING NA Crocidura trichura,EXCLUDE,,No citation given,,no,Opinion claim,Opinion claim,Excluded,Not relevant
NOTHING_EXCLUDE_NA_No citation given_NA_NA Cryptoblepharus caudatus,NOTHING NA Cryptoblepharus caudatus,EXCLUDE,,No citation given,,no,Opinion claim,Opinion claim,Excluded,Not relevant
NOTHING_EXCLUDE_NA_No citation given_NA_NA Ctenosaura bakeri,NOTHING NA Ctenosaura bakeri,EXCLUDE,,No citation given,,no,Opinion claim,Opinion claim,Excluded,Not relevant
NOTHING_EXCLUDE_NA_No citation given_NA_NA Ctenosaura flavidorsalis,NOTHING NA Ctenosaura flavidorsalis,EXCLUDE,,No citation given,,no,Opinion claim,Opinion claim,Excluded,Not relevant
NOTHING_EXCLUDE_NA_No citation given_NA_NA Ctenosaura melanosterna,NOTHING NA Ctenosaura melanosterna,EXCLUDE,,No citation given,,no,Opinion claim,Opinion claim,Excluded,Not relevant
NOTHING_EXCLUDE_NA_No citation given_NA_NA Ctenosaura oedirhina,NOTHING NA Ctenosaura oedirhina,EXCLUDE,,No citation given,,no,Opinion claim,Opinion claim,Excluded,Not relevant
NOTHING_EXCLUDE_NA_No citation given_NA_NA Cyclodomorphus praealtus,NOTHING NA Cyclodomorphus praealtus,EXCLUDE,,No citation given,,no,Opinion claim,Opinion claim,Excluded,Not relevant
NOTHING_EXCLUDE_NA_No citation given_NA_NA Cyclura cychlura,NOTHING NA Cyclura cychlura,EXCLUDE,,No citation given,,no,Opinion claim,Opinion claim,Excluded,Not relevant
NOTHING_EXCLUDE_NA_No citation given_NA_NA Cyrtodactylus sadleiri,NOTHING NA Cyrtodactylus sadleiri,EXCLUDE,,No citation given,,no,Opinion claim,Opinion claim,Excluded,Not relevant
NOTHING_EXCLUDE_NA_No citation given_NA_NA Cyrtodactylus soba,NOTHING NA Cyrtodactylus soba,EXCLUDE,,No citation given,,no,Opinion claim,Opinion claim,Excluded,Not relevant
NOTHING_EXCLUDE_NA_No citation given_NA_NA Cyrtodactylus thirakhupti,NOTHING NA Cyrtodactylus thirakhupti,EXCLUDE,,No citation given,,no,Opinion claim,Opinion claim,Excluded,Not relevant
NOTHING_EXCLUDE_NA_No citation given_NA_NA Cyrtodactylus yakhuna,NOTHING NA Cyrtodactylus yakhuna,EXCLUDE,,No citation given,,no,Opinion claim,Opinion claim,Excluded,Not relevant
NOTHING_EXCLUDE_NA_No citation given_NA_NA Dasia haliana,NOTHING NA Dasia haliana,EXCLUDE,,No citation given,,no,Opinion claim,Opinion claim,Excluded,Not relevant
NOTHING_EXCLUDE_NA_No citation given_NA_NA Dasyurus geoffroii,NOTHING NA Dasyurus geoffroii,EXCLUDE,,No citation given,,no,Opinion claim,Opinion claim,Excluded,Not relevant
NOTHING_EXCLUDE_NA_No citation given_NA_NA Diomedea dabbenena,NOTHING NA Diomedea dabbenena,EXCLUDE,,No citation given,,no,Opinion claim,Opinion claim,Excluded,Not relevant
NOTHING_EXCLUDE_NA_No citation given_NA_NA Diomedea sanfordi,NOTHING NA Diomedea sanfordi,EXCLUDE,,No citation given,,no,Opinion claim,Opinion claim,Excluded,Not relevant
NOTHING_EXCLUDE_NA_No citation given_NA_NA Diplothrix legata,NOTHING NA Diplothrix legata,EXCLUDE,,No citation given,,no,Opinion claim,Opinion claim,Excluded,Not relevant
NOTHING_EXCLUDE_NA_No citation given_NA_NA Dipodomys stephensi,NOTHING NA Dipodomys stephensi,EXCLUDE,,No citation given,,no,Opinion claim,Opinion claim,Excluded,Not relevant
NOTHING_EXCLUDE_NA_No citation given_NA_NA Diporiphora vescus,NOTHING NA Diporiphora vescus,EXCLUDE,,No citation given,,no,Opinion claim,Opinion claim,Excluded,Not relevant
NOTHING_EXCLUDE_NA_No citation given_NA_NA Eleutherodactylus barlagnei,NOTHING NA Eleutherodactylus barlagnei,EXCLUDE,,No citation given,,no,Opinion claim,Opinion claim,Excluded,Not relevant
NOTHING_EXCLUDE_NA_No citation given_NA_NA Eleutherodactylus cavernicola,NOTHING NA Eleutherodactylus cavernicola,EXCLUDE,,No citation given,,no,Opinion claim,Opinion claim,Excluded,Not relevant
NOTHING_EXCLUDE_NA_No citation given_NA_NA Eleutherodactylus pinchoni,NOTHING NA Eleutherodactylus pinchoni,EXCLUDE,,No citation given,,no,Opinion claim,Opinion claim,Excluded,Not relevant
NOTHING_EXCLUDE_NA_No citation given_NA_NA Emberiza socotrana,NOTHING NA Emberiza socotrana,EXCLUDE,,No citation given,,no,Opinion claim,Opinion claim,Excluded,Not relevant
NOTHING_EXCLUDE_NA_No citation given_NA_NA Emoia lawesi,NOTHING NA Emoia lawesi,EXCLUDE,,No citation given,,no,Opinion claim,Opinion claim,Excluded,Not relevant
NOTHING_EXCLUDE_NA_No citation given_NA_NA Emoia samoensis,NOTHING NA Emoia samoensis,EXCLUDE,,No citation given,,no,Opinion claim,Opinion claim,Excluded,Not relevant
NOTHING_EXCLUDE_NA_No citation given_NA_NA Erythrolamprus juliae,NOTHING NA Erythrolamprus juliae,EXCLUDE,,No citation given,,no,Opinion claim,Opinion claim,Excluded,Not relevant
NOTHING_EXCLUDE_NA_No citation given_NA_NA Erythrolamprus perfuscus,NOTHING NA Erythrolamprus perfuscus,EXCLUDE,,No citation given,,no,Opinion claim,Opinion claim,Excluded,Not relevant
NOTHING_EXCLUDE_NA_No citation given_NA_NA Euleptes europaea,NOTHING NA Euleptes europaea,EXCLUDE,,No citation given,,no,Opinion claim,Opinion claim,Excluded,Not relevant
NOTHING_EXCLUDE_NA_No citation given_NA_NA Eupleres major,NOTHING NA Eupleres major,EXCLUDE,,No citation given,,no,Opinion claim,Opinion claim,Excluded,Not relevant
NOTHING_EXCLUDE_NA_No citation given_NA_NA Eupsittula nana,NOTHING NA Eupsittula nana,EXCLUDE,,No citation given,,no,Opinion claim,Opinion claim,Excluded,Not relevant
NOTHING_EXCLUDE_NA_No citation given_NA_NA Eurostopodus exul,NOTHING NA Eurostopodus exul,EXCLUDE,,No citation given,,no,Opinion claim,Opinion claim,Excluded,Not relevant
NOTHING_EXCLUDE_NA_No citation given_NA_NA Falsistrellus tasmaniensis,NOTHING NA Falsistrellus tasmaniensis,EXCLUDE,,No citation given,,no,Opinion claim,Opinion claim,Excluded,Not relevant
NOTHING_EXCLUDE_NA_No citation given_NA_NA Flexiseps valhallae,NOTHING NA Flexiseps valhallae,EXCLUDE,,No citation given,,no,Opinion claim,Opinion claim,Excluded,Not relevant
NOTHING_EXCLUDE_NA_No citation given_NA_NA Foudia aldabrana,NOTHING NA Foudia aldabrana,EXCLUDE,,No citation given,,no,Opinion claim,Opinion claim,Excluded,Not relevant
NOTHING_EXCLUDE_NA_No citation given_NA_NA Foudia flavicans,NOTHING NA Foudia flavicans,EXCLUDE,,No citation given,,no,Opinion claim,Opinion claim,Excluded,Not relevant
NOTHING_EXCLUDE_NA_No citation given_NA_NA Fregata aquila,NOTHING NA Fregata aquila,EXCLUDE,,No citation given,,no,Opinion claim,Opinion claim,Excluded,Not relevant
NOTHING_EXCLUDE_NA_No citation given_NA_NA Fregetta maoriana,NOTHING NA Fregetta maoriana,EXCLUDE,,No citation given,,no,Opinion claim,Opinion claim,Excluded,Not relevant
NOTHING_EXCLUDE_NA_No citation given_NA_NA Galemys pyrenaicus,NOTHING NA Galemys pyrenaicus,EXCLUDE,,No citation given,,no,Opinion claim,Opinion claim,Excluded,Not relevant
NOTHING_EXCLUDE_NA_No citation given_NA_NA Gallirallus lafresnayanus,NOTHING NA Gallirallus lafresnayanus,EXCLUDE,,No citation given,,no,Opinion claim,Opinion claim,Excluded,Not relevant
NOTHING_EXCLUDE_NA_No citation given_NA_NA Gallotia bravoana,NOTHING NA Gallotia bravoana,EXCLUDE,,No citation given,,no,Opinion claim,Opinion claim,Excluded,Not relevant
NOTHING_EXCLUDE_NA_No citation given_NA_NA Galvarinus chilensis,NOTHING NA Galvarinus chilensis,EXCLUDE,,No citation given,,no,Opinion claim,Opinion claim,Excluded,Not relevant
NOTHING_EXCLUDE_NA_No citation given_NA_NA Gastrotheca lojana,NOTHING NA Gastrotheca lojana,EXCLUDE,,No citation given,,no,Opinion claim,Opinion claim,Excluded,Not relevant
NOTHING_EXCLUDE_NA_No citation given_NA_NA Geocapromys thoracatus,NOTHING NA Geocapromys thoracatus,EXCLUDE,,No citation given,,no,Opinion claim,Opinion claim,Excluded,Not relevant
NOTHING_EXCLUDE_NA_No citation given_NA_NA Geospiza heliobates,NOTHING NA Geospiza heliobates,EXCLUDE,,No citation given,,no,Opinion claim,Opinion claim,Excluded,Not relevant
NOTHING_EXCLUDE_NA_No citation given_NA_NA Geospiza pauper,NOTHING NA Geospiza pauper,EXCLUDE,,No citation given,,no,Opinion claim,Opinion claim,Excluded,Not relevant
NOTHING_EXCLUDE_NA_No citation given_NA_NA Gonatodes naufragus,NOTHING NA Gonatodes naufragus,EXCLUDE,,No citation given,,no,Opinion claim,Opinion claim,Excluded,Not relevant
NOTHING_EXCLUDE_NA_No citation given_NA_NA Goniurosaurus kuroiwae,NOTHING NA Goniurosaurus kuroiwae,EXCLUDE,,No citation given,,no,Opinion claim,Opinion claim,Excluded,Not relevant
NOTHING_EXCLUDE_NA_No citation given_NA_NA Haematopus chathamensis,NOTHING NA Haematopus chathamensis,EXCLUDE,,No citation given,,no,Opinion claim,Opinion claim,Excluded,Not relevant
NOTHING_EXCLUDE_NA_No citation given_NA_NA Haitiophis anomalus,NOTHING NA Haitiophis anomalus,EXCLUDE,,No citation given,,no,Opinion claim,Opinion claim,Excluded,Not relevant
NOTHING_EXCLUDE_NA_No citation given_NA_NA Hemidactylus bouvieri,NOTHING NA Hemidactylus bouvieri,EXCLUDE,,No citation given,,no,Opinion claim,Opinion claim,Excluded,Not relevant
NOTHING_EXCLUDE_NA_No citation given_NA_NA Hemiphaga chathamensis,NOTHING NA Hemiphaga chathamensis,EXCLUDE,,No citation given,,no,Opinion claim,Opinion claim,Excluded,Not relevant
NOTHING_EXCLUDE_NA_No citation given_NA_NA Henicophaps foersteri,NOTHING NA Henicophaps foersteri,EXCLUDE,,No citation given,,no,Opinion claim,Opinion claim,Excluded,Not relevant
NOTHING_EXCLUDE_NA_No citation given_NA_NA Hipposideros demissus,NOTHING NA Hipposideros demissus,EXCLUDE,,No citation given,,no,Opinion claim,Opinion claim,Excluded,Not relevant
NOTHING_EXCLUDE_NA_No citation given_NA_NA Hipposideros dinops,NOTHING NA Hipposideros dinops,EXCLUDE,,No citation given,,no,Opinion claim,Opinion claim,Excluded,Not relevant
NOTHING_EXCLUDE_NA_No citation given_NA_NA Holcosus orcesi,NOTHING NA Holcosus orcesi,EXCLUDE,,No citation given,,no,Opinion claim,Opinion claim,Excluded,Not relevant
NOTHING_EXCLUDE_NA_No citation given_NA_NA Horornis haddeni,NOTHING NA Horornis haddeni,EXCLUDE,,No citation given,,no,Opinion claim,Opinion claim,Excluded,Not relevant
NOTHING_EXCLUDE_NA_No citation given_NA_NA Hydrobates leucorhous,NOTHING NA Hydrobates leucorhous,EXCLUDE,,No citation given,,no,Opinion claim,Opinion claim,Excluded,Not relevant
NOTHING_EXCLUDE_NA_No citation given_NA_NA Hydrobates macrodactylus,NOTHING NA Hydrobates macrodactylus,EXCLUDE,,No citation given,,no,Opinion claim,Opinion claim,Excluded,Not relevant
NOTHING_EXCLUDE_NA_No citation given_NA_NA Hymenolaimus malacorhynchos,NOTHING NA Hymenolaimus malacorhynchos,EXCLUDE,,No citation given,,no,Opinion claim,Opinion claim,Excluded,Not relevant
NOTHING_EXCLUDE_NA_No citation given_NA_NA Hypogeomys antimena,NOTHING NA Hypogeomys antimena,EXCLUDE,,No citation given,,no,Opinion claim,Opinion claim,Excluded,Not relevant
NOTHING_EXCLUDE_NA_No citation given_NA_NA Hypotaenidia okinawae,NOTHING NA Hypotaenidia okinawae,EXCLUDE,,No citation given,,no,Opinion claim,Opinion claim,Excluded,Not relevant
NOTHING_EXCLUDE_NA_No citation given_NA_NA Hypotaenidia sylvestris,NOTHING NA Hypotaenidia sylvestris,EXCLUDE,,No citation given,,no,Opinion claim,Opinion claim,Excluded,Not relevant
NOTHING_EXCLUDE_NA_No citation given_NA_NA Icterus northropi,NOTHING NA Icterus northropi,EXCLUDE,,No citation given,,no,Opinion claim,Opinion claim,Excluded,Not relevant
NOTHING_EXCLUDE_NA_No citation given_NA_NA Junco insularis,NOTHING NA Junco insularis,EXCLUDE,,No citation given,,no,Opinion claim,Opinion claim,Excluded,Not relevant
NOTHING_EXCLUDE_NA_No citation given_NA_NA Kanakysaurus viviparus,NOTHING NA Kanakysaurus viviparus,EXCLUDE,,No citation given,,no,Opinion claim,Opinion claim,Excluded,Not relevant
NOTHING_EXCLUDE_NA_No citation given_NA_NA Lagorchestes asomatus,NOTHING NA Lagorchestes asomatus,EXCLUDE,,No citation given,,no,Opinion claim,Opinion claim,Excluded,Not relevant
NOTHING_EXCLUDE_NA_No citation given_NA_NA Lalage newtoni,NOTHING NA Lalage newtoni,EXCLUDE,,No citation given,,no,Opinion claim,Opinion claim,Excluded,Not relevant
NOTHING_EXCLUDE_NA_No citation given_NA_NA Larosterna inca,NOTHING NA Larosterna inca,EXCLUDE,,No citation given,,no,Opinion claim,Opinion claim,Excluded,Not relevant
NOTHING_EXCLUDE_NA_No citation given_NA_NA Larvivora tanensis,NOTHING NA Larvivora tanensis,EXCLUDE,,No citation given,,no,Opinion claim,Opinion claim,Excluded,Not relevant
NOTHING_EXCLUDE_NA_No citation given_NA_NA Laterallus spilonota,NOTHING NA Laterallus spilonota,EXCLUDE,,No citation given,,no,Opinion claim,Opinion claim,Excluded,Not relevant
NOTHING_EXCLUDE_NA_No citation given_NA_NA Leiocephalus varius,NOTHING NA Leiocephalus varius,EXCLUDE,,No citation given,,no,Opinion claim,Opinion claim,Excluded,Not relevant
NOTHING_EXCLUDE_NA_No citation given_NA_NA Leiolopisma alazon,NOTHING NA Leiolopisma alazon,EXCLUDE,,No citation given,,no,Opinion claim,Opinion claim,Excluded,Not relevant
NOTHING_EXCLUDE_NA_No citation given_NA_NA Leporillus apicalis,NOTHING NA Leporillus apicalis,EXCLUDE,,No citation given,,no,Opinion claim,Opinion claim,Excluded,Not relevant
NOTHING_EXCLUDE_NA_No citation given_NA_NA Leptotila wellsi,NOTHING NA Leptotila wellsi,EXCLUDE,,No citation given,,no,Opinion claim,Opinion claim,Excluded,Not relevant
NOTHING_EXCLUDE_NA_No citation given_NA_NA Leucocarbo campbelli,NOTHING NA Leucocarbo campbelli,EXCLUDE,,No citation given,,no,Opinion claim,Opinion claim,Excluded,Not relevant
NOTHING_EXCLUDE_NA_No citation given_NA_NA Leucocarbo onslowi,NOTHING NA Leucocarbo onslowi,EXCLUDE,,No citation given,,no,Opinion claim,Opinion claim,Excluded,Not relevant
NOTHING_EXCLUDE_NA_No citation given_NA_NA Lewinia muelleri,NOTHING NA Lewinia muelleri,EXCLUDE,,No citation given,,no,Opinion claim,Opinion claim,Excluded,Not relevant
NOTHING_EXCLUDE_NA_No citation given_NA_NA Liolaemus martorii,NOTHING NA Liolaemus martorii,EXCLUDE,,No citation given,,no,Opinion claim,Opinion claim,Excluded,Not relevant
NOTHING_EXCLUDE_NA_No citation given_NA_NA Litoria littlejohni,NOTHING NA Litoria littlejohni,EXCLUDE,,No citation given,,no,Opinion claim,Opinion claim,Excluded,Not relevant
NOTHING_EXCLUDE_NA_No citation given_NA_NA Litoria raniformis,NOTHING NA Litoria raniformis,EXCLUDE,,No citation given,,no,Opinion claim,Opinion claim,Excluded,Not relevant
NOTHING_EXCLUDE_NA_No citation given_NA_NA Lyriocephalus scutatus,NOTHING NA Lyriocephalus scutatus,EXCLUDE,,No citation given,,no,Opinion claim,Opinion claim,Excluded,Not relevant
NOTHING_EXCLUDE_NA_No citation given_NA_NA Mabuya montserratae,NOTHING NA Mabuya montserratae,EXCLUDE,,No citation given,,no,Opinion claim,Opinion claim,Excluded,Not relevant
NOTHING_EXCLUDE_NA_No citation given_NA_NA Marmorosphax kaala,NOTHING NA Marmorosphax kaala,EXCLUDE,,No citation given,,no,Opinion claim,Opinion claim,Excluded,Not relevant
NOTHING_EXCLUDE_NA_No citation given_NA_NA Megadyptes antipodes,NOTHING NA Megadyptes antipodes,EXCLUDE,,No citation given,,no,Opinion claim,Opinion claim,Excluded,Not relevant
NOTHING_EXCLUDE_NA_No citation given_NA_NA Merulaxis stresemanni,NOTHING NA Merulaxis stresemanni,EXCLUDE,,No citation given,,no,Opinion claim,Opinion claim,Excluded,Not relevant
NOTHING_EXCLUDE_NA_No citation given_NA_NA Mesocapromys sanfelipensis,NOTHING NA Mesocapromys sanfelipensis,EXCLUDE,,No citation given,,no,Opinion claim,Opinion claim,Excluded,Not relevant
NOTHING_EXCLUDE_NA_No citation given_NA_NA Microlophus grayii,NOTHING NA Microlophus grayii,EXCLUDE,,No citation given,,no,Opinion claim,Opinion claim,Excluded,Not relevant
NOTHING_EXCLUDE_NA_No citation given_NA_NA Micrurus meridensis,NOTHING NA Micrurus meridensis,EXCLUDE,,No citation given,,no,Opinion claim,Opinion claim,Excluded,Not relevant
NOTHING_EXCLUDE_NA_No citation given_NA_NA Myotis vivesi,NOTHING NA Myotis vivesi,EXCLUDE,,No citation given,,no,Opinion claim,Opinion claim,Excluded,Not relevant
NOTHING_EXCLUDE_NA_No citation given_NA_NA Nactus durrellorum,NOTHING NA Nactus durrellorum,EXCLUDE,,No citation given,,no,Opinion claim,Opinion claim,Excluded,Not relevant
NOTHING_EXCLUDE_NA_No citation given_NA_NA Nannopterum harrisi,NOTHING NA Nannopterum harrisi,EXCLUDE,,No citation given,,no,Opinion claim,Opinion claim,Excluded,Not relevant
NOTHING_EXCLUDE_NA_No citation given_NA_NA Neotamias palmeri,NOTHING NA Neotamias palmeri,EXCLUDE,,No citation given,,no,Opinion claim,Opinion claim,Excluded,Not relevant
NOTHING_EXCLUDE_NA_No citation given_NA_NA Nesoenas mayeri,NOTHING NA Nesoenas mayeri,EXCLUDE,,No citation given,,no,Opinion claim,Opinion claim,Excluded,Not relevant
NOTHING_EXCLUDE_NA_No citation given_NA_NA Nesoryzomys darwini,NOTHING NA Nesoryzomys darwini,EXCLUDE,,No citation given,,no,Opinion claim,Opinion claim,Excluded,Not relevant
NOTHING_EXCLUDE_NA_No citation given_NA_NA Nesoryzomys indefessus,NOTHING NA Nesoryzomys indefessus,EXCLUDE,,No citation given,,no,Opinion claim,Opinion claim,Excluded,Not relevant
NOTHING_EXCLUDE_NA_No citation given_NA_NA Nestor notabilis,NOTHING NA Nestor notabilis,EXCLUDE,,No citation given,,no,Opinion claim,Opinion claim,Excluded,Not relevant
NOTHING_EXCLUDE_NA_No citation given_NA_NA Notomys amplus,NOTHING NA Notomys amplus,EXCLUDE,,No citation given,,no,Opinion claim,Opinion claim,Excluded,Not relevant
NOTHING_EXCLUDE_NA_No citation given_NA_NA Notomys cervinus,NOTHING NA Notomys cervinus,EXCLUDE,,No citation given,,no,Opinion claim,Opinion claim,Excluded,Not relevant
NOTHING_EXCLUDE_NA_No citation given_NA_NA Notomys longicaudatus,NOTHING NA Notomys longicaudatus,EXCLUDE,,No citation given,,no,Opinion claim,Opinion claim,Excluded,Not relevant
NOTHING_EXCLUDE_NA_No citation given_NA_NA Notomys macrotis,NOTHING NA Notomys macrotis,EXCLUDE,,No citation given,,no,Opinion claim,Opinion claim,Excluded,Not relevant
NOTHING_EXCLUDE_NA_No citation given_NA_NA Notomys robustus,NOTHING NA Notomys robustus,EXCLUDE,,No citation given,,no,Opinion claim,Opinion claim,Excluded,Not relevant
NOTHING_EXCLUDE_NA_No citation given_NA_NA Oligosoma burganae,NOTHING NA Oligosoma burganae,EXCLUDE,,No citation given,,no,Opinion claim,Opinion claim,Excluded,Not relevant
NOTHING_EXCLUDE_NA_No citation given_NA_NA Oligosoma lineoocellatum,NOTHING NA Oligosoma lineoocellatum,EXCLUDE,,No citation given,,no,Opinion claim,Opinion claim,Excluded,Not relevant
NOTHING_EXCLUDE_NA_No citation given_NA_NA Oligosoma salmo,NOTHING NA Oligosoma salmo,EXCLUDE,,No citation given,,no,Opinion claim,Opinion claim,Excluded,Not relevant
NOTHING_EXCLUDE_NA_No citation given_NA_NA Otus bikegila,NOTHING NA Otus bikegila,EXCLUDE,,No citation given,,no,Opinion claim,Opinion claim,Excluded,Not relevant
NOTHING_EXCLUDE_NA_No citation given_NA_NA Pampusana erythroptera,NOTHING NA Pampusana erythroptera,EXCLUDE,,No citation given,,no,Opinion claim,Opinion claim,Excluded,Not relevant
NOTHING_EXCLUDE_NA_No citation given_NA_NA Pampusana rubescens,NOTHING NA Pampusana rubescens,EXCLUDE,,No citation given,,no,Opinion claim,Opinion claim,Excluded,Not relevant
NOTHING_EXCLUDE_NA_No citation given_NA_NA Pampusana salamonis,NOTHING NA Pampusana salamonis,EXCLUDE,,No citation given,,no,Opinion claim,Opinion claim,Excluded,Not relevant
NOTHING_EXCLUDE_NA_No citation given_NA_NA Pampusana sanctaecrucis,NOTHING NA Pampusana sanctaecrucis,EXCLUDE,,No citation given,,no,Opinion claim,Opinion claim,Excluded,Not relevant
NOTHING_EXCLUDE_NA_No citation given_NA_NA Parantechinus apicalis,NOTHING NA Parantechinus apicalis,EXCLUDE,,No citation given,,no,Opinion claim,Opinion claim,Excluded,Not relevant
NOTHING_EXCLUDE_NA_No citation given_NA_NA Pareudiastes pacificus,NOTHING NA Pareudiastes pacificus,EXCLUDE,,No citation given,,no,Opinion claim,Opinion claim,Excluded,Not relevant
NOTHING_EXCLUDE_NA_No citation given_NA_NA Pelecanoides garnotii,NOTHING NA Pelecanoides garnotii,EXCLUDE,,No citation given,,no,Opinion claim,Opinion claim,Excluded,Not relevant
NOTHING_EXCLUDE_NA_No citation given_NA_NA Perochirus ateles,NOTHING NA Perochirus ateles,EXCLUDE,,No citation given,,no,Opinion claim,Opinion claim,Excluded,Not relevant
NOTHING_EXCLUDE_NA_No citation given_NA_NA Peromyscus caniceps,NOTHING NA Peromyscus caniceps,EXCLUDE,,No citation given,,no,Opinion claim,Opinion claim,Excluded,Not relevant
NOTHING_EXCLUDE_NA_No citation given_NA_NA Peromyscus madrensis,NOTHING NA Peromyscus madrensis,EXCLUDE,,No citation given,,no,Opinion claim,Opinion claim,Excluded,Not relevant
NOTHING_EXCLUDE_NA_No citation given_NA_NA Peromyscus pseudocrinitus,NOTHING NA Peromyscus pseudocrinitus,EXCLUDE,,No citation given,,no,Opinion claim,Opinion claim,Excluded,Not relevant
NOTHING_EXCLUDE_NA_No citation given_NA_NA Peromyscus sejugis,NOTHING NA Peromyscus sejugis,EXCLUDE,,No citation given,,no,Opinion claim,Opinion claim,Excluded,Not relevant
NOTHING_EXCLUDE_NA_No citation given_NA_NA Petrogale burbidgei,NOTHING NA Petrogale burbidgei,EXCLUDE,,No citation given,,no,Opinion claim,Opinion claim,Excluded,Not relevant
NOTHING_EXCLUDE_NA_No citation given_NA_NA Petrogale concinna,NOTHING NA Petrogale concinna,EXCLUDE,,No citation given,,no,Opinion claim,Opinion claim,Excluded,Not relevant
NOTHING_EXCLUDE_NA_No citation given_NA_NA Petrogale lateralis,NOTHING NA Petrogale lateralis,EXCLUDE,,No citation given,,no,Opinion claim,Opinion claim,Excluded,Not relevant
NOTHING_EXCLUDE_NA_No citation given_NA_NA Phalacrocorax featherstoni,NOTHING NA Phalacrocorax featherstoni,EXCLUDE,,No citation given,,no,Opinion claim,Opinion claim,Excluded,Not relevant
NOTHING_EXCLUDE_NA_No citation given_NA_NA Phascogale calura,NOTHING NA Phascogale calura,EXCLUDE,,No citation given,,no,Opinion claim,Opinion claim,Excluded,Not relevant
NOTHING_EXCLUDE_NA_No citation given_NA_NA Phascogale tapoatafa,NOTHING NA Phascogale tapoatafa,EXCLUDE,,No citation given,,no,Opinion claim,Opinion claim,Excluded,Not relevant
NOTHING_EXCLUDE_NA_No citation given_NA_NA Phasmasaurus maruia,NOTHING NA Phasmasaurus maruia,EXCLUDE,,No citation given,,no,Opinion claim,Opinion claim,Excluded,Not relevant
NOTHING_EXCLUDE_NA_No citation given_NA_NA Phasmasaurus tillieri,NOTHING NA Phasmasaurus tillieri,EXCLUDE,,No citation given,,no,Opinion claim,Opinion claim,Excluded,Not relevant
NOTHING_EXCLUDE_NA_No citation given_NA_NA Phelsuma guimbeaui,NOTHING NA Phelsuma guimbeaui,EXCLUDE,,No citation given,,no,Opinion claim,Opinion claim,Excluded,Not relevant
NOTHING_EXCLUDE_NA_No citation given_NA_NA Phelsuma rosagularis,NOTHING NA Phelsuma rosagularis,EXCLUDE,,No citation given,,no,Opinion claim,Opinion claim,Excluded,Not relevant
NOTHING_EXCLUDE_NA_No citation given_NA_NA Pholidoscelis griswoldi,NOTHING NA Pholidoscelis griswoldi,EXCLUDE,,No citation given,,no,Opinion claim,Opinion claim,Excluded,Not relevant
NOTHING_EXCLUDE_NA_No citation given_NA_NA Phyllodactylus darwini,NOTHING NA Phyllodactylus darwini,EXCLUDE,,No citation given,,no,Opinion claim,Opinion claim,Excluded,Not relevant
NOTHING_EXCLUDE_NA_No citation given_NA_NA Phyllodactylus leei,NOTHING NA Phyllodactylus leei,EXCLUDE,,No citation given,,no,Opinion claim,Opinion claim,Excluded,Not relevant
NOTHING_EXCLUDE_NA_No citation given_NA_NA Phyllodactylus pulcher,NOTHING NA Phyllodactylus pulcher,EXCLUDE,,No citation given,,no,Opinion claim,Opinion claim,Excluded,Not relevant
NOTHING_EXCLUDE_NA_No citation given_NA_NA Phyllodactylus rutteni,NOTHING NA Phyllodactylus rutteni,EXCLUDE,,No citation given,,no,Opinion claim,Opinion claim,Excluded,Not relevant
NOTHING_EXCLUDE_NA_No citation given_NA_NA Phyllomys thomasi,NOTHING NA Phyllomys thomasi,EXCLUDE,,No citation given,,no,Opinion claim,Opinion claim,Excluded,Not relevant
NOTHING_EXCLUDE_NA_No citation given_NA_NA Phyllonycteris aphylla,NOTHING NA Phyllonycteris aphylla,EXCLUDE,,No citation given,,no,Opinion claim,Opinion claim,Excluded,Not relevant
NOTHING_EXCLUDE_NA_No citation given_NA_NA Pitta superba,NOTHING NA Pitta superba,EXCLUDE,,No citation given,,no,Opinion claim,Opinion claim,Excluded,Not relevant
NOTHING_EXCLUDE_NA_No citation given_NA_NA Plestiodon barbouri,NOTHING NA Plestiodon barbouri,EXCLUDE,,No citation given,,no,Opinion claim,Opinion claim,Excluded,Not relevant
NOTHING_EXCLUDE_NA_No citation given_NA_NA Plestiodon kishinouyei,NOTHING NA Plestiodon kishinouyei,EXCLUDE,,No citation given,,no,Opinion claim,Opinion claim,Excluded,Not relevant
NOTHING_EXCLUDE_NA_No citation given_NA_NA Plestiodon longirostris,NOTHING NA Plestiodon longirostris,EXCLUDE,,No citation given,,no,Opinion claim,Opinion claim,Excluded,Not relevant
NOTHING_EXCLUDE_NA_No citation given_NA_NA Podarcis lilfordi,NOTHING NA Podarcis lilfordi,EXCLUDE,,No citation given,,no,Opinion claim,Opinion claim,Excluded,Not relevant
NOTHING_EXCLUDE_NA_No citation given_NA_NA Podarcis pityusensis,NOTHING NA Podarcis pityusensis,EXCLUDE,,No citation given,,no,Opinion claim,Opinion claim,Excluded,Not relevant
NOTHING_EXCLUDE_NA_No citation given_NA_NA Podomys floridanus,NOTHING NA Podomys floridanus,EXCLUDE,,No citation given,,no,Opinion claim,Opinion claim,Excluded,Not relevant
NOTHING_EXCLUDE_NA_No citation given_NA_NA Pomarea dimidiata,NOTHING NA Pomarea dimidiata,EXCLUDE,,No citation given,,no,Opinion claim,Opinion claim,Excluded,Not relevant
NOTHING_EXCLUDE_NA_No citation given_NA_NA Pomarea iphis,NOTHING NA Pomarea iphis,EXCLUDE,,No citation given,,no,Opinion claim,Opinion claim,Excluded,Not relevant
NOTHING_EXCLUDE_NA_No citation given_NA_NA Pomarea mira,NOTHING NA Pomarea mira,EXCLUDE,,No citation given,,no,Opinion claim,Opinion claim,Excluded,Not relevant
NOTHING_EXCLUDE_NA_No citation given_NA_NA Pomarea whitneyi,NOTHING NA Pomarea whitneyi,EXCLUDE,,No citation given,,no,Opinion claim,Opinion claim,Excluded,Not relevant
NOTHING_EXCLUDE_NA_No citation given_NA_NA Porphyrio paepae,NOTHING NA Porphyrio paepae,EXCLUDE,,No citation given,,no,Opinion claim,Opinion claim,Excluded,Not relevant
NOTHING_EXCLUDE_NA_No citation given_NA_NA Potorous gilbertii,NOTHING NA Potorous gilbertii,EXCLUDE,,No citation given,,no,Opinion claim,Opinion claim,Excluded,Not relevant
NOTHING_EXCLUDE_NA_No citation given_NA_NA Procellaria cinerea,NOTHING NA Procellaria cinerea,EXCLUDE,,No citation given,,no,Opinion claim,Opinion claim,Excluded,Not relevant
NOTHING_EXCLUDE_NA_No citation given_NA_NA Prosobonia cancellata,NOTHING NA Prosobonia cancellata,EXCLUDE,,No citation given,,no,Opinion claim,Opinion claim,Excluded,Not relevant
NOTHING_EXCLUDE_NA_No citation given_NA_NA Pseudalsophis biserialis,NOTHING NA Pseudalsophis biserialis,EXCLUDE,,No citation given,,no,Opinion claim,Opinion claim,Excluded,Not relevant
NOTHING_EXCLUDE_NA_No citation given_NA_NA Pseudalsophis steindachneri,NOTHING NA Pseudalsophis steindachneri,EXCLUDE,,No citation given,,no,Opinion claim,Opinion claim,Excluded,Not relevant
NOTHING_EXCLUDE_NA_No citation given_NA_NA Pseudemoia cryodroma,NOTHING NA Pseudemoia cryodroma,EXCLUDE,,No citation given,,no,Opinion claim,Opinion claim,Excluded,Not relevant
NOTHING_EXCLUDE_NA_No citation given_NA_NA Pseudomys auritus,NOTHING NA Pseudomys auritus,EXCLUDE,,No citation given,,no,Opinion claim,Opinion claim,Excluded,Not relevant
NOTHING_EXCLUDE_NA_No citation given_NA_NA Pseudomys calabyi,NOTHING NA Pseudomys calabyi,EXCLUDE,,No citation given,,no,Opinion claim,Opinion claim,Excluded,Not relevant
NOTHING_EXCLUDE_NA_No citation given_NA_NA Pseudomys fumeus,NOTHING NA Pseudomys fumeus,EXCLUDE,,No citation given,,no,Opinion claim,Opinion claim,Excluded,Not relevant
NOTHING_EXCLUDE_NA_No citation given_NA_NA Pseudomys novaehollandiae,NOTHING NA Pseudomys novaehollandiae,EXCLUDE,,No citation given,,no,Opinion claim,Opinion claim,Excluded,Not relevant
NOTHING_EXCLUDE_NA_No citation given_NA_NA Pseudomys occidentalis,NOTHING NA Pseudomys occidentalis,EXCLUDE,,No citation given,,no,Opinion claim,Opinion claim,Excluded,Not relevant
NOTHING_EXCLUDE_NA_No citation given_NA_NA Pterodroma atrata,NOTHING NA Pterodroma atrata,EXCLUDE,,No citation given,,no,Opinion claim,Opinion claim,Excluded,Not relevant
NOTHING_EXCLUDE_NA_No citation given_NA_NA Pterodroma axillaris,NOTHING NA Pterodroma axillaris,EXCLUDE,,No citation given,,no,Opinion claim,Opinion claim,Excluded,Not relevant
NOTHING_EXCLUDE_NA_No citation given_NA_NA Pterodroma cahow,NOTHING NA Pterodroma cahow,EXCLUDE,,No citation given,,no,Opinion claim,Opinion claim,Excluded,Not relevant
NOTHING_EXCLUDE_NA_No citation given_NA_NA Pterodroma cervicalis,NOTHING NA Pterodroma cervicalis,EXCLUDE,,No citation given,,no,Opinion claim,Opinion claim,Excluded,Not relevant
NOTHING_EXCLUDE_NA_No citation given_NA_NA Pterodroma cookii,NOTHING NA Pterodroma cookii,EXCLUDE,,No citation given,,no,Opinion claim,Opinion claim,Excluded,Not relevant
NOTHING_EXCLUDE_NA_No citation given_NA_NA Pterodroma defilippiana,NOTHING NA Pterodroma defilippiana,EXCLUDE,,No citation given,,no,Opinion claim,Opinion claim,Excluded,Not relevant
NOTHING_EXCLUDE_NA_No citation given_NA_NA Pterodroma deserta,NOTHING NA Pterodroma deserta,EXCLUDE,,No citation given,,no,Opinion claim,Opinion claim,Excluded,Not relevant
NOTHING_EXCLUDE_NA_No citation given_NA_NA Pterodroma incerta,NOTHING NA Pterodroma incerta,EXCLUDE,,No citation given,,no,Opinion claim,Opinion claim,Excluded,Not relevant
NOTHING_EXCLUDE_NA_No citation given_NA_NA Pterodroma madeira,NOTHING NA Pterodroma madeira,EXCLUDE,,No citation given,,no,Opinion claim,Opinion claim,Excluded,Not relevant
NOTHING_EXCLUDE_NA_No citation given_NA_NA Pterodroma magentae,NOTHING NA Pterodroma magentae,EXCLUDE,,No citation given,,no,Opinion claim,Opinion claim,Excluded,Not relevant
NOTHING_EXCLUDE_NA_No citation given_NA_NA Pterodroma phaeopygia,NOTHING NA Pterodroma phaeopygia,EXCLUDE,,No citation given,,no,Opinion claim,Opinion claim,Excluded,Not relevant
NOTHING_EXCLUDE_NA_No citation given_NA_NA Pterodroma sandwichensis,NOTHING NA Pterodroma sandwichensis,EXCLUDE,,No citation given,,no,Opinion claim,Opinion claim,Excluded,Not relevant
NOTHING_EXCLUDE_NA_No citation given_NA_NA Pteropus dasymallus,NOTHING NA Pteropus dasymallus,EXCLUDE,,No citation given,,no,Opinion claim,Opinion claim,Excluded,Not relevant
NOTHING_EXCLUDE_NA_No citation given_NA_NA Pteropus pselaphon,NOTHING NA Pteropus pselaphon,EXCLUDE,,No citation given,,no,Opinion claim,Opinion claim,Excluded,Not relevant
NOTHING_EXCLUDE_NA_No citation given_NA_NA Ptilinopus huttoni,NOTHING NA Ptilinopus huttoni,EXCLUDE,,No citation given,,no,Opinion claim,Opinion claim,Excluded,Not relevant
NOTHING_EXCLUDE_NA_No citation given_NA_NA Reithrodontomys musseri,NOTHING NA Reithrodontomys musseri,EXCLUDE,,No citation given,,no,Opinion claim,Opinion claim,Excluded,Not relevant
NOTHING_EXCLUDE_NA_No citation given_NA_NA Reithrodontomys raviventris,NOTHING NA Reithrodontomys raviventris,EXCLUDE,,No citation given,,no,Opinion claim,Opinion claim,Excluded,Not relevant
NOTHING_EXCLUDE_NA_No citation given_NA_NA Reithrodontomys spectabilis,NOTHING NA Reithrodontomys spectabilis,EXCLUDE,,No citation given,,no,Opinion claim,Opinion claim,Excluded,Not relevant
NOTHING_EXCLUDE_NA_No citation given_NA_NA Rhynochetos jubatus,NOTHING NA Rhynochetos jubatus,EXCLUDE,,No citation given,,no,Opinion claim,Opinion claim,Excluded,Not relevant
NOTHING_EXCLUDE_NA_No citation given_NA_NA Ristella rurkii,NOTHING NA Ristella rurkii,EXCLUDE,,No citation given,,no,Opinion claim,Opinion claim,Excluded,Not relevant
NOTHING_EXCLUDE_NA_No citation given_NA_NA Sauromalus hispidus,NOTHING NA Sauromalus hispidus,EXCLUDE,,No citation given,,no,Opinion claim,Opinion claim,Excluded,Not relevant
NOTHING_EXCLUDE_NA_No citation given_NA_NA Sauromalus slevini,NOTHING NA Sauromalus slevini,EXCLUDE,,No citation given,,no,Opinion claim,Opinion claim,Excluded,Not relevant
NOTHING_EXCLUDE_NA_No citation given_NA_NA Scolopax mira,NOTHING NA Scolopax mira,EXCLUDE,,No citation given,,no,Opinion claim,Opinion claim,Excluded,Not relevant
NOTHING_EXCLUDE_NA_No citation given_NA_NA Setophaga graysoni,NOTHING NA Setophaga graysoni,EXCLUDE,,No citation given,,no,Opinion claim,Opinion claim,Excluded,Not relevant
NOTHING_EXCLUDE_NA_No citation given_NA_NA Sittiparus owstoni,NOTHING NA Sittiparus owstoni,EXCLUDE,,No citation given,,no,Opinion claim,Opinion claim,Excluded,Not relevant
NOTHING_EXCLUDE_NA_No citation given_NA_NA Sminthopsis bindi,NOTHING NA Sminthopsis bindi,EXCLUDE,,No citation given,,no,Opinion claim,Opinion claim,Excluded,Not relevant
NOTHING_EXCLUDE_NA_No citation given_NA_NA Solenodon marcanoi,NOTHING NA Solenodon marcanoi,EXCLUDE,,No citation given,,no,Opinion claim,Opinion claim,Excluded,Not relevant
NOTHING_EXCLUDE_NA_No citation given_NA_NA Sphaerodactylus kirbyi,NOTHING NA Sphaerodactylus kirbyi,EXCLUDE,,No citation given,,no,Opinion claim,Opinion claim,Excluded,Not relevant
NOTHING_EXCLUDE_NA_No citation given_NA_NA Spheniscus humboldti,NOTHING NA Spheniscus humboldti,EXCLUDE,,No citation given,,no,Opinion claim,Opinion claim,Excluded,Not relevant
NOTHING_EXCLUDE_NA_No citation given_NA_NA Spilogale pygmaea,NOTHING NA Spilogale pygmaea,EXCLUDE,,No citation given,,no,Opinion claim,Opinion claim,Excluded,Not relevant
NOTHING_EXCLUDE_NA_No citation given_NA_NA Spondylurus fulgidus,NOTHING NA Spondylurus fulgidus,EXCLUDE,,No citation given,,no,Opinion claim,Opinion claim,Excluded,Not relevant
NOTHING_EXCLUDE_NA_No citation given_NA_NA Spondylurus monae,NOTHING NA Spondylurus monae,EXCLUDE,,No citation given,,no,Opinion claim,Opinion claim,Excluded,Not relevant
NOTHING_EXCLUDE_NA_No citation given_NA_NA Sylvilagus dicei,NOTHING NA Sylvilagus dicei,EXCLUDE,,No citation given,,no,Opinion claim,Opinion claim,Excluded,Not relevant
NOTHING_EXCLUDE_NA_No citation given_NA_NA Syrmaticus soemmerringii,NOTHING NA Syrmaticus soemmerringii,EXCLUDE,,No citation given,,no,Opinion claim,Opinion claim,Excluded,Not relevant
NOTHING_EXCLUDE_NA_No citation given_NA_NA Tarentola raziana,NOTHING NA Tarentola raziana,EXCLUDE,,No citation given,,no,Opinion claim,Opinion claim,Excluded,Not relevant
NOTHING_EXCLUDE_NA_No citation given_NA_NA Tarsius dentatus,NOTHING NA Tarsius dentatus,EXCLUDE,,No citation given,,no,Opinion claim,Opinion claim,Excluded,Not relevant
NOTHING_EXCLUDE_NA_No citation given_NA_NA Tarsius fuscus,NOTHING NA Tarsius fuscus,EXCLUDE,,No citation given,,no,Opinion claim,Opinion claim,Excluded,Not relevant
NOTHING_EXCLUDE_NA_No citation given_NA_NA Tarsius niemitzi,NOTHING NA Tarsius niemitzi,EXCLUDE,,No citation given,,no,Opinion claim,Opinion claim,Excluded,Not relevant
NOTHING_EXCLUDE_NA_No citation given_NA_NA Tarsius pelengensis,NOTHING NA Tarsius pelengensis,EXCLUDE,,No citation given,,no,Opinion claim,Opinion claim,Excluded,Not relevant
NOTHING_EXCLUDE_NA_No citation given_NA_NA Tarsius spectrumgurskyae,NOTHING NA Tarsius spectrumgurskyae,EXCLUDE,,No citation given,,no,Opinion claim,Opinion claim,Excluded,Not relevant
NOTHING_EXCLUDE_NA_No citation given_NA_NA Tarsius supriatnai,NOTHING NA Tarsius supriatnai,EXCLUDE,,No citation given,,no,Opinion claim,Opinion claim,Excluded,Not relevant
NOTHING_EXCLUDE_NA_No citation given_NA_NA Tarsius tarsier,NOTHING NA Tarsius tarsier,EXCLUDE,,No citation given,,no,Opinion claim,Opinion claim,Excluded,Not relevant
NOTHING_EXCLUDE_NA_No citation given_NA_NA Todiramphus cinnamominus,NOTHING NA Todiramphus cinnamominus,EXCLUDE,,No citation given,,no,Opinion claim,Opinion claim,Excluded,Not relevant
NOTHING_EXCLUDE_NA_No citation given_NA_NA Todiramphus godeffroyi,NOTHING NA Todiramphus godeffroyi,EXCLUDE,,No citation given,,no,Opinion claim,Opinion claim,Excluded,Not relevant
NOTHING_EXCLUDE_NA_No citation given_NA_NA Todiramphus pelewensis,NOTHING NA Todiramphus pelewensis,EXCLUDE,,No citation given,,no,Opinion claim,Opinion claim,Excluded,Not relevant
NOTHING_EXCLUDE_NA_No citation given_NA_NA Troglodytes sissonii,NOTHING NA Troglodytes sissonii,EXCLUDE,,No citation given,,no,Opinion claim,Opinion claim,Excluded,Not relevant
NOTHING_EXCLUDE_NA_No citation given_NA_NA Tropidophis bucculentus,NOTHING NA Tropidophis bucculentus,EXCLUDE,,No citation given,,no,Opinion claim,Opinion claim,Excluded,Not relevant
NOTHING_EXCLUDE_NA_No citation given_NA_NA Tropidophis stejnegeri,NOTHING NA Tropidophis stejnegeri,EXCLUDE,,No citation given,,no,Opinion claim,Opinion claim,Excluded,Not relevant
NOTHING_EXCLUDE_NA_No citation given_NA_NA Turdus celaenops,NOTHING NA Turdus celaenops,EXCLUDE,,No citation given,,no,Opinion claim,Opinion claim,Excluded,Not relevant
NOTHING_EXCLUDE_NA_No citation given_NA_NA Vini kuhlii,NOTHING NA Vini kuhlii,EXCLUDE,,No citation given,,no,Opinion claim,Opinion claim,Excluded,Not relevant
NOTHING_EXCLUDE_NA_No citation given_NA_NA Wyulda squamicaudata,NOTHING NA Wyulda squamicaudata,EXCLUDE,,No citation given,,no,Opinion claim,Opinion claim,Excluded,Not relevant
NOTHING_EXCLUDE_NA_No citation given_NA_NA Xenosaurus platyceps,NOTHING NA Xenosaurus platyceps,EXCLUDE,,No citation given,,no,Opinion claim,Opinion claim,Excluded,Not relevant
NOTHING_EXCLUDE_NA_No citation given_NA_NA Zoothera turipavae,NOTHING NA Zoothera turipavae,EXCLUDE,,No citation given,,no,Opinion claim,Opinion claim,Excluded,Not relevant
NSWG 2005_EXCLUDE_NA_Missing reference_NA_NA,NSWG 2005,EXCLUDE,NA,Inaccessible,,no,Inaccessible,Missing reference,Excluded,Not relevant
(Ndang'ang'a et al. 2004)_INCLUDE_NA_Predation in support_no_no,(Ndang'ang'a et al. 2004),INCLUDE,,Predation in support,no,no,Predation in support without data,Predation in support without data,Predation without data,Yes
(Neilson et al. 2006)_EXCLUDE_NA_No claim_NA_NA,(Neilson et al. 2006),EXCLUDE,,No claim,,no,No claim,No claim,Excluded,Not relevant
(Neilson et al. 2004)_EXCLUDE_NA_No claim_NA_NA,(Neilson et al. 2004),EXCLUDE,,No claim,,no,No claim,No claim,Excluded,Not relevant
(New Zealand Department of Conservation 2006)_EXCLUDE_NA_No claim_NA_NA,(New Zealand Department of Conservation 2006),EXCLUDE,,No claim,,no,No claim,No claim,Excluded,Not relevant
(Niederhauser & Bowman 2014)_EXCLUDE_NA_No claim_NA_NA,(Niederhauser & Bowman 2014),EXCLUDE,,No claim,,no,No claim,No claim,Excluded,Not relevant
"(Nunes & Hazevoet 2001)_EXCLUDE_Newspaper, newsletter or magazine_Failure to access or locate online full citation_NA_NA",(Nunes & Hazevoet 2001),EXCLUDE,"Newspaper, newsletter or magazine",Inaccessible,,no,Inaccessible,Failure to access or locate online full citation,Excluded,Not relevant
Oikonos undated_EXCLUDE_NA_Unpublished data or article_NA_NA,Oikonos undated,EXCLUDE,NA,Inaccessible,,no,Inaccessible,Unpublished data or article,Excluded,Not relevant
(Olsen 1995)_EXCLUDE_Book or chapter_Failure to access or locate online full citation_NA_NA,(Olsen 1995),EXCLUDE,Book or chapter,Inaccessible,,no,Inaccessible,Failure to access or locate online full citation,Excluded,Not relevant
(Ortiz-Alcaraz et al. 2017)_INCLUDE_NA_Predation not in support_no_no,(Ortiz-Alcaraz et al. 2017),INCLUDE,,Predation not in support,no,no,Predation not in support without data,Predation not in support without data,Predation without data,No
(O’Donnell 2000)_EXCLUDE_NA_Expert opinion_NA_NA,(O’Donnell 2000),EXCLUDE,,Does not test claim,,no,Does not test claim,Expert opinion,Excluded,Not relevant
P. Baker in litt. 1999_EXCLUDE_NA_Unpublished data or article_NA_NA,P. Baker in litt. 1999,EXCLUDE,NA,Inaccessible,,no,Inaccessible,Unpublished data or article,Excluded,Not relevant
P. Banko in litt. 2007_EXCLUDE_NA_Unpublished data or article_NA_NA,P. Banko in litt. 2007,EXCLUDE,NA,Inaccessible,,no,Inaccessible,Unpublished data or article,Excluded,Not relevant
P. Feldmann in litt. 2022_EXCLUDE_NA_Unpublished data or article_NA_NA,P. Feldmann in litt. 2022,EXCLUDE,NA,Inaccessible,,no,Inaccessible,Unpublished data or article,Excluded,Not relevant
P. Hodum in litt. 2020_EXCLUDE_NA_Unpublished data or article_NA_NA,P. Hodum in litt. 2020,EXCLUDE,NA,Inaccessible,,no,Inaccessible,Unpublished data or article,Excluded,Not relevant
P. Raust in litt. 2020_EXCLUDE_NA_Unpublished data or article_NA_NA,P. Raust in litt. 2020,EXCLUDE,NA,Inaccessible,,no,Inaccessible,Unpublished data or article,Excluded,Not relevant
P. Roberts in litt. 2007_EXCLUDE_NA_Unpublished data or article_NA_NA,P. Roberts in litt. 2007,EXCLUDE,NA,Inaccessible,,no,Inaccessible,Unpublished data or article,Excluded,Not relevant
P. Wenninger in litt. 2007_EXCLUDE_NA_Unpublished data or article_NA_NA,P. Wenninger in litt. 2007,EXCLUDE,NA,Inaccessible,,no,Inaccessible,Unpublished data or article,Excluded,Not relevant
P.J. Tolson pers. comm._EXCLUDE_NA_Personal communication_NA_NA,P.J. Tolson pers. comm.,EXCLUDE,NA,Inaccessible,,no,Inaccessible,Personal communication,Excluded,Not relevant
(Padilla et al. 2019)_EXCLUDE_Report_Failure to access or locate online full citation_NA_NA,(Padilla et al. 2019),EXCLUDE,Report,Inaccessible,,no,Inaccessible,Failure to access or locate online full citation,Excluded,Not relevant
(Palmas et al. In preparation)_EXCLUDE_NA_Unpublished data or article_NA_NA,(Palmas et al. In preparation),EXCLUDE,NA,Inaccessible,,no,Inaccessible,Unpublished data or article,Excluded,Not relevant
(Palmas et al. 2017)_EXCLUDE_NA_No claim_NA_NA,(Palmas et al. 2017),EXCLUDE,,No claim,,no,No claim,No claim,Excluded,Not relevant
Palomo et al. 2007_EXCLUDE_NA_Missing reference_NA_NA,Palomo et al. 2007,EXCLUDE,NA,Inaccessible,,no,Inaccessible,Missing reference,Excluded,Not relevant
(Palomo & Gisbert 2002)_EXCLUDE_Report_Failure to access or locate online full citation_NA_NA,(Palomo & Gisbert 2002),EXCLUDE,Report,Inaccessible,,no,Inaccessible,Failure to access or locate online full citation,Excluded,Not relevant
(Panitvong et al. 2010)_EXCLUDE_NA_Expert opinion_NA_NA,(Panitvong et al. 2010),EXCLUDE,,Does not test claim,,no,Does not test claim,Expert opinion,Excluded,Not relevant
(Paxton et al. 2018)_EXCLUDE_NA_No claim_NA_NA,(Paxton et al. 2018),EXCLUDE,,No claim,,no,No claim,No claim,Excluded,Not relevant
(Peacock & Abbott 2014)_INCLUDE_NA_Predation not in support_no_no,(Peacock & Abbott 2014),INCLUDE,,Predation not in support,no,no,Predation not in support without data,Predation not in support without data,Predation without data,No
(Phillips et al. 2016)_EXCLUDE_NA_Expert opinion_NA_NA,(Phillips et al. 2016),EXCLUDE,,Does not test claim,,no,Does not test claim,Expert opinion,Excluded,Not relevant
(Phillips et al. 2005)_INCLUDE_NA_Population in support_yes_no,(Phillips et al. 2005),INCLUDE,,Population in support,yes,no,Population in support with data,Population in support with data,Population with data,Yes
(Pichegru 2013)_EXCLUDE_NA_No claim_NA_NA,(Pichegru 2013),EXCLUDE,,No claim,,no,No claim,No claim,Excluded,Not relevant
(Pierce et al. 2015)_EXCLUDE_NA_Expert opinion_NA_NA,(Pierce et al. 2015),EXCLUDE,,Does not test claim,,no,Does not test claim,Expert opinion,Excluded,Not relevant
(Powell 1999)_EXCLUDE_NA_Expert opinion_NA_NA,(Powell 1999),EXCLUDE,,Does not test claim,,no,Does not test claim,Expert opinion,Excluded,Not relevant
(Pratt & Etpison 2008)_EXCLUDE_Book or chapter_Failure to access or locate online full citation_NA_NA,(Pratt & Etpison 2008),EXCLUDE,Book or chapter,Inaccessible,,no,Inaccessible,Failure to access or locate online full citation,Excluded,Not relevant
(Berrett et al. 1987)_EXCLUDE_Book or chapter_Failure to access or locate online full citation_NA_NA,(Berrett et al. 1987),EXCLUDE,Book or chapter,Inaccessible,,no,Inaccessible,Failure to access or locate online full citation,Excluded,Not relevant
(Probst 1998)_EXCLUDE_NA_Not in English or Spanish_NA_NA,(Probst 1998),EXCLUDE,NA,Inaccessible,,no,Inaccessible,Not in English or Spanish,Excluded,Not relevant
Provita in litt. 2020_EXCLUDE_NA_Unpublished data or article_NA_NA,Provita in litt. 2020,EXCLUDE,NA,Inaccessible,,no,Inaccessible,Unpublished data or article,Excluded,Not relevant
(Pryde et al. 2005)_EXCLUDE_NA_No claim_NA_NA,(Pryde et al. 2005),EXCLUDE,,No claim,,no,No claim,No claim,Excluded,Not relevant
(Puckey et al. 2023)_EXCLUDE_NA_Expert opinion_NA_NA,(Puckey et al. 2023),EXCLUDE,,Does not test claim,,no,Does not test claim,Expert opinion,Excluded,Not relevant
(Páez & García 2003)_EXCLUDE_NA_Expert opinion_NA_NA,(Páez & García 2003),EXCLUDE,,Does not test claim,,no,Does not test claim,Expert opinion,Excluded,Not relevant
(Pérez-Buitrago & Sabat 2007)_INCLUDE_NA_Predation in support_no_no,(Pérez-Buitrago & Sabat 2007),INCLUDE,,Predation in support,no,no,Predation in support without data,Predation in support without data,Predation without data,Yes
R. Fisher pers. comm. 2012_EXCLUDE_NA_Personal communication_NA_NA,R. Fisher pers. comm. 2012,EXCLUDE,NA,Inaccessible,,no,Inaccessible,Personal communication,Excluded,Not relevant
R. Fisher pers. comm. 2013_EXCLUDE_NA_Personal communication_NA_NA,R. Fisher pers. comm. 2013,EXCLUDE,NA,Inaccessible,,no,Inaccessible,Personal communication,Excluded,Not relevant
R. Fisher pers. comm. 2020_EXCLUDE_NA_Personal communication_NA_NA,R. Fisher pers. comm. 2020,EXCLUDE,NA,Inaccessible,,no,Inaccessible,Personal communication,Excluded,Not relevant
R. Gardiner and R. Hamer pers. comm. 2015_EXCLUDE_NA_Personal communication_NA_NA,R. Gardiner and R. Hamer pers. comm. 2015,EXCLUDE,NA,Inaccessible,,no,Inaccessible,Personal communication,Excluded,Not relevant
R. Gardiner pers. comm. 2015_EXCLUDE_NA_Personal communication_NA_NA,R. Gardiner pers. comm. 2015,EXCLUDE,NA,Inaccessible,,no,Inaccessible,Personal communication,Excluded,Not relevant
R. Gomès pers. comm. 2018_EXCLUDE_NA_Personal communication_NA_NA,R. Gomès pers. comm. 2018,EXCLUDE,NA,Inaccessible,,no,Inaccessible,Personal communication,Excluded,Not relevant
R. Hitchmough pers. comm. 2019_EXCLUDE_NA_Personal communication_NA_NA,R. Hitchmough pers. comm. 2019,EXCLUDE,NA,Inaccessible,,no,Inaccessible,Personal communication,Excluded,Not relevant
R. M. Engeman in litt. 2012_EXCLUDE_NA_Unpublished data or article_NA_NA,R. M. Engeman in litt. 2012,EXCLUDE,NA,Inaccessible,,no,Inaccessible,Unpublished data or article,Excluded,Not relevant
R. Paltridge pers. comm. 2017_EXCLUDE_NA_Personal communication_NA_NA,R. Paltridge pers. comm. 2017,EXCLUDE,NA,Inaccessible,,no,Inaccessible,Personal communication,Excluded,Not relevant
R. Powell pers. comm. 2015_EXCLUDE_NA_Personal communication_NA_NA,R. Powell pers. comm. 2015,EXCLUDE,NA,Inaccessible,,no,Inaccessible,Personal communication,Excluded,Not relevant
R. Powell pers. comm. 2016_EXCLUDE_NA_Personal communication_NA_NA,R. Powell pers. comm. 2016,EXCLUDE,NA,Inaccessible,,no,Inaccessible,Personal communication,Excluded,Not relevant
R. Subirá in litt. 2024_EXCLUDE_NA_Unpublished data or article_NA_NA,R. Subirá in litt. 2024,EXCLUDE,NA,Inaccessible,,no,Inaccessible,Unpublished data or article,Excluded,Not relevant
R. Vasconcelos pers. comm. 2012_EXCLUDE_NA_Personal communication_NA_NA,R. Vasconcelos pers. comm. 2012,EXCLUDE,NA,Inaccessible,,no,Inaccessible,Personal communication,Excluded,Not relevant
(Radley et al. 2021)_EXCLUDE_NA_No claim_NA_NA,(Radley et al. 2021),EXCLUDE,,No claim,,no,No claim,No claim,Excluded,Not relevant
(Ralph & Fancy 1996)_EXCLUDE_NA_Expert opinion_NA_NA,(Ralph & Fancy 1996),EXCLUDE,,Does not test claim,,no,Does not test claim,Expert opinion,Excluded,Not relevant
(Rauzon et al. 2011)_INCLUDE_NA_Population not in support_yes_no,(Rauzon et al. 2011),INCLUDE,,Population not in support,yes,no,Population not in support with data,Population not in support with data,Population with data,No
(Remsen Jr & Bonan 2016)_EXCLUDE_Book or chapter_Failure to access or locate online full citation_NA_NA,(Remsen Jr & Bonan 2016),EXCLUDE,Book or chapter,Inaccessible,,no,Inaccessible,Failure to access or locate online full citation,Excluded,Not relevant
(Reynolds 2011)_EXCLUDE_NA_Expert opinion_NA_NA,(Reynolds 2011),EXCLUDE,,Does not test claim,,no,Does not test claim,Expert opinion,Excluded,Not relevant
(Reynolds & Gerber 2012)_EXCLUDE_NA_No claim_NA_NA,(Reynolds & Gerber 2012),EXCLUDE,,No claim,,no,No claim,No claim,Excluded,Not relevant
(Rheindt 2010)_EXCLUDE_NA_No claim_NA_NA,(Rheindt 2010),EXCLUDE,,No claim,,no,No claim,No claim,Excluded,Not relevant
(Rhind et al. 2008)_EXCLUDE_Book or chapter_Failure to access or locate online full citation_NA_NA,(Rhind et al. 2008),EXCLUDE,Book or chapter,Inaccessible,,no,Inaccessible,Failure to access or locate online full citation,Excluded,Not relevant
Richards 2005_EXCLUDE_NA_Missing reference_NA_NA,Richards 2005,EXCLUDE,NA,Inaccessible,,no,Inaccessible,Missing reference,Excluded,Not relevant
(Riethmuller et al. 2012)_EXCLUDE_NA_Not in English or Spanish_NA_NA,(Riethmuller et al. 2012),EXCLUDE,NA,Inaccessible,,no,Inaccessible,Not in English or Spanish,Excluded,Not relevant
(Rimmer et al. 2008)_EXCLUDE_NA_Expert opinion_NA_NA,(Rimmer et al. 2008),EXCLUDE,,Does not test claim,,no,Does not test claim,Expert opinion,Excluded,Not relevant
(Roberts & Miskelly 2003)_EXCLUDE_NA_Expert opinion_NA_NA,(Roberts & Miskelly 2003),EXCLUDE,,Does not test claim,,no,Does not test claim,Expert opinion,Excluded,Not relevant
(Rocamora 1997)_EXCLUDE_NA_Unpublished data or article_NA_NA,(Rocamora 1997),EXCLUDE,NA,Inaccessible,,no,Inaccessible,Unpublished data or article,Excluded,Not relevant
(Rocamora 2013)_EXCLUDE_Book or chapter_Failure to access or locate online full citation_NA_NA,(Rocamora 2013),EXCLUDE,Book or chapter,Inaccessible,,no,Inaccessible,Failure to access or locate online full citation,Excluded,Not relevant
(Rocha 2015)_INCLUDE_NA_Predation in support_no_no,(Rocha 2015),INCLUDE,,Predation in support,no,no,Predation in support without data,Predation in support without data,Predation without data,Yes
(Rodríguez-Robles et al. 2015)_EXCLUDE_NA_No claim_NA_NA,(Rodríguez-Robles et al. 2015),EXCLUDE,,No claim,,no,No claim,No claim,Excluded,Not relevant
(Roughton & Seddon 2006)_EXCLUDE_NA_No claim_NA_NA,(Roughton & Seddon 2006),EXCLUDE,,No claim,,no,No claim,No claim,Excluded,Not relevant
(Roy et al. 1999)_INCLUDE_NA_Predation in support_no_no,(Roy et al. 1999),INCLUDE,,Predation in support,no,no,Predation in support without data,Predation in support without data,Predation without data,Yes
(Rupp et al. 2008)_EXCLUDE_NA_No claim_NA_NA,(Rupp et al. 2008),EXCLUDE,,No claim,,no,No claim,No claim,Excluded,Not relevant
(Russell et al. 2009)_EXCLUDE_NA_Model no pop data_NA_NA,(Russell et al. 2009),EXCLUDE,,Does not test claim,,no,Does not test claim,Modelling without data,Excluded,Not relevant
(Ruíz & Flores 2014)_EXCLUDE_Book or chapter_Failure to access or locate online full citation_NA_NA,(Ruíz & Flores 2014),EXCLUDE,Book or chapter,Inaccessible,,no,Inaccessible,Failure to access or locate online full citation,Excluded,Not relevant
(Ryan 2021)_EXCLUDE_NA_No claim_NA_NA,(Ryan 2021),EXCLUDE,,No claim,,no,No claim,No claim,Excluded,Not relevant
(Ryan et al. 2003)_EXCLUDE_NA_No claim_NA_NA,(Ryan et al. 2003),EXCLUDE,,No claim,,no,No claim,No claim,Excluded,Not relevant
(Ryan et al. 2009)_EXCLUDE_NA_No claim_NA_NA,(Ryan et al. 2009),EXCLUDE,,No claim,,no,No claim,No claim,Excluded,Not relevant
S. Chan pers. comm. 2015_EXCLUDE_NA_Personal communication_NA_NA,S. Chan pers. comm. 2015,EXCLUDE,NA,Inaccessible,,no,Inaccessible,Personal communication,Excluded,Not relevant
S.B. Hedges and B. Wilson pers. comm. 2015_EXCLUDE_NA_Personal communication_NA_NA,S.B. Hedges and B. Wilson pers. comm. 2015,EXCLUDE,NA,Inaccessible,,no,Inaccessible,Personal communication,Excluded,Not relevant
S.B. Hedges pers. comm. 2015_EXCLUDE_NA_Personal communication_NA_NA,S.B. Hedges pers. comm. 2015,EXCLUDE,NA,Inaccessible,,no,Inaccessible,Personal communication,Excluded,Not relevant
S.B. Hedges pers. comm. 2016_EXCLUDE_NA_Personal communication_NA_NA,S.B. Hedges pers. comm. 2016,EXCLUDE,NA,Inaccessible,,no,Inaccessible,Personal communication,Excluded,Not relevant
S.D. Buckner pers. comm. 2015_EXCLUDE_NA_Personal communication_NA_NA,S.D. Buckner pers. comm. 2015,EXCLUDE,NA,Inaccessible,,no,Inaccessible,Personal communication,Excluded,Not relevant
S.D. Buckner pers. comm. 2016_EXCLUDE_NA_Personal communication_NA_NA,S.D. Buckner pers. comm. 2016,EXCLUDE,NA,Inaccessible,,no,Inaccessible,Personal communication,Excluded,Not relevant
(S.O.P. & Manu 2015)_EXCLUDE_NA_Not in English or Spanish_NA_NA,(S.O.P. & Manu 2015),EXCLUDE,NA,Inaccessible,,no,Inaccessible,Not in English or Spanish,Excluded,Not relevant
S.R. Ganesh and S.R. Chandramouli pers. comm. October 2020_EXCLUDE_NA_Personal communication_NA_NA,S.R. Ganesh and S.R. Chandramouli pers. comm. October 2020,EXCLUDE,NA,Inaccessible,,no,Inaccessible,Personal communication,Excluded,Not relevant
(SPREP 2000)_EXCLUDE_NA_No claim_NA_NA,(SPREP 2000),EXCLUDE,,No claim,,no,No claim,No claim,Excluded,Not relevant
(Sanchez 2015)_EXCLUDE_NA_Not in English or Spanish_NA_NA,(Sanchez 2015),EXCLUDE,NA,Inaccessible,,no,Inaccessible,Not in English or Spanish,Excluded,Not relevant
(Schulz & Bamford 1987)_EXCLUDE_Report_Failure to access or locate online full citation_NA_NA,(Schulz & Bamford 1987),EXCLUDE,Report,Inaccessible,,no,Inaccessible,Failure to access or locate online full citation,Excluded,Not relevant
(Schwartz & Carey 1977)_EXCLUDE_NA_Expert opinion_NA_NA,(Schwartz & Carey 1977),EXCLUDE,,Does not test claim,,no,Does not test claim,Expert opinion,Excluded,Not relevant
Seitre and Seitre 1991_EXCLUDE_NA_Missing reference_NA_NA,Seitre and Seitre 1991,EXCLUDE,NA,Inaccessible,,no,Inaccessible,Missing reference,Excluded,Not relevant
(Seitre & Seitre 1989)_EXCLUDE_NA_Not in English or Spanish_NA_NA,(Seitre & Seitre 1989),EXCLUDE,NA,Inaccessible,,no,Inaccessible,Not in English or Spanish,Excluded,Not relevant
(Serra et al. 2018)_EXCLUDE_NA_Expert opinion_NA_NA,(Serra et al. 2018),EXCLUDE,,Does not test claim,,no,Does not test claim,Expert opinion,Excluded,Not relevant
(Servín et al. 2014)_EXCLUDE_Book or chapter_Failure to access or locate online full citation_NA_NA,(Servín et al. 2014),EXCLUDE,Book or chapter,Inaccessible,,no,Inaccessible,Failure to access or locate online full citation,Excluded,Not relevant
(Shirihai et al. 2015)_EXCLUDE_NA_Expert opinion_NA_NA,(Shirihai et al. 2015),EXCLUDE,,Does not test claim,,no,Does not test claim,Expert opinion,Excluded,Not relevant
(Short et al. 1999)_EXCLUDE_NA_No claim_NA_NA,(Short et al. 1999),EXCLUDE,,No claim,,no,No claim,No claim,Excluded,Not relevant
(Showler et al. 2002)_EXCLUDE_NA_No claim_NA_NA,(Showler et al. 2002),EXCLUDE,,No claim,,no,No claim,No claim,Excluded,Not relevant
"(Sim & Roxburgh 2007)_EXCLUDE_Newspaper, newsletter or magazine_Failure to access or locate online full citation_NA_NA",(Sim & Roxburgh 2007),EXCLUDE,"Newspaper, newsletter or magazine",Inaccessible,,no,Inaccessible,Failure to access or locate online full citation,Excluded,Not relevant
(Simon et al. 1997)_EXCLUDE_NA_Expert opinion_NA_NA,(Simon et al. 1997),EXCLUDE,,Does not test claim,,no,Does not test claim,Expert opinion,Excluded,Not relevant
(Smith & Quin 1996)_EXCLUDE_NA_No claim_NA_NA,(Smith & Quin 1996),EXCLUDE,,No claim,,no,No claim,No claim,Excluded,Not relevant
(Smith & Robertson 1999)_EXCLUDE_NA_Expert opinion_NA_NA,(Smith & Robertson 1999),EXCLUDE,,Does not test claim,,no,Does not test claim,Expert opinion,Excluded,Not relevant
(Snell et al. 1984)_EXCLUDE_NA_Expert opinion_NA_NA,(Snell et al. 1984),EXCLUDE,,Does not test claim,,no,Does not test claim,Expert opinion,Excluded,Not relevant
(Snetsinger et al. 1999)_EXCLUDE_Book or chapter_Failure to access or locate online full citation_NA_NA,(Snetsinger et al. 1999),EXCLUDE,Book or chapter,Inaccessible,,no,Inaccessible,Failure to access or locate online full citation,Excluded,Not relevant
(Snetsinger et al. 1998)_EXCLUDE_Book or chapter_Failure to access or locate online full citation_NA_NA,(Snetsinger et al. 1998),EXCLUDE,Book or chapter,Inaccessible,,no,Inaccessible,Failure to access or locate online full citation,Excluded,Not relevant
(Snetsinger et al. 2005)_EXCLUDE_NA_No claim_NA_NA,(Snetsinger et al. 2005),EXCLUDE,,No claim,,no,No claim,No claim,Excluded,Not relevant
(Stattersfield 1998)_EXCLUDE_Peer-reviewed journal article_Failure to access or locate online full citation_NA_NA,(Stattersfield 1998),EXCLUDE,Peer-reviewed journal article,Inaccessible,,no,Inaccessible,Failure to access or locate online full citation,Excluded,Not relevant
(Staus 1997)_EXCLUDE_Report_Failure to access or locate online full citation_NA_NA,(Staus 1997),EXCLUDE,Report,Inaccessible,,no,Inaccessible,Failure to access or locate online full citation,Excluded,Not relevant
(Staus 1998)_EXCLUDE_NA_Expert opinion_NA_NA,(Staus 1998),EXCLUDE,,Does not test claim,,no,Does not test claim,Expert opinion,Excluded,Not relevant
(Steffens et al. 2012)_INCLUDE_NA_Predation in support_no_no,(Steffens et al. 2012),INCLUDE,,Predation in support,no,no,Predation in support without data,Predation in support without data,Predation without data,Yes
(Stirnemann 2015)_EXCLUDE_NA_No claim_NA_NA,(Stirnemann 2015),EXCLUDE,,No claim,,no,No claim,No claim,Excluded,Not relevant
(Stirnemann 2015)_INCLUDE_NA_Predation not in support_no_no,(Stirnemann 2015),INCLUDE,,Predation not in support,no,no,Predation not in support without data,Predation not in support without data,Predation without data,No
(Suyanto 1998)_EXCLUDE_Book or chapter_Failure to access or locate online full citation_NA_NA,(Suyanto 1998),EXCLUDE,Book or chapter,Inaccessible,,no,Inaccessible,Failure to access or locate online full citation,Excluded,Not relevant
"T. Hall, pers. comm. 2020_EXCLUDE_NA_Personal communication_NA_NA","T. Hall, pers. comm. 2020",EXCLUDE,NA,Inaccessible,,no,Inaccessible,Personal communication,Excluded,Not relevant
T. Pratt in litt. 1999_EXCLUDE_NA_Unpublished data or article_NA_NA,T. Pratt in litt. 1999,EXCLUDE,NA,Inaccessible,,no,Inaccessible,Unpublished data or article,Excluded,Not relevant
(Taylor & van Perlo 1998)_EXCLUDE_Book or chapter_Failure to access or locate online full citation_NA_NA,(Taylor & van Perlo 1998),EXCLUDE,Book or chapter,Inaccessible,,no,Inaccessible,Failure to access or locate online full citation,Excluded,Not relevant
(Tennyson & Martinson 2006)_EXCLUDE_Book or chapter_Failure to access or locate online full citation_NA_NA,(Tennyson & Martinson 2006),EXCLUDE,Book or chapter,Inaccessible,,no,Inaccessible,Failure to access or locate online full citation,Excluded,Not relevant
(Tennyson et al. 2012)_INCLUDE_NA_Predation not in support_no_no,(Tennyson et al. 2012),INCLUDE,,Predation not in support,no,no,Predation not in support without data,Predation not in support without data,Predation without data,No
(Teodosio et al. 2009)_EXCLUDE_Report_Failure to access or locate online full citation_NA_NA,(Teodosio et al. 2009),EXCLUDE,Report,Inaccessible,,no,Inaccessible,Failure to access or locate online full citation,Excluded,Not relevant
(Thibault 1988)_EXCLUDE_NA_Not in English or Spanish_NA_NA,(Thibault 1988),EXCLUDE,NA,Inaccessible,,no,Inaccessible,Not in English or Spanish,Excluded,Not relevant
(Thibault & Cibois 2017)_EXCLUDE_Book or chapter_Failure to access or locate online full citation_NA_NA,(Thibault & Cibois 2017),EXCLUDE,Book or chapter,Inaccessible,,no,Inaccessible,Failure to access or locate online full citation,Excluded,Not relevant
(Thibault & Cibois 2006b)_EXCLUDE_NA_Not in English or Spanish_NA_NA,(Thibault & Cibois 2006b),EXCLUDE,NA,Inaccessible,,no,Inaccessible,Not in English or Spanish,Excluded,Not relevant
(Thibault et al. 2017)_EXCLUDE_NA_No claim_NA_NA,(Thibault et al. 2017),EXCLUDE,,No claim,,no,No claim,No claim,Excluded,Not relevant
(Thomas 1981)_EXCLUDE_NA_Expert opinion_NA_NA,(Thomas 1981),EXCLUDE,,Does not test claim,,no,Does not test claim,Expert opinion,Excluded,Not relevant
(Thomas 1985)_EXCLUDE_Peer-reviewed journal article_Failure to access or locate online full citation_NA_NA,(Thomas 1985),EXCLUDE,Peer-reviewed journal article,Inaccessible,,no,Inaccessible,Failure to access or locate online full citation,Excluded,Not relevant
(Threatened Species Scientific Committee 2008a)_EXCLUDE_NA_No claim_NA_NA,(Threatened Species Scientific Committee 2008a),EXCLUDE,,No claim,,no,No claim,No claim,Excluded,Not relevant
(Threatened Species Scientific Committee 2016c)_EXCLUDE_NA_Expert opinion_NA_NA,(Threatened Species Scientific Committee 2016c),EXCLUDE,,Does not test claim,,no,Does not test claim,Expert opinion,Excluded,Not relevant
(Threatened Species Scientific Committee 2021)_EXCLUDE_NA_Expert opinion_NA_NA,(Threatened Species Scientific Committee 2021),EXCLUDE,,Does not test claim,,no,Does not test claim,Expert opinion,Excluded,Not relevant
(Tolson 1996)_EXCLUDE_Conference proceedings_Failure to access or locate online full citation_NA_NA,(Tolson 1996),EXCLUDE,Conference proceedings,Inaccessible,,no,Inaccessible,Failure to access or locate online full citation,Excluded,Not relevant
(Tolson & Henderson 2011)_EXCLUDE_NA_Expert opinion_NA_NA,(Tolson & Henderson 2011),EXCLUDE,,Does not test claim,,no,Does not test claim,Expert opinion,Excluded,Not relevant
(Towns 1994)_EXCLUDE_NA_No claim_NA_NA,(Towns 1994),EXCLUDE,,No claim,,no,No claim,No claim,Excluded,Not relevant
(Troncoso 2010)_EXCLUDE_NA_Expert opinion_NA_NA,(Troncoso 2010),EXCLUDE,,Does not test claim,,no,Does not test claim,Expert opinion,Excluded,Not relevant
(Tyrberg & Milberg 1991)_EXCLUDE_NA_Not in English or Spanish_NA_NA,(Tyrberg & Milberg 1991),EXCLUDE,NA,Inaccessible,,no,Inaccessible,Not in English or Spanish,Excluded,Not relevant
(USFWS 1998b)_EXCLUDE_NA_Expert opinion_NA_NA,(USFWS 1998b),EXCLUDE,,Does not test claim,,no,Does not test claim,Expert opinion,Excluded,Not relevant
(USFWS 2011)_EXCLUDE_Report_Failure to access or locate online full citation_NA_NA,(USFWS 2011),EXCLUDE,Report,Inaccessible,,no,Inaccessible,Failure to access or locate online full citation,Excluded,Not relevant
(USFWS 2000)_EXCLUDE_Online resource_Failure to access or locate online full citation_NA_NA,(USFWS 2000),EXCLUDE,Online resource,Inaccessible,,no,Inaccessible,Failure to access or locate online full citation,Excluded,Not relevant
USFWS (1993)_EXCLUDE_NA_Missing reference_NA_NA,USFWS (1993),EXCLUDE,NA,Inaccessible,,no,Inaccessible,Missing reference,Excluded,Not relevant
(Underhill et al. 2006)_EXCLUDE_NA_Expert opinion_NA_NA,(Underhill et al. 2006),EXCLUDE,,Does not test claim,,no,Does not test claim,Expert opinion,Excluded,Not relevant
V. Reynoso and Y. Gadar pers. obs. 2016_EXCLUDE_NA_Personal communication_NA_NA,V. Reynoso and Y. Gadar pers. obs. 2016,EXCLUDE,NA,Inaccessible,,no,Inaccessible,Personal communication,Excluded,Not relevant
(VanderWerf 2020)_EXCLUDE_Online resource_Failure to access or locate online full citation_NA_NA,(VanderWerf 2020),EXCLUDE,Online resource,Inaccessible,,no,Inaccessible,Failure to access or locate online full citation,Excluded,Not relevant
"(Vargas 1996)_EXCLUDE_Newspaper, newsletter or magazine_Failure to access or locate online full citation_NA_NA",(Vargas 1996),EXCLUDE,"Newspaper, newsletter or magazine",Inaccessible,,no,Inaccessible,Failure to access or locate online full citation,Excluded,Not relevant
(Chapple et al. 2024)_EXCLUDE_NA_No claim_NA_NA,(Chapple et al. 2024),EXCLUDE,,No claim,,no,No claim,No claim,Excluded,Not relevant
(Vinson & Vinson 1969)_EXCLUDE_Journal pre-1975_Failure to access or locate online full citation_NA_NA,(Vinson & Vinson 1969),EXCLUDE,Journal pre-1975,Inaccessible,,no,Inaccessible,Failure to access or locate online full citation,Excluded,Not relevant
(Wakelee & Fancy 1999)_EXCLUDE_Book or chapter_Failure to access or locate online full citation_NA_NA,(Wakelee & Fancy 1999),EXCLUDE,Book or chapter,Inaccessible,,no,Inaccessible,Failure to access or locate online full citation,Excluded,Not relevant
(Walker et al. 1991)_INCLUDE_NA_Population not in support_yes_no,(Walker et al. 1991),INCLUDE,,Population not in support,yes,no,Population not in support with data,Population not in support with data,Population with data,No
(Watling 2013)_EXCLUDE_NA_No claim_NA_NA,(Watling 2013),EXCLUDE,,No claim,,no,No claim,No claim,Excluded,Not relevant
(Watling & Lewanavanua 1985)_EXCLUDE_NA_Expert opinion_NA_NA,(Watling & Lewanavanua 1985),EXCLUDE,,Does not test claim,,no,Does not test claim,Expert opinion,Excluded,Not relevant
(Watson 1992)_EXCLUDE_NA_Expert opinion_NA_NA,(Watson 1992),EXCLUDE,,Does not test claim,,no,Does not test claim,Expert opinion,Excluded,Not relevant
(Wayne et al. 2005)_INCLUDE_NA_Predation in support_no_no,(Wayne et al. 2005),INCLUDE,,Predation in support,no,no,Predation in support without data,Predation in support without data,Predation without data,Yes
Weller 2014_EXCLUDE_NA_Missing reference_NA_NA,Weller 2014,EXCLUDE,NA,Inaccessible,,no,Inaccessible,Missing reference,Excluded,Not relevant
(Weller et al. 2016)_EXCLUDE_NA_No claim_NA_NA,(Weller et al. 2016),EXCLUDE,,No claim,,no,No claim,No claim,Excluded,Not relevant
(Whitaker et al. 2018)_EXCLUDE_NA_Expert opinion_NA_NA,(Whitaker et al. 2018),EXCLUDE,,Does not test claim,,no,Does not test claim,Expert opinion,Excluded,Not relevant
(Whitehead et al. 2018)_EXCLUDE_NA_Expert opinion_NA_NA,(Whitehead et al. 2018),EXCLUDE,,Does not test claim,,no,Does not test claim,Expert opinion,Excluded,Not relevant
(Wiersma & Kirwan 2020)_EXCLUDE_Online resource_Failure to access or locate online full citation_NA_NA,(Wiersma & Kirwan 2020),EXCLUDE,Online resource,Inaccessible,,no,Inaccessible,Failure to access or locate online full citation,Excluded,Not relevant
(Williams 1986)_EXCLUDE_NA_Expert opinion_NA_NA,(Williams 1986),EXCLUDE,,Does not test claim,,no,Does not test claim,Expert opinion,Excluded,Not relevant
(Williams & Robertson 2013)_EXCLUDE_NA_Expert opinion_NA_NA,(Williams & Robertson 2013),EXCLUDE,,Does not test claim,,no,Does not test claim,Expert opinion,Excluded,Not relevant
Wilson 2005_EXCLUDE_NA_Missing reference_NA_NA,Wilson 2005,EXCLUDE,NA,Inaccessible,,no,Inaccessible,Missing reference,Excluded,Not relevant
Woinarski et al. 2018_EXCLUDE_NA_Missing reference_NA_NA,Woinarski et al. 2018,EXCLUDE,NA,Inaccessible,,no,Inaccessible,Missing reference,Excluded,Not relevant
(Woinarski et al. 2017)_EXCLUDE_NA_No claim_NA_NA,(Woinarski et al. 2017),EXCLUDE,,No claim,,no,No claim,No claim,Excluded,Not relevant
(Woinarski et al. 2011a)_EXCLUDE_NA_No claim_NA_NA,(Woinarski et al. 2011a),EXCLUDE,,No claim,,no,No claim,No claim,Excluded,Not relevant
(Wolf et al. 2006)_EXCLUDE_NA_Expert opinion_NA_NA,(Wolf et al. 2006),EXCLUDE,,Does not test claim,,no,Does not test claim,Expert opinion,Excluded,Not relevant
(Woodall & Kirwan 2019)_EXCLUDE_Book or chapter_Failure to access or locate online full citation_NA_NA,(Woodall & Kirwan 2019),EXCLUDE,Book or chapter,Inaccessible,,no,Inaccessible,Failure to access or locate online full citation,Excluded,Not relevant
(Yamada & Cervantes 2005)_EXCLUDE_NA_Expert opinion_NA_NA,(Yamada & Cervantes 2005),EXCLUDE,,Does not test claim,,no,Does not test claim,Expert opinion,Excluded,Not relevant
(Zavalaga et al. 2009)_EXCLUDE_NA_Expert opinion_NA_NA,(Zavalaga et al. 2009),EXCLUDE,,Does not test claim,,no,Does not test claim,Expert opinion,Excluded,Not relevant
(del Hoyo et al. 2020)_EXCLUDE_Online resource_Failure to access or locate online full citation_NA_NA,(del Hoyo et al. 2020),EXCLUDE,Online resource,Inaccessible,,no,Inaccessible,Failure to access or locate online full citation,Excluded,Not relevant
(del Hoyo et al. 2001)_EXCLUDE_NA_No claim_NA_NA,(del Hoyo et al. 2001),EXCLUDE,,No claim,,no,No claim,No claim,Excluded,Not relevant
(van Veen & Wilson 2017)_EXCLUDE_Peer-reviewed journal article_Failure to access or locate online full citation_NA_NA,(van Veen & Wilson 2017),EXCLUDE,Peer-reviewed journal article,Inaccessible,,no,Inaccessible,Failure to access or locate online full citation,Excluded,Not relevant
Álvarez-Castañeda pers. Comm_EXCLUDE_NA_Personal communication_NA_NA,Álvarez-Castañeda pers. Comm,EXCLUDE,NA,Inaccessible,,no,Inaccessible,Personal communication,Excluded,Not relevant
G. Aridito pers. com._EXCLUDE_NA_Personal communication_NA_NA,G. Aridito pers. com.,EXCLUDE,NA,Inaccessible,,no,Inaccessible,Personal communication,Excluded,Not relevant
(Rivadeneira et al. 1986)_EXCLUDE_Peer-reviewed journal article_Failure to access or locate online full citation_NA_NA,(Rivadeneira et al. 1986),EXCLUDE,Peer-reviewed journal article,Inaccessible,,no,Inaccessible,Failure to access or locate online full citation,Excluded,Not relevant
(Howell 1912)_EXCLUDE_NA_No claim_NA_NA,(Howell 1912),EXCLUDE,,No claim,,no,No claim,No claim,Excluded,Not relevant
(Van Denburgh 1924)_INCLUDE_NA_Predation in support_no_no,(Van Denburgh 1924),INCLUDE,,Predation in support,no,no,Predation in support without data,Predation in support without data,Predation without data,Yes
(Virion et al. 2021)_EXCLUDE_NA_Not in English or Spanish_NA_NA,(Virion et al. 2021),EXCLUDE,NA,Inaccessible,,no,Inaccessible,Not in English or Spanish,Excluded,Not relevant
(Dickman 2008)_EXCLUDE_Book or chapter_Failure to access or locate online full citation_NA_NA,(Dickman 2008),EXCLUDE,Book or chapter,Inaccessible,,no,Inaccessible,Failure to access or locate online full citation,Excluded,Not relevant
(Swedberg 1967)_EXCLUDE_Report_Failure to access or locate online full citation_NA_NA,(Swedberg 1967),EXCLUDE,Report,Inaccessible,,no,Inaccessible,Failure to access or locate online full citation,Excluded,Not relevant
(Engilis Jr et al. 2020)_EXCLUDE_Book or chapter_Failure to access or locate online full citation_NA_NA,(Engilis Jr et al. 2020),EXCLUDE,Book or chapter,Inaccessible,,no,Inaccessible,Failure to access or locate online full citation,Excluded,Not relevant
R. Rodriguez-Estrella in litt. 1995)._EXCLUDE_NA_Unpublished data or article_NA_NA,R. Rodriguez-Estrella in litt. 1995).,EXCLUDE,NA,Inaccessible,,no,Inaccessible,Unpublished data or article,Excluded,Not relevant
(Wehtje et al. 1993)_EXCLUDE_NA_Expert opinion_NA_NA,(Wehtje et al. 1993),EXCLUDE,,Does not test claim,,no,Does not test claim,Expert opinion,Excluded,Not relevant
(Jehl & Parkes 1982)_INCLUDE_NA_Predation in support_no_no,(Jehl & Parkes 1982),INCLUDE,,Predation in support,no,no,Predation in support without data,Predation in support without data,Predation without data,Yes
(Moore et al. 2018)_INCLUDE_NA_Predation in support_no_no,(Moore et al. 2018),INCLUDE,,Predation in support,no,no,Predation in support without data,Predation in support without data,Predation without data,Yes
(Sumner & Bond 1939)_EXCLUDE_NA_Unpublished data or article_NA_NA,(Sumner & Bond 1939),EXCLUDE,NA,Inaccessible,,no,Inaccessible,Unpublished data or article,Excluded,Not relevant
(Howell 1917)_INCLUDE_NA_Population in support_no_no,(Howell 1917),INCLUDE,,Population in support,no,no,Population in support without data,Population in support without data,Population without data,Yes
(Willett 1912)_INCLUDE_NA_Predation in support_no_no,(Willett 1912),INCLUDE,,Predation in support,no,no,Predation in support without data,Predation in support without data,Predation without data,Yes
(Lazenby 2012)_INCLUDE_NA_Predation in support_no_no,(Lazenby 2012),INCLUDE,,Predation in support,no,no,Predation in support without data,Predation in support without data,Predation without data,Yes
(Scott 1994)_EXCLUDE_Report_Failure to access or locate online full citation_NA_NA,(Scott 1994),EXCLUDE,Report,Inaccessible,,no,Inaccessible,Failure to access or locate online full citation,Excluded,Not relevant
(Ardura & Calabuig 1993)_EXCLUDE_Report_Failure to access or locate online full citation_NA_NA,(Ardura & Calabuig 1993),EXCLUDE,Report,Inaccessible,,no,Inaccessible,Failure to access or locate online full citation,Excluded,Not relevant
(Lorenzo et al. 2002)_EXCLUDE_Report_Failure to access or locate online full citation_NA_NA,(Lorenzo et al. 2002),EXCLUDE,Report,Inaccessible,,no,Inaccessible,Failure to access or locate online full citation,Excluded,Not relevant
(Domínguez et al. 1997)_EXCLUDE_Peer-reviewed journal article_Failure to access or locate online full citation_NA_NA,(Domínguez et al. 1997),EXCLUDE,Peer-reviewed journal article,Inaccessible,,no,Inaccessible,Failure to access or locate online full citation,Excluded,Not relevant
(Apps 1983)_INCLUDE_NA_Predation in support_no_no,(Apps 1983),INCLUDE,,Predation in support,no,no,Predation in support without data,Predation in support without data,Predation without data,Yes
(Bell & Robertson 1994)_EXCLUDE_Book or chapter_Failure to access or locate online full citation_NA_NA,(Bell & Robertson 1994),EXCLUDE,Book or chapter,Inaccessible,,no,Inaccessible,Failure to access or locate online full citation,Excluded,Not relevant
(Berruti 1986)_INCLUDE_NA_Predation in support_no_no,(Berruti 1986),INCLUDE,,Predation in support,no,no,Predation in support without data,Predation in support without data,Predation without data,Yes
(BirdLife International 2000)_EXCLUDE_Book or chapter_Failure to access or locate online full citation_NA_NA,(BirdLife International 2000),EXCLUDE,Book or chapter,Inaccessible,,no,Inaccessible,Failure to access or locate online full citation,Excluded,Not relevant
(Bloomer & Bester 1990)_INCLUDE_NA_Predation in support_no_no,(Bloomer & Bester 1990),INCLUDE,,Predation in support,no,no,Predation in support without data,Predation in support without data,Predation without data,Yes
(Burbidge 2004)_EXCLUDE_NA_No claim_NA_NA,(Burbidge 2004),EXCLUDE,,No claim,,no,No claim,No claim,Excluded,Not relevant
(Clevenger 1995)_INCLUDE_NA_Predation in support_no_no,(Clevenger 1995),INCLUDE,,Predation in support,no,no,Predation in support without data,Predation in support without data,Predation without data,Yes
(Cooper 1977)_INCLUDE_NA_Predation in support_no_no,(Cooper 1977),INCLUDE,,Predation in support,no,no,Predation in support without data,Predation in support without data,Predation without data,Yes
(Copson 1991)_EXCLUDE_Book or chapter_Failure to access or locate online full citation_NA_NA,(Copson 1991),EXCLUDE,Book or chapter,Inaccessible,,no,Inaccessible,Failure to access or locate online full citation,Excluded,Not relevant
(Coulter et al. 1985)_EXCLUDE_Book or chapter_Failure to access or locate online full citation_NA_NA,(Coulter et al. 1985),EXCLUDE,Book or chapter,Inaccessible,,no,Inaccessible,Failure to access or locate online full citation,Excluded,Not relevant
(Crockett 1994)_EXCLUDE_NA_Expert opinion_NA_NA,(Crockett 1994),EXCLUDE,,Does not test claim,,no,Does not test claim,Expert opinion,Excluded,Not relevant
(Dowler et al. 2000)_INCLUDE_NA_Population in support_no_no,(Dowler et al. 2000),INCLUDE,,Population in support,no,no,Population in support without data,Population in support without data,Population without data,Yes
(Flannery 2001)_EXCLUDE_Book or chapter_Failure to access or locate online full citation_NA_NA,(Flannery 2001),EXCLUDE,Book or chapter,Inaccessible,,no,Inaccessible,Failure to access or locate online full citation,Excluded,Not relevant
(García Márquez et al. 1997)_EXCLUDE_NA_No claim_NA_NA,(García Márquez et al. 1997),EXCLUDE,,No claim,,no,No claim,No claim,Excluded,Not relevant
(Girardet et al. 2001)_INCLUDE_NA_Predation in support_no_no,(Girardet et al. 2001),INCLUDE,,Predation in support,no,no,Predation in support without data,Predation in support without data,Predation without data,Yes
(Hu et al. 2001)_EXCLUDE_Book or chapter_Failure to access or locate online full citation_NA_NA,(Hu et al. 2001),EXCLUDE,Book or chapter,Inaccessible,,no,Inaccessible,Failure to access or locate online full citation,Excluded,Not relevant
(Jouventin et al. 1984)_EXCLUDE_Report_Failure to access or locate online full citation_NA_NA,(Jouventin et al. 1984),EXCLUDE,Report,Inaccessible,,no,Inaccessible,Failure to access or locate online full citation,Excluded,Not relevant
(Lever 1994)_EXCLUDE_Book or chapter_Failure to access or locate online full citation_NA_NA,(Lever 1994),EXCLUDE,Book or chapter,Inaccessible,,no,Inaccessible,Failure to access or locate online full citation,Excluded,Not relevant
(Martınez-Gomez & Jacobsen 2004)_EXCLUDE_NA_No claim_NA_NA,(Martınez-Gomez & Jacobsen 2004),EXCLUDE,,No claim,,no,No claim,No claim,Excluded,Not relevant
(Miskelly & Baker 2010)_EXCLUDE_NA_No claim_NA_NA,(Miskelly & Baker 2010),EXCLUDE,,No claim,,no,No claim,No claim,Excluded,Not relevant
(Morgan 1989)_EXCLUDE_NA_Expert opinion_NA_NA,(Morgan 1989),EXCLUDE,,Does not test claim,,no,Does not test claim,Expert opinion,Excluded,Not relevant
(Rodríguez-Moreno et al. 2007)_INCLUDE_NA_Predation in support_no_no,(Rodríguez-Moreno et al. 2007),INCLUDE,,Predation in support,no,no,Predation in support without data,Predation in support without data,Predation without data,Yes
(Rodríguez-Moreno et al. 2007)_INCLUDE_NA_Population not in support_yes_no,(Rodríguez-Moreno et al. 2007),INCLUDE,,Population not in support,yes,no,Population not in support with data,Population not in support with data,Population with data,No
"(Rodriguez-Moreno et al. 1999)_EXCLUDE_Newspaper, newsletter or magazine_Failure to access or locate online full citation_NA_NA",(Rodriguez-Moreno et al. 1999),EXCLUDE,"Newspaper, newsletter or magazine",Inaccessible,,no,Inaccessible,Failure to access or locate online full citation,Excluded,Not relevant
(Smucker et al. 2000)_INCLUDE_NA_Predation in support_no_no,(Smucker et al. 2000),INCLUDE,,Predation in support,no,no,Predation in support without data,Predation in support without data,Predation without data,Yes
(Snetsinger et al. 1994)_INCLUDE_NA_Predation in support_no_no,(Snetsinger et al. 1994),INCLUDE,,Predation in support,no,no,Predation in support without data,Predation in support without data,Predation without data,Yes
(Tomkins 1985)_EXCLUDE_Conference proceedings_Failure to access or locate online full citation_NA_NA,(Tomkins 1985),EXCLUDE,Conference proceedings,Inaccessible,,no,Inaccessible,Failure to access or locate online full citation,Excluded,Not relevant
(Williams 1984)_EXCLUDE_Report_Failure to access or locate online full citation_NA_NA,(Williams 1984),EXCLUDE,Report,Inaccessible,,no,Inaccessible,Failure to access or locate online full citation,Excluded,Not relevant
(Winter & Wallace 2006)_EXCLUDE_NA_Expert opinion_NA_NA,(Winter & Wallace 2006),EXCLUDE,,Does not test claim,,no,Does not test claim,Expert opinion,Excluded,Not relevant
(Winter & Wallace 2006)_EXCLUDE_NA_No claim_NA_NA,(Winter & Wallace 2006),EXCLUDE,,No claim,,no,No claim,No claim,Excluded,Not relevant
(Medina et al. 2010)_INCLUDE_NA_Predation in support_no_no,(Medina et al. 2010),INCLUDE,,Predation in support,no,no,Predation in support without data,Predation in support without data,Predation without data,Yes
(Medina et al. 2010)_INCLUDE_NA_Predation not in support_no_no,(Medina et al. 2010),INCLUDE,,Predation not in support,no,no,Predation not in support without data,Predation not in support without data,Predation without data,No
(Turbott 1947)_EXCLUDE_Journal pre-1975_Failure to access or locate online full citation_NA_NA,(Turbott 1947),EXCLUDE,Journal pre-1975,Inaccessible,,no,Inaccessible,Failure to access or locate online full citation,Excluded,Not relevant
(Turbott 1961)_EXCLUDE_Journal pre-1975_Failure to access or locate online full citation_NA_NA,(Turbott 1961),EXCLUDE,Journal pre-1975,Inaccessible,,no,Inaccessible,Failure to access or locate online full citation,Excluded,Not relevant
(Moller et al. 1996)_EXCLUDE_Conference proceedings_Failure to access or locate online full citation_NA_NA,(Moller et al. 1996),EXCLUDE,Conference proceedings,Inaccessible,,no,Inaccessible,Failure to access or locate online full citation,Excluded,Not relevant
(Williams 1964)_EXCLUDE_NA_Expert opinion_NA_NA,(Williams 1964),EXCLUDE,,Does not test claim,,no,Does not test claim,Expert opinion,Excluded,Not relevant
(Moseby et al. 2019)_INCLUDE_NA_Population not in support_yes_no,(Moseby et al. 2019),INCLUDE,,Population not in support,yes,no,Population not in support with data,Population not in support with data,Population with data,No
(Moseby et al. 2021a)_INCLUDE_NA_Predation in support_no_no,(Moseby et al. 2021a),INCLUDE,,Predation in support,no,no,Predation in support without data,Predation in support without data,Predation without data,Yes
(Moseby et al. 2021b)_INCLUDE_NA_Predation in support_no_no,(Moseby et al. 2021b),INCLUDE,,Predation in support,no,no,Predation in support without data,Predation in support without data,Predation without data,Yes
(Kelly 2000)_EXCLUDE_NA_No claim_NA_NA,(Kelly 2000),EXCLUDE,,No claim,,no,No claim,No claim,Excluded,Not relevant
(Mudler et al. 2011)_EXCLUDE_Book or chapter_Failure to access or locate online full citation_NA_NA,(Mudler et al. 2011),EXCLUDE,Book or chapter,Inaccessible,,no,Inaccessible,Failure to access or locate online full citation,Excluded,Not relevant
"(Fullagar 1985)_EXCLUDE_Newspaper, newsletter or magazine_Failure to access or locate online full citation_NA_NA",(Fullagar 1985),EXCLUDE,"Newspaper, newsletter or magazine",Inaccessible,,no,Inaccessible,Failure to access or locate online full citation,Excluded,Not relevant
"(Miller & Kingston 1980)_EXCLUDE_Newspaper, newsletter or magazine_Failure to access or locate online full citation_NA_NA",(Miller & Kingston 1980),EXCLUDE,"Newspaper, newsletter or magazine",Inaccessible,,no,Inaccessible,Failure to access or locate online full citation,Excluded,Not relevant
(Jehl 1977)_EXCLUDE_NA_No claim_NA_NA,(Jehl 1977),EXCLUDE,,No claim,,no,No claim,No claim,Excluded,Not relevant
(Wolf 2002)_EXCLUDE_Thesis_Failure to access or locate online full citation_NA_NA,(Wolf 2002),EXCLUDE,Thesis,Inaccessible,,no,Inaccessible,Failure to access or locate online full citation,Excluded,Not relevant
(Wood et al. 2002)_EXCLUDE_NA_No claim_NA_NA,(Wood et al. 2002),EXCLUDE,,No claim,,no,No claim,No claim,Excluded,Not relevant
(O'Connor 2004)_EXCLUDE_NA_Unpublished data or article_NA_NA,(O'Connor 2004),EXCLUDE,NA,Inaccessible,,no,Inaccessible,Unpublished data or article,Excluded,Not relevant
(Dwyer 1962)_INCLUDE_NA_Predation in support_no_no,(Dwyer 1962),INCLUDE,,Predation in support,no,no,Predation in support without data,Predation in support without data,Predation without data,Yes
"J. Scrimgeour, pers. comm._EXCLUDE_NA_Personal communication_NA_NA","J. Scrimgeour, pers. comm.",EXCLUDE,NA,Inaccessible,,no,Inaccessible,Personal communication,Excluded,Not relevant
(Lloyd 2005)_EXCLUDE_Book or chapter_Failure to access or locate online full citation_NA_NA,(Lloyd 2005),EXCLUDE,Book or chapter,Inaccessible,,no,Inaccessible,Failure to access or locate online full citation,Excluded,Not relevant
(O'Donnell 2000)_EXCLUDE_NA_Expert opinion_NA_NA,(O'Donnell 2000),EXCLUDE,,Does not test claim,,no,Does not test claim,Expert opinion,Excluded,Not relevant
(O'Donnell & Sedgeley 1999)_EXCLUDE_NA_No claim_NA_NA,(O'Donnell & Sedgeley 1999),EXCLUDE,,No claim,,no,No claim,No claim,Excluded,Not relevant
"P. Webb, Clarke Webb Ecology Ltd, pers. comm._EXCLUDE_NA_Personal communication_NA_NA","P. Webb, Clarke Webb Ecology Ltd, pers. comm.",EXCLUDE,NA,Inaccessible,,no,Inaccessible,Personal communication,Excluded,Not relevant
NOTHING_EXCLUDE_NA_No citation given_NA_NA Chalinolobus tuberculatus,NOTHING NA Chalinolobus tuberculatus,EXCLUDE,,No citation given,,no,Opinion claim,Opinion claim,Excluded,Not relevant
NOTHING_EXCLUDE_NA_No citation given_NA_NA Leptonycteris nivalis,NOTHING NA Leptonycteris nivalis,EXCLUDE,,No citation given,,no,Opinion claim,Opinion claim,Excluded,Not relevant
NOTHING_EXCLUDE_NA_No citation given_NA_NA Phoniscus papuensis,NOTHING NA Phoniscus papuensis,EXCLUDE,,No citation given,,no,Opinion claim,Opinion claim,Excluded,Not relevant
NOTHING_EXCLUDE_NA_No citation given_NA_NA Pipistrellus maderensis,NOTHING NA Pipistrellus maderensis,EXCLUDE,,No citation given,,no,Opinion claim,Opinion claim,Excluded,Not relevant
NOTHING_EXCLUDE_NA_No citation given_NA_NA Pteropus vetula,NOTHING NA Pteropus vetula,EXCLUDE,,No citation given,,no,Opinion claim,Opinion claim,Excluded,Not relevant
(Hartley & Kikkawa 1994)_EXCLUDE_Report_Failure to access or locate online full citation_NA_NA,(Hartley & Kikkawa 1994),EXCLUDE,Report,Inaccessible,,no,Inaccessible,Failure to access or locate online full citation,Excluded,Not relevant
(Mitchell 2001)_EXCLUDE_Report_Failure to access or locate online full citation_NA_NA,(Mitchell 2001),EXCLUDE,Report,Inaccessible,,no,Inaccessible,Failure to access or locate online full citation,Excluded,Not relevant
(Aguilar 2000)_EXCLUDE_Report_Failure to access or locate online full citation_NA_NA,(Aguilar 2000),EXCLUDE,Report,Inaccessible,,no,Inaccessible,Failure to access or locate online full citation,Excluded,Not relevant
(Mayol-Serra 2000)_EXCLUDE_Conference proceedings_Failure to access or locate online full citation_NA_NA,(Mayol-Serra 2000),EXCLUDE,Conference proceedings,Inaccessible,,no,Inaccessible,Failure to access or locate online full citation,Excluded,Not relevant
(Hayes & Williams 1982)_INCLUDE_NA_Population in support_no_no,(Hayes & Williams 1982),INCLUDE,,Population in support,no,no,Population in support without data,Population in support without data,Population without data,Yes
"(Skilton 2009)_EXCLUDE_Newspaper, newsletter or magazine_Failure to access or locate online full citation_NA_NA",(Skilton 2009),EXCLUDE,"Newspaper, newsletter or magazine",Inaccessible,,no,Inaccessible,Failure to access or locate online full citation,Excluded,Not relevant
(Ward-Smith & Nagakawa 2012)_EXCLUDE_Report_Failure to access or locate online full citation_NA_NA,(Ward-Smith & Nagakawa 2012),EXCLUDE,Report,Inaccessible,,no,Inaccessible,Failure to access or locate online full citation,Excluded,Not relevant
"Biological Resources Division, unpubl._EXCLUDE_NA_Unpublished data or article_NA_NA","Biological Resources Division, unpubl.",EXCLUDE,NA,Inaccessible,,no,Inaccessible,Unpublished data or article,Excluded,Not relevant
"Angela Sanders, pers. comm._EXCLUDE_NA_Personal communication_NA_NA","Angela Sanders, pers. comm.",EXCLUDE,NA,Inaccessible,,no,Inaccessible,Personal communication,Excluded,Not relevant
(Burbidge 1971)_EXCLUDE_NA_No claim_NA_NA,(Burbidge 1971),EXCLUDE,,No claim,,no,No claim,No claim,Excluded,Not relevant
(Delroy et al. 1986)_EXCLUDE_NA_Expert opinion_NA_NA,(Delroy et al. 1986),EXCLUDE,,Does not test claim,,no,Does not test claim,Expert opinion,Excluded,Not relevant
(Green 2002)_EXCLUDE_NA_No claim_NA_NA,(Green 2002),EXCLUDE,,No claim,,no,No claim,No claim,Excluded,Not relevant
(Hohnen 2015)_EXCLUDE_NA_No claim_NA_NA,(Hohnen 2015),EXCLUDE,,No claim,,no,No claim,No claim,Excluded,Not relevant
(Hohnen et al. 2016b)_EXCLUDE_NA_No claim_NA_NA,(Hohnen et al. 2016b),EXCLUDE,,No claim,,no,No claim,No claim,Excluded,Not relevant
(Morris et al. 2015)_EXCLUDE_NA_Expert opinion_NA_NA,(Morris et al. 2015),EXCLUDE,,Does not test claim,,no,Does not test claim,Expert opinion,Excluded,Not relevant
(Morris et al. 2004)_EXCLUDE_NA_Expert opinion_NA_NA,(Morris et al. 2004),EXCLUDE,,Does not test claim,,no,Does not test claim,Expert opinion,Excluded,Not relevant
(Radford et al. 2018) core source_INCLUDE_NA_Population not in support_yes_no,(Radford et al. 2018) core source,INCLUDE,,Population not in support,yes,no,Population not in support with data,Population not in support with data,Population with data,No
(Wayne et al. 2017b)_INCLUDE_NA_Population not in support_yes_no,(Wayne et al. 2017b),INCLUDE,,Population not in support,yes,no,Population not in support with data,Population not in support with data,Population with data,No
(West et al. 2018)_EXCLUDE_NA_Does not test claim_NA_NA,(West et al. 2018),EXCLUDE,,Does not test claim,,no,Does not test claim,Does not test claim,Excluded,Not relevant
(Woinarski et al. 2011a)_INCLUDE_NA_Population in support_yes_yes,(Woinarski et al. 2011a),INCLUDE,,Population in support,yes,yes,Population in support with data of quality,Population in support with data of quality,Population with data,Yes
(Woinarski et al. 2011a)_INCLUDE_NA_Population not in support_yes_yes,(Woinarski et al. 2011a),INCLUDE,,Population not in support,yes,yes,Population not in support with data of quality,Population not in support with data of quality,Population with data,No
(Ramos 1994)_INCLUDE_NA_Predation in support_no_no,(Ramos 1994),INCLUDE,,Predation in support,no,no,Predation in support without data,Predation in support without data,Predation without data,Yes
(Conservation 1991)_EXCLUDE_Report_Failure to access or locate online full citation_NA_NA,(Conservation 1991),EXCLUDE,Report,Inaccessible,,no,Inaccessible,Failure to access or locate online full citation,Excluded,Not relevant
(Harper 2005)_INCLUDE_NA_Predation not in support_no_no,(Harper 2005),INCLUDE,,Predation not in support,no,no,Predation not in support without data,Predation not in support without data,Predation without data,No
(Karl & Best 1982)_INCLUDE_NA_Predation not in support_no_no,(Karl & Best 1982),INCLUDE,,Predation not in support,no,no,Predation not in support without data,Predation not in support without data,Predation without data,No
(Alterio & Moller 1997)_INCLUDE_NA_Predation not in support_no_no,(Alterio & Moller 1997),INCLUDE,,Predation not in support,no,no,Predation not in support without data,Predation not in support without data,Predation without data,No
(Clapperton 2001)_EXCLUDE_NA_No claim_NA_NA,(Clapperton 2001),EXCLUDE,,No claim,,no,No claim,No claim,Excluded,Not relevant
(Ratz 1997)_EXCLUDE_Thesis_Failure to access or locate online full citation_NA_NA,(Ratz 1997),EXCLUDE,Thesis,Inaccessible,,no,Inaccessible,Failure to access or locate online full citation,Excluded,Not relevant
(Ratz et al. 2004)_EXCLUDE_NA_Expert opinion_NA_NA,(Ratz et al. 2004),EXCLUDE,,Does not test claim,,no,Does not test claim,Expert opinion,Excluded,Not relevant
(Ratz et al. 1999)_INCLUDE_NA_Predation not in support_no_no,(Ratz et al. 1999),INCLUDE,,Predation not in support,no,no,Predation not in support without data,Predation not in support without data,Predation without data,No
"J. Short, unpublished observations_EXCLUDE_NA_Unpublished data or article_NA_NA","J. Short, unpublished observations",EXCLUDE,NA,Inaccessible,,no,Inaccessible,Unpublished data or article,Excluded,Not relevant
(Short & Turner 2000)_INCLUDE_NA_Predation in support_no_no,(Short & Turner 2000),INCLUDE,,Predation in support,no,no,Predation in support without data,Predation in support without data,Predation without data,Yes
(Berruti 1986)_EXCLUDE_NA_No claim_NA_NA,(Berruti 1986),EXCLUDE,,No claim,,no,No claim,No claim,Excluded,Not relevant
(Yorio & Boersma 1994)_EXCLUDE_NA_No claim_NA_NA,(Yorio & Boersma 1994),EXCLUDE,,No claim,,no,No claim,No claim,Excluded,Not relevant
(Taylor 1986)_EXCLUDE_Report_Failure to access or locate online full citation_NA_NA,(Taylor 1986),EXCLUDE,Report,Inaccessible,,no,Inaccessible,Failure to access or locate online full citation,Excluded,Not relevant
(Threatened Species Scientific Committee 2006)_EXCLUDE_NA_Expert opinion_NA_NA,(Threatened Species Scientific Committee 2006),EXCLUDE,,Does not test claim,,no,Does not test claim,Expert opinion,Excluded,Not relevant
(Woinarski 2007)_EXCLUDE_Report_Failure to access or locate online full citation_NA_NA,(Woinarski 2007),EXCLUDE,Report,Inaccessible,,no,Inaccessible,Failure to access or locate online full citation,Excluded,Not relevant
"(Daugherty & Towns 1991)_EXCLUDE_Newspaper, newsletter or magazine_Failure to access or locate online full citation_NA_NA",(Daugherty & Towns 1991),EXCLUDE,"Newspaper, newsletter or magazine",Inaccessible,,no,Inaccessible,Failure to access or locate online full citation,Excluded,Not relevant
(Dekker 1989)_EXCLUDE_NA_No claim_NA_NA,(Dekker 1989),EXCLUDE,,No claim,,no,No claim,No claim,Excluded,Not relevant
(Ludwig 1979)_EXCLUDE_NA_Unpublished data or article_NA_NA,(Ludwig 1979),EXCLUDE,NA,Inaccessible,,no,Inaccessible,Unpublished data or article,Excluded,Not relevant
"C. Terry, pers. comm. 1999_EXCLUDE_NA_Personal communication_NA_NA","C. Terry, pers. comm. 1999",EXCLUDE,NA,Inaccessible,,no,Inaccessible,Personal communication,Excluded,Not relevant
"Telfer, pers. comm 1998_EXCLUDE_NA_Personal communication_NA_NA","Telfer, pers. comm 1998",EXCLUDE,NA,Inaccessible,,no,Inaccessible,Personal communication,Excluded,Not relevant
(USFWS 2013a)_EXCLUDE_NA_Expert opinion_NA_NA,(USFWS 2013a),EXCLUDE,,Does not test claim,,no,Does not test claim,Expert opinion,Excluded,Not relevant
(Banko et al. 2004)_EXCLUDE_Report_Failure to access or locate online full citation_NA_NA,(Banko et al. 2004),EXCLUDE,Report,Inaccessible,,no,Inaccessible,Failure to access or locate online full citation,Excluded,Not relevant
(Snetsinger et al. 1994)_INCLUDE_NA_Predation not in support_no_no,(Snetsinger et al. 1994),INCLUDE,,Predation not in support,no,no,Predation not in support without data,Predation not in support without data,Predation without data,No
(Oliver 1930)_EXCLUDE_Book or chapter_Failure to access or locate online full citation_NA_NA,(Oliver 1930),EXCLUDE,Book or chapter,Inaccessible,,no,Inaccessible,Failure to access or locate online full citation,Excluded,Not relevant
(Mellink 2002)_EXCLUDE_NA_No claim_NA_NA,(Mellink 2002),EXCLUDE,,No claim,,no,No claim,No claim,Excluded,Not relevant
(Matayoshi 2014)_EXCLUDE_NA_Not in English or Spanish_NA_NA,(Matayoshi 2014),EXCLUDE,NA,Inaccessible,,no,Inaccessible,Not in English or Spanish,Excluded,Not relevant
(Blythman et al. 2020)_INCLUDE_NA_Predation in support_no_no,(Blythman et al. 2020),INCLUDE,,Predation in support,no,no,Predation in support without data,Predation in support without data,Predation without data,Yes
(Burns 2020)_INCLUDE_NA_Predation not in support_no_no,(Burns 2020),INCLUDE,,Predation not in support,no,no,Predation not in support without data,Predation not in support without data,Predation without data,No
(Clarke 2011)_INCLUDE_NA_Predation in support_no_no,(Clarke 2011),INCLUDE,,Predation in support,no,no,Predation in support without data,Predation in support without data,Predation without data,Yes
(Cockburn 1981)_INCLUDE_NA_Predation in support_no_no,(Cockburn 1981),INCLUDE,,Predation in support,no,no,Predation in support without data,Predation in support without data,Predation without data,Yes
(Comer et al. 2020)_INCLUDE_NA_Population not in support_yes_no,(Comer et al. 2020),INCLUDE,,Population not in support,yes,no,Population not in support with data,Population not in support with data,Population with data,No
(Doherty et al. 2017)_INCLUDE_NA_Predation in support_no_no,(Doherty et al. 2017),INCLUDE,,Predation in support,no,no,Predation in support without data,Predation in support without data,Predation without data,Yes
(Evans et al. 2021)_INCLUDE_NA_Predation not in support_no_no,(Evans et al. 2021),INCLUDE,,Predation not in support,no,no,Predation not in support without data,Predation not in support without data,Predation without data,No
(Fancourt et al. 2015)_INCLUDE_NA_Population not in support_yes_yes,(Fancourt et al. 2015),INCLUDE,,Population not in support,yes,yes,Population not in support with data of quality,Population not in support with data of quality,Population with data,No
(Feit et al. 2019)_INCLUDE_NA_Predation in support_no_no,(Feit et al. 2019),INCLUDE,,Predation in support,no,no,Predation in support without data,Predation in support without data,Predation without data,Yes
(Gardiner et al. 2018)_INCLUDE_NA_Population not in support_yes_yes,(Gardiner et al. 2018),INCLUDE,,Population not in support,yes,yes,Population not in support with data of quality,Population not in support with data of quality,Population with data,No
(Geyle et al. 2024)_INCLUDE_NA_Population not in support_yes_no,(Geyle et al. 2024),INCLUDE,,Population not in support,yes,no,Population not in support with data,Population not in support with data,Population with data,No
(Hayward et al. 2012)_INCLUDE_NA_Predation not in support_no_no,(Hayward et al. 2012),INCLUDE,,Predation not in support,no,no,Predation not in support without data,Predation not in support without data,Predation without data,No
(Hollings et al. 2014)_INCLUDE_NA_Population in support_yes_yes,(Hollings et al. 2014),INCLUDE,,Population in support,yes,yes,Population in support with data of quality,Population in support with data of quality,Population with data,Yes
(James et al. 2002)_INCLUDE_NA_Predation in support_no_no,(James et al. 2002),INCLUDE,,Predation in support,no,no,Predation in support without data,Predation in support without data,Predation without data,Yes
(Letnic & Koch 2010)_INCLUDE_NA_Population not in support_yes_yes,(Letnic & Koch 2010),INCLUDE,,Population not in support,yes,yes,Population not in support with data of quality,Population not in support with data of quality,Population with data,No
(Letnic et al. 2009)_INCLUDE_NA_Population not in support_yes_yes,(Letnic et al. 2009),INCLUDE,,Population not in support,yes,yes,Population not in support with data of quality,Population not in support with data of quality,Population with data,No
(Lohr et al. 2021)_INCLUDE_NA_Predation in support_no_no,(Lohr et al. 2021),INCLUDE,,Predation in support,no,no,Predation in support without data,Predation in support without data,Predation without data,Yes
(Lohr et al. 2022)_INCLUDE_NA_Predation not in support_no_no,(Lohr et al. 2022),INCLUDE,,Predation not in support,no,no,Predation not in support without data,Predation not in support without data,Predation without data,No
(Martin et al. 2006)_INCLUDE_NA_Predation in support_no_no,(Martin et al. 2006),INCLUDE,,Predation in support,no,no,Predation in support without data,Predation in support without data,Predation without data,Yes
(McDonald et al. 2014)_INCLUDE_NA_Predation in support_no_no,(McDonald et al. 2014),INCLUDE,,Predation in support,no,no,Predation in support without data,Predation in support without data,Predation without data,Yes
(Miritis et al. 2020)_INCLUDE_NA_Predation in support_no_no,(Miritis et al. 2020),INCLUDE,,Predation in support,no,no,Predation in support without data,Predation in support without data,Predation without data,Yes
(Miritis et al. 2020)_INCLUDE_NA_Population not in support_yes_yes,(Miritis et al. 2020),INCLUDE,,Population not in support,yes,yes,Population not in support with data of quality,Population not in support with data of quality,Population with data,No
(Moore et al. 2024)_INCLUDE_NA_Population not in support_yes_yes,(Moore et al. 2024),INCLUDE,,Population not in support,yes,yes,Population not in support with data of quality,Population not in support with data of quality,Population with data,No
(Moseby et al. 2021a)_INCLUDE_NA_Population not in support_yes_no,(Moseby et al. 2021a),INCLUDE,,Population not in support,yes,no,Population not in support with data,Population not in support with data,Population with data,No
(Moseby et al. 2012)_INCLUDE_NA_Predation in support_no_no,(Moseby et al. 2012),INCLUDE,,Predation in support,no,no,Predation in support without data,Predation in support without data,Predation without data,Yes
(Moseby et al. 2019)_INCLUDE_NA_Population in support_yes_no,(Moseby et al. 2019),INCLUDE,,Population in support,yes,no,Population in support with data,Population in support with data,Population with data,Yes
(Moseby et al. 2020)_INCLUDE_NA_Population in support_yes_no,(Moseby et al. 2020),INCLUDE,,Population in support,yes,no,Population in support with data,Population in support with data,Population with data,Yes
(Neave et al. 2024)_INCLUDE_NA_Population in support_yes_no,(Neave et al. 2024),INCLUDE,,Population in support,yes,no,Population in support with data,Population in support with data,Population with data,Yes
(Norton et al. 2015)_INCLUDE_NA_Population not in support_yes_no,(Norton et al. 2015),INCLUDE,,Population not in support,yes,no,Population not in support with data,Population not in support with data,Population with data,No
(Palmer et al. 2021)_INCLUDE_NA_Population not in support_yes_no,(Palmer et al. 2021),INCLUDE,,Population not in support,yes,no,Population not in support with data,Population not in support with data,Population with data,No
(Paltridge et al. 2020)_INCLUDE_NA_Population in support_no_no,(Paltridge et al. 2020),INCLUDE,,Population in support,no,no,Population in support without data,Population in support without data,Population without data,Yes
(Paltridge et al. 2020)_INCLUDE_NA_Predation not in support_no_no,(Paltridge et al. 2020),INCLUDE,,Predation not in support,no,no,Predation not in support without data,Predation not in support without data,Predation without data,No
(Paltridge 2005)_INCLUDE_NA_Population not in support_yes_no,(Paltridge 2005),INCLUDE,,Population not in support,yes,no,Population not in support with data,Population not in support with data,Population with data,No
(Priddel & Wheeler 2004)_INCLUDE_NA_Predation in support_no_no,(Priddel & Wheeler 2004),INCLUDE,,Predation in support,no,no,Predation in support without data,Predation in support without data,Predation without data,Yes
(Read et al. 2019a)_INCLUDE_NA_Predation in support_no_no,(Read et al. 2019a),INCLUDE,,Predation in support,no,no,Predation in support without data,Predation in support without data,Predation without data,Yes
(Read et al. 2019a)_INCLUDE_NA_Predation not in support_no_no,(Read et al. 2019a),INCLUDE,,Predation not in support,no,no,Predation not in support without data,Predation not in support without data,Predation without data,No
(Rees et al. 2024)_INCLUDE_NA_Population not in support_yes_yes,(Rees et al. 2024),INCLUDE,,Population not in support,yes,yes,Population not in support with data of quality,Population not in support with data of quality,Population with data,No
(Richards 2012a)_INCLUDE_NA_Population not in support_no_no,(Richards 2012a),INCLUDE,,Population not in support,no,no,Population not in support without data,Population not in support without data,Population without data,No
(Robinson et al. 2021)_INCLUDE_NA_Predation not in support_no_no,(Robinson et al. 2021),INCLUDE,,Predation not in support,no,no,Predation not in support without data,Predation not in support without data,Predation without data,No
(Robinson et al. 2020)_INCLUDE_NA_Predation not in support_no_no,(Robinson et al. 2020),INCLUDE,,Predation not in support,no,no,Predation not in support without data,Predation not in support without data,Predation without data,No
(Robley et al. 2022)_INCLUDE_NA_Population not in support_yes_yes,(Robley et al. 2022),INCLUDE,,Population not in support,yes,yes,Population not in support with data of quality,Population not in support with data of quality,Population with data,No
(Schwarz 1995)_INCLUDE_NA_Predation in support_no_no,(Schwarz 1995),INCLUDE,,Predation in support,no,no,Predation in support without data,Predation in support without data,Predation without data,Yes
(Short & Hide 2012)_INCLUDE_NA_Predation in support_no_no,(Short & Hide 2012),INCLUDE,,Predation in support,no,no,Predation in support without data,Predation in support without data,Predation without data,Yes
(Southgate et al. 2007)_INCLUDE_NA_Population not in support_yes_yes,(Southgate et al. 2007),INCLUDE,,Population not in support,yes,yes,Population not in support with data of quality,Population not in support with data of quality,Population with data,No
(Stobo-Wilson et al. 2020)_INCLUDE_NA_Population in support_yes_no,(Stobo-Wilson et al. 2020),INCLUDE,,Population in support,yes,no,Population in support with data,Population in support with data,Population with data,Yes
(Stobo-Wilson et al. 2020)_INCLUDE_NA_Population in support_yes_yes,(Stobo-Wilson et al. 2020),INCLUDE,,Population in support,yes,yes,Population in support with data of quality,Population in support with data of quality,Population with data,Yes
(Stokeld et al. 2016)_INCLUDE_NA_Predation in support_no_no,(Stokeld et al. 2016),INCLUDE,,Predation in support,no,no,Predation in support without data,Predation in support without data,Predation without data,Yes
(Trewella et al. 2023)_INCLUDE_NA_Population not in support_yes_yes,(Trewella et al. 2023),INCLUDE,,Population not in support,yes,yes,Population not in support with data of quality,Population not in support with data of quality,Population with data,No
(Vernes et al. 2021a)_INCLUDE_NA_Predation in support_no_no,(Vernes et al. 2021a),INCLUDE,,Predation in support,no,no,Predation in support without data,Predation in support without data,Predation without data,Yes
(Wallach & Lundgren 2025)_INCLUDE_NA_Population in support_yes_no,(Wallach & Lundgren 2025),INCLUDE,,Population in support,yes,no,Population in support with data,Population in support with data,Population with data,Yes
(Wayne et al. 2017b)_INCLUDE_NA_Population in support_yes_no,(Wayne et al. 2017b),INCLUDE,,Population in support,yes,no,Population in support with data,Population in support with data,Population with data,Yes
(Wheeler & Priddel 2009)_INCLUDE_NA_Predation in support_no_no,(Wheeler & Priddel 2009),INCLUDE,,Predation in support,no,no,Predation in support without data,Predation in support without data,Predation without data,Yes
(Wysong 2016)_INCLUDE_NA_Predation in support_no_no,(Wysong 2016),INCLUDE,,Predation in support,no,no,Predation in support without data,Predation in support without data,Predation without data,Yes
(Molloy & Daniel 1995)_INCLUDE_NA_Predation in support_no_no,(Molloy & Daniel 1995),INCLUDE,,Predation in support,no,no,Predation in support without data,Predation in support without data,Predation without data,Yes
(Van Denburgh 1924)_EXCLUDE_NA_No claim_NA_NA,(Van Denburgh 1924),EXCLUDE,,No claim,,no,No claim,No claim,Excluded,Not relevant
(Scott & Morrison 1990)_EXCLUDE_Peer-reviewed journal article_Failure to access or locate online full citation_NA_NA,(Scott & Morrison 1990),EXCLUDE,Peer-reviewed journal article,Inaccessible,,no,Inaccessible,Failure to access or locate online full citation,Excluded,Not relevant
(McClellan & Wood 2004)_EXCLUDE_Report_Failure to access or locate online full citation_NA_NA,(McClellan & Wood 2004),EXCLUDE,Report,Inaccessible,,no,Inaccessible,Failure to access or locate online full citation,Excluded,Not relevant
(Copley 1999a)_EXCLUDE_NA_No claim_NA_NA,(Copley 1999a),EXCLUDE,,No claim,,no,No claim,No claim,Excluded,Not relevant
D. Algars pers. comm._EXCLUDE_NA_Personal communication_NA_NA,D. Algars pers. comm.,EXCLUDE,NA,Inaccessible,,no,Inaccessible,Personal communication,Excluded,Not relevant
(Dickman 1993)_EXCLUDE_Report_Failure to access or locate online full citation_NA_NA,(Dickman 1993),EXCLUDE,Report,Inaccessible,,no,Inaccessible,Failure to access or locate online full citation,Excluded,Not relevant
(Dickman 1994)_EXCLUDE_NA_No claim_NA_NA,(Dickman 1994),EXCLUDE,,No claim,,no,No claim,No claim,Excluded,Not relevant
"(Fancourt 2011)_EXCLUDE_Newspaper, newsletter or magazine_Failure to access or locate online full citation_NA_NA",(Fancourt 2011),EXCLUDE,"Newspaper, newsletter or magazine",Inaccessible,,no,Inaccessible,Failure to access or locate online full citation,Excluded,Not relevant
(Fisher & Goldizen 2001)_EXCLUDE_NA_No claim_NA_NA,(Fisher & Goldizen 2001),EXCLUDE,,No claim,,no,No claim,No claim,Excluded,Not relevant
(Ford et al. 2003)_EXCLUDE_NA_Expert opinion_NA_NA,(Ford et al. 2003),EXCLUDE,,Does not test claim,,no,Does not test claim,Expert opinion,Excluded,Not relevant
J. Augusteyn pes. Comm._EXCLUDE_NA_Personal communication_NA_NA,J. Augusteyn pes. Comm.,EXCLUDE,NA,Inaccessible,,no,Inaccessible,Personal communication,Excluded,Not relevant
K. Morris pers. comms._EXCLUDE_NA_Personal communication_NA_NA,K. Morris pers. comms.,EXCLUDE,NA,Inaccessible,,no,Inaccessible,Personal communication,Excluded,Not relevant
K. Morris pes. comm._EXCLUDE_NA_Personal communication_NA_NA,K. Morris pes. comm.,EXCLUDE,NA,Inaccessible,,no,Inaccessible,Personal communication,Excluded,Not relevant
(Kinnear et al. 2002)_EXCLUDE_NA_No claim_NA_NA,(Kinnear et al. 2002),EXCLUDE,,No claim,,no,No claim,No claim,Excluded,Not relevant
(Martin & Temple-Smith 2012)_EXCLUDE_Report_Failure to access or locate online full citation_NA_NA,(Martin & Temple-Smith 2012),EXCLUDE,Report,Inaccessible,,no,Inaccessible,Failure to access or locate online full citation,Excluded,Not relevant
(Menkhorst 2003)_EXCLUDE_Report_Failure to access or locate online full citation_NA_NA,(Menkhorst 2003),EXCLUDE,Report,Inaccessible,,no,Inaccessible,Failure to access or locate online full citation,Excluded,Not relevant
(Menkhorst & Broome 2006)_EXCLUDE_NA_Expert opinion_NA_NA,(Menkhorst & Broome 2006),EXCLUDE,,Does not test claim,,no,Does not test claim,Expert opinion,Excluded,Not relevant
(Menkhorst et al. 2013)_EXCLUDE_Report_Failure to access or locate online full citation_NA_NA,(Menkhorst et al. 2013),EXCLUDE,Report,Inaccessible,,no,Inaccessible,Failure to access or locate online full citation,Excluded,Not relevant
(Menkhorst 2009)_EXCLUDE_NA_Expert opinion_NA_NA,(Menkhorst 2009),EXCLUDE,,Does not test claim,,no,Does not test claim,Expert opinion,Excluded,Not relevant
Menkhurst et al. 2008_EXCLUDE_NA_Missing reference_NA_NA,Menkhurst et al. 2008,EXCLUDE,NA,Inaccessible,,no,Inaccessible,Missing reference,Excluded,Not relevant
(Mifsud 1999)_EXCLUDE_Thesis_Failure to access or locate online full citation_NA_NA,(Mifsud 1999),EXCLUDE,Thesis,Inaccessible,,no,Inaccessible,Failure to access or locate online full citation,Excluded,Not relevant
(Moseby et al. 2009)_EXCLUDE_NA_No claim_NA_NA,(Moseby et al. 2009),EXCLUDE,,No claim,,no,No claim,No claim,Excluded,Not relevant
NOTHING_EXCLUDE_NA_No citation given_NA_NA Antechinus bellus,NOTHING NA Antechinus bellus,EXCLUDE,,No citation given,,no,Opinion claim,Opinion claim,Excluded,Not relevant
NOTHING_EXCLUDE_NA_No citation given_NA_NA Bettongia tropica,NOTHING NA Bettongia tropica,EXCLUDE,,No citation given,,no,Opinion claim,Opinion claim,Excluded,Not relevant
NOTHING_EXCLUDE_NA_No citation given_NA_NA Isoodon auratus,NOTHING NA Isoodon auratus,EXCLUDE,,No citation given,,no,Opinion claim,Opinion claim,Excluded,Not relevant
NOTHING_EXCLUDE_NA_No citation given_NA_NA Mesembriomys gouldii,NOTHING NA Mesembriomys gouldii,EXCLUDE,,No citation given,,no,Opinion claim,Opinion claim,Excluded,Not relevant
NOTHING_EXCLUDE_NA_No citation given_NA_NA Myrmecobius fasciatus,NOTHING NA Myrmecobius fasciatus,EXCLUDE,,No citation given,,no,Opinion claim,Opinion claim,Excluded,Not relevant
NOTHING_EXCLUDE_NA_No citation given_NA_NA Pseudantechinus mimulus,NOTHING NA Pseudantechinus mimulus,EXCLUDE,,No citation given,,no,Opinion claim,Opinion claim,Excluded,Not relevant
NOTHING_EXCLUDE_NA_No citation given_NA_NA Zyzomys maini,NOTHING NA Zyzomys maini,EXCLUDE,,No citation given,,no,Opinion claim,Opinion claim,Excluded,Not relevant
NOTHING_EXCLUDE_NA_No citation given_NA_NA Zyzomys palatalis,NOTHING NA Zyzomys palatalis,EXCLUDE,,No citation given,,no,Opinion claim,Opinion claim,Excluded,Not relevant
(NSW Department of Environment and Climate Change 2005)_INCLUDE_NA_Predation in support_no_no,(NSW Department of Environment and Climate Change 2005),INCLUDE,,Predation in support,no,no,Predation in support without data,Predation in support without data,Predation without data,Yes
P. McRae pers. comm._EXCLUDE_NA_Personal communication_NA_NA,P. McRae pers. comm.,EXCLUDE,NA,Inaccessible,,no,Inaccessible,Personal communication,Excluded,Not relevant
(Pavey 2006)_EXCLUDE_NA_Expert opinion_NA_NA,(Pavey 2006),EXCLUDE,,Does not test claim,,no,Does not test claim,Expert opinion,Excluded,Not relevant
(Pavey et al. 2012)_EXCLUDE_NA_Expert opinion_NA_NA,(Pavey et al. 2012),EXCLUDE,,Does not test claim,,no,Does not test claim,Expert opinion,Excluded,Not relevant
S. Legge pers.comm._EXCLUDE_NA_Personal communication_NA_NA,S. Legge pers.comm.,EXCLUDE,NA,Inaccessible,,no,Inaccessible,Personal communication,Excluded,Not relevant
(Van Dyck & Gynther 2012)_EXCLUDE_Report_Failure to access or locate online full citation_NA_NA,(Van Dyck & Gynther 2012),EXCLUDE,Report,Inaccessible,,no,Inaccessible,Failure to access or locate online full citation,Excluded,Not relevant
(Woinarski et al. 2014) core source_INCLUDE_NA_Predation in support_no_no,(Woinarski et al. 2014) core source,INCLUDE,,Predation in support,no,no,Predation in support without data,Predation in support without data,Predation without data,Yes
"LCY and EAV, unpubl. data_EXCLUDE_NA_Unpublished data or article_NA_NA","LCY and EAV, unpubl. data",EXCLUDE,NA,Inaccessible,,no,Inaccessible,Unpublished data or article,Excluded,Not relevant
(Zavalaga et al. 2008b)_EXCLUDE_NA_No claim_NA_NA,(Zavalaga et al. 2008b),EXCLUDE,,No claim,,no,No claim,No claim,Excluded,Not relevant
(Zino 1992)_INCLUDE_NA_Predation in support_no_no,(Zino 1992),INCLUDE,,Predation in support,no,no,Predation in support without data,Predation in support without data,Predation without data,Yes
"(Zino 1991)_EXCLUDE_Newspaper, newsletter or magazine_Failure to access or locate online full citation_NA_NA",(Zino 1991),EXCLUDE,"Newspaper, newsletter or magazine",Inaccessible,,no,Inaccessible,Failure to access or locate online full citation,Excluded,Not relevant
(Aguilar 1999)_EXCLUDE_NA_Expert opinion_NA_NA,(Aguilar 1999),EXCLUDE,,Does not test claim,,no,Does not test claim,Expert opinion,Excluded,Not relevant
(Best & Powlesland 1985)_EXCLUDE_Book or chapter_Failure to access or locate online full citation_NA_NA,(Best & Powlesland 1985),EXCLUDE,Book or chapter,Inaccessible,,no,Inaccessible,Failure to access or locate online full citation,Excluded,Not relevant
(Bradley & Gerber 2005)_EXCLUDE_NA_Expert opinion_NA_NA,(Bradley & Gerber 2005),EXCLUDE,,Does not test claim,,no,Does not test claim,Expert opinion,Excluded,Not relevant
(Burbidge et al. 2000)_EXCLUDE_NA_Expert opinion_NA_NA,(Burbidge et al. 2000),EXCLUDE,,Does not test claim,,no,Does not test claim,Expert opinion,Excluded,Not relevant
(Butler 1989)_EXCLUDE_Book or chapter_Failure to access or locate online full citation_NA_NA,(Butler 1989),EXCLUDE,Book or chapter,Inaccessible,,no,Inaccessible,Failure to access or locate online full citation,Excluded,Not relevant
(Watling 1995)_EXCLUDE_NA_No claim_NA_NA,(Watling 1995),EXCLUDE,,No claim,,no,No claim,No claim,Excluded,Not relevant
(Daniel 1990)_EXCLUDE_Book or chapter_Failure to access or locate online full citation_NA_NA,(Daniel 1990),EXCLUDE,Book or chapter,Inaccessible,,no,Inaccessible,Failure to access or locate online full citation,Excluded,Not relevant
(Finlayson et al. 2010)_EXCLUDE_Book or chapter_Failure to access or locate online full citation_NA_NA,(Finlayson et al. 2010),EXCLUDE,Book or chapter,Inaccessible,,no,Inaccessible,Failure to access or locate online full citation,Excluded,Not relevant
(McCormack & Künzlè 1996)_EXCLUDE_NA_No claim_NA_NA,(McCormack & Künzlè 1996),EXCLUDE,,No claim,,no,No claim,No claim,Excluded,Not relevant
(Geyle et al. 2018)_EXCLUDE_NA_No claim_NA_NA,(Geyle et al. 2018),EXCLUDE,,No claim,,no,No claim,No claim,Excluded,Not relevant
(Geyle et al. 2025)_INCLUDE_NA_Population not in support_yes_yes,(Geyle et al. 2025),INCLUDE,,Population not in support,yes,yes,Population not in support with data of quality,Population not in support with data of quality,Population with data,No
(Goode et al. 2020)_INCLUDE_NA_Predation not in support_no_no,(Goode et al. 2020),INCLUDE,,Predation not in support,no,no,Predation not in support without data,Predation not in support without data,Predation without data,No
(Hill et al. 2004)_EXCLUDE_Conference proceedings_Failure to access or locate online full citation_NA_NA,(Hill et al. 2004),EXCLUDE,Conference proceedings,Inaccessible,,no,Inaccessible,Failure to access or locate online full citation,Excluded,Not relevant
(Karl & Best 1982)_INCLUDE_NA_Predation in support_no_no,(Karl & Best 1982),INCLUDE,,Predation in support,no,no,Predation in support without data,Predation in support without data,Predation without data,Yes
(Keedwell et al. 2002b)_EXCLUDE_NA_Does not test claim_NA_NA,(Keedwell et al. 2002b),EXCLUDE,,Does not test claim,,no,Does not test claim,Does not test claim,Excluded,Not relevant
(Middlemiss 1995)_INCLUDE_NA_Predation in support_no_no,(Middlemiss 1995),INCLUDE,,Predation in support,no,no,Predation in support without data,Predation in support without data,Predation without data,Yes
(Miskelly et al. 2020)_EXCLUDE_NA_Expert opinion_NA_NA,(Miskelly et al. 2020),EXCLUDE,,Does not test claim,,no,Does not test claim,Expert opinion,Excluded,Not relevant
(Miskelly et al. 2020)_INCLUDE_NA_Predation in support_no_no,(Miskelly et al. 2020),INCLUDE,,Predation in support,no,no,Predation in support without data,Predation in support without data,Predation without data,Yes
(Moorhouse & Powlesland 1991)_INCLUDE_NA_Predation in support_no_no,(Moorhouse & Powlesland 1991),INCLUDE,,Predation in support,no,no,Predation in support without data,Predation in support without data,Predation without data,Yes
(Pocknee 2024)_INCLUDE_NA_Population not in support_yes_yes,(Pocknee 2024),INCLUDE,,Population not in support,yes,yes,Population not in support with data of quality,Population not in support with data of quality,Population with data,No
(Adams et al. 2019)_EXCLUDE_NA_No claim_NA_NA,(Adams et al. 2019),EXCLUDE,,No claim,,no,No claim,No claim,Excluded,Not relevant
(Alho et al. 2022)_EXCLUDE_NA_No claim_NA_NA,(Alho et al. 2022),EXCLUDE,,No claim,,no,No claim,No claim,Excluded,Not relevant
(Amarasekare 1994)_INCLUDE_NA_Predation not in support_no_no,(Amarasekare 1994),INCLUDE,,Predation not in support,no,no,Predation not in support without data,Predation not in support without data,Predation without data,No
(Arthur et al. 2012)_INCLUDE_NA_Population not in support_yes_no,(Arthur et al. 2012),INCLUDE,,Population not in support,yes,no,Population not in support with data,Population not in support with data,Population with data,No
(Augusteyn et al. 2021)_EXCLUDE_NA_No claim_NA_NA,(Augusteyn et al. 2021),EXCLUDE,,No claim,,no,No claim,No claim,Excluded,Not relevant
(Bretagnolle et al. 2025)_INCLUDE_NA_Predation in support_no_no,(Bretagnolle et al. 2025),INCLUDE,,Predation in support,no,no,Predation in support without data,Predation in support without data,Predation without data,Yes
(Baker & Beveridge 2001)_EXCLUDE_NA_No claim_NA_NA,(Baker & Beveridge 2001),EXCLUDE,,No claim,,no,No claim,No claim,Excluded,Not relevant
(Balasubramanian et al. 2022)_EXCLUDE_NA_No claim_NA_NA,(Balasubramanian et al. 2022),EXCLUDE,,No claim,,no,No claim,No claim,Excluded,Not relevant
(Bannister et al. 2021)_EXCLUDE_NA_No claim_NA_NA,(Bannister et al. 2021),EXCLUDE,,No claim,,no,No claim,No claim,Excluded,Not relevant
(Bell 2017)_INCLUDE_NA_Predation in support_no_no,(Bell 2017),INCLUDE,,Predation in support,no,no,Predation in support without data,Predation in support without data,Predation without data,Yes
(Berris et al. 2020)_EXCLUDE_NA_No claim_NA_NA,(Berris et al. 2020),EXCLUDE,,No claim,,no,No claim,No claim,Excluded,Not relevant
(Bird et al. 2024)_INCLUDE_NA_Population not in support_no_no,(Bird et al. 2024),INCLUDE,,Population not in support,no,no,Population not in support without data,Population not in support without data,Population without data,No
(Bisbal 2008)_EXCLUDE_Peer-reviewed journal article_Failure to access or locate online full citation_NA_NA,(Bisbal 2008),EXCLUDE,Peer-reviewed journal article,Inaccessible,,no,Inaccessible,Failure to access or locate online full citation,Excluded,Not relevant
(Blanvillain et al. 2002)_INCLUDE_NA_Population in support_yes_yes,(Blanvillain et al. 2002),INCLUDE,,Population in support,yes,yes,Population in support with data of quality,Population in support with data of quality,Population with data,Yes
(Blumstein et al. 2019)_EXCLUDE_NA_No claim_NA_NA,(Blumstein et al. 2019),EXCLUDE,,No claim,,no,No claim,No claim,Excluded,Not relevant
(Bonnaud et al. 2015)_INCLUDE_NA_Predation in support_no_no,(Bonnaud et al. 2015),INCLUDE,,Predation in support,no,no,Predation in support without data,Predation in support without data,Predation without data,Yes
(Bretagnolle et al. 2021)_INCLUDE_NA_Predation in support_no_no,(Bretagnolle et al. 2021),INCLUDE,,Predation in support,no,no,Predation in support without data,Predation in support without data,Predation without data,Yes
(Cameron et al. 2005)_EXCLUDE_NA_No claim_NA_NA,(Cameron et al. 2005),EXCLUDE,,No claim,,no,No claim,No claim,Excluded,Not relevant
(Carle et al. 2019)_EXCLUDE_NA_No claim_NA_NA,(Carle et al. 2019),EXCLUDE,,No claim,,no,No claim,No claim,Excluded,Not relevant
(Carle et al. 2021)_EXCLUDE_NA_Does not test claim_NA_NA,(Carle et al. 2021),EXCLUDE,,Does not test claim,,no,Does not test claim,Does not test claim,Excluded,Not relevant
(Carle et al. 2024)_EXCLUDE_NA_No claim_NA_NA,(Carle et al. 2024),EXCLUDE,,No claim,,no,No claim,No claim,Excluded,Not relevant
(Chalkowski et al. 2021)_EXCLUDE_NA_No claim_NA_NA,(Chalkowski et al. 2021),EXCLUDE,,No claim,,no,No claim,No claim,Excluded,Not relevant
(Chapuis et al. 2001)_EXCLUDE_NA_No claim_NA_NA,(Chapuis et al. 2001),EXCLUDE,,No claim,,no,No claim,No claim,Excluded,Not relevant
(Chen et al. 2024)_EXCLUDE_NA_No claim_NA_NA,(Chen et al. 2024),EXCLUDE,,No claim,,no,No claim,No claim,Excluded,Not relevant
(Cleeland et al. 2020)_EXCLUDE_NA_No claim_NA_NA,(Cleeland et al. 2020),EXCLUDE,,No claim,,no,No claim,No claim,Excluded,Not relevant
(Cortés & González-Solís 2018)_EXCLUDE_NA_No claim_NA_NA,(Cortés & González-Solís 2018),EXCLUDE,,No claim,,no,No claim,No claim,Excluded,Not relevant
(Cowan et al. 2024)_INCLUDE_NA_Population not in support_no_no,(Cowan et al. 2024),INCLUDE,,Population not in support,no,no,Population not in support without data,Population not in support without data,Population without data,No
(Crawford et al. 2003)_EXCLUDE_NA_No claim_NA_NA,(Crawford et al. 2003),EXCLUDE,,No claim,,no,No claim,No claim,Excluded,Not relevant
(Cruz et al. 2013)_EXCLUDE_NA_No claim_NA_NA,(Cruz et al. 2013),EXCLUDE,,No claim,,no,No claim,No claim,Excluded,Not relevant
(Cuthbert 2003)_EXCLUDE_NA_No claim_NA_NA,(Cuthbert 2003),EXCLUDE,,No claim,,no,No claim,No claim,Excluded,Not relevant
(Danckwerts et al. 2016)_EXCLUDE_NA_No claim_NA_NA,(Danckwerts et al. 2016),EXCLUDE,,No claim,,no,No claim,No claim,Excluded,Not relevant
(Dawson et al. 2018)_EXCLUDE_NA_No claim_NA_NA,(Dawson et al. 2018),EXCLUDE,,No claim,,no,No claim,No claim,Excluded,Not relevant
(Deem et al. 2010)_EXCLUDE_NA_No claim_NA_NA,(Deem et al. 2010),EXCLUDE,,No claim,,no,No claim,No claim,Excluded,Not relevant
(Delgado et al. 2024)_EXCLUDE_NA_No claim_NA_NA,(Delgado et al. 2024),EXCLUDE,,No claim,,no,No claim,No claim,Excluded,Not relevant
(Dickman 1992)_EXCLUDE_NA_No claim_NA_NA,(Dickman 1992),EXCLUDE,,No claim,,no,No claim,No claim,Excluded,Not relevant
(Dickman 1996a)_EXCLUDE_NA_No claim_NA_NA,(Dickman 1996a),EXCLUDE,,No claim,,no,No claim,No claim,Excluded,Not relevant
(Dickman 2011)_EXCLUDE_Book or chapter_Failure to access or locate online full citation_NA_NA,(Dickman 2011),EXCLUDE,Book or chapter,Inaccessible,,no,Inaccessible,Failure to access or locate online full citation,Excluded,Not relevant
(Dickman et al. 2001)_INCLUDE_NA_Population not in support_yes_no,(Dickman et al. 2001),INCLUDE,,Population not in support,yes,no,Population not in support with data,Population not in support with data,Population with data,No
(Dilley et al. 2016)_EXCLUDE_NA_No claim_NA_NA,(Dilley et al. 2016),EXCLUDE,,No claim,,no,No claim,No claim,Excluded,Not relevant
(Dumont et al. 2010)_EXCLUDE_NA_Model no pop data_NA_NA,(Dumont et al. 2010),EXCLUDE,,Does not test claim,,no,Does not test claim,Modelling without data,Excluded,Not relevant
(Dunlop et al. 2021)_EXCLUDE_NA_No claim_NA_NA,(Dunlop et al. 2021),EXCLUDE,,No claim,,no,No claim,No claim,Excluded,Not relevant
(Durette-Desset & Pesson 1987)_EXCLUDE_NA_Not in English or Spanish_NA_NA,(Durette-Desset & Pesson 1987),EXCLUDE,NA,Inaccessible,,no,Inaccessible,Not in English or Spanish,Excluded,Not relevant
(Eifler & Eifler 2025)_EXCLUDE_NA_Expert opinion_NA_NA,(Eifler & Eifler 2025),EXCLUDE,,Does not test claim,,no,Does not test claim,Expert opinion,Excluded,Not relevant
(Fancourt 2014)_EXCLUDE_NA_No claim_NA_NA,(Fancourt 2014),EXCLUDE,,No claim,,no,No claim,No claim,Excluded,Not relevant
(Fancourt 2016)_EXCLUDE_NA_Expert opinion_NA_NA,(Fancourt 2016),EXCLUDE,,Does not test claim,,no,Does not test claim,Expert opinion,Excluded,Not relevant
(Farris et al. 2015a)_EXCLUDE_NA_Does not test claim_NA_NA,(Farris et al. 2015a),EXCLUDE,,Does not test claim,,no,Does not test claim,Does not test claim,Excluded,Not relevant
(Farris et al. 2017)_INCLUDE_NA_Population in support_yes_no,(Farris et al. 2017),INCLUDE,,Population in support,yes,no,Population in support with data,Population in support with data,Population with data,Yes
(Felis et al. 2019)_EXCLUDE_NA_No claim_NA_NA,(Felis et al. 2019),EXCLUDE,,No claim,,no,No claim,No claim,Excluded,Not relevant
(Fernandes et al. 2023)_EXCLUDE_NA_No claim_NA_NA,(Fernandes et al. 2023),EXCLUDE,,No claim,,no,No claim,No claim,Excluded,Not relevant
(Fleming & Frahm 1997)_EXCLUDE_NA_No claim_NA_NA,(Fleming & Frahm 1997),EXCLUDE,,No claim,,no,No claim,No claim,Excluded,Not relevant
(Herrera M. et al. 2019)_INCLUDE_NA_Population not in support_yes_yes,(Herrera M. et al. 2019),INCLUDE,,Population not in support,yes,yes,Population not in support with data of quality,Population not in support with data of quality,Population with data,No
(Fokidis et al. 2009)_EXCLUDE_NA_No claim_NA_NA,(Fokidis et al. 2009),EXCLUDE,,No claim,,no,No claim,No claim,Excluded,Not relevant
(French et al. 2020)_EXCLUDE_NA_No claim_NA_NA,(French et al. 2020),EXCLUDE,,No claim,,no,No claim,No claim,Excluded,Not relevant
(Friend et al. 2020)_EXCLUDE_NA_No claim_NA_NA,(Friend et al. 2020),EXCLUDE,,No claim,,no,No claim,No claim,Excluded,Not relevant
(Fujihara & Inoue-Murayama 2024)_EXCLUDE_NA_No claim_NA_NA,(Fujihara & Inoue-Murayama 2024),EXCLUDE,,No claim,,no,No claim,No claim,Excluded,Not relevant
(Funk 1996)_EXCLUDE_NA_No claim_NA_NA,(Funk 1996),EXCLUDE,,No claim,,no,No claim,No claim,Excluded,Not relevant
(Gaschk & Clemente 2022)_EXCLUDE_NA_No claim_NA_NA,(Gaschk & Clemente 2022),EXCLUDE,,No claim,,no,No claim,No claim,Excluded,Not relevant
(Gérard et al. 2016)_EXCLUDE_NA_Does not test claim_NA_NA,(Gérard et al. 2016),EXCLUDE,,Does not test claim,,no,Does not test claim,Does not test claim,Excluded,Not relevant
(Ghestemme et al. 2019)_EXCLUDE_NA_Does not test claim_NA_NA,(Ghestemme et al. 2019),EXCLUDE,,Does not test claim,,no,Does not test claim,Does not test claim,Excluded,Not relevant
(Gillies et al. 2003)_EXCLUDE_NA_Expert opinion_NA_NA,(Gillies et al. 2003),EXCLUDE,,Does not test claim,,no,Does not test claim,Expert opinion,Excluded,Not relevant
(Gilmour et al. 2022)_EXCLUDE_NA_No claim_NA_NA,(Gilmour et al. 2022),EXCLUDE,,No claim,,no,No claim,No claim,Excluded,Not relevant
(Gineste et al. 2017)_EXCLUDE_NA_No claim_NA_NA,(Gineste et al. 2017),EXCLUDE,,No claim,,no,No claim,No claim,Excluded,Not relevant
(Goldingay 2024)_EXCLUDE_NA_No claim_NA_NA,(Goldingay 2024),EXCLUDE,,No claim,,no,No claim,No claim,Excluded,Not relevant
(González-Solís et al. 2024)_INCLUDE_NA_Predation in support_no_no,(González-Solís et al. 2024),INCLUDE,,Predation in support,no,no,Predation in support without data,Predation in support without data,Predation without data,Yes
(Greenwell et al. 2019)_INCLUDE_NA_Predation in support_no_no,(Greenwell et al. 2019),INCLUDE,,Predation in support,no,no,Predation in support without data,Predation in support without data,Predation without data,Yes
(Hahn et al. 2010)_EXCLUDE_NA_No claim_NA_NA,(Hahn et al. 2010),EXCLUDE,,No claim,,no,No claim,No claim,Excluded,Not relevant
(Haines 1946)_EXCLUDE_NA_No claim_NA_NA,(Haines 1946),EXCLUDE,,No claim,,no,No claim,No claim,Excluded,Not relevant
(Hardman et al. 2016)_EXCLUDE_NA_No claim_NA_NA,(Hardman et al. 2016),EXCLUDE,,No claim,,no,No claim,No claim,Excluded,Not relevant
(Harrison et al. 2025)_EXCLUDE_NA_No claim_NA_NA,(Harrison et al. 2025),EXCLUDE,,No claim,,no,No claim,No claim,Excluded,Not relevant
(Harrison et al. 2023)_EXCLUDE_NA_No claim_NA_NA,(Harrison et al. 2023),EXCLUDE,,No claim,,no,No claim,No claim,Excluded,Not relevant
(Hayward et al. 2015)_EXCLUDE_NA_No claim_NA_NA,(Hayward et al. 2015),EXCLUDE,,No claim,,no,No claim,No claim,Excluded,Not relevant
(Hearn et al. 1998)_EXCLUDE_NA_No claim_NA_NA,(Hearn et al. 1998),EXCLUDE,,No claim,,no,No claim,No claim,Excluded,Not relevant
(Heiniger et al. 2018)_EXCLUDE_NA_No claim_NA_NA,(Heiniger et al. 2018),EXCLUDE,,No claim,,no,No claim,No claim,Excluded,Not relevant
(Heiniger et al. 2020)_EXCLUDE_NA_No claim_NA_NA,(Heiniger et al. 2020),EXCLUDE,,No claim,,no,No claim,No claim,Excluded,Not relevant
(Helmstedt et al. 2014)_EXCLUDE_NA_No claim_NA_NA,(Helmstedt et al. 2014),EXCLUDE,,No claim,,no,No claim,No claim,Excluded,Not relevant
(Hernandez-Divers et al. 2003)_EXCLUDE_NA_Expert opinion_NA_NA,(Hernandez-Divers et al. 2003),EXCLUDE,,Does not test claim,,no,Does not test claim,Expert opinion,Excluded,Not relevant
(Hetherington et al. 2007)_EXCLUDE_NA_No claim_NA_NA,(Hetherington et al. 2007),EXCLUDE,,No claim,,no,No claim,No claim,Excluded,Not relevant
(Hocking & Guiler 1983)_EXCLUDE_Peer-reviewed journal article_Failure to access or locate online full citation_NA_NA,(Hocking & Guiler 1983),EXCLUDE,Peer-reviewed journal article,Inaccessible,,no,Inaccessible,Failure to access or locate online full citation,Excluded,Not relevant
(Hocking & Guiler 1983)_EXCLUDE_NA_No claim_NA_NA,(Hocking & Guiler 1983),EXCLUDE,,No claim,,no,No claim,No claim,Excluded,Not relevant
(Indigo et al. 2019)_EXCLUDE_NA_No claim_NA_NA,(Indigo et al. 2019),EXCLUDE,,No claim,,no,No claim,No claim,Excluded,Not relevant
(Ishida et al. 2015)_EXCLUDE_NA_No claim_NA_NA,(Ishida et al. 2015),EXCLUDE,,No claim,,no,No claim,No claim,Excluded,Not relevant
(Jessop et al. In prep)_EXCLUDE_NA_Unpublished data or article_NA_NA,(Jessop et al. In prep),EXCLUDE,NA,Inaccessible,,no,Inaccessible,Unpublished data or article,Excluded,Not relevant
(Jones et al. 2021)_EXCLUDE_NA_No claim_NA_NA,(Jones et al. 2021),EXCLUDE,,No claim,,no,No claim,No claim,Excluded,Not relevant
(Jones & Ryan 2010)_EXCLUDE_NA_No claim_NA_NA,(Jones & Ryan 2010),EXCLUDE,,No claim,,no,No claim,No claim,Excluded,Not relevant
(Juhasz et al. 2022a)_EXCLUDE_NA_No claim_NA_NA,(Juhasz et al. 2022a),EXCLUDE,,No claim,,no,No claim,No claim,Excluded,Not relevant
(Kaewmongkol et al. 2011)_EXCLUDE_NA_No claim_NA_NA,(Kaewmongkol et al. 2011),EXCLUDE,,No claim,,no,No claim,No claim,Excluded,Not relevant
(Kearney et al. 2022)_INCLUDE_NA_Predation not in support_no_no,(Kearney et al. 2022),INCLUDE,,Predation not in support,no,no,Predation not in support without data,Predation not in support without data,Predation without data,No
(King 2023)_EXCLUDE_NA_No claim_NA_NA,(King 2023),EXCLUDE,,No claim,,no,No claim,No claim,Excluded,Not relevant
(Kumar et al. 2021)_EXCLUDE_NA_Expert opinion_NA_NA,(Kumar et al. 2021),EXCLUDE,,Does not test claim,,no,Does not test claim,Expert opinion,Excluded,Not relevant
(Kutschera & Kleinhans 2013)_EXCLUDE_NA_No claim_NA_NA,(Kutschera & Kleinhans 2013),EXCLUDE,,No claim,,no,No claim,No claim,Excluded,Not relevant
(Kutt et al. 2023)_EXCLUDE_NA_Expert opinion_NA_NA,(Kutt et al. 2023),EXCLUDE,,Does not test claim,,no,Does not test claim,Expert opinion,Excluded,Not relevant
(Legge et al. 2018)_EXCLUDE_NA_No claim_NA_NA,(Legge et al. 2018),EXCLUDE,,No claim,,no,No claim,No claim,Excluded,Not relevant
(Lollback et al. 2018)_EXCLUDE_NA_No claim_NA_NA,(Lollback et al. 2018),EXCLUDE,,No claim,,no,No claim,No claim,Excluded,Not relevant
(MacLeod et al. 2020)_EXCLUDE_NA_Does not test claim_NA_NA,(MacLeod et al. 2020),EXCLUDE,,Does not test claim,,no,Does not test claim,Does not test claim,Excluded,Not relevant
(Marks et al. 2006)_EXCLUDE_NA_No claim_NA_NA,(Marks et al. 2006),EXCLUDE,,No claim,,no,No claim,No claim,Excluded,Not relevant
(Marlow et al. 2015b)_EXCLUDE_NA_No claim_NA_NA,(Marlow et al. 2015b),EXCLUDE,,No claim,,no,No claim,No claim,Excluded,Not relevant
(Masseti 2010)_EXCLUDE_Peer-reviewed journal article_Failure to access or locate online full citation_NA_NA,(Masseti 2010),EXCLUDE,Peer-reviewed journal article,Inaccessible,,no,Inaccessible,Failure to access or locate online full citation,Excluded,Not relevant
(Matias & Catry 2008)_INCLUDE_NA_Predation not in support_no_no,(Matias & Catry 2008),INCLUDE,,Predation not in support,no,no,Predation not in support without data,Predation not in support without data,Predation without data,No
(Matthews et al. 2013)_EXCLUDE_NA_No claim_NA_NA,(Matthews et al. 2013),EXCLUDE,,No claim,,no,No claim,No claim,Excluded,Not relevant
(McDonald et al. 2016)_EXCLUDE_NA_No claim_NA_NA,(McDonald et al. 2016),EXCLUDE,,No claim,,no,No claim,No claim,Excluded,Not relevant
(McHugh et al. 2022)_INCLUDE_NA_Population not in support_yes_yes,(McHugh et al. 2022),INCLUDE,,Population not in support,yes,yes,Population not in support with data of quality,Population not in support with data of quality,Population with data,No
(McHugh et al. 2020)_EXCLUDE_NA_No claim_NA_NA,(McHugh et al. 2020),EXCLUDE,,No claim,,no,No claim,No claim,Excluded,Not relevant
(McKay et al. 2022)_EXCLUDE_NA_No claim_NA_NA,(McKay et al. 2022),EXCLUDE,,No claim,,no,No claim,No claim,Excluded,Not relevant
(McLennan & Potter 1992)_EXCLUDE_NA_Expert opinion_NA_NA,(McLennan & Potter 1992),EXCLUDE,,Does not test claim,,no,Does not test claim,Expert opinion,Excluded,Not relevant
(McLennan & Potter 1992)_EXCLUDE_NA_No claim_NA_NA,(McLennan & Potter 1992),EXCLUDE,,No claim,,no,No claim,No claim,Excluded,Not relevant
(Menon et al. 2025)_INCLUDE_NA_Population not in support_yes_yes,(Menon et al. 2025),INCLUDE,,Population not in support,yes,yes,Population not in support with data of quality,Population not in support with data of quality,Population with data,No
(Mittermeier et al. 2018)_EXCLUDE_NA_Expert opinion_NA_NA,(Mittermeier et al. 2018),EXCLUDE,,Does not test claim,,no,Does not test claim,Expert opinion,Excluded,Not relevant
(Moore et al. 2020)_EXCLUDE_NA_No claim_NA_NA,(Moore et al. 2020),EXCLUDE,,No claim,,no,No claim,No claim,Excluded,Not relevant
(Moreno et al. 2008)_EXCLUDE_NA_No claim_NA_NA,(Moreno et al. 2008),EXCLUDE,,No claim,,no,No claim,No claim,Excluded,Not relevant
(Moro et al. 2020)_EXCLUDE_NA_No claim_NA_NA,(Moro et al. 2020),EXCLUDE,,No claim,,no,No claim,No claim,Excluded,Not relevant
(Moseby et al. 2021a)_EXCLUDE_NA_No claim_NA_NA,(Moseby et al. 2021a),EXCLUDE,,No claim,,no,No claim,No claim,Excluded,Not relevant
(Moseby et al. 2023)_EXCLUDE_NA_No claim_NA_NA,(Moseby et al. 2023),EXCLUDE,,No claim,,no,No claim,No claim,Excluded,Not relevant
(Moseby et al. 2024)_EXCLUDE_NA_No claim_NA_NA,(Moseby et al. 2024),EXCLUDE,,No claim,,no,No claim,No claim,Excluded,Not relevant
(Moseby et al. 2020)_EXCLUDE_NA_No claim_NA_NA,(Moseby et al. 2020),EXCLUDE,,No claim,,no,No claim,No claim,Excluded,Not relevant
(Munday & Mason 1980)_EXCLUDE_NA_No claim_NA_NA,(Munday & Mason 1980),EXCLUDE,,No claim,,no,No claim,No claim,Excluded,Not relevant
(Murphy et al. 2022)_EXCLUDE_NA_Expert opinion_NA_NA,(Murphy et al. 2022),EXCLUDE,,Does not test claim,,no,Does not test claim,Expert opinion,Excluded,Not relevant
(Nagata et al. 2022)_INCLUDE_NA_Predation in support_no_no,(Nagata et al. 2022),INCLUDE,,Predation in support,no,no,Predation in support without data,Predation in support without data,Predation without data,Yes
(Northover et al. 2024)_EXCLUDE_NA_No claim_NA_NA,(Northover et al. 2024),EXCLUDE,,No claim,,no,No claim,No claim,Excluded,Not relevant
(Palmas et al. 2020)_INCLUDE_NA_Predation not in support_no_no,(Palmas et al. 2020),INCLUDE,,Predation not in support,no,no,Predation not in support without data,Predation not in support without data,Predation without data,No
(Peacock & Abbott 2013)_EXCLUDE_NA_No claim_NA_NA,(Peacock & Abbott 2013),EXCLUDE,,No claim,,no,No claim,No claim,Excluded,Not relevant
(Pedler et al. 2018)_EXCLUDE_NA_No claim_NA_NA,(Pedler et al. 2018),EXCLUDE,,No claim,,no,No claim,No claim,Excluded,Not relevant
(Phillips et al. 2012)_EXCLUDE_NA_No claim_NA_NA,(Phillips et al. 2012),EXCLUDE,,No claim,,no,No claim,No claim,Excluded,Not relevant
(Potter et al. 2010)_EXCLUDE_NA_No claim_NA_NA,(Potter et al. 2010),EXCLUDE,,No claim,,no,No claim,No claim,Excluded,Not relevant
(Powlesland et al. 1995)_INCLUDE_NA_Predation in support_no_no,(Powlesland et al. 1995),INCLUDE,,Predation in support,no,no,Predation in support without data,Predation in support without data,Predation without data,Yes
(Priddel & Wheeler 2004)_EXCLUDE_NA_Expert opinion_NA_NA,(Priddel & Wheeler 2004),EXCLUDE,,Does not test claim,,no,Does not test claim,Expert opinion,Excluded,Not relevant
(Russell et al. 2025)_INCLUDE_NA_Population not in support_yes_yes,(Russell et al. 2025),INCLUDE,,Population not in support,yes,yes,Population not in support with data of quality,Population not in support with data of quality,Population with data,No
(Radford 2012)_EXCLUDE_NA_No claim_NA_NA,(Radford 2012),EXCLUDE,,No claim,,no,No claim,No claim,Excluded,Not relevant
(Raine et al. 2020)_EXCLUDE_NA_No claim_NA_NA,(Raine et al. 2020),EXCLUDE,,No claim,,no,No claim,No claim,Excluded,Not relevant
(Ramón‐Laca et al. 2013)_EXCLUDE_NA_No claim_NA_NA,(Ramón‐Laca et al. 2013),EXCLUDE,,No claim,,no,No claim,No claim,Excluded,Not relevant
(Read et al. 2019b)_EXCLUDE_NA_No claim_NA_NA,(Read et al. 2019b),EXCLUDE,,No claim,,no,No claim,No claim,Excluded,Not relevant
(Read et al. 2023)_EXCLUDE_NA_No claim_NA_NA,(Read et al. 2023),EXCLUDE,,No claim,,no,No claim,No claim,Excluded,Not relevant
(Reyes-Arriagada et al. 2012)_EXCLUDE_NA_Expert opinion_NA_NA,(Reyes-Arriagada et al. 2012),EXCLUDE,,Does not test claim,,no,Does not test claim,Expert opinion,Excluded,Not relevant
(Ross et al. 2019a)_EXCLUDE_NA_No claim_NA_NA,(Ross et al. 2019a),EXCLUDE,,No claim,,no,No claim,No claim,Excluded,Not relevant
(Ross et al. 2019b)_EXCLUDE_NA_No claim_NA_NA,(Ross et al. 2019b),EXCLUDE,,No claim,,no,No claim,No claim,Excluded,Not relevant
(Saxon-Mills et al. 2018)_EXCLUDE_NA_No claim_NA_NA,(Saxon-Mills et al. 2018),EXCLUDE,,No claim,,no,No claim,No claim,Excluded,Not relevant
(Schaefer & Colombelli‐Négrel 2021)_EXCLUDE_NA_No claim_NA_NA,(Schaefer & Colombelli‐Négrel 2021),EXCLUDE,,No claim,,no,No claim,No claim,Excluded,Not relevant
(Schramm 1986)_EXCLUDE_NA_Expert opinion_NA_NA,(Schramm 1986),EXCLUDE,,Does not test claim,,no,Does not test claim,Expert opinion,Excluded,Not relevant
(Semedo et al. 2021)_EXCLUDE_NA_No claim_NA_NA,(Semedo et al. 2021),EXCLUDE,,No claim,,no,No claim,No claim,Excluded,Not relevant
(Semedo et al. 2021)_EXCLUDE_NA_Expert opinion_NA_NA,(Semedo et al. 2021),EXCLUDE,,Does not test claim,,no,Does not test claim,Expert opinion,Excluded,Not relevant
(Short & Turner 1994)_EXCLUDE_NA_Expert opinion_NA_NA,(Short & Turner 1994),EXCLUDE,,Does not test claim,,no,Does not test claim,Expert opinion,Excluded,Not relevant
(Short et al. 2018)_EXCLUDE_NA_No claim_NA_NA,(Short et al. 2018),EXCLUDE,,No claim,,no,No claim,No claim,Excluded,Not relevant
(Simeone et al. 2003)_EXCLUDE_NA_No claim_NA_NA,(Simeone et al. 2003),EXCLUDE,,No claim,,no,No claim,No claim,Excluded,Not relevant
(Smith & Quin 1996)_EXCLUDE_NA_Does not test claim_NA_NA,(Smith & Quin 1996),EXCLUDE,,Does not test claim,,no,Does not test claim,Does not test claim,Excluded,Not relevant
(Smith et al. 2023)_EXCLUDE_NA_No claim_NA_NA,(Smith et al. 2023),EXCLUDE,,No claim,,no,No claim,No claim,Excluded,Not relevant
(Southgate et al. 1996)_EXCLUDE_NA_No claim_NA_NA,(Southgate et al. 1996),EXCLUDE,,No claim,,no,No claim,No claim,Excluded,Not relevant
(Spurr & Anderson 2004)_EXCLUDE_NA_No claim_NA_NA,(Spurr & Anderson 2004),EXCLUDE,,No claim,,no,No claim,No claim,Excluded,Not relevant
(Steindler & Letnic 2021)_EXCLUDE_NA_No claim_NA_NA,(Steindler & Letnic 2021),EXCLUDE,,No claim,,no,No claim,No claim,Excluded,Not relevant
(Steindler et al. 2018)_EXCLUDE_NA_No claim_NA_NA,(Steindler et al. 2018),EXCLUDE,,No claim,,no,No claim,No claim,Excluded,Not relevant
(Steindler et al. 2020)_EXCLUDE_NA_No claim_NA_NA,(Steindler et al. 2020),EXCLUDE,,No claim,,no,No claim,No claim,Excluded,Not relevant
(Stepkovitch et al. 2024)_EXCLUDE_NA_No claim_NA_NA,(Stepkovitch et al. 2024),EXCLUDE,,No claim,,no,No claim,No claim,Excluded,Not relevant
(Stroud et al. 2017)_EXCLUDE_NA_No claim_NA_NA,(Stroud et al. 2017),EXCLUDE,,No claim,,no,No claim,No claim,Excluded,Not relevant
(Tay et al. 2021)_EXCLUDE_NA_No claim_NA_NA,(Tay et al. 2021),EXCLUDE,,No claim,,no,No claim,No claim,Excluded,Not relevant
(Tenorio et al. 2020)_EXCLUDE_NA_Expert opinion_NA_NA,(Tenorio et al. 2020),EXCLUDE,,Does not test claim,,no,Does not test claim,Expert opinion,Excluded,Not relevant
(Thompson et al. 2019)_EXCLUDE_NA_No claim_NA_NA,(Thompson et al. 2019),EXCLUDE,,No claim,,no,No claim,No claim,Excluded,Not relevant
(Turner et al. 2023)_INCLUDE_NA_Population in support_yes_yes,(Turner et al. 2023),INCLUDE,,Population in support,yes,yes,Population in support with data of quality,Population in support with data of quality,Population with data,Yes
(Van der Weyde et al. 2023)_EXCLUDE_NA_No claim_NA_NA,(Van der Weyde et al. 2023),EXCLUDE,,No claim,,no,No claim,No claim,Excluded,Not relevant
(Vanstreels et al. 2019)_EXCLUDE_NA_No claim_NA_NA,(Vanstreels et al. 2019),EXCLUDE,,No claim,,no,No claim,No claim,Excluded,Not relevant
(Vernes et al. 2021a)_EXCLUDE_NA_No claim_NA_NA,(Vernes et al. 2021a),EXCLUDE,,No claim,,no,No claim,No claim,Excluded,Not relevant
(Whitehead et al. 2018)_EXCLUDE_NA_No claim_NA_NA,(Whitehead et al. 2018),EXCLUDE,,No claim,,no,No claim,No claim,Excluded,Not relevant
(Whitworth et al. 2021)_EXCLUDE_NA_No claim_NA_NA,(Whitworth et al. 2021),EXCLUDE,,No claim,,no,No claim,No claim,Excluded,Not relevant
(Whitworth et al. 2021)_EXCLUDE_NA_Expert opinion_NA_NA,(Whitworth et al. 2021),EXCLUDE,,Does not test claim,,no,Does not test claim,Expert opinion,Excluded,Not relevant
(Whitworth et al. 2018)_INCLUDE_NA_Predation not in support_no_no,(Whitworth et al. 2018),INCLUDE,,Predation not in support,no,no,Predation not in support without data,Predation not in support without data,Predation without data,No
(Woinarski et al. 2015)_EXCLUDE_NA_No claim_NA_NA,(Woinarski et al. 2015),EXCLUDE,,No claim,,no,No claim,No claim,Excluded,Not relevant
(Work et al. 2015)_EXCLUDE_NA_No claim_NA_NA,(Work et al. 2015),EXCLUDE,,No claim,,no,No claim,No claim,Excluded,Not relevant
(Work et al. 2000)_EXCLUDE_NA_Does not test claim_NA_NA,(Work et al. 2000),EXCLUDE,,Does not test claim,,no,Does not test claim,Does not test claim,Excluded,Not relevant
(Work et al. 2016)_EXCLUDE_NA_No claim_NA_NA,(Work et al. 2016),EXCLUDE,,No claim,,no,No claim,No claim,Excluded,Not relevant
(Yabsley et al. 2017)_EXCLUDE_NA_No claim_NA_NA,(Yabsley et al. 2017),EXCLUDE,,No claim,,no,No claim,No claim,Excluded,Not relevant
(de Tores et al. 2011)_EXCLUDE_NA_No claim_NA_NA,(de Tores et al. 2011),EXCLUDE,,No claim,,no,No claim,No claim,Excluded,Not relevant
(Alberts 2000) core source_EXCLUDE_NA_No claim,(Alberts 2000) core source,EXCLUDE,NA,No claim,,no,No claim,No claim,Excluded,Not relevant
(Garnett et al. 2011) core source_EXCLUDE_NA_No claim,(Garnett et al. 2011) core source,EXCLUDE,NA,No claim,,no,No claim,No claim,Excluded,Not relevant
(Dickman 1996b) core source_EXCLUDE_NA_No claim,(Dickman 1996b) core source,EXCLUDE,NA,No claim,,no,No claim,No claim,Excluded,Not relevant
(Hume 2017) core source_EXCLUDE_NA_No claim,(Hume 2017) core source,EXCLUDE,NA,No claim,,no,No claim,No claim,Excluded,Not relevant
(IUCN 2025) core source_EXCLUDE_NA_No claim,(IUCN 2025) core source,EXCLUDE,NA,No claim,,no,No claim,No claim,Excluded,Not relevant
