key,article_id,cited_by_id,scientificName,distance_to_terminus,article_node_name,Peer_reviewed_source,in_support,evidence_type_synthetic,has_data,of_quality,source_year
Acrocephalus aequinoctialis (Doherty et al. 2016) core source_claim,NOTHING_EXCLUDE_NA_No citation given_NA_NA Acrocephalus aequinoctialis,(Doherty et al. 2016) core source_claim,Acrocephalus aequinoctialis,2,NOTHING NA Acrocephalus aequinoctialis,"",Not relevant,No citation given,"",no,2014
Acrocephalus aequinoctialis (IUCN 2025) core source_claim,NOTHING_EXCLUDE_NA_No citation given_NA_NA Acrocephalus aequinoctialis,(IUCN 2025) core source_claim,Acrocephalus aequinoctialis,1,NOTHING NA Acrocephalus aequinoctialis,"",Not relevant,No citation given,"",no,2018
Acrocephalus aequinoctialis Web of Science_Systematic external review,NOTHING_EXCLUDE_NA_No citation given_NA_NA Acrocephalus aequinoctialis,Web of Science_Systematic external review,Acrocephalus aequinoctialis,3,NOTHING NA Acrocephalus aequinoctialis,"",Not relevant,No citation given,"",no,2025
Acrocephalus hiwae (IUCN 2025) core source_claim,(Camp et al. 2009)_EXCLUDE_1_No claim_NA_NA,(IUCN 2025) core source_claim,Acrocephalus hiwae,1,(Camp et al. 2009),"",Not relevant,No claim,"",no,2023
Acrocephalus hiwae (IUCN 2025) core source_claim,(Mosher 2006)_EXCLUDE_0_Inaccessible_NA_NA,(IUCN 2025) core source_claim,Acrocephalus hiwae,1,(Mosher 2006),0,Not relevant,Inaccessible,"",no,2023
Acrocephalus hiwae (IUCN 2025) core source_claim,(USFWS 1998b)_EXCLUDE_0_Opinion claim_NA_NA,(IUCN 2025) core source_claim,Acrocephalus hiwae,1,(USFWS 1998b),"",Not relevant,Opinion claim,"",no,2023
Acrocephalus longirostris (Hume 2017) core source_claim,NOTHING_EXCLUDE_NA_No citation given_NA_NA Acrocephalus longirostris,(Hume 2017) core source_claim,Acrocephalus longirostris,1,NOTHING NA Acrocephalus longirostris,"",Not relevant,No citation given,"",no,2016
Acrocephalus longirostris (IUCN 2025) core source_claim,(Seitre & Seitre 1989)_EXCLUDE_0_Not in English or Spanish_NA_NA,(IUCN 2025) core source_claim,Acrocephalus longirostris,1,(Seitre & Seitre 1989),"",Not relevant,Not in English or Spanish,"",no,2018
Acrocephalus longirostris (IUCN 2025) core source_claim,(Thibault 1988)_EXCLUDE_0_Not in English or Spanish_NA_NA,(IUCN 2025) core source_claim,Acrocephalus longirostris,1,(Thibault 1988),"",Not relevant,Not in English or Spanish,"",no,2018
Acrocephalus musae (IUCN 2025) core source_claim,A. Gouni in litt. 2012_EXCLUDE_0_Inaccessible_NA_NA,(IUCN 2025) core source_claim,Acrocephalus musae,1,A. Gouni in litt. 2012,0,Not relevant,Inaccessible,"",no,2022
Acrocephalus rimitarae (IUCN 2025) core source_claim,(BirdLife International 2000)_EXCLUDE_0_Inaccessible_NA_NA,(IUCN 2025) core source_claim,Acrocephalus rimitarae,2,(BirdLife International 2000),0,Not relevant,Inaccessible,"",no,2019
Acrocephalus rimitarae (IUCN 2025) core source_claim,(Thibault & Cibois 2006b)_EXCLUDE_?_Not in English or Spanish_NA_NA,(IUCN 2025) core source_claim,Acrocephalus rimitarae,1,(Thibault & Cibois 2006b),"",Not relevant,Not in English or Spanish,"",no,2019
Acrocephalus rodericanus (IUCN 2025) core source_claim,(Showler et al. 2002)_EXCLUDE_1_No claim_NA_NA,(IUCN 2025) core source_claim,Acrocephalus rodericanus,1,(Showler et al. 2002),"",Not relevant,No claim,"",no,2015
Acrocephalus rodericanus (Medina et al. 2011) core source_claim,(BirdLife International 2000)_EXCLUDE_0_Inaccessible_NA_NA,(Medina et al. 2011) core source_claim,Acrocephalus rodericanus,1,(BirdLife International 2000),0,Not relevant,Inaccessible,"",no,2009
Acrocephalus vaughani (Doherty et al. 2016) core source_claim,M. Brooke in litt. 2012_EXCLUDE_0_Inaccessible_NA_NA,(Doherty et al. 2016) core source_claim,Acrocephalus vaughani,2,M. Brooke in litt. 2012,0,Not relevant,Inaccessible,"",no,2014
Acrocephalus vaughani (IUCN 2025) core source_claim,M. Brooke in litt. 2012_EXCLUDE_0_Inaccessible_NA_NA,(IUCN 2025) core source_claim,Acrocephalus vaughani,1,M. Brooke in litt. 2012,0,Not relevant,Inaccessible,"",no,2019
Acrocephalus yamashinae (Hume 2017) core source_claim,NOTHING_EXCLUDE_NA_No citation given_NA_NA Acrocephalus yamashinae,(Hume 2017) core source_claim,Acrocephalus yamashinae,1,NOTHING NA Acrocephalus yamashinae,"",Not relevant,No citation given,"",no,2016
Acrocephalus yamashinae (IUCN 2025) core source_claim,NOTHING_EXCLUDE_NA_No citation given_NA_NA Acrocephalus yamashinae,(IUCN 2025) core source_claim,Acrocephalus yamashinae,2,NOTHING NA Acrocephalus yamashinae,"",Not relevant,No citation given,"",no,2022
Aegotheles savesi (Doherty et al. 2016) core source_claim,(Ekstrom et al. 2002)_EXCLUDE_1_No claim_NA_NA,(Doherty et al. 2016) core source_claim,Aegotheles savesi,1,(Ekstrom et al. 2002),"",Not relevant,No claim,"",no,2014
Aegotheles savesi (Doherty et al. 2016) core source_claim,NOTHING_EXCLUDE_NA_No citation given_NA_NA Aegotheles savesi,(Doherty et al. 2016) core source_claim,Aegotheles savesi,2,NOTHING NA Aegotheles savesi,"",Not relevant,No citation given,"",no,2014
Aegotheles savesi (IUCN 2025) core source_claim,NOTHING_EXCLUDE_NA_No citation given_NA_NA Aegotheles savesi,(IUCN 2025) core source_claim,Aegotheles savesi,1,NOTHING NA Aegotheles savesi,"",Not relevant,No citation given,"",no,2015
Agelaius xanthomus (IUCN 2025) core source_claim,NOTHING_EXCLUDE_NA_No citation given_NA_NA Agelaius xanthomus,(IUCN 2025) core source_claim,Agelaius xanthomus,1,NOTHING NA Agelaius xanthomus,"",Not relevant,No citation given,"",no,2019
Algyroides marchi (Doherty et al. 2016) core source_claim,NOTHING_EXCLUDE_NA_No citation given_NA_NA Algyroides marchi,(Doherty et al. 2016) core source_claim,Algyroides marchi,2,NOTHING NA Algyroides marchi,"",Not relevant,No citation given,"",no,2014
Algyroides marchi (IUCN 2025) core source_claim,NOTHING_EXCLUDE_NA_No citation given_NA_NA Algyroides marchi,(IUCN 2025) core source_claim,Algyroides marchi,1,NOTHING NA Algyroides marchi,"",Not relevant,No citation given,"",no,2021
Alopochen mauritiana (Hume 2017) core source_claim,NOTHING_EXCLUDE_NA_No citation given_NA_NA Alopochen mauritiana,(Hume 2017) core source_claim,Alopochen mauritiana,1,NOTHING NA Alopochen mauritiana,"",Not relevant,No citation given,"",no,2016
Alopochen mauritiana (IUCN 2025) core source_claim,NOTHING_EXCLUDE_NA_No citation given_NA_NA Alopochen mauritiana,(IUCN 2025) core source_claim,Alopochen mauritiana,2,NOTHING NA Alopochen mauritiana,"",Not relevant,No citation given,"",no,2022
Alsophis rijgersmaei (IUCN 2025) core source_claim,NOTHING_EXCLUDE_NA_No citation given_NA_NA Alsophis rijgersmaei,(IUCN 2025) core source_claim,Alsophis rijgersmaei,1,NOTHING NA Alsophis rijgersmaei,"",Not relevant,No citation given,"",no,2014
Alsophis rufiventris (Doherty et al. 2016) core source_claim,(Sajdak & Henderson 1991)_EXCLUDE_1_Opinion claim_NA_NA,(Doherty et al. 2016) core source_claim,Alsophis rufiventris,1,(Sajdak & Henderson 1991),"",Not relevant,Opinion claim,"",no,2014
Alsophis rufiventris (Doherty et al. 2016) core source_claim,NOTHING_EXCLUDE_NA_No citation given_NA_NA Alsophis rufiventris,(Doherty et al. 2016) core source_claim,Alsophis rufiventris,2,NOTHING NA Alsophis rufiventris,"",Not relevant,No citation given,"",no,2014
Alsophis rufiventris (IUCN 2025) core source_claim,NOTHING_EXCLUDE_NA_No citation given_NA_NA Alsophis rufiventris,(IUCN 2025) core source_claim,Alsophis rufiventris,1,NOTHING NA Alsophis rufiventris,"",Not relevant,No citation given,"",no,2014
Amazona barbadensis (Doherty et al. 2016) core source_claim,(Rodríguez-Ferraro & Sanz 2007)_INCLUDE_NA_Predation in support_no_no,(Doherty et al. 2016) core source_claim,Amazona barbadensis,1,(Rodríguez-Ferraro & Sanz 2007),"",Yes,Predation in support without data,no,no,2014
Amazona barbadensis (IUCN 2025) core source_claim,Provita in litt. 2020_EXCLUDE_0_Inaccessible_NA_NA,(IUCN 2025) core source_claim,Amazona barbadensis,1,Provita in litt. 2020,0,Not relevant,Inaccessible,"",no,2020
Amazona barbadensis Web of Science_Systematic external review,(Bisbal 2008)_EXCLUDE_1_Inaccessible_NA_NA,Web of Science_Systematic external review,Amazona barbadensis,1,(Bisbal 2008),1,Not relevant,Inaccessible,"",no,2025
Amazona vittata (Doherty et al. 2016) core source_claim,(Engeman et al. 2006)_EXCLUDE_1_Opinion claim_NA_NA,(Doherty et al. 2016) core source_claim,Amazona vittata,1,(Engeman et al. 2006),"",Not relevant,Opinion claim,"",no,2014
Amazona vittata (IUCN 2025) core source_claim,R. M. Engeman in litt. 2012_EXCLUDE_0_Inaccessible_NA_NA,(IUCN 2025) core source_claim,Amazona vittata,1,R. M. Engeman in litt. 2012,0,Not relevant,Inaccessible,"",no,2019
Amazona vittata (Medina et al. 2011) core source_claim,(Engeman et al. 2006)_EXCLUDE_1_Opinion claim_NA_NA,(Medina et al. 2011) core source_claim,Amazona vittata,1,(Engeman et al. 2006),"",Not relevant,Opinion claim,"",no,2009
Amazona vittata Web of Science_Systematic external review,(Engeman et al. 2006)_EXCLUDE_1_Opinion claim_NA_NA,Web of Science_Systematic external review,Amazona vittata,1,(Engeman et al. 2006),"",Not relevant,Opinion claim,"",no,2025
Amblyrhynchus cristatus (Doherty et al. 2016) core source_claim,(Konecny 1983)_EXCLUDE_0_No claim_NA_NA,(Doherty et al. 2016) core source_claim,Amblyrhynchus cristatus,3,(Konecny 1983),"",Not relevant,No claim,"",no,2014
Amblyrhynchus cristatus (Doherty et al. 2016) core source_claim,(Laurie 1983)_INCLUDE_NA_Predation in support_no_no,(Doherty et al. 2016) core source_claim,Amblyrhynchus cristatus,2,(Laurie 1983),"",Yes,Predation in support without data,no,no,2014
Amblyrhynchus cristatus (Doherty et al. 2016) core source_claim,(MacLeod & Steinfartz 2016)_INCLUDE_NA_Population in support_no_no,(Doherty et al. 2016) core source_claim,Amblyrhynchus cristatus,2,(MacLeod & Steinfartz 2016),"",Yes,Population in support without data,no,no,2014
Amblyrhynchus cristatus (IUCN 2025) core source_claim,(Konecny 1983)_EXCLUDE_0_No claim_NA_NA,(IUCN 2025) core source_claim,Amblyrhynchus cristatus,2,(Konecny 1983),"",Not relevant,No claim,"",no,2018
Amblyrhynchus cristatus (IUCN 2025) core source_claim,(Laurie 1983)_INCLUDE_NA_Predation in support_no_no,(IUCN 2025) core source_claim,Amblyrhynchus cristatus,1,(Laurie 1983),"",Yes,Predation in support without data,no,no,2018
Amblyrhynchus cristatus (IUCN 2025) core source_claim,(MacLeod & Steinfartz 2016)_INCLUDE_NA_Population in support_no_no,(IUCN 2025) core source_claim,Amblyrhynchus cristatus,1,(MacLeod & Steinfartz 2016),"",Yes,Population in support without data,no,no,2018
Amblyrhynchus cristatus (Medina et al. 2011) core source_claim,(Konecny 1983)_EXCLUDE_0_No claim_NA_NA,(Medina et al. 2011) core source_claim,Amblyrhynchus cristatus,1,(Konecny 1983),"",Not relevant,No claim,"",no,2009
Amblyrhynchus cristatus (Medina et al. 2011) core source_claim,(Laurie 1983)_INCLUDE_NA_Predation in support_no_no,(Medina et al. 2011) core source_claim,Amblyrhynchus cristatus,1,(Laurie 1983),"",Yes,Predation in support without data,no,no,2009
Amblyrhynchus cristatus Web of Science_Systematic external review,(MacLeod et al. 2020)_EXCLUDE_NA_Does not test claim_NA_NA,Web of Science_Systematic external review,Amblyrhynchus cristatus,1,(MacLeod et al. 2020),"",Not relevant,Does not test claim,"",no,2025
Ameiva provitaae (IUCN 2025) core source_claim,NOTHING_EXCLUDE_NA_No citation given_NA_NA Ameiva provitaae,(IUCN 2025) core source_claim,Ameiva provitaae,1,NOTHING NA Ameiva provitaae,"",Not relevant,No citation given,"",no,2013
Amerotyphlops tasymicris (IUCN 2025) core source_claim,(Bentz et al. 2011)_EXCLUDE_1_Opinion claim_NA_NA,(IUCN 2025) core source_claim,Amerotyphlops tasymicris,1,(Bentz et al. 2011),"",Not relevant,Opinion claim,"",no,2010
Amerotyphlops tasymicris Web of Science_Systematic external review,(Bentz et al. 2011)_EXCLUDE_1_Opinion claim_NA_NA,Web of Science_Systematic external review,Amerotyphlops tasymicris,1,(Bentz et al. 2011),"",Not relevant,Opinion claim,"",no,2025
Amytornis ballarae (IUCN 2025) core source_claim,(Harrington et al. 2017)_EXCLUDE_1_No claim_NA_NA,(IUCN 2025) core source_claim,Amytornis ballarae,1,(Harrington et al. 2017),"",Not relevant,No claim,"",no,2020
Amytornis dorotheae (Garnett & Baker 2021) core source_claim,(Threatened Species Scientific Committee 2016a)_INCLUDE_NA_Predation not in support_no_no,(Garnett & Baker 2021) core source_claim,Amytornis dorotheae,1,(Threatened Species Scientific Committee 2016a),"",No,Predation not in support without data,no,no,2020
Amytornis dorotheae (IUCN 2025) core source_claim,(Threatened Species Scientific Committee 2016a)_INCLUDE_NA_Predation not in support_no_no,(IUCN 2025) core source_claim,Amytornis dorotheae,1,(Threatened Species Scientific Committee 2016a),"",No,Predation not in support without data,no,no,2021
Amytornis merrotsyi (IUCN 2025) core source_claim,Woinarski et al. 2018_EXCLUDE_?_Inaccessible_NA_NA,(IUCN 2025) core source_claim,Amytornis merrotsyi,1,Woinarski et al. 2018,?,Not relevant,Inaccessible,"",no,2020
Anadia bogotensis (IUCN 2025) core source_claim,NOTHING_EXCLUDE_NA_No citation given_NA_NA Anadia bogotensis,(IUCN 2025) core source_claim,Anadia bogotensis,1,NOTHING NA Anadia bogotensis,"",Not relevant,No citation given,"",no,2012
Anairetes fernandezianus (IUCN 2025) core source_claim,(Brooke 1987a)_EXCLUDE_0_Inaccessible_NA_NA,(IUCN 2025) core source_claim,Anairetes fernandezianus,2,(Brooke 1987a),0,Not relevant,Inaccessible,"",no,2022
Anairetes fernandezianus (IUCN 2025) core source_claim,(Hahn & Römer 2002)_INCLUDE_NA_Predation in support_no_no,(IUCN 2025) core source_claim,Anairetes fernandezianus,1,(Hahn & Römer 2002),"",Yes,Predation in support without data,no,no,2022
Anairetes fernandezianus (IUCN 2025) core source_claim,(Shirihai et al. 2015)_EXCLUDE_0_Opinion claim_NA_NA,(IUCN 2025) core source_claim,Anairetes fernandezianus,1,(Shirihai et al. 2015),"",Not relevant,Opinion claim,"",no,2022
Anarhynchus frontalis (Doherty et al. 2016) core source_claim,(Battley & Moore 2004)_EXCLUDE_1_No claim_NA_NA,(Doherty et al. 2016) core source_claim,Anarhynchus frontalis,1,(Battley & Moore 2004),"",Not relevant,No claim,"",no,2014
Anarhynchus frontalis (IUCN 2025) core source_claim,(Battley & Moore 2004)_EXCLUDE_1_No claim_NA_NA,(IUCN 2025) core source_claim,Anarhynchus frontalis,1,(Battley & Moore 2004),"",Not relevant,No claim,"",no,2017
Anas aucklandica (Doherty et al. 2016) core source_claim,(Kear & Williams 1978)_EXCLUDE_1_Opinion claim_NA_NA,(Doherty et al. 2016) core source_claim,Anas aucklandica,1,(Kear & Williams 1978),"",Not relevant,Opinion claim,"",no,2014
Anas aucklandica (Doherty et al. 2016) core source_claim,(Williams 1964)_EXCLUDE_1_Opinion claim_NA_NA,(Doherty et al. 2016) core source_claim,Anas aucklandica,2,(Williams 1964),"",Not relevant,Opinion claim,"",no,2014
Anas aucklandica (IUCN 2025) core source_claim,(Williams & Robertson 2013)_EXCLUDE_0_Opinion claim_NA_NA,(IUCN 2025) core source_claim,Anas aucklandica,1,(Williams & Robertson 2013),"",Not relevant,Opinion claim,"",no,2020
Anas aucklandica (IUCN 2025) core source_claim,(Williams 1986)_EXCLUDE_1_Opinion claim_NA_NA,(IUCN 2025) core source_claim,Anas aucklandica,1,(Williams 1986),"",Not relevant,Opinion claim,"",no,2020
Anas aucklandica (Medina et al. 2011) core source_claim,(BirdLife International 2000)_EXCLUDE_0_Inaccessible_NA_NA,(Medina et al. 2011) core source_claim,Anas aucklandica,1,(BirdLife International 2000),0,Not relevant,Inaccessible,"",no,2009
Anas aucklandica Opportunistic_Systematic external review,(Miskelly et al. 2020)_EXCLUDE_1_Opinion claim_NA_NA,Opportunistic_Systematic external review,Anas aucklandica,1,(Miskelly et al. 2020),"",Not relevant,Opinion claim,"",no,2025
Anas aucklandica Web of Science_Systematic external review,(Gillies et al. 2003)_EXCLUDE_1_No claim_NA_NA,Web of Science_Systematic external review,Anas aucklandica,1,(Gillies et al. 2003),"",Not relevant,No claim,"",no,2025
Anas chlorotis (Doherty et al. 2016) core source_claim,(Alley et al. 2007)_INCLUDE_NA_Predation in support_no_no,(Doherty et al. 2016) core source_claim,Anas chlorotis,1,(Alley et al. 2007),"",Yes,Predation in support without data,no,no,2014
Anas chlorotis (Doherty et al. 2016) core source_claim,(Barker & Williams 2002)_INCLUDE_NA_Predation not in support_no_no,(Doherty et al. 2016) core source_claim,Anas chlorotis,2,(Barker & Williams 2002),"",No,Predation not in support without data,no,no,2014
Anas chlorotis (Doherty et al. 2016) core source_claim,(Barker 1998)_EXCLUDE_0_Inaccessible_NA_NA,(Doherty et al. 2016) core source_claim,Anas chlorotis,3,(Barker 1998),0,Not relevant,Inaccessible,"",no,2014
Anas chlorotis (Doherty et al. 2016) core source_claim,(Barker 1999)_EXCLUDE_0_Inaccessible_NA_NA,(Doherty et al. 2016) core source_claim,Anas chlorotis,3,(Barker 1999),0,Not relevant,Inaccessible,"",no,2014
Anas chlorotis (Doherty et al. 2016) core source_claim,(Hayes & Williams 1982)_INCLUDE_NA_Population in support_no_no,(Doherty et al. 2016) core source_claim,Anas chlorotis,2,(Hayes & Williams 1982),"",Yes,Population in support without data,no,no,2014
Anas chlorotis (Doherty et al. 2016) core source_claim,(O'Connor 2004)_EXCLUDE_0_Inaccessible_NA_NA,(Doherty et al. 2016) core source_claim,Anas chlorotis,2,(O'Connor 2004),0,Not relevant,Inaccessible,"",no,2014
Anas chlorotis (Doherty et al. 2016) core source_claim,(Rickett 2010)_EXCLUDE_0_Opinion claim_NA_NA,(Doherty et al. 2016) core source_claim,Anas chlorotis,1,(Rickett 2010),"",Not relevant,Opinion claim,"",no,2014
Anas chlorotis (Doherty et al. 2016) core source_claim,(Skilton 2009)_EXCLUDE_0_Inaccessible_NA_NA,(Doherty et al. 2016) core source_claim,Anas chlorotis,2,(Skilton 2009),0,Not relevant,Inaccessible,"",no,2014
Anas chlorotis (Doherty et al. 2016) core source_claim,(Ward-Smith & Nagakawa 2012)_EXCLUDE_0_Inaccessible_NA_NA,(Doherty et al. 2016) core source_claim,Anas chlorotis,2,(Ward-Smith & Nagakawa 2012),0,Not relevant,Inaccessible,"",no,2014
Anas chlorotis (Doherty et al. 2016) core source_claim,(Williams 2001)_EXCLUDE_1_Opinion claim_NA_NA,(Doherty et al. 2016) core source_claim,Anas chlorotis,3,(Williams 2001),"",Not relevant,Opinion claim,"",no,2014
Anas chlorotis (IUCN 2025) core source_claim,(Barker 1999)_EXCLUDE_0_Inaccessible_NA_NA,(IUCN 2025) core source_claim,Anas chlorotis,2,(Barker 1999),0,Not relevant,Inaccessible,"",no,2019
Anas chlorotis (IUCN 2025) core source_claim,(Hayes 2006)_EXCLUDE_0_Inaccessible_NA_NA,(IUCN 2025) core source_claim,Anas chlorotis,1,(Hayes 2006),0,Not relevant,Inaccessible,"",no,2019
Anas chlorotis (IUCN 2025) core source_claim,(Heather & Robertson 1997)_EXCLUDE_?_Inaccessible_NA_NA,(IUCN 2025) core source_claim,Anas chlorotis,1,(Heather & Robertson 1997),?,Not relevant,Inaccessible,"",no,2019
Anas chlorotis (IUCN 2025) core source_claim,(O'Connor 2004)_EXCLUDE_0_Inaccessible_NA_NA,(IUCN 2025) core source_claim,Anas chlorotis,2,(O'Connor 2004),0,Not relevant,Inaccessible,"",no,2019
Anas chlorotis (IUCN 2025) core source_claim,(Sim & Roxburgh 2007)_EXCLUDE_?_Inaccessible_NA_NA,(IUCN 2025) core source_claim,Anas chlorotis,1,(Sim & Roxburgh 2007),?,Not relevant,Inaccessible,"",no,2019
Anas chlorotis (IUCN 2025) core source_claim,"D. Barker, pers. Comm._EXCLUDE_0_Inaccessible_NA_NA",(IUCN 2025) core source_claim,Anas chlorotis,2,"D. Barker, pers. Comm.",0,Not relevant,Inaccessible,"",no,2019
Anas chlorotis (IUCN 2025) core source_claim,"D. Barker, pers. comm._EXCLUDE_0_Inaccessible_NA_NA",(IUCN 2025) core source_claim,Anas chlorotis,2,"D. Barker, pers. comm.",0,Not relevant,Inaccessible,"",no,2019
Anas chlorotis Web of Science_Systematic external review,(Barker & Williams 2002)_INCLUDE_NA_Predation not in support_no_no,Web of Science_Systematic external review,Anas chlorotis,2,(Barker & Williams 2002),"",No,Predation not in support without data,no,no,2025
Anas chlorotis Web of Science_Systematic external review,(Barker 1998)_EXCLUDE_0_Inaccessible_NA_NA,Web of Science_Systematic external review,Anas chlorotis,3,(Barker 1998),0,Not relevant,Inaccessible,"",no,2025
Anas chlorotis Web of Science_Systematic external review,(Barker 1999)_EXCLUDE_0_Inaccessible_NA_NA,Web of Science_Systematic external review,Anas chlorotis,3,(Barker 1999),0,Not relevant,Inaccessible,"",no,2025
Anas chlorotis Web of Science_Systematic external review,(Gillies et al. 2003)_EXCLUDE_1_Opinion claim_NA_NA,Web of Science_Systematic external review,Anas chlorotis,1,(Gillies et al. 2003),"",Not relevant,Opinion claim,"",no,2025
Anas chlorotis Web of Science_Systematic external review,(Hayes & Williams 1982)_INCLUDE_NA_Population in support_no_no,Web of Science_Systematic external review,Anas chlorotis,2,(Hayes & Williams 1982),"",Yes,Population in support without data,no,no,2025
Anas chlorotis Web of Science_Systematic external review,(O'Connor 2004)_EXCLUDE_0_Inaccessible_NA_NA,Web of Science_Systematic external review,Anas chlorotis,3,(O'Connor 2004),0,Not relevant,Inaccessible,"",no,2025
Anas chlorotis Web of Science_Systematic external review,(Skilton 2009)_EXCLUDE_0_Inaccessible_NA_NA,Web of Science_Systematic external review,Anas chlorotis,2,(Skilton 2009),0,Not relevant,Inaccessible,"",no,2025
Anas chlorotis Web of Science_Systematic external review,(Ward-Smith & Nagakawa 2012)_EXCLUDE_0_Inaccessible_NA_NA,Web of Science_Systematic external review,Anas chlorotis,2,(Ward-Smith & Nagakawa 2012),0,Not relevant,Inaccessible,"",no,2025
Anas chlorotis Web of Science_Systematic external review,(Williams 2001)_EXCLUDE_1_Opinion claim_NA_NA,Web of Science_Systematic external review,Anas chlorotis,3,(Williams 2001),"",Not relevant,Opinion claim,"",no,2025
Anas eatoni (Doherty et al. 2016) core source_claim,(Stahl et al. 1984)_EXCLUDE_1_Not in English or Spanish_NA_NA,(Doherty et al. 2016) core source_claim,Anas eatoni,2,(Stahl et al. 1984),"",Not relevant,Not in English or Spanish,"",no,2014
Anas eatoni (IUCN 2025) core source_claim,(Stahl et al. 1984)_EXCLUDE_1_Not in English or Spanish_NA_NA,(IUCN 2025) core source_claim,Anas eatoni,2,(Stahl et al. 1984),"",Not relevant,Not in English or Spanish,"",no,2015
Anas eatoni Web of Science_Systematic external review,(Chapuis et al. 2001)_EXCLUDE_1_No claim_NA_NA,Web of Science_Systematic external review,Anas eatoni,1,(Chapuis et al. 2001),"",Not relevant,No claim,"",no,2025
Anas wyvilliana (Doherty et al. 2016) core source_claim,(Engilis Jr & Pratt 1993)_EXCLUDE_1_No claim_NA_NA,(Doherty et al. 2016) core source_claim,Anas wyvilliana,1,(Engilis Jr & Pratt 1993),"",Not relevant,No claim,"",no,2014
Anas wyvilliana (Doherty et al. 2016) core source_claim,(USFWS 2005)_EXCLUDE_0_Inaccessible_NA_NA,(Doherty et al. 2016) core source_claim,Anas wyvilliana,1,(USFWS 2005),0,Not relevant,Inaccessible,"",no,2014
Anas wyvilliana (IUCN 2025) core source_claim,(USFWS 2011)_EXCLUDE_0_Inaccessible_NA_NA,(IUCN 2025) core source_claim,Anas wyvilliana,1,(USFWS 2011),0,Not relevant,Inaccessible,"",no,2022
Anas wyvilliana (Medina et al. 2011) core source_claim,(Winter & Wallace 2006)_EXCLUDE_0_Opinion claim_NA_NA,(Medina et al. 2011) core source_claim,Anas wyvilliana,1,(Winter & Wallace 2006),"",Not relevant,Opinion claim,"",no,2009
Anas wyvilliana Web of Science_Systematic external review,(Engilis Jr et al. 2020)_EXCLUDE_0_Inaccessible_NA_NA,Web of Science_Systematic external review,Anas wyvilliana,2,(Engilis Jr et al. 2020),0,Not relevant,Inaccessible,"",no,2025
Anas wyvilliana Web of Science_Systematic external review,(Malachowski et al. 2022)_INCLUDE_NA_Predation in support_no_no,Web of Science_Systematic external review,Anas wyvilliana,1,(Malachowski et al. 2022),"",Yes,Predation in support without data,no,no,2025
Anas wyvilliana Web of Science_Systematic external review,(Swedberg 1967)_EXCLUDE_0_Inaccessible_NA_NA,Web of Science_Systematic external review,Anas wyvilliana,3,(Swedberg 1967),0,Not relevant,Inaccessible,"",no,2025
Anas wyvilliana Web of Science_Systematic external review,(USFWS 2011)_EXCLUDE_0_Inaccessible_NA_NA,Web of Science_Systematic external review,Anas wyvilliana,2,(USFWS 2011),0,Not relevant,Inaccessible,"",no,2025
Anolis bicaorum (IUCN 2025) core source_claim,NOTHING_EXCLUDE_NA_No citation given_NA_NA Anolis bicaorum,(IUCN 2025) core source_claim,Anolis bicaorum,1,NOTHING NA Anolis bicaorum,"",Not relevant,No citation given,"",no,2011
Anolis brunneus (IUCN 2025) core source_claim,A. Buckner pers. comm. 2015_EXCLUDE_0_Inaccessible_NA_NA,(IUCN 2025) core source_claim,Anolis brunneus,1,A. Buckner pers. comm. 2015,0,Not relevant,Inaccessible,"",no,2014
Anolis gorgonae (IUCN 2025) core source_claim,NOTHING_EXCLUDE_NA_No citation given_NA_NA Anolis gorgonae,(IUCN 2025) core source_claim,Anolis gorgonae,1,NOTHING NA Anolis gorgonae,"",Not relevant,No citation given,"",no,2012
Anolis lividus (IUCN 2025) core source_claim,NOTHING_EXCLUDE_NA_No citation given_NA_NA Anolis lividus,(IUCN 2025) core source_claim,Anolis lividus,1,NOTHING NA Anolis lividus,"",Not relevant,No citation given,"",no,2014
Anolis nelsoni (IUCN 2025) core source_claim,NOTHING_EXCLUDE_NA_No citation given_NA_NA Anolis nelsoni,(IUCN 2025) core source_claim,Anolis nelsoni,1,NOTHING NA Anolis nelsoni,"",Not relevant,No citation given,"",no,2019
Anolis pigmaequestris (IUCN 2025) core source_claim,NOTHING_EXCLUDE_NA_No citation given_NA_NA Anolis pigmaequestris,(IUCN 2025) core source_claim,Anolis pigmaequestris,1,NOTHING NA Anolis pigmaequestris,"",Not relevant,No citation given,"",no,2015
Antechinus bellus (IUCN 2025) core source_claim,(Woinarski et al. 2011a)_EXCLUDE_1_No claim_NA_NA,(IUCN 2025) core source_claim,Antechinus bellus,1,(Woinarski et al. 2011a),"",Not relevant,No claim,"",no,2013
Antechinus bellus (Wallach & Lundgren 2025)_external review without claim,(Stobo-Wilson et al. 2020)_INCLUDE_NA_Population in support_yes_no,(Wallach & Lundgren 2025)_external review without claim,Antechinus bellus,1,(Stobo-Wilson et al. 2020),"",Yes,Population in support with data,yes,no,2022
Antechinus bellus (Woinarski et al. 2014) core source_claim,NOTHING_EXCLUDE_NA_No citation given_NA_NA Antechinus bellus,(Woinarski et al. 2014) core source_claim,Antechinus bellus,1,NOTHING NA Antechinus bellus,"",Not relevant,No citation given,"",no,2013
Anthornis melanocephala (Doherty et al. 2016) core source_claim,(Greenway 1967)_EXCLUDE_0_Inaccessible_NA_NA,(Doherty et al. 2016) core source_claim,Anthornis melanocephala,1,(Greenway 1967),0,Not relevant,Inaccessible,"",no,2014
Anthornis melanocephala (Hume 2017) core source_claim,NOTHING_EXCLUDE_NA_No citation given_NA_NA Anthornis melanocephala,(Hume 2017) core source_claim,Anthornis melanocephala,1,NOTHING NA Anthornis melanocephala,"",Not relevant,No citation given,"",no,2016
Anthornis melanocephala (IUCN 2025) core source_claim,(Greenway 1967)_EXCLUDE_0_Inaccessible_NA_NA,(IUCN 2025) core source_claim,Anthornis melanocephala,1,(Greenway 1967),0,Not relevant,Inaccessible,"",no,2022
Anthornis melanocephala (Medina et al. 2011) core source_claim,(Veitch 1985)_EXCLUDE_0_Inaccessible_NA_NA,(Medina et al. 2011) core source_claim,Anthornis melanocephala,1,(Veitch 1985),0,Not relevant,Inaccessible,"",no,2009
Antillotyphlops monastus (IUCN 2025) core source_claim,NOTHING_EXCLUDE_NA_No citation given_NA_NA Antillotyphlops monastus,(IUCN 2025) core source_claim,Antillotyphlops monastus,1,NOTHING NA Antillotyphlops monastus,"",Not relevant,No citation given,"",no,2014
Antillotyphlops richardii (IUCN 2025) core source_claim,NOTHING_EXCLUDE_NA_No citation given_NA_NA Antillotyphlops richardii,(IUCN 2025) core source_claim,Antillotyphlops richardii,1,NOTHING NA Antillotyphlops richardii,"",Not relevant,No citation given,"",no,2014
Antrostomus noctitherus (Doherty et al. 2016) core source_claim,(Vilella 1995)_EXCLUDE_1_No claim_NA_NA,(Doherty et al. 2016) core source_claim,Antrostomus noctitherus,1,(Vilella 1995),"",Not relevant,No claim,"",no,2014
Antrostomus noctitherus (IUCN 2025) core source_claim,(Cleere & Nurney 1998)_EXCLUDE_0_Inaccessible_NA_NA,(IUCN 2025) core source_claim,Antrostomus noctitherus,1,(Cleere & Nurney 1998),0,Not relevant,Inaccessible,"",no,2022
Antrostomus noctitherus (IUCN 2025) core source_claim,(Oberle 2018)_EXCLUDE_0_Inaccessible_NA_NA,(IUCN 2025) core source_claim,Antrostomus noctitherus,2,(Oberle 2018),0,Not relevant,Inaccessible,"",no,2022
Antrostomus noctitherus (IUCN 2025) core source_claim,(Raffaele et al. 1998)_EXCLUDE_?_Inaccessible_NA_NA,(IUCN 2025) core source_claim,Antrostomus noctitherus,2,(Raffaele et al. 1998),?,Not relevant,Inaccessible,"",no,2022
Aphanapteryx bonasia (Doherty et al. 2016) core source_claim,(Cheke & Hume 2008)_EXCLUDE_0_Opinion claim_NA_NA,(Doherty et al. 2016) core source_claim,Aphanapteryx bonasia,2,(Cheke & Hume 2008),"",Not relevant,Opinion claim,"",no,2014
Aphanapteryx bonasia (Doherty et al. 2016) core source_claim,(Cheke 1987)_EXCLUDE_0_Inaccessible_NA_NA,(Doherty et al. 2016) core source_claim,Aphanapteryx bonasia,1,(Cheke 1987),0,Not relevant,Inaccessible,"",no,2014
Aphanapteryx bonasia (Hume 2017) core source_claim,(Cheke & Hume 2008)_EXCLUDE_0_Opinion claim_NA_NA,(Hume 2017) core source_claim,Aphanapteryx bonasia,1,(Cheke & Hume 2008),"",Not relevant,Opinion claim,"",no,2016
Aphanapteryx bonasia (IUCN 2025) core source_claim,(Cheke & Hume 2008)_EXCLUDE_0_Opinion claim_NA_NA,(IUCN 2025) core source_claim,Aphanapteryx bonasia,1,(Cheke & Hume 2008),"",Not relevant,Opinion claim,"",no,2023
Aphelocoma coerulescens (Doherty et al. 2016) core source_claim,(Cox 1987)_EXCLUDE_0_Opinion claim_NA_NA,(Doherty et al. 2016) core source_claim,Aphelocoma coerulescens,2,(Cox 1987),"",Not relevant,Opinion claim,"",no,2014
Aphelocoma coerulescens (Doherty et al. 2016) core source_claim,(Niederhauser & Bowman 2014)_EXCLUDE_1_No claim_NA_NA,(Doherty et al. 2016) core source_claim,Aphelocoma coerulescens,2,(Niederhauser & Bowman 2014),"",Not relevant,No claim,"",no,2014
Aphelocoma coerulescens (IUCN 2025) core source_claim,(Cox 1987)_EXCLUDE_0_Opinion claim_NA_NA,(IUCN 2025) core source_claim,Aphelocoma coerulescens,1,(Cox 1987),"",Not relevant,Opinion claim,"",no,2019
Aphelocoma coerulescens (IUCN 2025) core source_claim,(Niederhauser & Bowman 2014)_EXCLUDE_1_No claim_NA_NA,(IUCN 2025) core source_claim,Aphelocoma coerulescens,1,(Niederhauser & Bowman 2014),"",Not relevant,No claim,"",no,2019
Aphelocoma coerulescens Web of Science_Systematic external review,(Fokidis et al. 2009)_EXCLUDE_1_No claim_NA_NA,Web of Science_Systematic external review,Aphelocoma coerulescens,1,(Fokidis et al. 2009),"",Not relevant,No claim,"",no,2025
Aphrastura masafuerae (Doherty et al. 2016) core source_claim,(Hahn & Römer 2002)_EXCLUDE_0_No claim_NA_NA,(Doherty et al. 2016) core source_claim,Aphrastura masafuerae,1,(Hahn & Römer 2002),"",Not relevant,No claim,"",no,2014
Aphrastura masafuerae (Doherty et al. 2016) core source_claim,(Hahn et al. 2004)_EXCLUDE_1_Opinion claim_NA_NA,(Doherty et al. 2016) core source_claim,Aphrastura masafuerae,1,(Hahn et al. 2004),"",Not relevant,Opinion claim,"",no,2014
Aphrastura masafuerae (IUCN 2025) core source_claim,(Hahn & Römer 2002)_EXCLUDE_0_No claim_NA_NA,(IUCN 2025) core source_claim,Aphrastura masafuerae,1,(Hahn & Römer 2002),"",Not relevant,No claim,"",no,2022
Aphrastura masafuerae (IUCN 2025) core source_claim,(Tomasevic et al. 2010)_EXCLUDE_1_Opinion claim_NA_NA,(IUCN 2025) core source_claim,Aphrastura masafuerae,1,(Tomasevic et al. 2010),"",Not relevant,Opinion claim,"",no,2022
Aphrastura masafuerae (IUCN 2025) core source_claim,Oikonos undated_EXCLUDE_0_Inaccessible_NA_NA,(IUCN 2025) core source_claim,Aphrastura masafuerae,1,Oikonos undated,0,Not relevant,Inaccessible,"",no,2022
Aphrastura masafuerae Web of Science_Systematic external review,(Hahn et al. 2004)_EXCLUDE_1_Opinion claim_NA_NA,Web of Science_Systematic external review,Aphrastura masafuerae,2,(Hahn et al. 2004),"",Not relevant,Opinion claim,"",no,2025
Aphrastura masafuerae Web of Science_Systematic external review,(Hahn et al. 2010)_EXCLUDE_1_No claim_NA_NA,Web of Science_Systematic external review,Aphrastura masafuerae,1,(Hahn et al. 2010),"",Not relevant,No claim,"",no,2025
Aphrastura masafuerae Web of Science_Systematic external review,(Tomasevic et al. 2010)_EXCLUDE_1_Opinion claim_NA_NA,Web of Science_Systematic external review,Aphrastura masafuerae,2,(Tomasevic et al. 2010),"",Not relevant,Opinion claim,"",no,2025
Aplonis santovestris (Doherty et al. 2016) core source_claim,NOTHING_EXCLUDE_NA_No citation given_NA_NA Aplonis santovestris,(Doherty et al. 2016) core source_claim,Aplonis santovestris,2,NOTHING NA Aplonis santovestris,"",Not relevant,No citation given,"",no,2014
Aplonis santovestris (IUCN 2025) core source_claim,NOTHING_EXCLUDE_NA_No citation given_NA_NA Aplonis santovestris,(IUCN 2025) core source_claim,Aplonis santovestris,1,NOTHING NA Aplonis santovestris,"",Not relevant,No citation given,"",no,2016
Apteryx australis (Doherty et al. 2016) core source_claim,(Gillies et al. 2003)_INCLUDE_NA_Population in support_yes_no,(Doherty et al. 2016) core source_claim,Apteryx australis,1,(Gillies et al. 2003),"",Yes,Population in support with data,yes,no,2014
Apteryx australis (Doherty et al. 2016) core source_claim,(Gillies et al. 2003)_INCLUDE_NA_Predation in support_no_no,(Doherty et al. 2016) core source_claim,Apteryx australis,1,(Gillies et al. 2003),"",Yes,Predation in support without data,no,no,2014
Apteryx australis (Doherty et al. 2016) core source_claim,(McLennan et al. 1996)_INCLUDE_NA_Predation in support_no_no,(Doherty et al. 2016) core source_claim,Apteryx australis,1,(McLennan et al. 1996),"",Yes,Predation in support without data,no,no,2014
Apteryx australis (Doherty et al. 2016) core source_claim,(McLennan et al. 2004)_INCLUDE_NA_Predation in support_no_no,(Doherty et al. 2016) core source_claim,Apteryx australis,1,(McLennan et al. 2004),"",Yes,Predation in support without data,no,no,2014
Apteryx australis (IUCN 2025) core source_claim,(McLennan et al. 1996)_INCLUDE_NA_Predation in support_no_no,(IUCN 2025) core source_claim,Apteryx australis,1,(McLennan et al. 1996),"",Yes,Predation in support without data,no,no,2021
Apteryx australis (IUCN 2025) core source_claim,(McLennan et al. 2004)_INCLUDE_NA_Predation in support_no_no,(IUCN 2025) core source_claim,Apteryx australis,1,(McLennan et al. 2004),"",Yes,Predation in support without data,no,no,2021
Apteryx australis (Medina et al. 2011) core source_claim,(BirdLife International 2000)_EXCLUDE_1_Inaccessible_NA_NA,(Medina et al. 2011) core source_claim,Apteryx australis,1,(BirdLife International 2000),1,Not relevant,Inaccessible,"",no,2009
Apteryx australis Web of Science_Systematic external review,(Gillies et al. 2003)_INCLUDE_NA_Population in support_yes_no,Web of Science_Systematic external review,Apteryx australis,1,(Gillies et al. 2003),"",Yes,Population in support with data,yes,no,2025
Apteryx australis Web of Science_Systematic external review,(Gillies et al. 2003)_INCLUDE_NA_Predation in support_no_no,Web of Science_Systematic external review,Apteryx australis,1,(Gillies et al. 2003),"",Yes,Predation in support without data,no,no,2025
Apteryx australis Web of Science_Systematic external review,(Harper 2005)_INCLUDE_NA_Predation not in support_no_no,Web of Science_Systematic external review,Apteryx australis,2,(Harper 2005),"",No,Predation not in support without data,no,no,2025
Apteryx australis Web of Science_Systematic external review,(Karl & Best 1982)_INCLUDE_NA_Predation not in support_no_no,Web of Science_Systematic external review,Apteryx australis,2,(Karl & Best 1982),"",No,Predation not in support without data,no,no,2025
Apteryx australis Web of Science_Systematic external review,(McLennan & Potter 1992)_EXCLUDE_1_Opinion claim_NA_NA,Web of Science_Systematic external review,Apteryx australis,1,(McLennan & Potter 1992),"",Not relevant,Opinion claim,"",no,2025
Apteryx australis Web of Science_Systematic external review,(Robertson & Colbourne 2022)_INCLUDE_NA_Predation in support_no_no,Web of Science_Systematic external review,Apteryx australis,1,(Robertson & Colbourne 2022),"",Yes,Predation in support without data,no,no,2025
Apteryx haastii (Doherty et al. 2016) core source_claim,NOTHING_EXCLUDE_NA_No citation given_NA_NA Apteryx haastii,(Doherty et al. 2016) core source_claim,Apteryx haastii,2,NOTHING NA Apteryx haastii,"",Not relevant,No citation given,"",no,2014
Apteryx haastii (IUCN 2025) core source_claim,NOTHING_EXCLUDE_NA_No citation given_NA_NA Apteryx haastii,(IUCN 2025) core source_claim,Apteryx haastii,1,NOTHING NA Apteryx haastii,"",Not relevant,No citation given,"",no,2021
Apteryx haastii Web of Science_Systematic external review,(McLennan et al. 1996)_EXCLUDE_1_No claim_NA_NA,Web of Science_Systematic external review,Apteryx haastii,1,(McLennan et al. 1996),"",Not relevant,No claim,"",no,2025
Apteryx mantelli (Doherty et al. 2016) core source_claim,(Basse et al. 1999)_EXCLUDE_1_No claim_NA_NA,(Doherty et al. 2016) core source_claim,Apteryx mantelli,2,(Basse et al. 1999),"",Not relevant,No claim,"",no,2014
Apteryx mantelli (Doherty et al. 2016) core source_claim,(Gillies et al. 2003)_EXCLUDE_1_No claim_NA_NA,(Doherty et al. 2016) core source_claim,Apteryx mantelli,1,(Gillies et al. 2003),"",Not relevant,No claim,"",no,2014
Apteryx mantelli (Doherty et al. 2016) core source_claim,(Holzapfel et al. 2008)_INCLUDE_NA_Predation in support_no_no,(Doherty et al. 2016) core source_claim,Apteryx mantelli,2,(Holzapfel et al. 2008),"",Yes,Predation in support without data,no,no,2014
Apteryx mantelli (Doherty et al. 2016) core source_claim,(McLennan et al. 1996)_EXCLUDE_1_No claim_NA_NA,(Doherty et al. 2016) core source_claim,Apteryx mantelli,1,(McLennan et al. 1996),"",Not relevant,No claim,"",no,2014
Apteryx mantelli (Doherty et al. 2016) core source_claim,(McLennan et al. 2004)_INCLUDE_NA_Predation in support_no_no,(Doherty et al. 2016) core source_claim,Apteryx mantelli,1,(McLennan et al. 2004),"",Yes,Predation in support without data,no,no,2014
Apteryx mantelli (Doherty et al. 2016) core source_claim,(Robertson et al. 2011)_INCLUDE_NA_Predation in support_no_no,(Doherty et al. 2016) core source_claim,Apteryx mantelli,1,(Robertson et al. 2011),"",Yes,Predation in support without data,no,no,2014
Apteryx mantelli (IUCN 2025) core source_claim,(Basse et al. 1999)_EXCLUDE_1_No claim_NA_NA,(IUCN 2025) core source_claim,Apteryx mantelli,1,(Basse et al. 1999),"",Not relevant,No claim,"",no,2016
Apteryx mantelli (IUCN 2025) core source_claim,(Holzapfel et al. 2008)_INCLUDE_NA_Predation in support_no_no,(IUCN 2025) core source_claim,Apteryx mantelli,1,(Holzapfel et al. 2008),"",Yes,Predation in support without data,no,no,2016
Apteryx mantelli (IUCN 2025) core source_claim,(McLennan et al. 1996)_EXCLUDE_1_No claim_NA_NA,(IUCN 2025) core source_claim,Apteryx mantelli,1,(McLennan et al. 1996),"",Not relevant,No claim,"",no,2016
Apteryx mantelli Web of Science_Systematic external review,(French et al. 2020)_EXCLUDE_1_No claim_NA_NA,Web of Science_Systematic external review,Apteryx mantelli,1,(French et al. 2020),"",Not relevant,No claim,"",no,2025
Apteryx mantelli Web of Science_Systematic external review,(Gillies et al. 2003)_EXCLUDE_1_No claim_NA_NA,Web of Science_Systematic external review,Apteryx mantelli,1,(Gillies et al. 2003),"",Not relevant,No claim,"",no,2025
Apteryx mantelli Web of Science_Systematic external review,(King 2023)_EXCLUDE_1_No claim_NA_NA,Web of Science_Systematic external review,Apteryx mantelli,1,(King 2023),"",Not relevant,No claim,"",no,2025
Apteryx mantelli Web of Science_Systematic external review,(McLennan & Potter 1992)_EXCLUDE_1_No claim_NA_NA,Web of Science_Systematic external review,Apteryx mantelli,1,(McLennan & Potter 1992),"",Not relevant,No claim,"",no,2025
Apteryx mantelli Web of Science_Systematic external review,(McLennan et al. 1996)_EXCLUDE_1_No claim_NA_NA,Web of Science_Systematic external review,Apteryx mantelli,1,(McLennan et al. 1996),"",Not relevant,No claim,"",no,2025
Apteryx mantelli Web of Science_Systematic external review,(Potter et al. 2010)_EXCLUDE_1_No claim_NA_NA,Web of Science_Systematic external review,Apteryx mantelli,1,(Potter et al. 2010),"",Not relevant,No claim,"",no,2025
Apteryx mantelli Web of Science_Systematic external review,(Ramón‐Laca et al. 2013)_EXCLUDE_1_No claim_NA_NA,Web of Science_Systematic external review,Apteryx mantelli,1,(Ramón‐Laca et al. 2013),"",Not relevant,No claim,"",no,2025
Apteryx mantelli Web of Science_Systematic external review,(Robertson & Colbourne 2022)_EXCLUDE_1_No claim_NA_NA,Web of Science_Systematic external review,Apteryx mantelli,1,(Robertson & Colbourne 2022),"",Not relevant,No claim,"",no,2025
Apteryx mantelli Web of Science_Systematic external review,(Robertson et al. 2011)_INCLUDE_NA_Predation in support_no_no,Web of Science_Systematic external review,Apteryx mantelli,1,(Robertson et al. 2011),"",Yes,Predation in support without data,no,no,2025
Ardenna creatopus (Doherty et al. 2016) core source_claim,(Guicking 1999)_EXCLUDE_?_Inaccessible_NA_NA,(Doherty et al. 2016) core source_claim,Ardenna creatopus,2,(Guicking 1999),?,Not relevant,Inaccessible,"",no,2014
Ardenna creatopus (IUCN 2025) core source_claim,(Guicking 1999)_EXCLUDE_?_Inaccessible_NA_NA,(IUCN 2025) core source_claim,Ardenna creatopus,1,(Guicking 1999),?,Not relevant,Inaccessible,"",no,2017
Ardenna creatopus Web of Science_Systematic external review,(Adams et al. 2019)_EXCLUDE_1_No claim_NA_NA,Web of Science_Systematic external review,Ardenna creatopus,1,(Adams et al. 2019),"",Not relevant,No claim,"",no,2025
Ardenna creatopus Web of Science_Systematic external review,(Carle et al. 2019)_EXCLUDE_1_No claim_NA_NA,Web of Science_Systematic external review,Ardenna creatopus,1,(Carle et al. 2019),"",Not relevant,No claim,"",no,2025
Ardenna creatopus Web of Science_Systematic external review,(Carle et al. 2021)_EXCLUDE_1_Does not test claim_NA_NA,Web of Science_Systematic external review,Ardenna creatopus,1,(Carle et al. 2021),"",Not relevant,Does not test claim,"",no,2025
Ardenna creatopus Web of Science_Systematic external review,(Carle et al. 2024)_EXCLUDE_1_No claim_NA_NA,Web of Science_Systematic external review,Ardenna creatopus,1,(Carle et al. 2024),"",Not relevant,No claim,"",no,2025
Ardenna creatopus Web of Science_Systematic external review,(Felis et al. 2019)_EXCLUDE_1_No claim_NA_NA,Web of Science_Systematic external review,Ardenna creatopus,1,(Felis et al. 2019),"",Not relevant,No claim,"",no,2025
Aristelliger hechti (IUCN 2025) core source_claim,(Reynolds 2011)_EXCLUDE_0_Opinion claim_NA_NA,(IUCN 2025) core source_claim,Aristelliger hechti,1,(Reynolds 2011),"",Not relevant,Opinion claim,"",no,2014
Aspidoscelis catalinensis (Doherty et al. 2016) core source_claim,NOTHING_EXCLUDE_NA_No citation given_NA_NA Aspidoscelis catalinensis,(Doherty et al. 2016) core source_claim,Aspidoscelis catalinensis,2,NOTHING NA Aspidoscelis catalinensis,"",Not relevant,No citation given,"",no,2014
Aspidoscelis catalinensis (IUCN 2025) core source_claim,NOTHING_EXCLUDE_NA_No citation given_NA_NA Aspidoscelis catalinensis,(IUCN 2025) core source_claim,Aspidoscelis catalinensis,1,NOTHING NA Aspidoscelis catalinensis,"",Not relevant,No citation given,"",no,2006
Atelopus guanujo (IUCN 2025) core source_claim,NOTHING_EXCLUDE_NA_No citation given_NA_NA Atelopus guanujo,(IUCN 2025) core source_claim,Atelopus guanujo,1,NOTHING NA Atelopus guanujo,"",Not relevant,No citation given,"",no,2015
Atopogale cubana (IUCN 2025) core source_claim,NOTHING_EXCLUDE_NA_No citation given_NA_NA Atopogale cubana,(IUCN 2025) core source_claim,Atopogale cubana,1,NOTHING NA Atopogale cubana,"",Not relevant,No citation given,"",no,2014
Atopogale cubana (Medina et al. 2011) core source_claim,(Lever 1994)_EXCLUDE_0_Inaccessible_NA_NA,(Medina et al. 2011) core source_claim,Atopogale cubana,1,(Lever 1994),0,Not relevant,Inaccessible,"",no,2009
Atrichornis clamosus (Doherty et al. 2016) core source_claim,(Comer & Danks 2000)_EXCLUDE_0_No claim_NA_NA,(Doherty et al. 2016) core source_claim,Atrichornis clamosus,2,(Comer & Danks 2000),"",Not relevant,No claim,"",no,2014
Atrichornis clamosus (Doherty et al. 2016) core source_claim,(Danks 1997)_EXCLUDE_1_No claim_NA_NA,(Doherty et al. 2016) core source_claim,Atrichornis clamosus,2,(Danks 1997),"",Not relevant,No claim,"",no,2014
Atrichornis clamosus (Doherty et al. 2016) core source_claim,(Wildlife 2014)_EXCLUDE_0_Inaccessible_NA_NA,(Doherty et al. 2016) core source_claim,Atrichornis clamosus,1,(Wildlife 2014),0,Not relevant,Inaccessible,"",no,2014
Atrichornis clamosus (Garnett & Baker 2021) core source_claim,(Comer & Danks 2000)_EXCLUDE_0_No claim_NA_NA,(Garnett & Baker 2021) core source_claim,Atrichornis clamosus,1,(Comer & Danks 2000),"",Not relevant,No claim,"",no,2020
Atrichornis clamosus (Garnett & Baker 2021) core source_claim,(Danks 1997)_EXCLUDE_1_No claim_NA_NA,(Garnett & Baker 2021) core source_claim,Atrichornis clamosus,1,(Danks 1997),"",Not relevant,No claim,"",no,2020
Atrichornis clamosus (Garnett et al. 2011) core source_claim,(Comer & Danks 2000)_EXCLUDE_0_No claim_NA_NA,(Garnett et al. 2011) core source_claim,Atrichornis clamosus,1,(Comer & Danks 2000),"",Not relevant,No claim,"",no,2010
Atrichornis clamosus (Garnett et al. 2011) core source_claim,(Danks 1997)_EXCLUDE_1_No claim_NA_NA,(Garnett et al. 2011) core source_claim,Atrichornis clamosus,1,(Danks 1997),"",Not relevant,No claim,"",no,2010
Atrichornis clamosus (IUCN 2025) core source_claim,(Comer & Danks 2000)_EXCLUDE_0_No claim_NA_NA,(IUCN 2025) core source_claim,Atrichornis clamosus,1,(Comer & Danks 2000),"",Not relevant,No claim,"",no,2021
Atrichornis clamosus (IUCN 2025) core source_claim,(Danks 1997)_EXCLUDE_1_No claim_NA_NA,(IUCN 2025) core source_claim,Atrichornis clamosus,1,(Danks 1997),"",Not relevant,No claim,"",no,2021
Atrichornis clamosus (IUCN 2025) core source_claim,(Wildlife 2014)_EXCLUDE_0_Inaccessible_NA_NA,(IUCN 2025) core source_claim,Atrichornis clamosus,1,(Wildlife 2014),0,Not relevant,Inaccessible,"",no,2021
Atrichornis rufescens (IUCN 2025) core source_claim,(Woinarski et al. 2017)_EXCLUDE_1_Opinion claim_NA_NA,(IUCN 2025) core source_claim,Atrichornis rufescens,1,(Woinarski et al. 2017),"",Not relevant,Opinion claim,"",no,2021
Bavayia exsuccida (Doherty et al. 2016) core source_claim,(Whitaker et al. 2005)_EXCLUDE_0_Inaccessible_NA_NA,(Doherty et al. 2016) core source_claim,Bavayia exsuccida,1,(Whitaker et al. 2005),0,Not relevant,Inaccessible,"",no,2014
Bavayia exsuccida (IUCN 2025) core source_claim,NOTHING_EXCLUDE_NA_No citation given_NA_NA Bavayia exsuccida,(IUCN 2025) core source_claim,Bavayia exsuccida,1,NOTHING NA Bavayia exsuccida,"",Not relevant,No citation given,"",no,2016
Bavayia goroensis (Doherty et al. 2016) core source_claim,(Whitaker et al. 2005)_EXCLUDE_0_Inaccessible_NA_NA,(Doherty et al. 2016) core source_claim,Bavayia goroensis,1,(Whitaker et al. 2005),0,Not relevant,Inaccessible,"",no,2014
Bavayia goroensis (IUCN 2025) core source_claim,(Palmas et al. In preparation)_EXCLUDE_0_Inaccessible_NA_NA,(IUCN 2025) core source_claim,Bavayia goroensis,1,(Palmas et al. In preparation),0,Not relevant,Inaccessible,"",no,2016
Bavayia montana (IUCN 2025) core source_claim,NOTHING_EXCLUDE_NA_No citation given_NA_NA Bavayia montana,(IUCN 2025) core source_claim,Bavayia montana,1,NOTHING NA Bavayia montana,"",Not relevant,No citation given,"",no,2016
Bavayia nubila (IUCN 2025) core source_claim,(Palmas et al. In preparation)_EXCLUDE_0_Inaccessible_NA_NA,(IUCN 2025) core source_claim,Bavayia nubila,1,(Palmas et al. In preparation),0,Not relevant,Inaccessible,"",no,2016
Bavayia ornata (Doherty et al. 2016) core source_claim,(Whitaker et al. 2005)_EXCLUDE_0_Inaccessible_NA_NA,(Doherty et al. 2016) core source_claim,Bavayia ornata,1,(Whitaker et al. 2005),0,Not relevant,Inaccessible,"",no,2014
Bavayia ornata (IUCN 2025) core source_claim,NOTHING_EXCLUDE_NA_No citation given_NA_NA Bavayia ornata,(IUCN 2025) core source_claim,Bavayia ornata,1,NOTHING NA Bavayia ornata,"",Not relevant,No citation given,"",no,2016
Bavayia robusta (IUCN 2025) core source_claim,NOTHING_EXCLUDE_NA_No citation given_NA_NA Bavayia robusta,(IUCN 2025) core source_claim,Bavayia robusta,1,NOTHING NA Bavayia robusta,"",Not relevant,No citation given,"",no,2016
Bavayia sauvagii (IUCN 2025) core source_claim,NOTHING_EXCLUDE_NA_No citation given_NA_NA Bavayia sauvagii,(IUCN 2025) core source_claim,Bavayia sauvagii,1,NOTHING NA Bavayia sauvagii,"",Not relevant,No citation given,"",no,2016
Bavayia septuiclavis (IUCN 2025) core source_claim,(Palmas et al. In preparation)_EXCLUDE_0_Inaccessible_NA_NA,(IUCN 2025) core source_claim,Bavayia septuiclavis,1,(Palmas et al. In preparation),0,Not relevant,Inaccessible,"",no,2016
Bavayia septuiclavis Web of Science_Systematic external review,(Gérard et al. 2016)_EXCLUDE_1_Does not test claim_NA_NA,Web of Science_Systematic external review,Bavayia septuiclavis,1,(Gérard et al. 2016),"",Not relevant,Does not test claim,"",no,2025
Bellatorias obiri (IUCN 2025) core source_claim,(Threatened Species Scientific Committee 2006)_EXCLUDE_0_Opinion claim_NA_NA,(IUCN 2025) core source_claim,Bellatorias obiri,2,(Threatened Species Scientific Committee 2006),"",Not relevant,Opinion claim,"",no,2016
Bellatorias obiri (IUCN 2025) core source_claim,(Woinarski 2007)_EXCLUDE_0_Inaccessible_NA_NA,(IUCN 2025) core source_claim,Bellatorias obiri,2,(Woinarski 2007),0,Not relevant,Inaccessible,"",no,2016
Bettongia anhydra (IUCN 2025) core source_claim,(Christensen & Burrows 1995)_EXCLUDE_0_No claim_NA_NA,(IUCN 2025) core source_claim,Bettongia anhydra,1,(Christensen & Burrows 1995),"",Not relevant,No claim,"",no,2013
Bettongia anhydra (Woinarski et al. 2014) core source_claim,(Christensen & Burrows 1995)_EXCLUDE_0_No claim_NA_NA,(Woinarski et al. 2014) core source_claim,Bettongia anhydra,1,(Christensen & Burrows 1995),"",Not relevant,No claim,"",no,2013
Bettongia gaimardi (IUCN 2025) core source_claim,(Fancourt 2014)_INCLUDE_NA_Population in support_yes_no,(IUCN 2025) core source_claim,Bettongia gaimardi,1,(Fancourt 2014),"",Yes,Population in support with data,yes,no,2015
Bettongia gaimardi (IUCN 2025) core source_claim,R. Gardiner and R. Hamer pers. comm. 2015_EXCLUDE_0_Inaccessible_NA_NA,(IUCN 2025) core source_claim,Bettongia gaimardi,1,R. Gardiner and R. Hamer pers. comm. 2015,0,Not relevant,Inaccessible,"",no,2015
Bettongia gaimardi (IUCN 2025) core source_claim,R. Gardiner pers. comm. 2015_EXCLUDE_0_Inaccessible_NA_NA,(IUCN 2025) core source_claim,Bettongia gaimardi,1,R. Gardiner pers. comm. 2015,0,Not relevant,Inaccessible,"",no,2015
Bettongia gaimardi (Radford et al. 2018) core source_claim,(Fancourt 2014)_INCLUDE_NA_Population in support_yes_no,(Radford et al. 2018) core source_claim,Bettongia gaimardi,1,(Fancourt 2014),"",Yes,Population in support with data,yes,no,2016
Bettongia gaimardi (Wallach & Lundgren 2025)_external review without claim,(Evans et al. 2021)_INCLUDE_NA_Predation not in support_no_no,(Wallach & Lundgren 2025)_external review without claim,Bettongia gaimardi,1,(Evans et al. 2021),"",No,Predation not in support without data,no,no,2022
Bettongia gaimardi (Wallach & Lundgren 2025)_external review without claim,(Fancourt 2014)_INCLUDE_NA_Population in support_yes_no,(Wallach & Lundgren 2025)_external review without claim,Bettongia gaimardi,1,(Fancourt 2014),"",Yes,Population in support with data,yes,no,2022
Bettongia gaimardi (Wallach & Lundgren 2025)_external review without claim,(Gardiner et al. 2018)_INCLUDE_NA_Population not in support_yes_yes,(Wallach & Lundgren 2025)_external review without claim,Bettongia gaimardi,1,(Gardiner et al. 2018),"",No,Population not in support with data of quality,yes,yes,2022
Bettongia gaimardi Web of Science_Systematic external review,(Fancourt 2014)_INCLUDE_NA_Population in support_yes_no,Web of Science_Systematic external review,Bettongia gaimardi,1,(Fancourt 2014),"",Yes,Population in support with data,yes,no,2025
Bettongia gaimardi Web of Science_Systematic external review,(Gardiner et al. 2018)_INCLUDE_NA_Population not in support_yes_yes,Web of Science_Systematic external review,Bettongia gaimardi,1,(Gardiner et al. 2018),"",No,Population not in support with data of quality,yes,yes,2025
Bettongia gaimardi Web of Science_Systematic external review,(Jones et al. 2021)_EXCLUDE_1_No claim_NA_NA,Web of Science_Systematic external review,Bettongia gaimardi,1,(Jones et al. 2021),"",Not relevant,No claim,"",no,2025
Bettongia gaimardi Web of Science_Systematic external review,(Ross et al. 2019b)_EXCLUDE_1_No claim_NA_NA,Web of Science_Systematic external review,Bettongia gaimardi,1,(Ross et al. 2019b),"",Not relevant,No claim,"",no,2025
Bettongia lesueur (Dickman 1996b) core source_claim,(Christensen & Burrows 1995)_INCLUDE_NA_Predation in support_no_no,(Dickman 1996b) core source_claim,Bettongia lesueur,1,(Christensen & Burrows 1995),"",Yes,Predation in support without data,no,no,1994
Bettongia lesueur (IUCN 2025) core source_claim,(Burbidge & Short 2008)_EXCLUDE_0_Inaccessible_NA_NA,(IUCN 2025) core source_claim,Bettongia lesueur,1,(Burbidge & Short 2008),0,Not relevant,Inaccessible,"",no,2015
Bettongia lesueur (IUCN 2025) core source_claim,A. Burbidge pers. comm._EXCLUDE_0_Inaccessible_NA_NA,(IUCN 2025) core source_claim,Bettongia lesueur,1,A. Burbidge pers. comm.,0,Not relevant,Inaccessible,"",no,2015
Bettongia lesueur (IUCN 2025) core source_claim,Richards 2005_EXCLUDE_?_Inaccessible_NA_NA,(IUCN 2025) core source_claim,Bettongia lesueur,1,Richards 2005,?,Not relevant,Inaccessible,"",no,2015
Bettongia lesueur (Radford et al. 2018) core source_claim,(Burbidge & Manly 2002)_EXCLUDE_1_Does not test claim_NA_NA,(Radford et al. 2018) core source_claim,Bettongia lesueur,1,(Burbidge & Manly 2002),"",Not relevant,Does not test claim,"",no,2016
Bettongia lesueur (Radford et al. 2018) core source_claim,(Burbidge 2001)_EXCLUDE_0_Inaccessible_NA_NA,(Radford et al. 2018) core source_claim,Bettongia lesueur,1,(Burbidge 2001),0,Not relevant,Inaccessible,"",no,2016
Bettongia lesueur (Radford et al. 2018) core source_claim,(Moseby et al. 2011)_INCLUDE_NA_Predation in support_no_no,(Radford et al. 2018) core source_claim,Bettongia lesueur,1,(Moseby et al. 2011),"",Yes,Predation in support without data,no,no,2016
Bettongia lesueur (Radford et al. 2018) core source_claim,(West et al. 2018)_EXCLUDE_1_Does not test claim_NA_NA,(Radford et al. 2018) core source_claim,Bettongia lesueur,1,(West et al. 2018),"",Not relevant,Does not test claim,"",no,2016
Bettongia lesueur (Wallach & Lundgren 2025)_external review without claim,(Christensen & Burrows 1995)_INCLUDE_NA_Predation in support_no_no,(Wallach & Lundgren 2025)_external review without claim,Bettongia lesueur,1,(Christensen & Burrows 1995),"",Yes,Predation in support without data,no,no,2022
Bettongia lesueur (Wallach & Lundgren 2025)_external review without claim,(Doherty et al. 2015)_INCLUDE_NA_Predation in support_no_no,(Wallach & Lundgren 2025)_external review without claim,Bettongia lesueur,1,(Doherty et al. 2015),"",Yes,Predation in support without data,no,no,2022
Bettongia lesueur (Wallach & Lundgren 2025)_external review without claim,(Moseby et al. 2011)_INCLUDE_NA_Predation in support_no_no,(Wallach & Lundgren 2025)_external review without claim,Bettongia lesueur,1,(Moseby et al. 2011),"",Yes,Predation in support without data,no,no,2022
Bettongia lesueur (Wallach & Lundgren 2025)_external review without claim,(Moseby et al. 2015)_INCLUDE_NA_Predation not in support_no_no,(Wallach & Lundgren 2025)_external review without claim,Bettongia lesueur,1,(Moseby et al. 2015),"",No,Predation not in support without data,no,no,2022
Bettongia lesueur (Wallach & Lundgren 2025)_external review without claim,(Moseby et al. 2018)_INCLUDE_NA_Predation in support_no_no,(Wallach & Lundgren 2025)_external review without claim,Bettongia lesueur,1,(Moseby et al. 2018),"",Yes,Predation in support without data,no,no,2022
Bettongia lesueur (Wallach & Lundgren 2025)_external review without claim,(Moseby et al. 2019)_INCLUDE_NA_Population in support_yes_no,(Wallach & Lundgren 2025)_external review without claim,Bettongia lesueur,1,(Moseby et al. 2019),"",Yes,Population in support with data,yes,no,2022
Bettongia lesueur (Wallach & Lundgren 2025)_external review without claim,(Moseby et al. 2019)_INCLUDE_NA_Predation in support_no_no,(Wallach & Lundgren 2025)_external review without claim,Bettongia lesueur,1,(Moseby et al. 2019),"",Yes,Predation in support without data,no,no,2022
Bettongia lesueur (Wallach & Lundgren 2025)_external review without claim,(Moyses et al. 2020)_INCLUDE_NA_Predation in support_no_no,(Wallach & Lundgren 2025)_external review without claim,Bettongia lesueur,1,(Moyses et al. 2020),"",Yes,Predation in support without data,no,no,2022
Bettongia lesueur (Wallach & Lundgren 2025)_external review without claim,(Short & Turner 2000)_INCLUDE_NA_Predation in support_no_no,(Wallach & Lundgren 2025)_external review without claim,Bettongia lesueur,1,(Short & Turner 2000),"",Yes,Predation in support without data,no,no,2022
Bettongia lesueur (Wallach & Lundgren 2025)_external review without claim,(Short et al. 2002)_INCLUDE_NA_Predation in support_no_no,(Wallach & Lundgren 2025)_external review without claim,Bettongia lesueur,1,(Short et al. 2002),"",Yes,Predation in support without data,no,no,2022
Bettongia lesueur (Woinarski et al. 2014) core source_claim,(Burbidge & Manly 2002)_EXCLUDE_1_Does not test claim_NA_NA,(Woinarski et al. 2014) core source_claim,Bettongia lesueur,1,(Burbidge & Manly 2002),"",Not relevant,Does not test claim,"",no,2013
Bettongia lesueur (Woinarski et al. 2014) core source_claim,(Christensen & Burrows 1995)_INCLUDE_NA_Predation in support_no_no,(Woinarski et al. 2014) core source_claim,Bettongia lesueur,1,(Christensen & Burrows 1995),"",Yes,Predation in support without data,no,no,2013
Bettongia lesueur Opportunistic_Systematic external review,(Finlayson et al. 2010)_EXCLUDE_?_Inaccessible_NA_NA,Opportunistic_Systematic external review,Bettongia lesueur,1,(Finlayson et al. 2010),?,Not relevant,Inaccessible,"",no,2025
Bettongia lesueur Web of Science_Systematic external review,(Bannister et al. 2021)_EXCLUDE_1_No claim_NA_NA,Web of Science_Systematic external review,Bettongia lesueur,1,(Bannister et al. 2021),"",Not relevant,No claim,"",no,2025
Bettongia lesueur Web of Science_Systematic external review,(Blumstein et al. 2019)_EXCLUDE_1_No claim_NA_NA,Web of Science_Systematic external review,Bettongia lesueur,1,(Blumstein et al. 2019),"",Not relevant,No claim,"",no,2025
Bettongia lesueur Web of Science_Systematic external review,(Dickman 2011)_EXCLUDE_0_Inaccessible_NA_NA,Web of Science_Systematic external review,Bettongia lesueur,1,(Dickman 2011),0,Not relevant,Inaccessible,"",no,2025
Bettongia lesueur Web of Science_Systematic external review,(McKay et al. 2022)_EXCLUDE_1_No claim_NA_NA,Web of Science_Systematic external review,Bettongia lesueur,1,(McKay et al. 2022),"",Not relevant,No claim,"",no,2025
Bettongia lesueur Web of Science_Systematic external review,(Moseby et al. 2009)_EXCLUDE_1_No claim_NA_NA,Web of Science_Systematic external review,Bettongia lesueur,1,(Moseby et al. 2009),"",Not relevant,No claim,"",no,2025
Bettongia lesueur Web of Science_Systematic external review,(Moseby et al. 2020)_EXCLUDE_1_No claim_NA_NA,Web of Science_Systematic external review,Bettongia lesueur,1,(Moseby et al. 2020),"",Not relevant,No claim,"",no,2025
Bettongia lesueur Web of Science_Systematic external review,(Moseby et al. 2023)_EXCLUDE_1_No claim_NA_NA,Web of Science_Systematic external review,Bettongia lesueur,1,(Moseby et al. 2023),"",Not relevant,No claim,"",no,2025
Bettongia lesueur Web of Science_Systematic external review,(Moseby et al. 2024)_EXCLUDE_1_No claim_NA_NA,Web of Science_Systematic external review,Bettongia lesueur,1,(Moseby et al. 2024),"",Not relevant,No claim,"",no,2025
Bettongia lesueur Web of Science_Systematic external review,(Saxon-Mills et al. 2018)_EXCLUDE_1_No claim_NA_NA,Web of Science_Systematic external review,Bettongia lesueur,1,(Saxon-Mills et al. 2018),"",Not relevant,No claim,"",no,2025
Bettongia lesueur Web of Science_Systematic external review,(Short et al. 2002)_INCLUDE_NA_Predation in support_no_no,Web of Science_Systematic external review,Bettongia lesueur,1,(Short et al. 2002),"",Yes,Predation in support without data,no,no,2025
Bettongia lesueur Web of Science_Systematic external review,(Steindler et al. 2020)_EXCLUDE_1_No claim_NA_NA,Web of Science_Systematic external review,Bettongia lesueur,1,(Steindler et al. 2020),"",Not relevant,No claim,"",no,2025
Bettongia lesueur Web of Science_Systematic external review,(Stepkovitch et al. 2024)_EXCLUDE_1_No claim_NA_NA,Web of Science_Systematic external review,Bettongia lesueur,1,(Stepkovitch et al. 2024),"",Not relevant,No claim,"",no,2025
Bettongia lesueur Web of Science_Systematic external review,(Tay et al. 2021)_EXCLUDE_1_No claim_NA_NA,Web of Science_Systematic external review,Bettongia lesueur,1,(Tay et al. 2021),"",Not relevant,No claim,"",no,2025
Bettongia lesueur Web of Science_Systematic external review,(Whitehead et al. 2018)_EXCLUDE_1_No claim_NA_NA,Web of Science_Systematic external review,Bettongia lesueur,1,(Whitehead et al. 2018),"",Not relevant,No claim,"",no,2025
Bettongia lesueur Web of Science_Systematic external review,"J. Short, unpublished observations_EXCLUDE_0_Inaccessible_NA_NA",Web of Science_Systematic external review,Bettongia lesueur,2,"J. Short, unpublished observations",0,Not relevant,Inaccessible,"",no,2025
Bettongia penicillata (Dickman 1996b) core source_claim,(Robinson & Smyth 1976)_EXCLUDE_1_Inaccessible_NA_NA,(Dickman 1996b) core source_claim,Bettongia penicillata,1,(Robinson & Smyth 1976),1,Not relevant,Inaccessible,"",no,1994
Bettongia penicillata (Doherty et al. 2016) core source_claim,(Wayne et al. 2011)_INCLUDE_NA_Predation in support_no_no,(Doherty et al. 2016) core source_claim,Bettongia penicillata,2,(Wayne et al. 2011),"",Yes,Predation in support without data,no,no,2014
Bettongia penicillata (Doherty et al. 2016) core source_claim,"N. Marlow, P. de Tores and K. Morris et al., pers. comm._EXCLUDE_0_Inaccessible_NA_NA",(Doherty et al. 2016) core source_claim,Bettongia penicillata,2,"N. Marlow, P. de Tores and K. Morris et al., pers. comm.",0,Not relevant,Inaccessible,"",no,2014
Bettongia penicillata (IUCN 2025) core source_claim,"N. Marlow, P. de Tores and K. Morris et al., pers. comm._EXCLUDE_0_Inaccessible_NA_NA",(IUCN 2025) core source_claim,Bettongia penicillata,1,"N. Marlow, P. de Tores and K. Morris et al., pers. comm.",0,Not relevant,Inaccessible,"",no,2011
Bettongia penicillata (Radford et al. 2018) core source_claim,(Abbott 2008)_EXCLUDE_1_No claim_NA_NA,(Radford et al. 2018) core source_claim,Bettongia penicillata,1,(Abbott 2008),"",Not relevant,No claim,"",no,2016
Bettongia penicillata (Radford et al. 2018) core source_claim,(Delroy et al. 1986)_EXCLUDE_1_Opinion claim_NA_NA,(Radford et al. 2018) core source_claim,Bettongia penicillata,1,(Delroy et al. 1986),"",Not relevant,Opinion claim,"",no,2016
Bettongia penicillata (Radford et al. 2018) core source_claim,(Marlow et al. 2015a)_INCLUDE_NA_Predation in support_no_no,(Radford et al. 2018) core source_claim,Bettongia penicillata,1,(Marlow et al. 2015a),"",Yes,Predation in support without data,no,no,2016
Bettongia penicillata (Radford et al. 2018) core source_claim,(Morris et al. 2004)_EXCLUDE_1_Opinion claim_NA_NA,(Radford et al. 2018) core source_claim,Bettongia penicillata,1,(Morris et al. 2004),"",Not relevant,Opinion claim,"",no,2016
Bettongia penicillata (Radford et al. 2018) core source_claim,(Wayne et al. 2017b)_INCLUDE_NA_Population not in support_yes_no,(Radford et al. 2018) core source_claim,Bettongia penicillata,1,(Wayne et al. 2017b),"",No,Population not in support with data,yes,no,2016
Bettongia penicillata (Wallach & Lundgren 2025)_external review without claim,(Doherty et al. 2015)_INCLUDE_NA_Predation in support_no_no,(Wallach & Lundgren 2025)_external review without claim,Bettongia penicillata,1,(Doherty et al. 2015),"",Yes,Predation in support without data,no,no,2022
Bettongia penicillata (Wallach & Lundgren 2025)_external review without claim,(James et al. 2002)_INCLUDE_NA_Predation in support_no_no,(Wallach & Lundgren 2025)_external review without claim,Bettongia penicillata,1,(James et al. 2002),"",Yes,Predation in support without data,no,no,2022
Bettongia penicillata (Wallach & Lundgren 2025)_external review without claim,(Marlow et al. 2015a)_INCLUDE_NA_Predation in support_no_no,(Wallach & Lundgren 2025)_external review without claim,Bettongia penicillata,1,(Marlow et al. 2015a),"",Yes,Predation in support without data,no,no,2022
Bettongia penicillata (Wallach & Lundgren 2025)_external review without claim,(Martin et al. 2006)_INCLUDE_NA_Predation in support_no_no,(Wallach & Lundgren 2025)_external review without claim,Bettongia penicillata,1,(Martin et al. 2006),"",Yes,Predation in support without data,no,no,2022
Bettongia penicillata (Wallach & Lundgren 2025)_external review without claim,(Moseby et al. 2015)_INCLUDE_NA_Predation in support_no_no,(Wallach & Lundgren 2025)_external review without claim,Bettongia penicillata,1,(Moseby et al. 2015),"",Yes,Predation in support without data,no,no,2022
Bettongia penicillata (Wallach & Lundgren 2025)_external review without claim,(Priddel & Wheeler 2004)_INCLUDE_NA_Predation in support_no_no,(Wallach & Lundgren 2025)_external review without claim,Bettongia penicillata,1,(Priddel & Wheeler 2004),"",Yes,Predation in support without data,no,no,2022
Bettongia penicillata (Wallach & Lundgren 2025)_external review without claim,(Wayne et al. 2011)_INCLUDE_NA_Population not in support_yes_no,(Wallach & Lundgren 2025)_external review without claim,Bettongia penicillata,1,(Wayne et al. 2011),"",No,Population not in support with data,yes,no,2022
Bettongia penicillata (Wallach & Lundgren 2025)_external review without claim,(Wayne et al. 2011)_INCLUDE_NA_Predation in support_no_no,(Wallach & Lundgren 2025)_external review without claim,Bettongia penicillata,1,(Wayne et al. 2011),"",Yes,Predation in support without data,no,no,2022
Bettongia penicillata (Wallach & Lundgren 2025)_external review without claim,(Wayne et al. 2017a)_INCLUDE_NA_Population not in support_yes_no,(Wallach & Lundgren 2025)_external review without claim,Bettongia penicillata,1,(Wayne et al. 2017a),"",No,Population not in support with data,yes,no,2022
Bettongia penicillata (Wallach & Lundgren 2025)_external review without claim,(Wayne et al. 2017b)_INCLUDE_NA_Population not in support_yes_no,(Wallach & Lundgren 2025)_external review without claim,Bettongia penicillata,1,(Wayne et al. 2017b),"",No,Population not in support with data,yes,no,2022
Bettongia penicillata (Wallach & Lundgren 2025)_external review without claim,(Wheeler & Priddel 2009)_INCLUDE_NA_Predation in support_no_no,(Wallach & Lundgren 2025)_external review without claim,Bettongia penicillata,1,(Wheeler & Priddel 2009),"",Yes,Predation in support without data,no,no,2022
Bettongia penicillata (Woinarski et al. 2014) core source_claim,(Wayne et al. 2011)_INCLUDE_NA_Predation in support_no_no,(Woinarski et al. 2014) core source_claim,Bettongia penicillata,1,(Wayne et al. 2011),"",Yes,Predation in support without data,no,no,2013
Bettongia penicillata (Woinarski et al. 2014) core source_claim,"N. Marlow, P. de Tores and K. Morris et al., pers. comm._EXCLUDE_0_Inaccessible_NA_NA",(Woinarski et al. 2014) core source_claim,Bettongia penicillata,1,"N. Marlow, P. de Tores and K. Morris et al., pers. comm.",0,Not relevant,Inaccessible,"",no,2013
Bettongia penicillata Web of Science_Systematic external review,(Fancourt 2014)_EXCLUDE_1_No claim_NA_NA,Web of Science_Systematic external review,Bettongia penicillata,1,(Fancourt 2014),"",Not relevant,No claim,"",no,2025
Bettongia penicillata Web of Science_Systematic external review,(Fernandes et al. 2023)_EXCLUDE_1_No claim_NA_NA,Web of Science_Systematic external review,Bettongia penicillata,1,(Fernandes et al. 2023),"",Not relevant,No claim,"",no,2025
Bettongia penicillata Web of Science_Systematic external review,(Finlayson et al. 2010)_EXCLUDE_?_Inaccessible_NA_NA,Web of Science_Systematic external review,Bettongia penicillata,1,(Finlayson et al. 2010),?,Not relevant,Inaccessible,"",no,2025
Bettongia penicillata Web of Science_Systematic external review,(Hardman et al. 2016)_EXCLUDE_1_No claim_NA_NA,Web of Science_Systematic external review,Bettongia penicillata,1,(Hardman et al. 2016),"",Not relevant,No claim,"",no,2025
Bettongia penicillata Web of Science_Systematic external review,(Harrison et al. 2023)_EXCLUDE_1_No claim_NA_NA,Web of Science_Systematic external review,Bettongia penicillata,1,(Harrison et al. 2023),"",Not relevant,No claim,"",no,2025
Bettongia penicillata Web of Science_Systematic external review,(Harrison et al. 2025)_EXCLUDE_1_No claim_NA_NA,Web of Science_Systematic external review,Bettongia penicillata,1,(Harrison et al. 2025),"",Not relevant,No claim,"",no,2025
Bettongia penicillata Web of Science_Systematic external review,(Kaewmongkol et al. 2011)_EXCLUDE_1_No claim_NA_NA,Web of Science_Systematic external review,Bettongia penicillata,1,(Kaewmongkol et al. 2011),"",Not relevant,No claim,"",no,2025
Bettongia penicillata Web of Science_Systematic external review,(Marlow et al. 2015b)_EXCLUDE_1_No claim_NA_NA,Web of Science_Systematic external review,Bettongia penicillata,1,(Marlow et al. 2015b),"",Not relevant,No claim,"",no,2025
Bettongia penicillata Web of Science_Systematic external review,(Northover et al. 2024)_EXCLUDE_1_No claim_NA_NA,Web of Science_Systematic external review,Bettongia penicillata,1,(Northover et al. 2024),"",Not relevant,No claim,"",no,2025
Bettongia penicillata Web of Science_Systematic external review,(Woinarski et al. 2015)_EXCLUDE_1_No claim_NA_NA,Web of Science_Systematic external review,Bettongia penicillata,1,(Woinarski et al. 2015),"",Not relevant,No claim,"",no,2025
Bettongia tropica (Doherty et al. 2016) core source_claim,NOTHING_EXCLUDE_NA_No citation given_NA_NA Bettongia tropica,(Doherty et al. 2016) core source_claim,Bettongia tropica,2,NOTHING NA Bettongia tropica,"",Not relevant,No citation given,"",no,2014
Bettongia tropica (IUCN 2025) core source_claim,(Dennis 2001)_EXCLUDE_0_No claim_NA_NA,(IUCN 2025) core source_claim,Bettongia tropica,1,(Dennis 2001),"",Not relevant,No claim,"",no,2011
Bettongia tropica (IUCN 2025) core source_claim,(Whitehead et al. 2018)_EXCLUDE_1_Opinion claim_NA_NA,(IUCN 2025) core source_claim,Bettongia tropica,1,(Whitehead et al. 2018),"",Not relevant,Opinion claim,"",no,2011
Bettongia tropica (Woinarski et al. 2014) core source_claim,NOTHING_EXCLUDE_NA_No citation given_NA_NA Bettongia tropica,(Woinarski et al. 2014) core source_claim,Bettongia tropica,1,NOTHING NA Bettongia tropica,"",Not relevant,No citation given,"",no,2013
Bettongia tropica Opportunistic_Systematic external review,(Pocknee 2024)_INCLUDE_NA_Population not in support_yes_yes,Opportunistic_Systematic external review,Bettongia tropica,1,(Pocknee 2024),"",No,Population not in support with data of quality,yes,yes,2025
Bettongia tropica Web of Science_Systematic external review,(McHugh et al. 2020)_EXCLUDE_1_No claim_NA_NA,Web of Science_Systematic external review,Bettongia tropica,1,(McHugh et al. 2020),"",Not relevant,No claim,"",no,2025
Bettongia tropica Web of Science_Systematic external review,(Whitehead et al. 2018)_EXCLUDE_1_Opinion claim_NA_NA,Web of Science_Systematic external review,Bettongia tropica,1,(Whitehead et al. 2018),"",Not relevant,Opinion claim,"",no,2025
Boa orophias (IUCN 2025) core source_claim,NOTHING_EXCLUDE_NA_No citation given_NA_NA Boa orophias,(IUCN 2025) core source_claim,Boa orophias,1,NOTHING NA Boa orophias,"",Not relevant,No citation given,"",no,2014
Bolyeria multocarinata (IUCN 2025) core source_claim,NOTHING_EXCLUDE_NA_No citation given_NA_NA Bolyeria multocarinata,(IUCN 2025) core source_claim,Bolyeria multocarinata,1,NOTHING NA Bolyeria multocarinata,"",Not relevant,No citation given,"",no,2019
Bostrychia bocagei (IUCN 2025) core source_claim,(Dutton 1994)_EXCLUDE_1_No claim_NA_NA,(IUCN 2025) core source_claim,Bostrychia bocagei,1,(Dutton 1994),"",Not relevant,No claim,"",no,2019
Botaurus poiciloptilus (Garnett & Baker 2021) core source_claim,NOTHING_EXCLUDE_NA_No citation given_NA_NA Botaurus poiciloptilus,(Garnett & Baker 2021) core source_claim,Botaurus poiciloptilus,1,NOTHING NA Botaurus poiciloptilus,"",Not relevant,No citation given,"",no,2020
Botaurus poiciloptilus (IUCN 2025) core source_claim,NOTHING_EXCLUDE_NA_No citation given_NA_NA Botaurus poiciloptilus,(IUCN 2025) core source_claim,Botaurus poiciloptilus,1,NOTHING NA Botaurus poiciloptilus,"",Not relevant,No citation given,"",no,2021
Botaurus poiciloptilus Web of Science_Systematic external review,(O’Donnell et al. 2015)_INCLUDE_NA_Predation in support_no_no,Web of Science_Systematic external review,Botaurus poiciloptilus,1,(O’Donnell et al. 2015),"",Yes,Predation in support without data,no,no,2025
Brachylophus bulabula (Doherty et al. 2016) core source_claim,(Gibbons 1984)_EXCLUDE_1_Opinion claim_NA_NA,(Doherty et al. 2016) core source_claim,Brachylophus bulabula,1,(Gibbons 1984),"",Not relevant,Opinion claim,"",no,2014
Brachylophus bulabula (Doherty et al. 2016) core source_claim,NOTHING_EXCLUDE_NA_No citation given_NA_NA Brachylophus bulabula,(Doherty et al. 2016) core source_claim,Brachylophus bulabula,2,NOTHING NA Brachylophus bulabula,"",Not relevant,No citation given,"",no,2014
Brachylophus bulabula (IUCN 2025) core source_claim,NOTHING_EXCLUDE_NA_No citation given_NA_NA Brachylophus bulabula,(IUCN 2025) core source_claim,Brachylophus bulabula,1,NOTHING NA Brachylophus bulabula,"",Not relevant,No citation given,"",no,2011
Brachylophus bulabula (Medina et al. 2011) core source_claim,(Gibbons 1984)_EXCLUDE_1_Opinion claim_NA_NA,(Medina et al. 2011) core source_claim,Brachylophus bulabula,1,(Gibbons 1984),"",Not relevant,Opinion claim,"",no,2009
Brachylophus fasciatus (Doherty et al. 2016) core source_claim,(Gibbons 1984)_EXCLUDE_1_Opinion claim_NA_NA,(Doherty et al. 2016) core source_claim,Brachylophus fasciatus,1,(Gibbons 1984),"",Not relevant,Opinion claim,"",no,2014
Brachylophus fasciatus (Doherty et al. 2016) core source_claim,NOTHING_EXCLUDE_NA_No citation given_NA_NA Brachylophus fasciatus,(Doherty et al. 2016) core source_claim,Brachylophus fasciatus,2,NOTHING NA Brachylophus fasciatus,"",Not relevant,No citation given,"",no,2014
Brachylophus fasciatus (IUCN 2025) core source_claim,NOTHING_EXCLUDE_NA_No citation given_NA_NA Brachylophus fasciatus,(IUCN 2025) core source_claim,Brachylophus fasciatus,1,NOTHING NA Brachylophus fasciatus,"",Not relevant,No citation given,"",no,2011
Brachylophus fasciatus (Medina et al. 2011) core source_claim,(Gibbons 1984)_EXCLUDE_1_Opinion claim_NA_NA,(Medina et al. 2011) core source_claim,Brachylophus fasciatus,1,(Gibbons 1984),"",Not relevant,Opinion claim,"",no,2009
Brachylophus gau (IUCN 2025) core source_claim,(Fisher et al. 2019)_EXCLUDE_0_No claim_NA_NA,(IUCN 2025) core source_claim,Brachylophus gau,1,(Fisher et al. 2019),"",Not relevant,No claim,"",no,2018
Brachylophus vitiensis (Doherty et al. 2016) core source_claim,(Gibbons 1984)_EXCLUDE_1_Opinion claim_NA_NA,(Doherty et al. 2016) core source_claim,Brachylophus vitiensis,1,(Gibbons 1984),"",Not relevant,Opinion claim,"",no,2014
Brachylophus vitiensis (Doherty et al. 2016) core source_claim,(Harlow et al. 2007)_EXCLUDE_1_Opinion claim_NA_NA,(Doherty et al. 2016) core source_claim,Brachylophus vitiensis,1,(Harlow et al. 2007),"",Not relevant,Opinion claim,"",no,2014
Brachylophus vitiensis (IUCN 2025) core source_claim,NOTHING_EXCLUDE_NA_No citation given_NA_NA Brachylophus vitiensis,(IUCN 2025) core source_claim,Brachylophus vitiensis,1,NOTHING NA Brachylophus vitiensis,"",Not relevant,No citation given,"",no,2011
Brachylophus vitiensis (Medina et al. 2011) core source_claim,(Gibbons 1984)_EXCLUDE_1_Opinion claim_NA_NA,(Medina et al. 2011) core source_claim,Brachylophus vitiensis,1,(Gibbons 1984),"",Not relevant,Opinion claim,"",no,2009
Brachylophus vitiensis Opportunistic_Systematic external review,(Fisher et al. 2019)_EXCLUDE_0_No claim_NA_NA,Opportunistic_Systematic external review,Brachylophus vitiensis,1,(Fisher et al. 2019),"",Not relevant,No claim,"",no,2025
Brachylophus vitiensis Opportunistic_Systematic external review,(Harlow & Biciloa 2001)_EXCLUDE_1_Opinion claim_NA_NA,Opportunistic_Systematic external review,Brachylophus vitiensis,1,(Harlow & Biciloa 2001),"",Not relevant,Opinion claim,"",no,2025
Branta sandvicensis (Doherty et al. 2016) core source_claim,(Hoshide et al. 1990)_INCLUDE_NA_Predation in support_no_no,(Doherty et al. 2016) core source_claim,Branta sandvicensis,1,(Hoshide et al. 1990),"",Yes,Predation in support without data,no,no,2014
Branta sandvicensis (Doherty et al. 2016) core source_claim,(Rave et al. 2005)_INCLUDE_NA_Predation in support_no_no,(Doherty et al. 2016) core source_claim,Branta sandvicensis,1,(Rave et al. 2005),"",Yes,Predation in support without data,no,no,2014
Branta sandvicensis (Doherty et al. 2016) core source_claim,(USFWS 2004)_INCLUDE_NA_Predation in support_no_no,(Doherty et al. 2016) core source_claim,Branta sandvicensis,1,(USFWS 2004),"",Yes,Predation in support without data,no,no,2014
Branta sandvicensis (Doherty et al. 2016) core source_claim,"C. Terry, pers. comm. 1999_EXCLUDE_0_Inaccessible_NA_NA",(Doherty et al. 2016) core source_claim,Branta sandvicensis,2,"C. Terry, pers. comm. 1999",0,Not relevant,Inaccessible,"",no,2014
Branta sandvicensis (Doherty et al. 2016) core source_claim,"Telfer, pers. comm 1998_EXCLUDE_0_Inaccessible_NA_NA",(Doherty et al. 2016) core source_claim,Branta sandvicensis,2,"Telfer, pers. comm 1998",0,Not relevant,Inaccessible,"",no,2014
Branta sandvicensis (IUCN 2025) core source_claim,(Banko & Elder 1990)_EXCLUDE_0_Opinion claim_NA_NA,(IUCN 2025) core source_claim,Branta sandvicensis,1,(Banko & Elder 1990),"",Not relevant,Opinion claim,"",no,2020
Branta sandvicensis (IUCN 2025) core source_claim,(Hoshide et al. 1990)_INCLUDE_NA_Predation in support_no_no,(IUCN 2025) core source_claim,Branta sandvicensis,2,(Hoshide et al. 1990),"",Yes,Predation in support without data,no,no,2020
Branta sandvicensis (IUCN 2025) core source_claim,(Kear & Berger 1980)_EXCLUDE_0_Inaccessible_NA_NA,(IUCN 2025) core source_claim,Branta sandvicensis,2,(Kear & Berger 1980),0,Not relevant,Inaccessible,"",no,2020
Branta sandvicensis (Medina et al. 2011) core source_claim,(Banko et al. 2001)_EXCLUDE_1_Opinion claim_NA_NA,(Medina et al. 2011) core source_claim,Branta sandvicensis,1,(Banko et al. 2001),"",Not relevant,Opinion claim,"",no,2009
Branta sandvicensis (Medina et al. 2011) core source_claim,(Winter & Wallace 2006)_EXCLUDE_0_Opinion claim_NA_NA,(Medina et al. 2011) core source_claim,Branta sandvicensis,1,(Winter & Wallace 2006),"",Not relevant,Opinion claim,"",no,2009
Branta sandvicensis Web of Science_Systematic external review,(Work et al. 2015)_EXCLUDE_1_No claim_NA_NA,Web of Science_Systematic external review,Branta sandvicensis,1,(Work et al. 2015),"",Not relevant,No claim,"",no,2025
Branta sandvicensis Web of Science_Systematic external review,(Work et al. 2016)_EXCLUDE_1_No claim_NA_NA,Web of Science_Systematic external review,Branta sandvicensis,1,(Work et al. 2016),"",Not relevant,No claim,"",no,2025
Bulweria fallax (IUCN 2025) core source_claim,(Al-Saghier et al. 2000)_EXCLUDE_0_Inaccessible_NA_NA,(IUCN 2025) core source_claim,Bulweria fallax,1,(Al-Saghier et al. 2000),0,Not relevant,Inaccessible,"",no,2017
Burramys parvus (Dickman 1996b) core source_claim,NOTHING_EXCLUDE_NA_No citation given_NA_NA Burramys parvus,(Dickman 1996b) core source_claim,Burramys parvus,1,NOTHING NA Burramys parvus,"",Not relevant,No citation given,"",no,1994
Burramys parvus (Doherty et al. 2016) core source_claim,(Menkhorst et al. 2013)_EXCLUDE_0_Inaccessible_NA_NA,(Doherty et al. 2016) core source_claim,Burramys parvus,2,(Menkhorst et al. 2013),0,Not relevant,Inaccessible,"",no,2014
Burramys parvus (Doherty et al. 2016) core source_claim,(NSW National Parks and Wildlife Service 2002b)_EXCLUDE_0_Inaccessible_NA_NA,(Doherty et al. 2016) core source_claim,Burramys parvus,1,(NSW National Parks and Wildlife Service 2002b),0,Not relevant,Inaccessible,"",no,2014
Burramys parvus (Doherty et al. 2016) core source_claim,(Watson 2006)_EXCLUDE_0_Inaccessible_NA_NA,(Doherty et al. 2016) core source_claim,Burramys parvus,1,(Watson 2006),0,Not relevant,Inaccessible,"",no,2014
Burramys parvus (Doherty et al. 2016) core source_claim,NOTHING_EXCLUDE_NA_No citation given_NA_NA Burramys parvus,(Doherty et al. 2016) core source_claim,Burramys parvus,3,NOTHING NA Burramys parvus,"",Not relevant,No citation given,"",no,2014
Burramys parvus (IUCN 2025) core source_claim,NOTHING_EXCLUDE_NA_No citation given_NA_NA Burramys parvus,(IUCN 2025) core source_claim,Burramys parvus,1,NOTHING NA Burramys parvus,"",Not relevant,No citation given,"",no,2007
Burramys parvus (Wallach & Lundgren 2025)_external review without claim,(Doherty et al. 2015)_INCLUDE_NA_Predation in support_no_no,(Wallach & Lundgren 2025)_external review without claim,Burramys parvus,1,(Doherty et al. 2015),"",Yes,Predation in support without data,no,no,2022
Burramys parvus (Woinarski et al. 2014) core source_claim,(Menkhorst et al. 2013)_EXCLUDE_0_Inaccessible_NA_NA,(Woinarski et al. 2014) core source_claim,Burramys parvus,1,(Menkhorst et al. 2013),0,Not relevant,Inaccessible,"",no,2013
Burramys parvus (Woinarski et al. 2014) core source_claim,NOTHING_EXCLUDE_NA_No citation given_NA_NA Burramys parvus,(Woinarski et al. 2014) core source_claim,Burramys parvus,2,NOTHING NA Burramys parvus,"",Not relevant,No citation given,"",no,2013
Burramys parvus Opportunistic_Systematic external review,(Broome & Ford 2005)_EXCLUDE_1_No claim_NA_NA,Opportunistic_Systematic external review,Burramys parvus,2,(Broome & Ford 2005),"",Not relevant,No claim,"",no,2025
Burramys parvus Opportunistic_Systematic external review,(Broome 1992)_EXCLUDE_0_Inaccessible_NA_NA,Opportunistic_Systematic external review,Burramys parvus,2,(Broome 1992),0,Not relevant,Inaccessible,"",no,2025
Burramys parvus Opportunistic_Systematic external review,(Broome et al. 2012)_EXCLUDE_1_Opinion claim_NA_NA,Opportunistic_Systematic external review,Burramys parvus,2,(Broome et al. 2012),"",Not relevant,Opinion claim,"",no,2025
Burramys parvus Opportunistic_Systematic external review,(Heinze et al. 2004)_EXCLUDE_0_Inaccessible_NA_NA,Opportunistic_Systematic external review,Burramys parvus,2,(Heinze et al. 2004),0,Not relevant,Inaccessible,"",no,2025
Burramys parvus Opportunistic_Systematic external review,(Mansergh & Broome 1994)_EXCLUDE_?_Inaccessible_NA_NA,Opportunistic_Systematic external review,Burramys parvus,2,(Mansergh & Broome 1994),?,Not relevant,Inaccessible,"",no,2025
Burramys parvus Opportunistic_Systematic external review,(Mansergh 1988)_EXCLUDE_0_Opinion claim_NA_NA,Opportunistic_Systematic external review,Burramys parvus,2,(Mansergh 1988),"",Not relevant,Opinion claim,"",no,2025
Burramys parvus Opportunistic_Systematic external review,(Mansergh 1991)_EXCLUDE_0_Inaccessible_NA_NA,Opportunistic_Systematic external review,Burramys parvus,2,(Mansergh 1991),0,Not relevant,Inaccessible,"",no,2025
Burramys parvus Opportunistic_Systematic external review,(McDougall & Broome 2007)_EXCLUDE_0_Opinion claim_NA_NA,Opportunistic_Systematic external review,Burramys parvus,2,(McDougall & Broome 2007),"",Not relevant,Opinion claim,"",no,2025
Burramys parvus Opportunistic_Systematic external review,(Mount Buller and Mount Stirling Alpine Resort Management Board 2005)_EXCLUDE_0_Inaccessible_NA_NA,Opportunistic_Systematic external review,Burramys parvus,2,(Mount Buller and Mount Stirling Alpine Resort Management Board 2005),0,Not relevant,Inaccessible,"",no,2025
Burramys parvus Opportunistic_Systematic external review,(NSW National Parks and Wildlife Service 2002b)_EXCLUDE_0_Inaccessible_NA_NA,Opportunistic_Systematic external review,Burramys parvus,2,(NSW National Parks and Wildlife Service 2002b),0,Not relevant,Inaccessible,"",no,2025
Burramys parvus Opportunistic_Systematic external review,(Watson 2006)_EXCLUDE_0_Inaccessible_NA_NA,Opportunistic_Systematic external review,Burramys parvus,2,(Watson 2006),0,Not relevant,Inaccessible,"",no,2025
Cabalus modestus (Doherty et al. 2016) core source_claim,(Marchant & Higgins 1993)_EXCLUDE_?_Inaccessible_NA_NA,(Doherty et al. 2016) core source_claim,Cabalus modestus,2,(Marchant & Higgins 1993),?,Not relevant,Inaccessible,"",no,2014
Cabalus modestus (Doherty et al. 2016) core source_claim,(O’Donnell et al. 2015)_EXCLUDE_1_Opinion claim_NA_NA,(Doherty et al. 2016) core source_claim,Cabalus modestus,1,(O’Donnell et al. 2015),"",Not relevant,Opinion claim,"",no,2014
Cabalus modestus (Hume 2017) core source_claim,NOTHING_EXCLUDE_NA_No citation given_NA_NA Cabalus modestus,(Hume 2017) core source_claim,Cabalus modestus,1,NOTHING NA Cabalus modestus,"",Not relevant,No citation given,"",no,2016
Cabalus modestus (IUCN 2025) core source_claim,(Marchant & Higgins 1993)_EXCLUDE_?_Inaccessible_NA_NA,(IUCN 2025) core source_claim,Cabalus modestus,1,(Marchant & Higgins 1993),?,Not relevant,Inaccessible,"",no,2022
Cabalus modestus (Medina et al. 2011) core source_claim,(Flannery 2001)_EXCLUDE_0_Inaccessible_NA_NA,(Medina et al. 2011) core source_claim,Cabalus modestus,1,(Flannery 2001),0,Not relevant,Inaccessible,"",no,2009
Caledoniscincus aquilonius (IUCN 2025) core source_claim,(Palmas et al. In preparation)_EXCLUDE_0_Inaccessible_NA_NA,(IUCN 2025) core source_claim,Caledoniscincus aquilonius,1,(Palmas et al. In preparation),0,Not relevant,Inaccessible,"",no,2016
Caledoniscincus aquilonius (IUCN 2025) core source_claim,(Thibault et al. 2017)_EXCLUDE_1_No claim_NA_NA,(IUCN 2025) core source_claim,Caledoniscincus aquilonius,1,(Thibault et al. 2017),"",Not relevant,No claim,"",no,2016
Caledoniscincus aquilonius Opportunistic_Systematic external review,(Palmas et al. 2017)_INCLUDE_NA_Predation in support_no_no,Opportunistic_Systematic external review,Caledoniscincus aquilonius,1,(Palmas et al. 2017),"",Yes,Predation in support without data,no,no,2025
Caledoniscincus auratus (Doherty et al. 2016) core source_claim,(Palmas et al. In preparation)_EXCLUDE_0_Inaccessible_NA_NA,(Doherty et al. 2016) core source_claim,Caledoniscincus auratus,2,(Palmas et al. In preparation),0,Not relevant,Inaccessible,"",no,2014
Caledoniscincus auratus (Doherty et al. 2016) core source_claim,(Thibault et al. 2017)_EXCLUDE_1_No claim_NA_NA,(Doherty et al. 2016) core source_claim,Caledoniscincus auratus,2,(Thibault et al. 2017),"",Not relevant,No claim,"",no,2014
Caledoniscincus auratus (IUCN 2025) core source_claim,(Palmas et al. In preparation)_EXCLUDE_0_Inaccessible_NA_NA,(IUCN 2025) core source_claim,Caledoniscincus auratus,1,(Palmas et al. In preparation),0,Not relevant,Inaccessible,"",no,2016
Caledoniscincus auratus (IUCN 2025) core source_claim,(Thibault et al. 2017)_EXCLUDE_1_No claim_NA_NA,(IUCN 2025) core source_claim,Caledoniscincus auratus,1,(Thibault et al. 2017),"",Not relevant,No claim,"",no,2016
Caledoniscincus auratus Opportunistic_Systematic external review,(Palmas et al. 2017)_INCLUDE_NA_Predation in support_no_no,Opportunistic_Systematic external review,Caledoniscincus auratus,1,(Palmas et al. 2017),"",Yes,Predation in support without data,no,no,2025
Caledoniscincus chazeaui (Doherty et al. 2016) core source_claim,(Palmas et al. In preparation)_EXCLUDE_0_Inaccessible_NA_NA,(Doherty et al. 2016) core source_claim,Caledoniscincus chazeaui,2,(Palmas et al. In preparation),0,Not relevant,Inaccessible,"",no,2014
Caledoniscincus chazeaui (IUCN 2025) core source_claim,(Palmas et al. In preparation)_EXCLUDE_0_Inaccessible_NA_NA,(IUCN 2025) core source_claim,Caledoniscincus chazeaui,1,(Palmas et al. In preparation),0,Not relevant,Inaccessible,"",no,2016
Caledoniscincus constellatus (IUCN 2025) core source_claim,(Palmas et al. In preparation)_EXCLUDE_0_Inaccessible_NA_NA,(IUCN 2025) core source_claim,Caledoniscincus constellatus,1,(Palmas et al. In preparation),0,Not relevant,Inaccessible,"",no,2016
Caledoniscincus orestes (Doherty et al. 2016) core source_claim,(Palmas et al. 2017)_INCLUDE_NA_Predation in support_no_no,(Doherty et al. 2016) core source_claim,Caledoniscincus orestes,2,(Palmas et al. 2017),"",Yes,Predation in support without data,no,no,2014
Caledoniscincus orestes (IUCN 2025) core source_claim,(Palmas et al. 2017)_INCLUDE_NA_Predation in support_no_no,(IUCN 2025) core source_claim,Caledoniscincus orestes,1,(Palmas et al. 2017),"",Yes,Predation in support without data,no,no,2016
Caledoniscincus pelletieri (IUCN 2025) core source_claim,(Palmas et al. In preparation)_EXCLUDE_0_Inaccessible_NA_NA,(IUCN 2025) core source_claim,Caledoniscincus pelletieri,1,(Palmas et al. In preparation),0,Not relevant,Inaccessible,"",no,2016
Caledoniscincus renevieri (Doherty et al. 2016) core source_claim,(Palmas et al. In preparation)_EXCLUDE_0_Inaccessible_NA_NA,(Doherty et al. 2016) core source_claim,Caledoniscincus renevieri,2,(Palmas et al. In preparation),0,Not relevant,Inaccessible,"",no,2014
Caledoniscincus renevieri (Doherty et al. 2016) core source_claim,(Thibault et al. 2017)_EXCLUDE_1_No claim_NA_NA,(Doherty et al. 2016) core source_claim,Caledoniscincus renevieri,2,(Thibault et al. 2017),"",Not relevant,No claim,"",no,2014
Caledoniscincus renevieri (IUCN 2025) core source_claim,(Palmas et al. In preparation)_EXCLUDE_0_Inaccessible_NA_NA,(IUCN 2025) core source_claim,Caledoniscincus renevieri,1,(Palmas et al. In preparation),0,Not relevant,Inaccessible,"",no,2016
Caledoniscincus renevieri (IUCN 2025) core source_claim,(Thibault et al. 2017)_EXCLUDE_1_No claim_NA_NA,(IUCN 2025) core source_claim,Caledoniscincus renevieri,1,(Thibault et al. 2017),"",Not relevant,No claim,"",no,2016
Caloenas nicobarica (IUCN 2025) core source_claim,NOTHING_EXCLUDE_NA_No citation given_NA_NA Caloenas nicobarica,(IUCN 2025) core source_claim,Caloenas nicobarica,1,NOTHING NA Caloenas nicobarica,"",Not relevant,No citation given,"",no,2019
Calonectris edwardsii (IUCN 2025) core source_claim,(Nunes & Hazevoet 2001)_EXCLUDE_0_Inaccessible_NA_NA,(IUCN 2025) core source_claim,Calonectris edwardsii,1,(Nunes & Hazevoet 2001),0,Not relevant,Inaccessible,"",no,2017
Calonectris edwardsii Web of Science_Systematic external review,(Alho et al. 2022)_EXCLUDE_1_No claim_NA_NA,Web of Science_Systematic external review,Calonectris edwardsii,1,(Alho et al. 2022),"",Not relevant,No claim,"",no,2025
Calonectris edwardsii Web of Science_Systematic external review,(Semedo et al. 2021)_EXCLUDE_1_No claim_NA_NA,Web of Science_Systematic external review,Calonectris edwardsii,1,(Semedo et al. 2021),"",Not relevant,No claim,"",no,2025
Calonectris leucomelas (Campolina et al. 2024) core source_claim,(Azumi et al. 2021)_INCLUDE_NA_Predation in support_no_no,(Campolina et al. 2024) core source_claim,Calonectris leucomelas,1,(Azumi et al. 2021),"",Yes,Predation in support without data,no,no,2021
Calonectris leucomelas (Campolina et al. 2024) core source_claim,(Oka 2019)_EXCLUDE_1_Inaccessible_NA_NA,(Campolina et al. 2024) core source_claim,Calonectris leucomelas,1,(Oka 2019),1,Not relevant,Inaccessible,"",no,2021
Calonectris leucomelas (Campolina et al. 2024) core source_claim,(Oka et al. 2002)_INCLUDE_NA_Predation in support_no_no,(Campolina et al. 2024) core source_claim,Calonectris leucomelas,1,(Oka et al. 2002),"",Yes,Predation in support without data,no,no,2021
Calonectris leucomelas (Campolina et al. 2024) core source_claim,(Shiozaki et al. 2014)_INCLUDE_NA_Predation in support_no_no,(Campolina et al. 2024) core source_claim,Calonectris leucomelas,1,(Shiozaki et al. 2014),"",Yes,Predation in support without data,no,no,2021
Calonectris leucomelas (IUCN 2025) core source_claim,NOTHING_EXCLUDE_NA_No citation given_NA_NA Calonectris leucomelas,(IUCN 2025) core source_claim,Calonectris leucomelas,1,NOTHING NA Calonectris leucomelas,"",Not relevant,No citation given,"",no,2017
Calonectris leucomelas Web of Science_Systematic external review,(Azumi et al. 2021)_INCLUDE_NA_Predation in support_no_no,Web of Science_Systematic external review,Calonectris leucomelas,1,(Azumi et al. 2021),"",Yes,Predation in support without data,no,no,2025
Calonectris leucomelas Web of Science_Systematic external review,(Nagata et al. 2022)_INCLUDE_NA_Predation in support_no_no,Web of Science_Systematic external review,Calonectris leucomelas,1,(Nagata et al. 2022),"",Yes,Predation in support without data,no,no,2025
Caloprymnus campestris (Doherty et al. 2016) core source_claim,(Dickman 1996b) core source_EXCLUDE_NA_No claim,(Doherty et al. 2016) core source_claim,Caloprymnus campestris,2,(Dickman 1996b) core source,,Not relevant,No claim,"",no,2014
Caloprymnus campestris (IUCN 2025) core source_claim,NOTHING_EXCLUDE_NA_No citation given_NA_NA Caloprymnus campestris,(IUCN 2025) core source_claim,Caloprymnus campestris,1,NOTHING NA Caloprymnus campestris,"",Not relevant,No citation given,"",no,2011
Caloprymnus campestris (Woinarski et al. 2014) core source_claim,(Dickman 1996b) core source_EXCLUDE_NA_No claim,(Woinarski et al. 2014) core source_claim,Caloprymnus campestris,1,(Dickman 1996b) core source,,Not relevant,No claim,"",no,2013
Caloprymnus campestris Web of Science_Systematic external review,(Vernes et al. 2021a)_EXCLUDE_1_No claim_NA_NA,Web of Science_Systematic external review,Caloprymnus campestris,1,(Vernes et al. 2021a),"",Not relevant,No claim,"",no,2025
Calyptophilus tertius (IUCN 2025) core source_claim,(Rimmer et al. 2008)_EXCLUDE_1_Opinion claim_NA_NA,(IUCN 2025) core source_claim,Calyptophilus tertius,1,(Rimmer et al. 2008),"",Not relevant,Opinion claim,"",no,2019
Calyptophilus tertius Web of Science_Systematic external review,(Rimmer et al. 2008)_EXCLUDE_1_Opinion claim_NA_NA,Web of Science_Systematic external review,Calyptophilus tertius,1,(Rimmer et al. 2008),"",Not relevant,Opinion claim,"",no,2025
Caribicus anelpistus (IUCN 2025) core source_claim,NOTHING_EXCLUDE_NA_No citation given_NA_NA Caribicus anelpistus,(IUCN 2025) core source_claim,Caribicus anelpistus,1,NOTHING NA Caribicus anelpistus,"",Not relevant,No citation given,"",no,2014
Caribicus warreni (Doherty et al. 2016) core source_claim,(Powell & Henderson 2003)_EXCLUDE_1_Inaccessible_NA_NA,(Doherty et al. 2016) core source_claim,Caribicus warreni,1,(Powell & Henderson 2003),1,Not relevant,Inaccessible,"",no,2014
Caribicus warreni (IUCN 2025) core source_claim,NOTHING_EXCLUDE_NA_No citation given_NA_NA Caribicus warreni,(IUCN 2025) core source_claim,Caribicus warreni,1,NOTHING NA Caribicus warreni,"",Not relevant,No citation given,"",no,2014
Carpodacus ferreorostris (Hume 2017) core source_claim,NOTHING_EXCLUDE_NA_No citation given_NA_NA Carpodacus ferreorostris,(Hume 2017) core source_claim,Carpodacus ferreorostris,1,NOTHING NA Carpodacus ferreorostris,"",Not relevant,No citation given,"",no,2016
Carpodacus ferreorostris (IUCN 2025) core source_claim,(Stattersfield 1998)_EXCLUDE_0_Inaccessible_NA_NA,(IUCN 2025) core source_claim,Carpodacus ferreorostris,1,(Stattersfield 1998),0,Not relevant,Inaccessible,"",no,2022
Carpodacus ferreorostris (IUCN 2025) core source_claim,NOTHING_EXCLUDE_NA_No citation given_NA_NA Carpodacus ferreorostris,(IUCN 2025) core source_claim,Carpodacus ferreorostris,2,NOTHING NA Carpodacus ferreorostris,"",Not relevant,No citation given,"",no,2022
Casarea dussumieri (IUCN 2025) core source_claim,NOTHING_EXCLUDE_NA_No citation given_NA_NA Casarea dussumieri,(IUCN 2025) core source_claim,Casarea dussumieri,1,NOTHING NA Casarea dussumieri,"",Not relevant,No citation given,"",no,2017
Celatiscincus euryotis (IUCN 2025) core source_claim,(Palmas et al. In preparation)_EXCLUDE_0_Inaccessible_NA_NA,(IUCN 2025) core source_claim,Celatiscincus euryotis,1,(Palmas et al. In preparation),0,Not relevant,Inaccessible,"",no,2016
Celatiscincus euryotis (IUCN 2025) core source_claim,(Thibault et al. 2017)_EXCLUDE_1_No claim_NA_NA,(IUCN 2025) core source_claim,Celatiscincus euryotis,1,(Thibault et al. 2017),"",Not relevant,No claim,"",no,2016
Celatiscincus similis (Doherty et al. 2016) core source_claim,(Palmas et al. 2017)_INCLUDE_NA_Predation in support_no_no,(Doherty et al. 2016) core source_claim,Celatiscincus similis,2,(Palmas et al. 2017),"",Yes,Predation in support without data,no,no,2014
Celatiscincus similis (IUCN 2025) core source_claim,(Palmas et al. 2017)_INCLUDE_NA_Predation in support_no_no,(IUCN 2025) core source_claim,Celatiscincus similis,1,(Palmas et al. 2017),"",Yes,Predation in support without data,no,no,2016
Celestus duquesneyi (IUCN 2025) core source_claim,B. Wilson pers. comm. 2015_EXCLUDE_0_Inaccessible_NA_NA,(IUCN 2025) core source_claim,Celestus duquesneyi,1,B. Wilson pers. comm. 2015,0,Not relevant,Inaccessible,"",no,2014
Celestus hewardi (IUCN 2025) core source_claim,B. Wilson pers. comm. 2015_EXCLUDE_0_Inaccessible_NA_NA,(IUCN 2025) core source_claim,Celestus hewardi,1,B. Wilson pers. comm. 2015,0,Not relevant,Inaccessible,"",no,2014
Celestus microblepharis (IUCN 2025) core source_claim,B. Wilson pers. comm. 2015_EXCLUDE_0_Inaccessible_NA_NA,(IUCN 2025) core source_claim,Celestus microblepharis,1,B. Wilson pers. comm. 2015,0,Not relevant,Inaccessible,"",no,2014
Celestus molesworthi (IUCN 2025) core source_claim,S.B. Hedges and B. Wilson pers. comm. 2015_EXCLUDE_0_Inaccessible_NA_NA,(IUCN 2025) core source_claim,Celestus molesworthi,1,S.B. Hedges and B. Wilson pers. comm. 2015,0,Not relevant,Inaccessible,"",no,2014
Chaeropus ecaudatus (Dickman 1996b) core source_claim,NOTHING_EXCLUDE_NA_No citation given_NA_NA Chaeropus ecaudatus,(Dickman 1996b) core source_claim,Chaeropus ecaudatus,1,NOTHING NA Chaeropus ecaudatus,"",Not relevant,No citation given,"",no,1994
Chaeropus ecaudatus (Doherty et al. 2016) core source_claim,(Abbott 2002)_EXCLUDE_1_Opinion claim_NA_NA,(Doherty et al. 2016) core source_claim,Chaeropus ecaudatus,2,(Abbott 2002),"",Not relevant,Opinion claim,"",no,2014
Chaeropus ecaudatus (Doherty et al. 2016) core source_claim,(Abbott 2008)_EXCLUDE_1_No claim_NA_NA,(Doherty et al. 2016) core source_claim,Chaeropus ecaudatus,2,(Abbott 2008),"",Not relevant,No claim,"",no,2014
Chaeropus ecaudatus (IUCN 2025) core source_claim,(Abbott 2002)_EXCLUDE_1_Opinion claim_NA_NA,(IUCN 2025) core source_claim,Chaeropus ecaudatus,1,(Abbott 2002),"",Not relevant,Opinion claim,"",no,2011
Chaeropus ecaudatus (IUCN 2025) core source_claim,(Abbott 2008)_EXCLUDE_1_No claim_NA_NA,(IUCN 2025) core source_claim,Chaeropus ecaudatus,1,(Abbott 2008),"",Not relevant,No claim,"",no,2011
Chaeropus ecaudatus (Radford et al. 2018) core source_claim,(Dickman et al. 1993)_EXCLUDE_1_Opinion claim_NA_NA,(Radford et al. 2018) core source_claim,Chaeropus ecaudatus,1,(Dickman et al. 1993),"",Not relevant,Opinion claim,"",no,2016
Chaeropus ecaudatus (Woinarski et al. 2014) core source_claim,(Abbott 2002)_EXCLUDE_1_Opinion claim_NA_NA,(Woinarski et al. 2014) core source_claim,Chaeropus ecaudatus,1,(Abbott 2002),"",Not relevant,Opinion claim,"",no,2013
Chaeropus ecaudatus (Woinarski et al. 2014) core source_claim,(Abbott 2008)_EXCLUDE_1_No claim_NA_NA,(Woinarski et al. 2014) core source_claim,Chaeropus ecaudatus,1,(Abbott 2008),"",Not relevant,No claim,"",no,2013
Chalinolobus picatus (IUCN 2025) core source_claim,NOTHING_EXCLUDE_NA_No citation given_NA_NA Chalinolobus picatus,(IUCN 2025) core source_claim,Chalinolobus picatus,1,NOTHING NA Chalinolobus picatus,"",Not relevant,No citation given,"",no,2018
Chalinolobus tuberculatus (Doherty et al. 2016) core source_claim,(Daniel & Williams 1981)_INCLUDE_NA_Predation in support_no_no,(Doherty et al. 2016) core source_claim,Chalinolobus tuberculatus,4,(Daniel & Williams 1981),"",Yes,Predation in support without data,no,no,2014
Chalinolobus tuberculatus (Doherty et al. 2016) core source_claim,(Daniel & Williams 1984)_INCLUDE_NA_Predation in support_no_no,(Doherty et al. 2016) core source_claim,Chalinolobus tuberculatus,3,(Daniel & Williams 1984),"",Yes,Predation in support without data,no,no,2014
Chalinolobus tuberculatus (Doherty et al. 2016) core source_claim,(Dwyer 1962)_INCLUDE_NA_Predation in support_no_no,(Doherty et al. 2016) core source_claim,Chalinolobus tuberculatus,3,(Dwyer 1962),"",Yes,Predation in support without data,no,no,2014
Chalinolobus tuberculatus (Doherty et al. 2016) core source_claim,(Lloyd 2005)_EXCLUDE_?_Inaccessible_NA_NA,(Doherty et al. 2016) core source_claim,Chalinolobus tuberculatus,3,(Lloyd 2005),?,Not relevant,Inaccessible,"",no,2014
Chalinolobus tuberculatus (Doherty et al. 2016) core source_claim,(O'Donnell & Sedgeley 1999)_EXCLUDE_1_No claim_NA_NA,(Doherty et al. 2016) core source_claim,Chalinolobus tuberculatus,3,(O'Donnell & Sedgeley 1999),"",Not relevant,No claim,"",no,2014
Chalinolobus tuberculatus (Doherty et al. 2016) core source_claim,(O'Donnell 2000)_EXCLUDE_0_Opinion claim_NA_NA,(Doherty et al. 2016) core source_claim,Chalinolobus tuberculatus,3,(O'Donnell 2000),"",Not relevant,Opinion claim,"",no,2014
Chalinolobus tuberculatus (Doherty et al. 2016) core source_claim,(O’Donnell 2000)_EXCLUDE_1_Opinion claim_NA_NA,(Doherty et al. 2016) core source_claim,Chalinolobus tuberculatus,2,(O’Donnell 2000),"",Not relevant,Opinion claim,"",no,2014
Chalinolobus tuberculatus (Doherty et al. 2016) core source_claim,(Pryde et al. 2005)_EXCLUDE_1_No claim_NA_NA,(Doherty et al. 2016) core source_claim,Chalinolobus tuberculatus,2,(Pryde et al. 2005),"",Not relevant,No claim,"",no,2014
Chalinolobus tuberculatus (Doherty et al. 2016) core source_claim,"J. Scrimgeour, pers. comm._EXCLUDE_0_Inaccessible_NA_NA",(Doherty et al. 2016) core source_claim,Chalinolobus tuberculatus,3,"J. Scrimgeour, pers. comm.",0,Not relevant,Inaccessible,"",no,2014
Chalinolobus tuberculatus (Doherty et al. 2016) core source_claim,"P. Webb, Clarke Webb Ecology Ltd, pers. comm._EXCLUDE_0_Inaccessible_NA_NA",(Doherty et al. 2016) core source_claim,Chalinolobus tuberculatus,3,"P. Webb, Clarke Webb Ecology Ltd, pers. comm.",0,Not relevant,Inaccessible,"",no,2014
Chalinolobus tuberculatus (IUCN 2025) core source_claim,(Daniel & Williams 1981)_INCLUDE_NA_Predation in support_no_no,(IUCN 2025) core source_claim,Chalinolobus tuberculatus,3,(Daniel & Williams 1981),"",Yes,Predation in support without data,no,no,2019
Chalinolobus tuberculatus (IUCN 2025) core source_claim,(Daniel & Williams 1984)_INCLUDE_NA_Predation in support_no_no,(IUCN 2025) core source_claim,Chalinolobus tuberculatus,2,(Daniel & Williams 1984),"",Yes,Predation in support without data,no,no,2019
Chalinolobus tuberculatus (IUCN 2025) core source_claim,(Dwyer 1962)_INCLUDE_NA_Predation in support_no_no,(IUCN 2025) core source_claim,Chalinolobus tuberculatus,2,(Dwyer 1962),"",Yes,Predation in support without data,no,no,2019
Chalinolobus tuberculatus (IUCN 2025) core source_claim,(Lloyd 2005)_EXCLUDE_?_Inaccessible_NA_NA,(IUCN 2025) core source_claim,Chalinolobus tuberculatus,2,(Lloyd 2005),?,Not relevant,Inaccessible,"",no,2019
Chalinolobus tuberculatus (IUCN 2025) core source_claim,(O'Donnell & Sedgeley 1999)_EXCLUDE_1_No claim_NA_NA,(IUCN 2025) core source_claim,Chalinolobus tuberculatus,2,(O'Donnell & Sedgeley 1999),"",Not relevant,No claim,"",no,2019
Chalinolobus tuberculatus (IUCN 2025) core source_claim,(O'Donnell 2000)_EXCLUDE_0_Opinion claim_NA_NA,(IUCN 2025) core source_claim,Chalinolobus tuberculatus,2,(O'Donnell 2000),"",Not relevant,Opinion claim,"",no,2019
Chalinolobus tuberculatus (IUCN 2025) core source_claim,(O’Donnell 2000)_EXCLUDE_1_Opinion claim_NA_NA,(IUCN 2025) core source_claim,Chalinolobus tuberculatus,1,(O’Donnell 2000),"",Not relevant,Opinion claim,"",no,2019
Chalinolobus tuberculatus (IUCN 2025) core source_claim,(Pryde et al. 2005)_EXCLUDE_1_No claim_NA_NA,(IUCN 2025) core source_claim,Chalinolobus tuberculatus,1,(Pryde et al. 2005),"",Not relevant,No claim,"",no,2019
Chalinolobus tuberculatus (IUCN 2025) core source_claim,"J. Scrimgeour, pers. comm._EXCLUDE_0_Inaccessible_NA_NA",(IUCN 2025) core source_claim,Chalinolobus tuberculatus,2,"J. Scrimgeour, pers. comm.",0,Not relevant,Inaccessible,"",no,2019
Chalinolobus tuberculatus (IUCN 2025) core source_claim,"P. Webb, Clarke Webb Ecology Ltd, pers. comm._EXCLUDE_0_Inaccessible_NA_NA",(IUCN 2025) core source_claim,Chalinolobus tuberculatus,2,"P. Webb, Clarke Webb Ecology Ltd, pers. comm.",0,Not relevant,Inaccessible,"",no,2019
Chalinolobus tuberculatus (Oedin et al. 2021) core source_claim,NOTHING_EXCLUDE_NA_No citation given_NA_NA Chalinolobus tuberculatus,(Oedin et al. 2021) core source_claim,Chalinolobus tuberculatus,1,NOTHING NA Chalinolobus tuberculatus,"",Not relevant,No citation given,"",no,2019
Chalinolobus tuberculatus (Welch & Leppanen 2017) core source_claim,(Daniel & Williams 1981)_INCLUDE_NA_Predation in support_no_no,(Welch & Leppanen 2017) core source_claim,Chalinolobus tuberculatus,2,(Daniel & Williams 1981),"",Yes,Predation in support without data,no,no,2015
Chalinolobus tuberculatus (Welch & Leppanen 2017) core source_claim,(Daniel & Williams 1984)_INCLUDE_NA_Predation in support_no_no,(Welch & Leppanen 2017) core source_claim,Chalinolobus tuberculatus,1,(Daniel & Williams 1984),"",Yes,Predation in support without data,no,no,2015
Chalinolobus tuberculatus Web of Science_Systematic external review,(Borkin et al. 2023)_INCLUDE_NA_Predation in support_no_no,Web of Science_Systematic external review,Chalinolobus tuberculatus,1,(Borkin et al. 2023),"",Yes,Predation in support without data,no,no,2025
Chalinolobus tuberculatus Web of Science_Systematic external review,(Daniel & Williams 1981)_INCLUDE_NA_Predation in support_no_no,Web of Science_Systematic external review,Chalinolobus tuberculatus,3,(Daniel & Williams 1981),"",Yes,Predation in support without data,no,no,2025
Chalinolobus tuberculatus Web of Science_Systematic external review,(Daniel & Williams 1984)_INCLUDE_NA_Predation in support_no_no,Web of Science_Systematic external review,Chalinolobus tuberculatus,2,(Daniel & Williams 1984),"",Yes,Predation in support without data,no,no,2025
Charadrius bicinctus (Campolina et al. 2024) core source_claim,(Sanders & Maloney 2002)_INCLUDE_NA_Predation in support_no_no,(Campolina et al. 2024) core source_claim,Charadrius bicinctus,1,(Sanders & Maloney 2002),"",Yes,Predation in support without data,no,no,2021
Charadrius bicinctus (IUCN 2025) core source_claim,(Sanders & Maloney 2002)_INCLUDE_NA_Predation in support_no_no,(IUCN 2025) core source_claim,Charadrius bicinctus,1,(Sanders & Maloney 2002),"",Yes,Predation in support without data,no,no,2019
Charadrius bicinctus (IUCN 2025) core source_claim,(Walker et al. 1991)_INCLUDE_NA_Population not in support_yes_no,(IUCN 2025) core source_claim,Charadrius bicinctus,1,(Walker et al. 1991),"",No,Population not in support with data,yes,no,2019
Charadrius bicinctus Opportunistic_Systematic external review,(Gunby 2024)_INCLUDE_NA_Predation in support_no_no,Opportunistic_Systematic external review,Charadrius bicinctus,1,(Gunby 2024),"",Yes,Predation in support without data,no,no,2025
Charadrius bicinctus Web of Science_Systematic external review,(Gunby et al. 2025)_INCLUDE_NA_Predation in support_no_no,Web of Science_Systematic external review,Charadrius bicinctus,1,(Gunby et al. 2025),"",Yes,Predation in support without data,no,no,2025
Charadrius bicinctus Web of Science_Systematic external review,(Sanders & Maloney 2002)_INCLUDE_NA_Predation in support_no_no,Web of Science_Systematic external review,Charadrius bicinctus,1,(Sanders & Maloney 2002),"",Yes,Predation in support without data,no,no,2025
Charadrius obscurus (Doherty et al. 2016) core source_claim,(Dowding & Davis 2007)_EXCLUDE_0_Opinion claim_NA_NA,(Doherty et al. 2016) core source_claim,Charadrius obscurus,1,(Dowding & Davis 2007),"",Not relevant,Opinion claim,"",no,2014
Charadrius obscurus (Doherty et al. 2016) core source_claim,(Dowding & Murphy 1993)_EXCLUDE_1_Opinion claim_NA_NA,(Doherty et al. 2016) core source_claim,Charadrius obscurus,1,(Dowding & Murphy 1993),"",Not relevant,Opinion claim,"",no,2014
Charadrius obscurus (Doherty et al. 2016) core source_claim,(Dowding 1999)_EXCLUDE_1_Opinion claim_NA_NA,(Doherty et al. 2016) core source_claim,Charadrius obscurus,1,(Dowding 1999),"",Not relevant,Opinion claim,"",no,2014
Charadrius obscurus (Doherty et al. 2016) core source_claim,(Wills et al. 2003)_INCLUDE_NA_Predation in support_no_no,(Doherty et al. 2016) core source_claim,Charadrius obscurus,1,(Wills et al. 2003),"",Yes,Predation in support without data,no,no,2014
Charadrius obscurus (Doherty et al. 2016) core source_claim,(Wills et al. 2003)_INCLUDE_NA_Predation not in support_no_no,(Doherty et al. 2016) core source_claim,Charadrius obscurus,1,(Wills et al. 2003),"",No,Predation not in support without data,no,no,2014
Charadrius obscurus (IUCN 2025) core source_claim,(Dowding 1999)_EXCLUDE_1_Opinion claim_NA_NA,(IUCN 2025) core source_claim,Charadrius obscurus,1,(Dowding 1999),"",Not relevant,Opinion claim,"",no,2016
Charadrius obscurus (IUCN 2025) core source_claim,(Dowding 2006)_EXCLUDE_0_No claim_NA_NA,(IUCN 2025) core source_claim,Charadrius obscurus,1,(Dowding 2006),"",Not relevant,No claim,"",no,2016
Charadrius obscurus (IUCN 2025) core source_claim,Wilson 2005_EXCLUDE_?_Inaccessible_NA_NA,(IUCN 2025) core source_claim,Charadrius obscurus,1,Wilson 2005,?,Not relevant,Inaccessible,"",no,2016
Charadrius obscurus (Medina et al. 2011) core source_claim,(Dowding & Murphy 1993)_EXCLUDE_1_Opinion claim_NA_NA,(Medina et al. 2011) core source_claim,Charadrius obscurus,1,(Dowding & Murphy 1993),"",Not relevant,Opinion claim,"",no,2009
Charadrius obscurus (Medina et al. 2011) core source_claim,(Dowding & Murphy 2001)_EXCLUDE_?_Inaccessible_NA_NA,(Medina et al. 2011) core source_claim,Charadrius obscurus,1,(Dowding & Murphy 2001),?,Not relevant,Inaccessible,"",no,2009
Charadrius obscurus (Medina et al. 2011) core source_claim,(Wills et al. 2003)_INCLUDE_NA_Predation in support_no_no,(Medina et al. 2011) core source_claim,Charadrius obscurus,1,(Wills et al. 2003),"",Yes,Predation in support without data,no,no,2009
Charadrius obscurus (Medina et al. 2011) core source_claim,(Wills et al. 2003)_INCLUDE_NA_Predation not in support_no_no,(Medina et al. 2011) core source_claim,Charadrius obscurus,1,(Wills et al. 2003),"",No,Predation not in support without data,no,no,2009
Charadrius obscurus Web of Science_Systematic external review,(Wills et al. 2003)_INCLUDE_NA_Predation in support_no_no,Web of Science_Systematic external review,Charadrius obscurus,1,(Wills et al. 2003),"",Yes,Predation in support without data,no,no,2025
Charadrius obscurus Web of Science_Systematic external review,(Wills et al. 2003)_INCLUDE_NA_Predation not in support_no_no,Web of Science_Systematic external review,Charadrius obscurus,1,(Wills et al. 2003),"",No,Predation not in support without data,no,no,2025
Charadrius sanctaehelenae (Doherty et al. 2016) core source_claim,(Burns et al. 2013)_INCLUDE_NA_Population in support_yes_yes,(Doherty et al. 2016) core source_claim,Charadrius sanctaehelenae,1,(Burns et al. 2013),"",Yes,Population in support with data of quality,yes,yes,2014
Charadrius sanctaehelenae (Doherty et al. 2016) core source_claim,(Burns et al. 2013)_INCLUDE_NA_Predation in support_no_no,(Doherty et al. 2016) core source_claim,Charadrius sanctaehelenae,1,(Burns et al. 2013),"",Yes,Predation in support without data,no,no,2014
Charadrius sanctaehelenae (Doherty et al. 2016) core source_claim,(McCulloch 1991)_INCLUDE_NA_Predation in support_no_no,(Doherty et al. 2016) core source_claim,Charadrius sanctaehelenae,1,(McCulloch 1991),"",Yes,Predation in support without data,no,no,2014
Charadrius sanctaehelenae (Doherty et al. 2016) core source_claim,(Oppel et al. 2014)_INCLUDE_NA_Population not in support_yes_yes,(Doherty et al. 2016) core source_claim,Charadrius sanctaehelenae,1,(Oppel et al. 2014),"",No,Population not in support with data of quality,yes,yes,2014
Charadrius sanctaehelenae (IUCN 2025) core source_claim,(Burns et al. 2013)_INCLUDE_NA_Population in support_yes_yes,(IUCN 2025) core source_claim,Charadrius sanctaehelenae,1,(Burns et al. 2013),"",Yes,Population in support with data of quality,yes,yes,2019
Charadrius sanctaehelenae (IUCN 2025) core source_claim,(Burns et al. 2013)_INCLUDE_NA_Predation in support_no_no,(IUCN 2025) core source_claim,Charadrius sanctaehelenae,1,(Burns et al. 2013),"",Yes,Predation in support without data,no,no,2019
Charadrius sanctaehelenae (IUCN 2025) core source_claim,(Oppel et al. 2014)_INCLUDE_NA_Population not in support_yes_yes,(IUCN 2025) core source_claim,Charadrius sanctaehelenae,1,(Oppel et al. 2014),"",No,Population not in support with data of quality,yes,yes,2019
Charadrius sanctaehelenae (IUCN 2025) core source_claim,F. Burns in litt. 2008_EXCLUDE_0_Inaccessible_NA_NA,(IUCN 2025) core source_claim,Charadrius sanctaehelenae,1,F. Burns in litt. 2008,0,Not relevant,Inaccessible,"",no,2019
Charadrius sanctaehelenae (IUCN 2025) core source_claim,F. Burns in litt. 2010_EXCLUDE_0_Inaccessible_NA_NA,(IUCN 2025) core source_claim,Charadrius sanctaehelenae,1,F. Burns in litt. 2010,0,Not relevant,Inaccessible,"",no,2019
Charadrius sanctaehelenae (Medina et al. 2011) core source_claim,(BirdLife International 2000)_EXCLUDE_0_Inaccessible_NA_NA,(Medina et al. 2011) core source_claim,Charadrius sanctaehelenae,1,(BirdLife International 2000),0,Not relevant,Inaccessible,"",no,2009
Charadrius sanctaehelenae Web of Science_Systematic external review,(Burns et al. 2013)_INCLUDE_NA_Population in support_yes_yes,Web of Science_Systematic external review,Charadrius sanctaehelenae,1,(Burns et al. 2013),"",Yes,Population in support with data of quality,yes,yes,2025
Charadrius sanctaehelenae Web of Science_Systematic external review,(Burns et al. 2013)_INCLUDE_NA_Predation in support_no_no,Web of Science_Systematic external review,Charadrius sanctaehelenae,1,(Burns et al. 2013),"",Yes,Predation in support without data,no,no,2025
Charadrius sanctaehelenae Web of Science_Systematic external review,(Oppel et al. 2014)_INCLUDE_NA_Population not in support_yes_yes,Web of Science_Systematic external review,Charadrius sanctaehelenae,1,(Oppel et al. 2014),"",No,Population not in support with data of quality,yes,yes,2025
Charadrius thoracicus (IUCN 2025) core source_claim,(Wiersma & Kirwan 2020)_EXCLUDE_0_Inaccessible_NA_NA,(IUCN 2025) core source_claim,Charadrius thoracicus,1,(Wiersma & Kirwan 2020),0,Not relevant,Inaccessible,"",no,2022
Charmosyna amabilis (IUCN 2025) core source_claim,(Masibalavu & Mucklow 2008)_EXCLUDE_0_Inaccessible_NA_NA,(IUCN 2025) core source_claim,Charmosyna amabilis,1,(Masibalavu & Mucklow 2008),0,Not relevant,Inaccessible,"",no,2015
Charmosyna amabilis (IUCN 2025) core source_claim,(Watling 2013)_EXCLUDE_0_No claim_NA_NA,(IUCN 2025) core source_claim,Charmosyna amabilis,1,(Watling 2013),"",Not relevant,No claim,"",no,2015
Chasiempis ibidis (IUCN 2025) core source_claim,(Banko et al. 2019)_INCLUDE_NA_Predation not in support_no_no,(IUCN 2025) core source_claim,Chasiempis ibidis,1,(Banko et al. 2019),"",No,Predation not in support without data,no,no,2022
Chasiempis ibidis (IUCN 2025) core source_claim,NOTHING_EXCLUDE_NA_No citation given_NA_NA Chasiempis ibidis,(IUCN 2025) core source_claim,Chasiempis ibidis,1,NOTHING NA Chasiempis ibidis,"",Not relevant,No citation given,"",no,2022
Chasiempis sandwichensis (IUCN 2025) core source_claim,(VanderWerf 2020)_EXCLUDE_0_Inaccessible_NA_NA,(IUCN 2025) core source_claim,Chasiempis sandwichensis,1,(VanderWerf 2020),0,Not relevant,Inaccessible,"",no,2022
Chasiempis sandwichensis (Medina et al. 2011) core source_claim,(Snetsinger et al. 1994)_INCLUDE_NA_Predation in support_no_no,(Medina et al. 2011) core source_claim,Chasiempis sandwichensis,1,(Snetsinger et al. 1994),"",Yes,Predation in support without data,no,no,2009
Chasiempis sandwichensis (Medina et al. 2011) core source_claim,(Winter & Wallace 2006)_EXCLUDE_0_Opinion claim_NA_NA,(Medina et al. 2011) core source_claim,Chasiempis sandwichensis,1,(Winter & Wallace 2006),"",Not relevant,Opinion claim,"",no,2009
Chasiempis sclateri (Doherty et al. 2016) core source_claim,NOTHING_EXCLUDE_NA_No citation given_NA_NA Chasiempis sclateri,(Doherty et al. 2016) core source_claim,Chasiempis sclateri,2,NOTHING NA Chasiempis sclateri,"",Not relevant,No citation given,"",no,2014
Chasiempis sclateri (IUCN 2025) core source_claim,NOTHING_EXCLUDE_NA_No citation given_NA_NA Chasiempis sclateri,(IUCN 2025) core source_claim,Chasiempis sclateri,1,NOTHING NA Chasiempis sclateri,"",Not relevant,No citation given,"",no,2022
Chelonoidis becki (IUCN 2025) core source_claim,NOTHING_EXCLUDE_NA_No citation given_NA_NA Chelonoidis becki,(IUCN 2025) core source_claim,Chelonoidis becki,1,NOTHING NA Chelonoidis becki,"",Not relevant,No citation given,"",no,2014
Chelonoidis chathamensis (IUCN 2025) core source_claim,NOTHING_EXCLUDE_NA_No citation given_NA_NA Chelonoidis chathamensis,(IUCN 2025) core source_claim,Chelonoidis chathamensis,1,NOTHING NA Chelonoidis chathamensis,"",Not relevant,No citation given,"",no,2016
Chelonoidis donfaustoi (IUCN 2025) core source_claim,NOTHING_EXCLUDE_NA_No citation given_NA_NA Chelonoidis donfaustoi,(IUCN 2025) core source_claim,Chelonoidis donfaustoi,1,NOTHING NA Chelonoidis donfaustoi,"",Not relevant,No citation given,"",no,2015
Chelonoidis guntheri (IUCN 2025) core source_claim,NOTHING_EXCLUDE_NA_No citation given_NA_NA Chelonoidis guntheri,(IUCN 2025) core source_claim,Chelonoidis guntheri,1,NOTHING NA Chelonoidis guntheri,"",Not relevant,No citation given,"",no,2014
Chelonoidis microphyes (IUCN 2025) core source_claim,NOTHING_EXCLUDE_NA_No citation given_NA_NA Chelonoidis microphyes,(IUCN 2025) core source_claim,Chelonoidis microphyes,1,NOTHING NA Chelonoidis microphyes,"",Not relevant,No citation given,"",no,2014
Chelonoidis niger (Doherty et al. 2016) core source_claim,(MacFarland et al. 1974a)_INCLUDE_NA_Population not in support_yes_no,(Doherty et al. 2016) core source_claim,Chelonoidis niger,1,(MacFarland et al. 1974a),"",No,Population not in support with data,yes,no,2014
Chelonoidis niger (Doherty et al. 2016) core source_claim,(MacFarland et al. 1974a)_INCLUDE_NA_Predation in support_no_no,(Doherty et al. 2016) core source_claim,Chelonoidis niger,1,(MacFarland et al. 1974a),"",Yes,Predation in support without data,no,no,2014
Chelonoidis niger (Doherty et al. 2016) core source_claim,(MacFarland et al. 1974b)_EXCLUDE_1_Opinion claim_NA_NA,(Doherty et al. 2016) core source_claim,Chelonoidis niger,1,(MacFarland et al. 1974b),"",Not relevant,Opinion claim,"",no,2014
Chelonoidis niger (IUCN 2025) core source_claim,NOTHING_EXCLUDE_NA_No citation given_NA_NA Chelonoidis niger,(IUCN 2025) core source_claim,Chelonoidis niger,1,NOTHING NA Chelonoidis niger,"",Not relevant,No citation given,"",no,2016
Chelonoidis niger Web of Science_Systematic external review,(Balasubramanian et al. 2022)_EXCLUDE_1_No claim_NA_NA,Web of Science_Systematic external review,Chelonoidis niger,1,(Balasubramanian et al. 2022),"",Not relevant,No claim,"",no,2025
Chelonoidis porteri (IUCN 2025) core source_claim,NOTHING_EXCLUDE_NA_No citation given_NA_NA Chelonoidis porteri,(IUCN 2025) core source_claim,Chelonoidis porteri,1,NOTHING NA Chelonoidis porteri,"",Not relevant,No citation given,"",no,2015
Chelonoidis vicina (IUCN 2025) core source_claim,NOTHING_EXCLUDE_NA_No citation given_NA_NA Chelonoidis vicina,(IUCN 2025) core source_claim,Chelonoidis vicina,1,NOTHING NA Chelonoidis vicina,"",Not relevant,No citation given,"",no,2014
Chilabothrus chrysogaster (IUCN 2025) core source_claim,(Reynolds & Gerber 2012)_EXCLUDE_1_No claim_NA_NA,(IUCN 2025) core source_claim,Chilabothrus chrysogaster,1,(Reynolds & Gerber 2012),"",Not relevant,No claim,"",no,2014
Chilabothrus exsul (IUCN 2025) core source_claim,NOTHING_EXCLUDE_NA_No citation given_NA_NA Chilabothrus exsul,(IUCN 2025) core source_claim,Chilabothrus exsul,1,NOTHING NA Chilabothrus exsul,"",Not relevant,No citation given,"",no,2014
Chilabothrus granti (IUCN 2025) core source_claim,P.J. Tolson pers. comm._EXCLUDE_0_Inaccessible_NA_NA,(IUCN 2025) core source_claim,Chilabothrus granti,1,P.J. Tolson pers. comm.,0,Not relevant,Inaccessible,"",no,2014
Chilabothrus monensis (Doherty et al. 2016) core source_claim,(Garcia et al. 2001)_EXCLUDE_1_No claim_NA_NA,(Doherty et al. 2016) core source_claim,Chilabothrus monensis,2,(Garcia et al. 2001),"",Not relevant,No claim,"",no,2014
Chilabothrus monensis (Doherty et al. 2016) core source_claim,(Rodríguez-Robles et al. 2015)_EXCLUDE_1_No claim_NA_NA,(Doherty et al. 2016) core source_claim,Chilabothrus monensis,2,(Rodríguez-Robles et al. 2015),"",Not relevant,No claim,"",no,2014
Chilabothrus monensis (Doherty et al. 2016) core source_claim,(Tolson 1988)_EXCLUDE_0_Inaccessible_NA_NA,(Doherty et al. 2016) core source_claim,Chilabothrus monensis,1,(Tolson 1988),0,Not relevant,Inaccessible,"",no,2014
Chilabothrus monensis (Doherty et al. 2016) core source_claim,(Tolson 1996)_EXCLUDE_0_Inaccessible_NA_NA,(Doherty et al. 2016) core source_claim,Chilabothrus monensis,2,(Tolson 1996),0,Not relevant,Inaccessible,"",no,2014
Chilabothrus monensis (IUCN 2025) core source_claim,(Garcia et al. 2001)_EXCLUDE_1_No claim_NA_NA,(IUCN 2025) core source_claim,Chilabothrus monensis,1,(Garcia et al. 2001),"",Not relevant,No claim,"",no,2014
Chilabothrus monensis (IUCN 2025) core source_claim,(Rodríguez-Robles et al. 2015)_EXCLUDE_1_No claim_NA_NA,(IUCN 2025) core source_claim,Chilabothrus monensis,1,(Rodríguez-Robles et al. 2015),"",Not relevant,No claim,"",no,2014
Chilabothrus monensis (IUCN 2025) core source_claim,(Tolson 1996)_EXCLUDE_0_Inaccessible_NA_NA,(IUCN 2025) core source_claim,Chilabothrus monensis,1,(Tolson 1996),0,Not relevant,Inaccessible,"",no,2014
Chilabothrus subflavus (Doherty et al. 2016) core source_claim,(Mittermeier 1972)_INCLUDE_NA_Predation in support_no_no,(Doherty et al. 2016) core source_claim,Chilabothrus subflavus,1,(Mittermeier 1972),"",Yes,Predation in support without data,no,no,2014
Chilabothrus subflavus (IUCN 2025) core source_claim,(Lynn & Grant 1940)_EXCLUDE_0_Inaccessible_NA_NA,(IUCN 2025) core source_claim,Chilabothrus subflavus,1,(Lynn & Grant 1940),0,Not relevant,Inaccessible,"",no,2014
Chioninia coctei (Doherty et al. 2016) core source_claim,(Andreone & Gavetti 1998)_EXCLUDE_1_Opinion claim_NA_NA,(Doherty et al. 2016) core source_claim,Chioninia coctei,1,(Andreone & Gavetti 1998),"",Not relevant,Opinion claim,"",no,2014
Chioninia coctei (Doherty et al. 2016) core source_claim,(Andreone & Guarino 2003)_EXCLUDE_1_Opinion claim_NA_NA,(Doherty et al. 2016) core source_claim,Chioninia coctei,1,(Andreone & Guarino 2003),"",Not relevant,Opinion claim,"",no,2014
Chioninia coctei (IUCN 2025) core source_claim,(Andreone & Guarino 2003)_EXCLUDE_1_Opinion claim_NA_NA,(IUCN 2025) core source_claim,Chioninia coctei,1,(Andreone & Guarino 2003),"",Not relevant,Opinion claim,"",no,2011
Chioninia stangeri (IUCN 2025) core source_claim,R. Vasconcelos pers. comm. 2012_EXCLUDE_0_Inaccessible_NA_NA,(IUCN 2025) core source_claim,Chioninia stangeri,1,R. Vasconcelos pers. comm. 2012,0,Not relevant,Inaccessible,"",no,2011
Chlidonias albostriatus (Campolina et al. 2024) core source_claim,(Sanders & Maloney 2002)_INCLUDE_NA_Predation in support_no_no,(Campolina et al. 2024) core source_claim,Chlidonias albostriatus,1,(Sanders & Maloney 2002),"",Yes,Predation in support without data,no,no,2021
Chlidonias albostriatus (Doherty et al. 2016) core source_claim,(Keedwell et al. 2002a)_INCLUDE_NA_Predation in support_no_no,(Doherty et al. 2016) core source_claim,Chlidonias albostriatus,1,(Keedwell et al. 2002a),"",Yes,Predation in support without data,no,no,2014
Chlidonias albostriatus (Doherty et al. 2016) core source_claim,(Monks et al. 2013)_EXCLUDE_1_No claim_NA_NA,(Doherty et al. 2016) core source_claim,Chlidonias albostriatus,1,(Monks et al. 2013),"",Not relevant,No claim,"",no,2014
Chlidonias albostriatus (Doherty et al. 2016) core source_claim,(O'Donnell & Hoare 2011)_EXCLUDE_1_Does not test claim_NA_NA,(Doherty et al. 2016) core source_claim,Chlidonias albostriatus,1,(O'Donnell & Hoare 2011),"",Not relevant,Does not test claim,"",no,2014
Chlidonias albostriatus (Doherty et al. 2016) core source_claim,(O’Donnell et al. 2010)_INCLUDE_NA_Predation in support_no_no,(Doherty et al. 2016) core source_claim,Chlidonias albostriatus,1,(O’Donnell et al. 2010),"",Yes,Predation in support without data,no,no,2014
Chlidonias albostriatus (Doherty et al. 2016) core source_claim,(Sanders & Maloney 2002)_INCLUDE_NA_Predation in support_no_no,(Doherty et al. 2016) core source_claim,Chlidonias albostriatus,1,(Sanders & Maloney 2002),"",Yes,Predation in support without data,no,no,2014
Chlidonias albostriatus (IUCN 2025) core source_claim,(Cruz et al. 2014)_EXCLUDE_1_Opinion claim_NA_NA,(IUCN 2025) core source_claim,Chlidonias albostriatus,1,(Cruz et al. 2014),"",Not relevant,Opinion claim,"",no,2021
Chlidonias albostriatus (IUCN 2025) core source_claim,(Keedwell 2005)_INCLUDE_NA_Predation in support_no_no,(IUCN 2025) core source_claim,Chlidonias albostriatus,1,(Keedwell 2005),"",Yes,Predation in support without data,no,no,2021
Chlidonias albostriatus (IUCN 2025) core source_claim,(Steffens et al. 2012)_INCLUDE_NA_Predation in support_no_no,(IUCN 2025) core source_claim,Chlidonias albostriatus,1,(Steffens et al. 2012),"",Yes,Predation in support without data,no,no,2021
Chlidonias albostriatus Web of Science_Systematic external review,(Bell 2017)_INCLUDE_NA_Predation in support_no_no,Web of Science_Systematic external review,Chlidonias albostriatus,1,(Bell 2017),"",Yes,Predation in support without data,no,no,2025
Chlidonias albostriatus Web of Science_Systematic external review,(Cruz et al. 2014)_EXCLUDE_1_Opinion claim_NA_NA,Web of Science_Systematic external review,Chlidonias albostriatus,1,(Cruz et al. 2014),"",Not relevant,Opinion claim,"",no,2025
Chlidonias albostriatus Web of Science_Systematic external review,(Steffens et al. 2012)_INCLUDE_NA_Predation in support_no_no,Web of Science_Systematic external review,Chlidonias albostriatus,1,(Steffens et al. 2012),"",Yes,Predation in support without data,no,no,2025
Chlorodrepanis stejnegeri (IUCN 2025) core source_claim,(Lindsey et al. 1998)_EXCLUDE_0_Inaccessible_NA_NA,(IUCN 2025) core source_claim,Chlorodrepanis stejnegeri,1,(Lindsey et al. 1998),0,Not relevant,Inaccessible,"",no,2022
Chlorodrepanis stejnegeri (IUCN 2025) core source_claim,(Paxton et al. 2018)_EXCLUDE_1_No claim_NA_NA,(IUCN 2025) core source_claim,Chlorodrepanis stejnegeri,1,(Paxton et al. 2018),"",Not relevant,No claim,"",no,2022
Chlorodrepanis stejnegeri (IUCN 2025) core source_claim,J. M. Scott in litt. 1999_EXCLUDE_0_Inaccessible_NA_NA,(IUCN 2025) core source_claim,Chlorodrepanis stejnegeri,1,J. M. Scott in litt. 1999,0,Not relevant,Inaccessible,"",no,2022
Chlorodrepanis stejnegeri (IUCN 2025) core source_claim,P. Baker in litt. 1999_EXCLUDE_0_Inaccessible_NA_NA,(IUCN 2025) core source_claim,Chlorodrepanis stejnegeri,1,P. Baker in litt. 1999,0,Not relevant,Inaccessible,"",no,2022
Chlorodrepanis stejnegeri (IUCN 2025) core source_claim,P. Roberts in litt. 2007_EXCLUDE_0_Inaccessible_NA_NA,(IUCN 2025) core source_claim,Chlorodrepanis stejnegeri,1,P. Roberts in litt. 2007,0,Not relevant,Inaccessible,"",no,2022
Cinclodes antarcticus (IUCN 2025) core source_claim,(Remsen Jr & Bonan 2016)_EXCLUDE_0_Inaccessible_NA_NA,(IUCN 2025) core source_claim,Cinclodes antarcticus,1,(Remsen Jr & Bonan 2016),0,Not relevant,Inaccessible,"",no,2015
Cinclodes maculirostris (IUCN 2025) core source_claim,(del Hoyo et al. 2020)_EXCLUDE_0_Inaccessible_NA_NA,(IUCN 2025) core source_claim,Cinclodes maculirostris,1,(del Hoyo et al. 2020),0,Not relevant,Inaccessible,"",no,2019
Cincloramphus llaneae (IUCN 2025) core source_claim,NOTHING_EXCLUDE_NA_No citation given_NA_NA Cincloramphus llaneae,(IUCN 2025) core source_claim,Cincloramphus llaneae,1,NOTHING NA Cincloramphus llaneae,"",Not relevant,No citation given,"",no,2018
Cincloramphus turipavae (IUCN 2025) core source_claim,(Leary 1992)_EXCLUDE_0_No claim_NA_NA,(IUCN 2025) core source_claim,Cincloramphus turipavae,1,(Leary 1992),"",Not relevant,No claim,"",no,2020
Cnemaspis anslemi (IUCN 2025) core source_claim,NOTHING_EXCLUDE_NA_No citation given_NA_NA Cnemaspis anslemi,(IUCN 2025) core source_claim,Cnemaspis anslemi,1,NOTHING NA Cnemaspis anslemi,"",Not relevant,No citation given,"",no,2018
Cnemaspis latha (IUCN 2025) core source_claim,NOTHING_EXCLUDE_NA_No citation given_NA_NA Cnemaspis latha,(IUCN 2025) core source_claim,Cnemaspis latha,1,NOTHING NA Cnemaspis latha,"",Not relevant,No citation given,"",no,2018
Cnemaspis nilgala (IUCN 2025) core source_claim,NOTHING_EXCLUDE_NA_No citation given_NA_NA Cnemaspis nilgala,(IUCN 2025) core source_claim,Cnemaspis nilgala,1,NOTHING NA Cnemaspis nilgala,"",Not relevant,No citation given,"",no,2018
Cnemaspis rammalensis (IUCN 2025) core source_claim,NOTHING_EXCLUDE_NA_No citation given_NA_NA Cnemaspis rammalensis,(IUCN 2025) core source_claim,Cnemaspis rammalensis,1,NOTHING NA Cnemaspis rammalensis,"",Not relevant,No citation given,"",no,2018
Cnemidophorus flavissimus (IUCN 2025) core source_claim,NOTHING_EXCLUDE_NA_No citation given_NA_NA Cnemidophorus flavissimus,(IUCN 2025) core source_claim,Cnemidophorus flavissimus,1,NOTHING NA Cnemidophorus flavissimus,"",Not relevant,No citation given,"",no,2013
Cnemidophorus rostralis (IUCN 2025) core source_claim,G. Rivas pers. comm. 2018_EXCLUDE_0_Inaccessible_NA_NA,(IUCN 2025) core source_claim,Cnemidophorus rostralis,1,G. Rivas pers. comm. 2018,0,Not relevant,Inaccessible,"",no,2013
Coccyzus bahamensis (IUCN 2025) core source_claim,NOTHING_EXCLUDE_NA_No citation given_NA_NA Coccyzus bahamensis,(IUCN 2025) core source_claim,Coccyzus bahamensis,1,NOTHING NA Coccyzus bahamensis,"",Not relevant,No citation given,"",no,2019
Coccyzus ferrugineus (Doherty et al. 2016) core source_claim,NOTHING_EXCLUDE_NA_No citation given_NA_NA Coccyzus ferrugineus,(Doherty et al. 2016) core source_claim,Coccyzus ferrugineus,2,NOTHING NA Coccyzus ferrugineus,"",Not relevant,No citation given,"",no,2014
Coccyzus ferrugineus (IUCN 2025) core source_claim,NOTHING_EXCLUDE_NA_No citation given_NA_NA Coccyzus ferrugineus,(IUCN 2025) core source_claim,Coccyzus ferrugineus,1,NOTHING NA Coccyzus ferrugineus,"",Not relevant,No citation given,"",no,2019
Coccyzus ferrugineus Web of Science_Systematic external review,(Tenorio et al. 2020)_EXCLUDE_?_Opinion claim_NA_NA,Web of Science_Systematic external review,Coccyzus ferrugineus,1,(Tenorio et al. 2020),"",Not relevant,Opinion claim,"",no,2025
Coenocorypha aucklandica (IUCN 2025) core source_claim,(Miskelly 1987)_INCLUDE_NA_Population not in support_no_no,(IUCN 2025) core source_claim,Coenocorypha aucklandica,2,(Miskelly 1987),"",No,Population not in support without data,no,no,2021
Coenocorypha aucklandica (IUCN 2025) core source_claim,(Miskelly 1987)_INCLUDE_NA_Population not in support_yes_no,(IUCN 2025) core source_claim,Coenocorypha aucklandica,2,(Miskelly 1987),"",No,Population not in support with data,yes,no,2021
Coenocorypha aucklandica (IUCN 2025) core source_claim,(Miskelly 2000)_INCLUDE_NA_Population not in support_yes_no,(IUCN 2025) core source_claim,Coenocorypha aucklandica,1,(Miskelly 2000),"",No,Population not in support with data,yes,no,2021
Coenocorypha aucklandica (IUCN 2025) core source_claim,(Miskelly et al. 2020)_EXCLUDE_1_No claim_NA_NA,(IUCN 2025) core source_claim,Coenocorypha aucklandica,1,(Miskelly et al. 2020),"",Not relevant,No claim,"",no,2021
Coenocorypha aucklandica (Medina et al. 2011) core source_claim,(Dowding & Murphy 2001)_INCLUDE_NA_Population in support_no_no,(Medina et al. 2011) core source_claim,Coenocorypha aucklandica,1,(Dowding & Murphy 2001),"",Yes,Population in support without data,no,no,2009
Coenocorypha aucklandica (Medina et al. 2011) core source_claim,(Dowding & Murphy 2001)_INCLUDE_NA_Population not in support_no_no,(Medina et al. 2011) core source_claim,Coenocorypha aucklandica,1,(Dowding & Murphy 2001),"",No,Population not in support without data,no,no,2009
Coenocorypha aucklandica (Medina et al. 2011) core source_claim,(Miskelly 1987)_INCLUDE_NA_Population not in support_no_no,(Medina et al. 2011) core source_claim,Coenocorypha aucklandica,2,(Miskelly 1987),"",No,Population not in support without data,no,no,2009
Coenocorypha aucklandica (Medina et al. 2011) core source_claim,(Miskelly 1987)_INCLUDE_NA_Population not in support_yes_no,(Medina et al. 2011) core source_claim,Coenocorypha aucklandica,2,(Miskelly 1987),"",No,Population not in support with data,yes,no,2009
Coenocorypha aucklandica (Medina et al. 2011) core source_claim,(Veitch 1985)_EXCLUDE_0_Inaccessible_NA_NA,(Medina et al. 2011) core source_claim,Coenocorypha aucklandica,2,(Veitch 1985),0,Not relevant,Inaccessible,"",no,2009
Coenocorypha aucklandica Web of Science_Systematic external review,(Veitch 2001)_EXCLUDE_1_No claim_NA_NA,Web of Science_Systematic external review,Coenocorypha aucklandica,1,(Veitch 2001),"",Not relevant,No claim,"",no,2025
Coenocorypha barrierensis (Hume 2017) core source_claim,(Turbott 1990)_EXCLUDE_0_Inaccessible_NA_NA,(Hume 2017) core source_claim,Coenocorypha barrierensis,1,(Turbott 1990),0,Not relevant,Inaccessible,"",no,2016
Coenocorypha barrierensis (IUCN 2025) core source_claim,(Tennyson & Martinson 2006)_EXCLUDE_0_Inaccessible_NA_NA,(IUCN 2025) core source_claim,Coenocorypha barrierensis,1,(Tennyson & Martinson 2006),0,Not relevant,Inaccessible,"",no,2022
Coenocorypha barrierensis (Medina et al. 2011) core source_claim,(Dowding & Murphy 2001)_INCLUDE_NA_Population not in support_no_no,(Medina et al. 2011) core source_claim,Coenocorypha barrierensis,1,(Dowding & Murphy 2001),"",No,Population not in support without data,no,no,2009
Coenocorypha barrierensis (Medina et al. 2011) core source_claim,(Miskelly & Baker 2010)_EXCLUDE_1_No claim_NA_NA,(Medina et al. 2011) core source_claim,Coenocorypha barrierensis,1,(Miskelly & Baker 2010),"",Not relevant,No claim,"",no,2009
Coenocorypha barrierensis (Medina et al. 2011) core source_claim,(Miskelly 1988)_INCLUDE_NA_Population not in support_no_no,(Medina et al. 2011) core source_claim,Coenocorypha barrierensis,1,(Miskelly 1988),"",No,Population not in support without data,no,no,2009
Coenocorypha barrierensis (Medina et al. 2011) core source_claim,(Turbott 1947)_EXCLUDE_?_Inaccessible_NA_NA,(Medina et al. 2011) core source_claim,Coenocorypha barrierensis,2,(Turbott 1947),?,Not relevant,Inaccessible,"",no,2009
Coenocorypha barrierensis (Medina et al. 2011) core source_claim,(Turbott 1961)_EXCLUDE_0_Inaccessible_NA_NA,(Medina et al. 2011) core source_claim,Coenocorypha barrierensis,2,(Turbott 1961),0,Not relevant,Inaccessible,"",no,2009
Coenocorypha barrierensis (Medina et al. 2011) core source_claim,(Veitch 1985)_EXCLUDE_0_Inaccessible_NA_NA,(Medina et al. 2011) core source_claim,Coenocorypha barrierensis,2,(Veitch 1985),0,Not relevant,Inaccessible,"",no,2009
Coenocorypha barrierensis Web of Science_Systematic external review,(Veitch 2001)_EXCLUDE_1_Opinion claim_NA_NA,Web of Science_Systematic external review,Coenocorypha barrierensis,1,(Veitch 2001),"",Not relevant,Opinion claim,"",no,2025
Coenocorypha iredalei (Doherty et al. 2016) core source_claim,(Higgins & Davies 1996)_EXCLUDE_?_Inaccessible_NA_NA,(Doherty et al. 2016) core source_claim,Coenocorypha iredalei,2,(Higgins & Davies 1996),?,Not relevant,Inaccessible,"",no,2014
Coenocorypha iredalei (IUCN 2025) core source_claim,(Higgins & Davies 1996)_EXCLUDE_?_Inaccessible_NA_NA,(IUCN 2025) core source_claim,Coenocorypha iredalei,1,(Higgins & Davies 1996),?,Not relevant,Inaccessible,"",no,2022
Coenocorypha pusilla (Doherty et al. 2016) core source_claim,(Dowding & Murphy 2001)_INCLUDE_NA_Population in support_yes_no,(Doherty et al. 2016) core source_claim,Coenocorypha pusilla,1,(Dowding & Murphy 2001),"",Yes,Population in support with data,yes,no,2014
Coenocorypha pusilla (Doherty et al. 2016) core source_claim,(Higgins & Davies 1996)_EXCLUDE_?_Inaccessible_NA_NA,(Doherty et al. 2016) core source_claim,Coenocorypha pusilla,2,(Higgins & Davies 1996),?,Not relevant,Inaccessible,"",no,2014
Coenocorypha pusilla (Doherty et al. 2016) core source_claim,(Miskelly 1987)_INCLUDE_NA_Population in support_yes_no,(Doherty et al. 2016) core source_claim,Coenocorypha pusilla,2,(Miskelly 1987),"",Yes,Population in support with data,yes,no,2014
Coenocorypha pusilla (Doherty et al. 2016) core source_claim,(Roberts & Miskelly 2003)_EXCLUDE_0_Opinion claim_NA_NA,(Doherty et al. 2016) core source_claim,Coenocorypha pusilla,2,(Roberts & Miskelly 2003),"",Not relevant,Opinion claim,"",no,2014
Coenocorypha pusilla (IUCN 2025) core source_claim,(Higgins & Davies 1996)_EXCLUDE_?_Inaccessible_NA_NA,(IUCN 2025) core source_claim,Coenocorypha pusilla,1,(Higgins & Davies 1996),?,Not relevant,Inaccessible,"",no,2021
Coenocorypha pusilla (IUCN 2025) core source_claim,(Roberts & Miskelly 2003)_EXCLUDE_0_Opinion claim_NA_NA,(IUCN 2025) core source_claim,Coenocorypha pusilla,1,(Roberts & Miskelly 2003),"",Not relevant,Opinion claim,"",no,2021
Colaptes fernandinae (IUCN 2025) core source_claim,Kirkconnell 2013_EXCLUDE_0_Inaccessible_NA_NA,(IUCN 2025) core source_claim,Colaptes fernandinae,1,Kirkconnell 2013,0,Not relevant,Inaccessible,"",no,2020
Coleura seychellensis (Doherty et al. 2016) core source_claim,(Gerlach 2011)_EXCLUDE_1_Opinion claim_NA_NA,(Doherty et al. 2016) core source_claim,Coleura seychellensis,1,(Gerlach 2011),"",Not relevant,Opinion claim,"",no,2014
Coleura seychellensis (Doherty et al. 2016) core source_claim,NOTHING_EXCLUDE_NA_No citation given_NA_NA Coleura seychellensis,(Doherty et al. 2016) core source_claim,Coleura seychellensis,2,NOTHING NA Coleura seychellensis,"",Not relevant,No citation given,"",no,2014
Coleura seychellensis (IUCN 2025) core source_claim,NOTHING_EXCLUDE_NA_No citation given_NA_NA Coleura seychellensis,(IUCN 2025) core source_claim,Coleura seychellensis,1,NOTHING NA Coleura seychellensis,"",Not relevant,No citation given,"",no,2015
Coleura seychellensis (Oedin et al. 2021) core source_claim,NOTHING_EXCLUDE_NA_No citation given_NA_NA Coleura seychellensis,(Oedin et al. 2021) core source_claim,Coleura seychellensis,1,NOTHING NA Coleura seychellensis,"",Not relevant,No citation given,"",no,2019
Columba jouyi (IUCN 2025) core source_claim,(Stattersfield 1998)_EXCLUDE_0_Inaccessible_NA_NA,(IUCN 2025) core source_claim,Columba jouyi,1,(Stattersfield 1998),0,Not relevant,Inaccessible,"",no,2022
Columba junoniae (IUCN 2025) core source_claim,(Hernández 2005)_EXCLUDE_0_Opinion claim_NA_NA,(IUCN 2025) core source_claim,Columba junoniae,1,(Hernández 2005),"",Not relevant,Opinion claim,"",no,2015
Columba junoniae (IUCN 2025) core source_claim,(Hernández et al. 1999)_EXCLUDE_1_No claim_NA_NA,(IUCN 2025) core source_claim,Columba junoniae,1,(Hernández et al. 1999),"",Not relevant,No claim,"",no,2015
Columba junoniae (IUCN 2025) core source_claim,(Martin et al. 2000)_EXCLUDE_1_No claim_NA_NA,(IUCN 2025) core source_claim,Columba junoniae,1,(Martin et al. 2000),"",Not relevant,No claim,"",no,2015
Columba versicolor (Doherty et al. 2016) core source_claim,(Stattersfield 1998)_EXCLUDE_0_Inaccessible_NA_NA,(Doherty et al. 2016) core source_claim,Columba versicolor,2,(Stattersfield 1998),0,Not relevant,Inaccessible,"",no,2014
Columba versicolor (IUCN 2025) core source_claim,(Stattersfield 1998)_EXCLUDE_0_Inaccessible_NA_NA,(IUCN 2025) core source_claim,Columba versicolor,1,(Stattersfield 1998),0,Not relevant,Inaccessible,"",no,2022
Conilurus albipes (Dickman 1996b) core source_claim,NOTHING_EXCLUDE_NA_No citation given_NA_NA Conilurus albipes,(Dickman 1996b) core source_claim,Conilurus albipes,1,NOTHING NA Conilurus albipes,"",Not relevant,No citation given,"",no,1994
Conilurus albipes (Doherty et al. 2016) core source_claim,(Abbott 2002)_EXCLUDE_1_Opinion claim_NA_NA,(Doherty et al. 2016) core source_claim,Conilurus albipes,2,(Abbott 2002),"",Not relevant,Opinion claim,"",no,2014
Conilurus albipes (Doherty et al. 2016) core source_claim,(Dickman 1993)_EXCLUDE_0_Inaccessible_NA_NA,(Doherty et al. 2016) core source_claim,Conilurus albipes,2,(Dickman 1993),0,Not relevant,Inaccessible,"",no,2014
Conilurus albipes (Doherty et al. 2016) core source_claim,(Dickman 1994)_EXCLUDE_0_No claim_NA_NA,(Doherty et al. 2016) core source_claim,Conilurus albipes,2,(Dickman 1994),"",Not relevant,No claim,"",no,2014
Conilurus albipes (Doherty et al. 2016) core source_claim,(Dickman et al. 1993)_EXCLUDE_1_Opinion claim_NA_NA,(Doherty et al. 2016) core source_claim,Conilurus albipes,2,(Dickman et al. 1993),"",Not relevant,Opinion claim,"",no,2014
Conilurus albipes (Doherty et al. 2016) core source_claim,(Menkhorst 2009)_EXCLUDE_1_Opinion claim_NA_NA,(Doherty et al. 2016) core source_claim,Conilurus albipes,2,(Menkhorst 2009),"",Not relevant,Opinion claim,"",no,2014
Conilurus albipes (IUCN 2025) core source_claim,NOTHING_EXCLUDE_NA_No citation given_NA_NA Conilurus albipes,(IUCN 2025) core source_claim,Conilurus albipes,1,NOTHING NA Conilurus albipes,"",Not relevant,No citation given,"",no,2014
Conilurus albipes (Woinarski et al. 2014) core source_claim,(Abbott 2002)_EXCLUDE_1_Opinion claim_NA_NA,(Woinarski et al. 2014) core source_claim,Conilurus albipes,1,(Abbott 2002),"",Not relevant,Opinion claim,"",no,2013
Conilurus albipes (Woinarski et al. 2014) core source_claim,(Dickman 1993)_EXCLUDE_0_Inaccessible_NA_NA,(Woinarski et al. 2014) core source_claim,Conilurus albipes,1,(Dickman 1993),0,Not relevant,Inaccessible,"",no,2013
Conilurus albipes (Woinarski et al. 2014) core source_claim,(Dickman 1994)_EXCLUDE_0_No claim_NA_NA,(Woinarski et al. 2014) core source_claim,Conilurus albipes,1,(Dickman 1994),"",Not relevant,No claim,"",no,2013
Conilurus albipes (Woinarski et al. 2014) core source_claim,(Dickman et al. 1993)_EXCLUDE_1_Opinion claim_NA_NA,(Woinarski et al. 2014) core source_claim,Conilurus albipes,1,(Dickman et al. 1993),"",Not relevant,Opinion claim,"",no,2013
Conilurus albipes (Woinarski et al. 2014) core source_claim,(Menkhorst 2009)_EXCLUDE_1_Opinion claim_NA_NA,(Woinarski et al. 2014) core source_claim,Conilurus albipes,1,(Menkhorst 2009),"",Not relevant,Opinion claim,"",no,2013
Conilurus capricornensis (IUCN 2025) core source_claim,NOTHING_EXCLUDE_NA_No citation given_NA_NA Conilurus capricornensis,(IUCN 2025) core source_claim,Conilurus capricornensis,1,NOTHING NA Conilurus capricornensis,"",Not relevant,No citation given,"",no,2014
Conilurus penicillatus (IUCN 2025) core source_claim,NOTHING_EXCLUDE_NA_No citation given_NA_NA Conilurus penicillatus,(IUCN 2025) core source_claim,Conilurus penicillatus,1,NOTHING NA Conilurus penicillatus,"",Not relevant,No citation given,"",no,2014
Conilurus penicillatus (Radford et al. 2018) core source_claim,(Davies et al. 2017)_INCLUDE_NA_Population in support_yes_no,(Radford et al. 2018) core source_claim,Conilurus penicillatus,1,(Davies et al. 2017),"",Yes,Population in support with data,yes,no,2016
Conilurus penicillatus (Radford et al. 2018) core source_claim,(Hohnen et al. 2016b)_EXCLUDE_1_No claim_NA_NA,(Radford et al. 2018) core source_claim,Conilurus penicillatus,1,(Hohnen et al. 2016b),"",Not relevant,No claim,"",no,2016
Conilurus penicillatus (Radford et al. 2018) core source_claim,(Woinarski et al. 2011a)_INCLUDE_NA_Population in support_yes_yes,(Radford et al. 2018) core source_claim,Conilurus penicillatus,1,(Woinarski et al. 2011a),"",Yes,Population in support with data of quality,yes,yes,2016
Conilurus penicillatus (Wallach & Lundgren 2025)_external review without claim,(Davies et al. 2017)_INCLUDE_NA_Population in support_yes_no,(Wallach & Lundgren 2025)_external review without claim,Conilurus penicillatus,1,(Davies et al. 2017),"",Yes,Population in support with data,yes,no,2022
Conilurus penicillatus (Wallach & Lundgren 2025)_external review without claim,(Davies et al. 2018)_INCLUDE_NA_Population in support_yes_no,(Wallach & Lundgren 2025)_external review without claim,Conilurus penicillatus,1,(Davies et al. 2018),"",Yes,Population in support with data,yes,no,2022
Conilurus penicillatus (Wallach & Lundgren 2025)_external review without claim,(Neave et al. 2024)_INCLUDE_NA_Population in support_yes_no,(Wallach & Lundgren 2025)_external review without claim,Conilurus penicillatus,1,(Neave et al. 2024),"",Yes,Population in support with data,yes,no,2022
Conilurus penicillatus (Wallach & Lundgren 2025)_external review without claim,(Penton et al. 2021)_INCLUDE_NA_Population in support_yes_yes,(Wallach & Lundgren 2025)_external review without claim,Conilurus penicillatus,1,(Penton et al. 2021),"",Yes,Population in support with data of quality,yes,yes,2022
Conilurus penicillatus (Wallach & Lundgren 2025)_external review without claim,(Stobo-Wilson et al. 2020)_INCLUDE_NA_Population in support_yes_yes,(Wallach & Lundgren 2025)_external review without claim,Conilurus penicillatus,1,(Stobo-Wilson et al. 2020),"",Yes,Population in support with data of quality,yes,yes,2022
Conilurus penicillatus (Wallach & Lundgren 2025)_external review without claim,(Woinarski et al. 2011a)_INCLUDE_NA_Population in support_yes_yes,(Wallach & Lundgren 2025)_external review without claim,Conilurus penicillatus,1,(Woinarski et al. 2011a),"",Yes,Population in support with data of quality,yes,yes,2022
Conilurus penicillatus (Woinarski et al. 2014) core source_claim,NOTHING_EXCLUDE_NA_No citation given_NA_NA Conilurus penicillatus,(Woinarski et al. 2014) core source_claim,Conilurus penicillatus,1,NOTHING NA Conilurus penicillatus,"",Not relevant,No citation given,"",no,2013
Conilurus penicillatus Web of Science_Systematic external review,(Davies et al. 2018)_INCLUDE_NA_Population in support_yes_no,Web of Science_Systematic external review,Conilurus penicillatus,1,(Davies et al. 2018),"",Yes,Population in support with data,yes,no,2025
Conilurus penicillatus Web of Science_Systematic external review,(Heiniger et al. 2020)_EXCLUDE_1_No claim_NA_NA,Web of Science_Systematic external review,Conilurus penicillatus,1,(Heiniger et al. 2020),"",Not relevant,No claim,"",no,2025
Conilurus penicillatus Web of Science_Systematic external review,(Neave et al. 2024)_INCLUDE_NA_Population in support_yes_no,Web of Science_Systematic external review,Conilurus penicillatus,1,(Neave et al. 2024),"",Yes,Population in support with data,yes,no,2025
Conilurus penicillatus Web of Science_Systematic external review,(Woinarski et al. 2011a)_INCLUDE_NA_Population in support_yes_yes,Web of Science_Systematic external review,Conilurus penicillatus,1,(Woinarski et al. 2011a),"",Yes,Population in support with data of quality,yes,yes,2025
Conolophus marthae (Doherty et al. 2016) core source_claim,NOTHING_EXCLUDE_NA_No citation given_NA_NA Conolophus marthae,(Doherty et al. 2016) core source_claim,Conolophus marthae,2,NOTHING NA Conolophus marthae,"",Not relevant,No citation given,"",no,2014
Conolophus marthae (IUCN 2025) core source_claim,NOTHING_EXCLUDE_NA_No citation given_NA_NA Conolophus marthae,(IUCN 2025) core source_claim,Conolophus marthae,1,NOTHING NA Conolophus marthae,"",Not relevant,No citation given,"",no,2011
Conolophus subcristatus (IUCN 2025) core source_claim,(Cayot 2008)_INCLUDE_NA_Predation in support_no_no,(IUCN 2025) core source_claim,Conolophus subcristatus,1,(Cayot 2008),"",Yes,Predation in support without data,no,no,2019
Conolophus subcristatus (IUCN 2025) core source_claim,(Gentile et al. 2015)_INCLUDE_NA_Predation in support_no_no,(IUCN 2025) core source_claim,Conolophus subcristatus,1,(Gentile et al. 2015),"",Yes,Predation in support without data,no,no,2019
Conolophus subcristatus (IUCN 2025) core source_claim,(Kumar 2019)_INCLUDE_NA_Population in support_yes_no,(IUCN 2025) core source_claim,Conolophus subcristatus,1,(Kumar 2019),"",Yes,Population in support with data,yes,no,2019
Conolophus subcristatus (IUCN 2025) core source_claim,(Márquez B et al. 2010)_EXCLUDE_1_Opinion claim_NA_NA,(IUCN 2025) core source_claim,Conolophus subcristatus,1,(Márquez B et al. 2010),"",Not relevant,Opinion claim,"",no,2019
Conolophus subcristatus (IUCN 2025) core source_claim,(Phillips et al. 2005)_INCLUDE_NA_Population in support_yes_no,(IUCN 2025) core source_claim,Conolophus subcristatus,1,(Phillips et al. 2005),"",Yes,Population in support with data,yes,no,2019
Conolophus subcristatus (IUCN 2025) core source_claim,(Snell et al. 1984)_EXCLUDE_1_Opinion claim_NA_NA,(IUCN 2025) core source_claim,Conolophus subcristatus,1,(Snell et al. 1984),"",Not relevant,Opinion claim,"",no,2019
Conolophus subcristatus (IUCN 2025) core source_claim,(Woram 1991)_EXCLUDE_1_No claim_NA_NA,(IUCN 2025) core source_claim,Conolophus subcristatus,2,(Woram 1991),"",Not relevant,No claim,"",no,2019
Conolophus subcristatus (IUCN 2025) core source_claim,A. Llerena pers. comm. 2018_EXCLUDE_0_Inaccessible_NA_NA,(IUCN 2025) core source_claim,Conolophus subcristatus,1,A. Llerena pers. comm. 2018,0,Not relevant,Inaccessible,"",no,2019
Contomastix charrua (IUCN 2025) core source_claim,(Cabrera & Carreira 2009)_EXCLUDE_1_Opinion claim_NA_NA,(IUCN 2025) core source_claim,Contomastix charrua,1,(Cabrera & Carreira 2009),"",Not relevant,Opinion claim,"",no,2013
Coracopsis barklyi (IUCN 2025) core source_claim,NOTHING_EXCLUDE_NA_No citation given_NA_NA Coracopsis barklyi,(IUCN 2025) core source_claim,Coracopsis barklyi,1,NOTHING NA Coracopsis barklyi,"",Not relevant,No citation given,"",no,2019
Cornufer vitianus (IUCN 2025) core source_claim,NOTHING_EXCLUDE_NA_No citation given_NA_NA Cornufer vitianus,(IUCN 2025) core source_claim,Cornufer vitianus,1,NOTHING NA Cornufer vitianus,"",Not relevant,No citation given,"",no,2017
Correlophus belepensis (IUCN 2025) core source_claim,(Palmas et al. In preparation)_EXCLUDE_0_Inaccessible_NA_NA,(IUCN 2025) core source_claim,Correlophus belepensis,1,(Palmas et al. In preparation),0,Not relevant,Inaccessible,"",no,2016
Correlophus ciliatus (IUCN 2025) core source_claim,(Palmas et al. In preparation)_EXCLUDE_0_Inaccessible_NA_NA,(IUCN 2025) core source_claim,Correlophus ciliatus,1,(Palmas et al. In preparation),0,Not relevant,Inaccessible,"",no,2016
Correlophus sarasinorum (IUCN 2025) core source_claim,(Palmas et al. In preparation)_EXCLUDE_0_Inaccessible_NA_NA,(IUCN 2025) core source_claim,Correlophus sarasinorum,1,(Palmas et al. In preparation),0,Not relevant,Inaccessible,"",no,2016
Corvus hawaiiensis (Doherty et al. 2016) core source_claim,(Banko et al. 2002a)_EXCLUDE_0_Inaccessible_NA_NA,(Doherty et al. 2016) core source_claim,Corvus hawaiiensis,2,(Banko et al. 2002a),0,Not relevant,Inaccessible,"",no,2014
Corvus hawaiiensis (Doherty et al. 2016) core source_claim,(USFWS 2009)_EXCLUDE_0_Opinion claim_NA_NA,(Doherty et al. 2016) core source_claim,Corvus hawaiiensis,1,(USFWS 2009),"",Not relevant,Opinion claim,"",no,2014
Corvus hawaiiensis (Doherty et al. 2016) core source_claim,Banko 2009_EXCLUDE_0_Inaccessible_NA_NA,(Doherty et al. 2016) core source_claim,Corvus hawaiiensis,2,Banko 2009,0,Not relevant,Inaccessible,"",no,2014
Corvus hawaiiensis (Doherty et al. 2016) core source_claim,J. Burgett in litt. 2007_EXCLUDE_0_Inaccessible_NA_NA,(Doherty et al. 2016) core source_claim,Corvus hawaiiensis,2,J. Burgett in litt. 2007,0,Not relevant,Inaccessible,"",no,2014
Corvus hawaiiensis (IUCN 2025) core source_claim,(Banko et al. 2002a)_EXCLUDE_0_Inaccessible_NA_NA,(IUCN 2025) core source_claim,Corvus hawaiiensis,1,(Banko et al. 2002a),0,Not relevant,Inaccessible,"",no,2015
Corvus hawaiiensis (IUCN 2025) core source_claim,(USFWS 2009)_EXCLUDE_0_Opinion claim_NA_NA,(IUCN 2025) core source_claim,Corvus hawaiiensis,1,(USFWS 2009),"",Not relevant,Opinion claim,"",no,2015
Corvus hawaiiensis (IUCN 2025) core source_claim,Banko 2009_EXCLUDE_0_Inaccessible_NA_NA,(IUCN 2025) core source_claim,Corvus hawaiiensis,1,Banko 2009,0,Not relevant,Inaccessible,"",no,2015
Corvus hawaiiensis (IUCN 2025) core source_claim,J. Burgett in litt. 2007_EXCLUDE_0_Inaccessible_NA_NA,(IUCN 2025) core source_claim,Corvus hawaiiensis,1,J. Burgett in litt. 2007,0,Not relevant,Inaccessible,"",no,2015
Corvus hawaiiensis (Medina et al. 2011) core source_claim,(Banko et al. 2001)_INCLUDE_NA_Predation in support_no_no,(Medina et al. 2011) core source_claim,Corvus hawaiiensis,1,(Banko et al. 2001),"",Yes,Predation in support without data,no,no,2009
Corvus hawaiiensis (Medina et al. 2011) core source_claim,(Winter & Wallace 2006)_EXCLUDE_0_Opinion claim_NA_NA,(Medina et al. 2011) core source_claim,Corvus hawaiiensis,1,(Winter & Wallace 2006),"",Not relevant,Opinion claim,"",no,2009
Corvus hawaiiensis Web of Science_Systematic external review,(Chalkowski et al. 2021)_EXCLUDE_1_No claim_NA_NA,Web of Science_Systematic external review,Corvus hawaiiensis,1,(Chalkowski et al. 2021),"",Not relevant,No claim,"",no,2025
Corvus hawaiiensis Web of Science_Systematic external review,(Work et al. 2000)_EXCLUDE_NA_Does not test claim_NA_NA,Web of Science_Systematic external review,Corvus hawaiiensis,1,(Work et al. 2000),"",Not relevant,Does not test claim,"",no,2025
Corvus kubaryi (Doherty et al. 2016) core source_claim,(Ha et al. 2010)_EXCLUDE_1_Opinion claim_NA_NA,(Doherty et al. 2016) core source_claim,Corvus kubaryi,2,(Ha et al. 2010),"",Not relevant,Opinion claim,"",no,2014
Corvus kubaryi (Doherty et al. 2016) core source_claim,(Zarones et al. 2015)_INCLUDE_NA_Predation in support_no_no,(Doherty et al. 2016) core source_claim,Corvus kubaryi,1,(Zarones et al. 2015),"",Yes,Predation in support without data,no,no,2014
Corvus kubaryi (IUCN 2025) core source_claim,(Ha et al. 2010)_EXCLUDE_1_Opinion claim_NA_NA,(IUCN 2025) core source_claim,Corvus kubaryi,1,(Ha et al. 2010),"",Not relevant,Opinion claim,"",no,2017
Corvus kubaryi Web of Science_Systematic external review,(Faegre et al. 2020)_INCLUDE_NA_Predation in support_no_no,Web of Science_Systematic external review,Corvus kubaryi,1,(Faegre et al. 2020),"",Yes,Predation in support without data,no,no,2025
Corvus kubaryi Web of Science_Systematic external review,(Zarones et al. 2015)_INCLUDE_NA_Predation in support_no_no,Web of Science_Systematic external review,Corvus kubaryi,1,(Zarones et al. 2015),"",Yes,Predation in support without data,no,no,2025
Coturnix novaezelandiae (Doherty et al. 2016) core source_claim,(Marchant & Higgins 1993)_EXCLUDE_?_Inaccessible_NA_NA,(Doherty et al. 2016) core source_claim,Coturnix novaezelandiae,2,(Marchant & Higgins 1993),?,Not relevant,Inaccessible,"",no,2014
Coturnix novaezelandiae (Doherty et al. 2016) core source_claim,NOTHING_EXCLUDE_NA_No citation given_NA_NA Coturnix novaezelandiae,(Doherty et al. 2016) core source_claim,Coturnix novaezelandiae,3,NOTHING NA Coturnix novaezelandiae,"",Not relevant,No citation given,"",no,2014
Coturnix novaezelandiae (Hume 2017) core source_claim,NOTHING_EXCLUDE_NA_No citation given_NA_NA Coturnix novaezelandiae,(Hume 2017) core source_claim,Coturnix novaezelandiae,1,NOTHING NA Coturnix novaezelandiae,"",Not relevant,No citation given,"",no,2016
Coturnix novaezelandiae (IUCN 2025) core source_claim,(Marchant & Higgins 1993)_EXCLUDE_?_Inaccessible_NA_NA,(IUCN 2025) core source_claim,Coturnix novaezelandiae,1,(Marchant & Higgins 1993),?,Not relevant,Inaccessible,"",no,2022
Coturnix novaezelandiae (IUCN 2025) core source_claim,NOTHING_EXCLUDE_NA_No citation given_NA_NA Coturnix novaezelandiae,(IUCN 2025) core source_claim,Coturnix novaezelandiae,2,NOTHING NA Coturnix novaezelandiae,"",Not relevant,No citation given,"",no,2022
Crithagra concolor (IUCN 2025) core source_claim,(Dutton 1994)_EXCLUDE_1_No claim_NA_NA,(IUCN 2025) core source_claim,Crithagra concolor,1,(Dutton 1994),"",Not relevant,No claim,"",no,2019
Crocidura canariensis (Doherty et al. 2016) core source_claim,(Palomo & Gisbert 2002)_EXCLUDE_0_Inaccessible_NA_NA,(Doherty et al. 2016) core source_claim,Crocidura canariensis,2,(Palomo & Gisbert 2002),0,Not relevant,Inaccessible,"",no,2014
Crocidura canariensis (Doherty et al. 2016) core source_claim,C. Schuster pers. comm. 2022_EXCLUDE_0_Inaccessible_NA_NA,(Doherty et al. 2016) core source_claim,Crocidura canariensis,2,C. Schuster pers. comm. 2022,0,Not relevant,Inaccessible,"",no,2014
Crocidura canariensis (Doherty et al. 2016) core source_claim,Palomo et al. 2007_EXCLUDE_?_Inaccessible_NA_NA,(Doherty et al. 2016) core source_claim,Crocidura canariensis,2,Palomo et al. 2007,?,Not relevant,Inaccessible,"",no,2014
Crocidura canariensis (IUCN 2025) core source_claim,(Palomo & Gisbert 2002)_EXCLUDE_0_Inaccessible_NA_NA,(IUCN 2025) core source_claim,Crocidura canariensis,1,(Palomo & Gisbert 2002),0,Not relevant,Inaccessible,"",no,2021
Crocidura canariensis (IUCN 2025) core source_claim,C. Schuster pers. comm. 2022_EXCLUDE_0_Inaccessible_NA_NA,(IUCN 2025) core source_claim,Crocidura canariensis,1,C. Schuster pers. comm. 2022,0,Not relevant,Inaccessible,"",no,2021
Crocidura canariensis (IUCN 2025) core source_claim,Palomo et al. 2007_EXCLUDE_?_Inaccessible_NA_NA,(IUCN 2025) core source_claim,Crocidura canariensis,1,Palomo et al. 2007,?,Not relevant,Inaccessible,"",no,2021
Crocidura canariensis Web of Science_Systematic external review,(Masseti 2010)_EXCLUDE_0_Inaccessible_NA_NA,Web of Science_Systematic external review,Crocidura canariensis,1,(Masseti 2010),0,Not relevant,Inaccessible,"",no,2025
Crocidura trichura (Doherty et al. 2016) core source_claim,(Meek 2000)_EXCLUDE_1_No claim_NA_NA,(Doherty et al. 2016) core source_claim,Crocidura trichura,1,(Meek 2000),"",Not relevant,No claim,"",no,2014
Crocidura trichura (Doherty et al. 2016) core source_claim,(Schulz 2004)_EXCLUDE_0_Opinion claim_NA_NA,(Doherty et al. 2016) core source_claim,Crocidura trichura,1,(Schulz 2004),"",Not relevant,Opinion claim,"",no,2014
Crocidura trichura (Doherty et al. 2016) core source_claim,NOTHING_EXCLUDE_NA_No citation given_NA_NA Crocidura trichura,(Doherty et al. 2016) core source_claim,Crocidura trichura,2,NOTHING NA Crocidura trichura,"",Not relevant,No citation given,"",no,2014
Crocidura trichura (IUCN 2025) core source_claim,NOTHING_EXCLUDE_NA_No citation given_NA_NA Crocidura trichura,(IUCN 2025) core source_claim,Crocidura trichura,1,NOTHING NA Crocidura trichura,"",Not relevant,No citation given,"",no,2014
Crocidura trichura (Woinarski et al. 2014) core source_claim,NOTHING_EXCLUDE_NA_No citation given_NA_NA Crocidura trichura,(Woinarski et al. 2014) core source_claim,Crocidura trichura,1,NOTHING NA Crocidura trichura,"",Not relevant,No citation given,"",no,2013
Cryptoblepharus boutonii (IUCN 2025) core source_claim,(Cole 2005)_EXCLUDE_0_No claim_NA_NA,(IUCN 2025) core source_claim,Cryptoblepharus boutonii,1,(Cole 2005),"",Not relevant,No claim,"",no,2019
Cryptoblepharus boutonii (IUCN 2025) core source_claim,(Honsterette & Probst 1999)_EXCLUDE_?_Not in English or Spanish_NA_NA,(IUCN 2025) core source_claim,Cryptoblepharus boutonii,1,(Honsterette & Probst 1999),"",Not relevant,Not in English or Spanish,"",no,2019
Cryptoblepharus boutonii (IUCN 2025) core source_claim,(Jones 1993)_EXCLUDE_1_Inaccessible_NA_NA,(IUCN 2025) core source_claim,Cryptoblepharus boutonii,1,(Jones 1993),1,Not relevant,Inaccessible,"",no,2019
Cryptoblepharus boutonii (IUCN 2025) core source_claim,(Vinson & Vinson 1969)_EXCLUDE_0_Inaccessible_NA_NA,(IUCN 2025) core source_claim,Cryptoblepharus boutonii,1,(Vinson & Vinson 1969),0,Not relevant,Inaccessible,"",no,2019
Cryptoblepharus boutonii (IUCN 2025) core source_claim,N. Cole pers. obs._EXCLUDE_0_Inaccessible_NA_NA,(IUCN 2025) core source_claim,Cryptoblepharus boutonii,1,N. Cole pers. obs.,0,Not relevant,Inaccessible,"",no,2019
Cryptoblepharus caudatus (IUCN 2025) core source_claim,NOTHING_EXCLUDE_NA_No citation given_NA_NA Cryptoblepharus caudatus,(IUCN 2025) core source_claim,Cryptoblepharus caudatus,1,NOTHING NA Cryptoblepharus caudatus,"",Not relevant,No citation given,"",no,2018
Cryptoblepharus egeriae (IUCN 2025) core source_claim,(Andrew et al. 2018)_EXCLUDE_1_Opinion claim_NA_NA,(IUCN 2025) core source_claim,Cryptoblepharus egeriae,1,(Andrew et al. 2018),"",Not relevant,Opinion claim,"",no,2016
Ctenosaura bakeri (Doherty et al. 2016) core source_claim,NOTHING_EXCLUDE_NA_No citation given_NA_NA Ctenosaura bakeri,(Doherty et al. 2016) core source_claim,Ctenosaura bakeri,2,NOTHING NA Ctenosaura bakeri,"",Not relevant,No citation given,"",no,2014
Ctenosaura bakeri (IUCN 2025) core source_claim,NOTHING_EXCLUDE_NA_No citation given_NA_NA Ctenosaura bakeri,(IUCN 2025) core source_claim,Ctenosaura bakeri,1,NOTHING NA Ctenosaura bakeri,"",Not relevant,No citation given,"",no,2017
Ctenosaura bakeri Web of Science_Systematic external review,(Kutschera & Kleinhans 2013)_EXCLUDE_1_No claim_NA_NA,Web of Science_Systematic external review,Ctenosaura bakeri,1,(Kutschera & Kleinhans 2013),"",Not relevant,No claim,"",no,2025
Ctenosaura flavidorsalis (IUCN 2025) core source_claim,NOTHING_EXCLUDE_NA_No citation given_NA_NA Ctenosaura flavidorsalis,(IUCN 2025) core source_claim,Ctenosaura flavidorsalis,1,NOTHING NA Ctenosaura flavidorsalis,"",Not relevant,No citation given,"",no,2019
Ctenosaura melanosterna (Doherty et al. 2016) core source_claim,NOTHING_EXCLUDE_NA_No citation given_NA_NA Ctenosaura melanosterna,(Doherty et al. 2016) core source_claim,Ctenosaura melanosterna,2,NOTHING NA Ctenosaura melanosterna,"",Not relevant,No citation given,"",no,2014
Ctenosaura melanosterna (IUCN 2025) core source_claim,NOTHING_EXCLUDE_NA_No citation given_NA_NA Ctenosaura melanosterna,(IUCN 2025) core source_claim,Ctenosaura melanosterna,1,NOTHING NA Ctenosaura melanosterna,"",Not relevant,No citation given,"",no,2011
Ctenosaura oedirhina (IUCN 2025) core source_claim,NOTHING_EXCLUDE_NA_No citation given_NA_NA Ctenosaura oedirhina,(IUCN 2025) core source_claim,Ctenosaura oedirhina,1,NOTHING NA Ctenosaura oedirhina,"",Not relevant,No citation given,"",no,2017
Ctenosaura oedirhina Opportunistic_Systematic external review,(Goode et al. 2020)_INCLUDE_NA_Predation not in support_no_no,Opportunistic_Systematic external review,Ctenosaura oedirhina,1,(Goode et al. 2020),"",No,Predation not in support without data,no,no,2025
Ctenotus kurnbudj (IUCN 2025) core source_claim,(Leahy et al. 2015)_EXCLUDE_1_No claim_NA_NA,(IUCN 2025) core source_claim,Ctenotus kurnbudj,1,(Leahy et al. 2015),"",Not relevant,No claim,"",no,2016
Ctenotus kurnbudj (IUCN 2025) core source_claim,(McGregor et al. 2014)_EXCLUDE_1_No claim_NA_NA,(IUCN 2025) core source_claim,Ctenotus kurnbudj,1,(McGregor et al. 2014),"",Not relevant,No claim,"",no,2016
Ctenotus kurnbudj (IUCN 2025) core source_claim,(McGregor et al. 2015)_EXCLUDE_1_No claim_NA_NA,(IUCN 2025) core source_claim,Ctenotus kurnbudj,1,(McGregor et al. 2015),"",Not relevant,No claim,"",no,2016
Ctenotus kurnbudj (IUCN 2025) core source_claim,(McGregor et al. 2016)_EXCLUDE_1_No claim_NA_NA,(IUCN 2025) core source_claim,Ctenotus kurnbudj,1,(McGregor et al. 2016),"",Not relevant,No claim,"",no,2016
Ctenotus serotinus (IUCN 2025) core source_claim,(Chapple et al. 2024)_EXCLUDE_0_No claim_NA_NA,(IUCN 2025) core source_claim,Ctenotus serotinus,1,(Chapple et al. 2024),"",Not relevant,No claim,"",no,2016
Ctenotus stuarti (IUCN 2025) core source_claim,(Leahy et al. 2015)_EXCLUDE_1_No claim_NA_NA,(IUCN 2025) core source_claim,Ctenotus stuarti,1,(Leahy et al. 2015),"",Not relevant,No claim,"",no,2016
Ctenotus stuarti (IUCN 2025) core source_claim,(McGregor et al. 2014)_EXCLUDE_1_No claim_NA_NA,(IUCN 2025) core source_claim,Ctenotus stuarti,1,(McGregor et al. 2014),"",Not relevant,No claim,"",no,2016
Ctenotus stuarti (IUCN 2025) core source_claim,(McGregor et al. 2015)_EXCLUDE_1_No claim_NA_NA,(IUCN 2025) core source_claim,Ctenotus stuarti,1,(McGregor et al. 2015),"",Not relevant,No claim,"",no,2016
Ctenotus stuarti (IUCN 2025) core source_claim,(McGregor et al. 2016)_EXCLUDE_1_No claim_NA_NA,(IUCN 2025) core source_claim,Ctenotus stuarti,1,(McGregor et al. 2016),"",Not relevant,No claim,"",no,2016
Cubophis brooksi (IUCN 2025) core source_claim,J. Townsend pers. comm. 2020_EXCLUDE_0_Inaccessible_NA_NA,(IUCN 2025) core source_claim,Cubophis brooksi,1,J. Townsend pers. comm. 2020,0,Not relevant,Inaccessible,"",no,2019
Cyanoramphus auriceps (IUCN 2025) core source_claim,(Heather & Robertson 1997)_EXCLUDE_?_Inaccessible_NA_NA,(IUCN 2025) core source_claim,Cyanoramphus auriceps,1,(Heather & Robertson 1997),?,Not relevant,Inaccessible,"",no,2021
Cyanoramphus auriceps (IUCN 2025) core source_claim,(Higgins 1999)_EXCLUDE_?_Inaccessible_NA_NA,(IUCN 2025) core source_claim,Cyanoramphus auriceps,1,(Higgins 1999),?,Not relevant,Inaccessible,"",no,2021
Cyanoramphus auriceps Opportunistic_Systematic external review,(Miskelly et al. 2020)_INCLUDE_NA_Predation in support_no_no,Opportunistic_Systematic external review,Cyanoramphus auriceps,1,(Miskelly et al. 2020),"",Yes,Predation in support without data,no,no,2025
Cyanoramphus auriceps Web of Science_Systematic external review,(Funk 1996)_EXCLUDE_1_No claim_NA_NA,Web of Science_Systematic external review,Cyanoramphus auriceps,1,(Funk 1996),"",Not relevant,No claim,"",no,2025
Cyanoramphus forbesi (Doherty et al. 2016) core source_claim,(Higgins 1999)_EXCLUDE_?_Inaccessible_NA_NA,(Doherty et al. 2016) core source_claim,Cyanoramphus forbesi,2,(Higgins 1999),?,Not relevant,Inaccessible,"",no,2014
Cyanoramphus forbesi (IUCN 2025) core source_claim,(Higgins 1999)_EXCLUDE_?_Inaccessible_NA_NA,(IUCN 2025) core source_claim,Cyanoramphus forbesi,1,(Higgins 1999),?,Not relevant,Inaccessible,"",no,2021
Cyanoramphus forbesi (Medina et al. 2011) core source_claim,(BirdLife International 2000)_EXCLUDE_0_Inaccessible_NA_NA,(Medina et al. 2011) core source_claim,Cyanoramphus forbesi,1,(BirdLife International 2000),0,Not relevant,Inaccessible,"",no,2009
Cyclodomorphus praealtus (IUCN 2025) core source_claim,NOTHING_EXCLUDE_NA_No citation given_NA_NA Cyclodomorphus praealtus,(IUCN 2025) core source_claim,Cyclodomorphus praealtus,1,NOTHING NA Cyclodomorphus praealtus,"",Not relevant,No citation given,"",no,2016
Cyclura carinata (Alberts 2000) core source_claim,(Iverson 1978)_INCLUDE_NA_Predation in support_no_no,(Alberts 2000) core source_claim,Cyclura carinata,1,(Iverson 1978),"",Yes,Predation in support without data,no,no,1998
Cyclura carinata (Doherty et al. 2016) core source_claim,(Iverson 1978)_INCLUDE_NA_Predation in support_no_no,(Doherty et al. 2016) core source_claim,Cyclura carinata,1,(Iverson 1978),"",Yes,Predation in support without data,no,no,2014
Cyclura carinata (Doherty et al. 2016) core source_claim,(Mitchell et al. 2002)_EXCLUDE_0_No claim_NA_NA,(Doherty et al. 2016) core source_claim,Cyclura carinata,1,(Mitchell et al. 2002),"",Not relevant,No claim,"",no,2014
Cyclura carinata (IUCN 2025) core source_claim,(Iverson 1978)_INCLUDE_NA_Predation in support_no_no,(IUCN 2025) core source_claim,Cyclura carinata,1,(Iverson 1978),"",Yes,Predation in support without data,no,no,2018
Cyclura carinata (IUCN 2025) core source_claim,(Iverson 1979)_EXCLUDE_1_Inaccessible_NA_NA,(IUCN 2025) core source_claim,Cyclura carinata,2,(Iverson 1979),1,Not relevant,Inaccessible,"",no,2018
Cyclura carinata (Medina et al. 2011) core source_claim,(Iverson 1978)_INCLUDE_NA_Predation in support_no_no,(Medina et al. 2011) core source_claim,Cyclura carinata,1,(Iverson 1978),"",Yes,Predation in support without data,no,no,2009
Cyclura carinata (Medina et al. 2011) core source_claim,(Mitchell et al. 2002)_EXCLUDE_0_No claim_NA_NA,(Medina et al. 2011) core source_claim,Cyclura carinata,1,(Mitchell et al. 2002),"",Not relevant,No claim,"",no,2009
Cyclura carinata Opportunistic_Systematic external review,(Iverson 1978)_INCLUDE_NA_Predation in support_no_no,Opportunistic_Systematic external review,Cyclura carinata,2,(Iverson 1978),"",Yes,Predation in support without data,no,no,
Cyclura collei (Alberts 2000) core source_claim,NOTHING_EXCLUDE_NA_No citation given_NA_NA Cyclura collei,(Alberts 2000) core source_claim,Cyclura collei,1,NOTHING NA Cyclura collei,"",Not relevant,No citation given,"",no,1998
Cyclura collei (Doherty et al. 2016) core source_claim,(Wilson & van Veen 2005)_EXCLUDE_0_Inaccessible_NA_NA,(Doherty et al. 2016) core source_claim,Cyclura collei,1,(Wilson & van Veen 2005),0,Not relevant,Inaccessible,"",no,2014
Cyclura collei (Doherty et al. 2016) core source_claim,(van Veen & Wilson 2017)_EXCLUDE_1_Inaccessible_NA_NA,(Doherty et al. 2016) core source_claim,Cyclura collei,2,(van Veen & Wilson 2017),1,Not relevant,Inaccessible,"",no,2014
Cyclura collei (IUCN 2025) core source_claim,(van Veen & Wilson 2017)_EXCLUDE_1_Inaccessible_NA_NA,(IUCN 2025) core source_claim,Cyclura collei,1,(van Veen & Wilson 2017),1,Not relevant,Inaccessible,"",no,2020
Cyclura collei Web of Science_Systematic external review,(Kumar et al. 2021)_EXCLUDE_1_Opinion claim_NA_NA,Web of Science_Systematic external review,Cyclura collei,1,(Kumar et al. 2021),"",Not relevant,Opinion claim,"",no,2025
Cyclura cornuta (Alberts 2000) core source_claim,NOTHING_EXCLUDE_NA_No citation given_NA_NA Cyclura cornuta,(Alberts 2000) core source_claim,Cyclura cornuta,1,NOTHING NA Cyclura cornuta,"",Not relevant,No citation given,"",no,1998
Cyclura cornuta (Doherty et al. 2016) core source_claim,(Powell et al. 2000)_EXCLUDE_1_Opinion claim_NA_NA,(Doherty et al. 2016) core source_claim,Cyclura cornuta,1,(Powell et al. 2000),"",Not relevant,Opinion claim,"",no,2014
Cyclura cornuta (Doherty et al. 2016) core source_claim,NOTHING_EXCLUDE_NA_No citation given_NA_NA Cyclura cornuta,(Doherty et al. 2016) core source_claim,Cyclura cornuta,2,NOTHING NA Cyclura cornuta,"",Not relevant,No citation given,"",no,2014
Cyclura cornuta (IUCN 2025) core source_claim,NOTHING_EXCLUDE_NA_No citation given_NA_NA Cyclura cornuta,(IUCN 2025) core source_claim,Cyclura cornuta,1,NOTHING NA Cyclura cornuta,"",Not relevant,No citation given,"",no,2017
Cyclura cornuta (Medina et al. 2011) core source_claim,NOTHING_EXCLUDE_NA_No citation given_NA_NA Cyclura cornuta,(Medina et al. 2011) core source_claim,Cyclura cornuta,2,NOTHING NA Cyclura cornuta,"",Not relevant,No citation given,"",no,2009
Cyclura cychlura (Doherty et al. 2016) core source_claim,(Alberts 2000) core source_EXCLUDE_NA_No claim,(Doherty et al. 2016) core source_claim,Cyclura cychlura,1,(Alberts 2000) core source,,Not relevant,No claim,"",no,2014
Cyclura cychlura (Doherty et al. 2016) core source_claim,NOTHING_EXCLUDE_NA_No citation given_NA_NA Cyclura cychlura,(Doherty et al. 2016) core source_claim,Cyclura cychlura,2,NOTHING NA Cyclura cychlura,"",Not relevant,No citation given,"",no,2014
Cyclura cychlura (IUCN 2025) core source_claim,NOTHING_EXCLUDE_NA_No citation given_NA_NA Cyclura cychlura,(IUCN 2025) core source_claim,Cyclura cychlura,1,NOTHING NA Cyclura cychlura,"",Not relevant,No citation given,"",no,2003
Cyclura cychlura (Medina et al. 2011) core source_claim,NOTHING_EXCLUDE_NA_No citation given_NA_NA Cyclura cychlura,(Medina et al. 2011) core source_claim,Cyclura cychlura,2,NOTHING NA Cyclura cychlura,"",Not relevant,No citation given,"",no,2009
Cyclura lewisi (Alberts 2000) core source_claim,NOTHING_EXCLUDE_NA_No citation given_NA_NA Cyclura lewisi,(Alberts 2000) core source_claim,Cyclura lewisi,1,NOTHING NA Cyclura lewisi,"",Not relevant,No citation given,"",no,1998
Cyclura lewisi (Doherty et al. 2016) core source_claim,NOTHING_EXCLUDE_NA_No citation given_NA_NA Cyclura lewisi,(Doherty et al. 2016) core source_claim,Cyclura lewisi,2,NOTHING NA Cyclura lewisi,"",Not relevant,No citation given,"",no,2014
Cyclura lewisi (IUCN 2025) core source_claim,(Iverson 1978)_EXCLUDE_1_No claim_NA_NA,(IUCN 2025) core source_claim,Cyclura lewisi,1,(Iverson 1978),"",Not relevant,No claim,"",no,2011
Cyclura lewisi (Medina et al. 2011) core source_claim,NOTHING_EXCLUDE_NA_No citation given_NA_NA Cyclura lewisi,(Medina et al. 2011) core source_claim,Cyclura lewisi,2,NOTHING NA Cyclura lewisi,"",Not relevant,No citation given,"",no,2009
Cyclura onchiopsis (IUCN 2025) core source_claim,(Schwartz & Carey 1977)_EXCLUDE_0_Opinion claim_NA_NA,(IUCN 2025) core source_claim,Cyclura onchiopsis,1,(Schwartz & Carey 1977),"",Not relevant,Opinion claim,"",no,2009
Cyclura pinguis (Alberts 2000) core source_claim,NOTHING_EXCLUDE_NA_No citation given_NA_NA Cyclura pinguis,(Alberts 2000) core source_claim,Cyclura pinguis,1,NOTHING NA Cyclura pinguis,"",Not relevant,No citation given,"",no,1998
Cyclura pinguis (Doherty et al. 2016) core source_claim,NOTHING_EXCLUDE_NA_No citation given_NA_NA Cyclura pinguis,(Doherty et al. 2016) core source_claim,Cyclura pinguis,2,NOTHING NA Cyclura pinguis,"",Not relevant,No citation given,"",no,2014
Cyclura pinguis (IUCN 2025) core source_claim,(Bradley & Gerber 2006)_EXCLUDE_0_Inaccessible_NA_NA,(IUCN 2025) core source_claim,Cyclura pinguis,1,(Bradley & Gerber 2006),0,Not relevant,Inaccessible,"",no,2018
Cyclura pinguis (IUCN 2025) core source_claim,Gerber 2000 Unpublished report_EXCLUDE_0_Inaccessible_NA_NA,(IUCN 2025) core source_claim,Cyclura pinguis,1,Gerber 2000 Unpublished report,0,Not relevant,Inaccessible,"",no,2018
Cyclura pinguis (Medina et al. 2011) core source_claim,NOTHING_EXCLUDE_NA_No citation given_NA_NA Cyclura pinguis,(Medina et al. 2011) core source_claim,Cyclura pinguis,2,NOTHING NA Cyclura pinguis,"",Not relevant,No citation given,"",no,2009
Cyclura pinguis Opportunistic_Systematic external review,(Bradley & Gerber 2005)_EXCLUDE_0_Opinion claim_NA_NA,Opportunistic_Systematic external review,Cyclura pinguis,1,(Bradley & Gerber 2005),"",Not relevant,Opinion claim,"",no,2025
Cyclura ricordii (Alberts 2000) core source_claim,NOTHING_EXCLUDE_NA_No citation given_NA_NA Cyclura ricordii,(Alberts 2000) core source_claim,Cyclura ricordii,1,NOTHING NA Cyclura ricordii,"",Not relevant,No citation given,"",no,1998
Cyclura ricordii (Doherty et al. 2016) core source_claim,NOTHING_EXCLUDE_NA_No citation given_NA_NA Cyclura ricordii,(Doherty et al. 2016) core source_claim,Cyclura ricordii,2,NOTHING NA Cyclura ricordii,"",Not relevant,No citation given,"",no,2014
Cyclura ricordii (IUCN 2025) core source_claim,(De La Rosa & Carreras De León 2016)_EXCLUDE_0_Inaccessible_NA_NA,(IUCN 2025) core source_claim,Cyclura ricordii,1,(De La Rosa & Carreras De León 2016),0,Not relevant,Inaccessible,"",no,2017
Cyclura ricordii (IUCN 2025) core source_claim,(Rupp et al. 2008)_EXCLUDE_0_No claim_NA_NA,(IUCN 2025) core source_claim,Cyclura ricordii,1,(Rupp et al. 2008),"",Not relevant,No claim,"",no,2017
Cyclura stejnegeri (Alberts 2000) core source_claim,(Moreno 1995)_EXCLUDE_0_Inaccessible_NA_NA,(Alberts 2000) core source_claim,Cyclura stejnegeri,1,(Moreno 1995),0,Not relevant,Inaccessible,"",no,1998
Cyclura stejnegeri (Doherty et al. 2016) core source_claim,(Moreno 1995)_EXCLUDE_0_Inaccessible_NA_NA,(Doherty et al. 2016) core source_claim,Cyclura stejnegeri,2,(Moreno 1995),0,Not relevant,Inaccessible,"",no,2014
Cyclura stejnegeri (IUCN 2025) core source_claim,(Pérez-Buitrago & Sabat 2007)_INCLUDE_NA_Predation in support_no_no,(IUCN 2025) core source_claim,Cyclura stejnegeri,1,(Pérez-Buitrago & Sabat 2007),"",Yes,Predation in support without data,no,no,2018
Cylindrophis isolepis (IUCN 2025) core source_claim,A.A.T. Amarasinghe pers. comm. 2019_EXCLUDE_0_Inaccessible_NA_NA,(IUCN 2025) core source_claim,Cylindrophis isolepis,1,A.A.T. Amarasinghe pers. comm. 2019,0,Not relevant,Inaccessible,"",no,2018
Cyrtodactylus khelangensis (IUCN 2025) core source_claim,M. Sumontha pers. comm. 2017_EXCLUDE_0_Inaccessible_NA_NA,(IUCN 2025) core source_claim,Cyrtodactylus khelangensis,1,M. Sumontha pers. comm. 2017,0,Not relevant,Inaccessible,"",no,2016
Cyrtodactylus sadleiri (IUCN 2025) core source_claim,NOTHING_EXCLUDE_NA_No citation given_NA_NA Cyrtodactylus sadleiri,(IUCN 2025) core source_claim,Cyrtodactylus sadleiri,1,NOTHING NA Cyrtodactylus sadleiri,"",Not relevant,No citation given,"",no,2016
Cyrtodactylus soba (IUCN 2025) core source_claim,NOTHING_EXCLUDE_NA_No citation given_NA_NA Cyrtodactylus soba,(IUCN 2025) core source_claim,Cyrtodactylus soba,1,NOTHING NA Cyrtodactylus soba,"",Not relevant,No citation given,"",no,2018
Cyrtodactylus thirakhupti (IUCN 2025) core source_claim,NOTHING_EXCLUDE_NA_No citation given_NA_NA Cyrtodactylus thirakhupti,(IUCN 2025) core source_claim,Cyrtodactylus thirakhupti,1,NOTHING NA Cyrtodactylus thirakhupti,"",Not relevant,No citation given,"",no,2016
Cyrtodactylus yakhuna (IUCN 2025) core source_claim,NOTHING_EXCLUDE_NA_No citation given_NA_NA Cyrtodactylus yakhuna,(IUCN 2025) core source_claim,Cyrtodactylus yakhuna,1,NOTHING NA Cyrtodactylus yakhuna,"",Not relevant,No citation given,"",no,2018
Dasia haliana (IUCN 2025) core source_claim,NOTHING_EXCLUDE_NA_No citation given_NA_NA Dasia haliana,(IUCN 2025) core source_claim,Dasia haliana,1,NOTHING NA Dasia haliana,"",Not relevant,No citation given,"",no,2018
Dasycercus cristicauda (Dickman 1996b) core source_claim,(Baynes 1990)_EXCLUDE_0_No claim_NA_NA,(Dickman 1996b) core source_claim,Dasycercus cristicauda,1,(Baynes 1990),"",Not relevant,No claim,"",no,1994
Dasycercus cristicauda (IUCN 2025) core source_claim,(Pedler et al. 2016)_INCLUDE_NA_Population in support_yes_no,(IUCN 2025) core source_claim,Dasycercus cristicauda,1,(Pedler et al. 2016),"",Yes,Population in support with data,yes,no,2013
Dasycercus cristicauda (Medina et al. 2011) core source_claim,(Baynes 1990)_EXCLUDE_0_No claim_NA_NA,(Medina et al. 2011) core source_claim,Dasycercus cristicauda,2,(Baynes 1990),"",Not relevant,No claim,"",no,2009
Dasycercus cristicauda (Wallach & Lundgren 2025)_external review without claim,(Doherty et al. 2015)_INCLUDE_NA_Population in support_yes_no,(Wallach & Lundgren 2025)_external review without claim,Dasycercus cristicauda,1,(Doherty et al. 2015),"",Yes,Population in support with data,yes,no,2022
Dasycercus cristicauda (Wallach & Lundgren 2025)_external review without claim,(Doherty et al. 2015)_INCLUDE_NA_Predation in support_no_no,(Wallach & Lundgren 2025)_external review without claim,Dasycercus cristicauda,1,(Doherty et al. 2015),"",Yes,Predation in support without data,no,no,2022
Dasycercus cristicauda (Wallach & Lundgren 2025)_external review without claim,(Mahon 1999)_INCLUDE_NA_Predation in support_no_no,(Wallach & Lundgren 2025)_external review without claim,Dasycercus cristicauda,1,(Mahon 1999),"",Yes,Predation in support without data,no,no,2022
Dasycercus cristicauda (Wallach & Lundgren 2025)_external review without claim,(Paltridge 2002)_INCLUDE_NA_Predation in support_no_no,(Wallach & Lundgren 2025)_external review without claim,Dasycercus cristicauda,1,(Paltridge 2002),"",Yes,Predation in support without data,no,no,2022
Dasycercus cristicauda (Wallach & Lundgren 2025)_external review without claim,(Paltridge 2005)_INCLUDE_NA_Predation in support_no_no,(Wallach & Lundgren 2025)_external review without claim,Dasycercus cristicauda,1,(Paltridge 2005),"",Yes,Predation in support without data,no,no,2022
Dasycercus cristicauda (Wallach & Lundgren 2025)_external review without claim,(Pedler et al. 2016)_INCLUDE_NA_Population in support_yes_no,(Wallach & Lundgren 2025)_external review without claim,Dasycercus cristicauda,1,(Pedler et al. 2016),"",Yes,Population in support with data,yes,no,2022
Dasycercus cristicauda (Wallach & Lundgren 2025)_external review without claim,(Vernes et al. 2021b)_INCLUDE_NA_Predation in support_no_no,(Wallach & Lundgren 2025)_external review without claim,Dasycercus cristicauda,1,(Vernes et al. 2021b),"",Yes,Predation in support without data,no,no,2022
Dasycercus cristicauda (Woinarski et al. 2014) core source_claim,(Pavey et al. 2012)_EXCLUDE_1_Opinion claim_NA_NA,(Woinarski et al. 2014) core source_claim,Dasycercus cristicauda,1,(Pavey et al. 2012),"",Not relevant,Opinion claim,"",no,2013
Dasycercus cristicauda Web of Science_Systematic external review,(Dickman et al. 2001)_INCLUDE_NA_Population not in support_yes_no,Web of Science_Systematic external review,Dasycercus cristicauda,1,(Dickman et al. 2001),"",No,Population not in support with data,yes,no,2025
Dasycercus cristicauda Web of Science_Systematic external review,(Paltridge 2002)_INCLUDE_NA_Predation in support_no_no,Web of Science_Systematic external review,Dasycercus cristicauda,1,(Paltridge 2002),"",Yes,Predation in support without data,no,no,2025
Dasycercus cristicauda Web of Science_Systematic external review,(Pedler et al. 2016)_INCLUDE_NA_Population in support_yes_no,Web of Science_Systematic external review,Dasycercus cristicauda,1,(Pedler et al. 2016),"",Yes,Population in support with data,yes,no,2025
Dasycercus cristicauda Web of Science_Systematic external review,(Vernes et al. 2021b)_INCLUDE_NA_Predation in support_no_no,Web of Science_Systematic external review,Dasycercus cristicauda,1,(Vernes et al. 2021b),"",Yes,Predation in support without data,no,no,2025
Dasyornis brachypterus (Doherty et al. 2016) core source_claim,(Hartley & Kikkawa 1994)_EXCLUDE_0_Inaccessible_NA_NA,(Doherty et al. 2016) core source_claim,Dasyornis brachypterus,2,(Hartley & Kikkawa 1994),0,Not relevant,Inaccessible,"",no,2014
Dasyornis brachypterus (Doherty et al. 2016) core source_claim,(Mitchell 2001)_EXCLUDE_0_Inaccessible_NA_NA,(Doherty et al. 2016) core source_claim,Dasyornis brachypterus,2,(Mitchell 2001),0,Not relevant,Inaccessible,"",no,2014
Dasyornis brachypterus (Garnett & Baker 2021) core source_claim,(Lindenmayer et al. 2009)_EXCLUDE_1_No claim_NA_NA,(Garnett & Baker 2021) core source_claim,Dasyornis brachypterus,1,(Lindenmayer et al. 2009),"",Not relevant,No claim,"",no,2020
Dasyornis brachypterus (Garnett & Baker 2021) core source_claim,(Woinarski et al. 2017)_EXCLUDE_1_Opinion claim_NA_NA,(Garnett & Baker 2021) core source_claim,Dasyornis brachypterus,1,(Woinarski et al. 2017),"",Not relevant,Opinion claim,"",no,2020
Dasyornis brachypterus (Garnett & Baker 2021) core source_claim,N Dexter unpublished_EXCLUDE_0_Inaccessible_NA_NA,(Garnett & Baker 2021) core source_claim,Dasyornis brachypterus,1,N Dexter unpublished,0,Not relevant,Inaccessible,"",no,2020
Dasyornis brachypterus (Garnett et al. 2011) core source_claim,(Lindenmayer et al. 2009)_EXCLUDE_1_No claim_NA_NA,(Garnett et al. 2011) core source_claim,Dasyornis brachypterus,1,(Lindenmayer et al. 2009),"",Not relevant,No claim,"",no,2010
Dasyornis brachypterus (IUCN 2025) core source_claim,(Woinarski et al. 2017)_EXCLUDE_1_Opinion claim_NA_NA,(IUCN 2025) core source_claim,Dasyornis brachypterus,1,(Woinarski et al. 2017),"",Not relevant,Opinion claim,"",no,2021
Dasyornis longirostris (Doherty et al. 2016) core source_claim,(Burbidge et al. 2010)_EXCLUDE_0_Inaccessible_NA_NA,(Doherty et al. 2016) core source_claim,Dasyornis longirostris,1,(Burbidge et al. 2010),0,Not relevant,Inaccessible,"",no,2014
Dasyornis longirostris (Doherty et al. 2016) core source_claim,(Gilfillan et al. 2009)_EXCLUDE_0_Opinion claim_NA_NA,(Doherty et al. 2016) core source_claim,Dasyornis longirostris,2,(Gilfillan et al. 2009),"",Not relevant,Opinion claim,"",no,2014
Dasyornis longirostris (Doherty et al. 2016) core source_claim,(Wildlife 2014)_EXCLUDE_0_Opinion claim_NA_NA,(Doherty et al. 2016) core source_claim,Dasyornis longirostris,1,(Wildlife 2014),"",Not relevant,Opinion claim,"",no,2014
Dasyornis longirostris (Garnett & Baker 2021) core source_claim,(Burbidge et al. 2010)_EXCLUDE_0_Inaccessible_NA_NA,(Garnett & Baker 2021) core source_claim,Dasyornis longirostris,1,(Burbidge et al. 2010),0,Not relevant,Inaccessible,"",no,2020
Dasyornis longirostris (Garnett & Baker 2021) core source_claim,(Gilfillan et al. 2009)_EXCLUDE_0_Opinion claim_NA_NA,(Garnett & Baker 2021) core source_claim,Dasyornis longirostris,1,(Gilfillan et al. 2009),"",Not relevant,Opinion claim,"",no,2020
Dasyornis longirostris (Garnett et al. 2011) core source_claim,(Burbidge et al. 2010)_EXCLUDE_0_Inaccessible_NA_NA,(Garnett et al. 2011) core source_claim,Dasyornis longirostris,1,(Burbidge et al. 2010),0,Not relevant,Inaccessible,"",no,2010
Dasyornis longirostris (Garnett et al. 2011) core source_claim,(Gilfillan et al. 2009)_EXCLUDE_0_Opinion claim_NA_NA,(Garnett et al. 2011) core source_claim,Dasyornis longirostris,1,(Gilfillan et al. 2009),"",Not relevant,Opinion claim,"",no,2010
Dasyornis longirostris (IUCN 2025) core source_claim,(Stattersfield 1998)_EXCLUDE_0_Inaccessible_NA_NA,(IUCN 2025) core source_claim,Dasyornis longirostris,1,(Stattersfield 1998),0,Not relevant,Inaccessible,"",no,2021
Dasyurus geoffroii (Dickman 1996b) core source_claim,(Serena et al. 1991)_EXCLUDE_0_Opinion claim_NA_NA,(Dickman 1996b) core source_claim,Dasyurus geoffroii,1,(Serena et al. 1991),"",Not relevant,Opinion claim,"",no,1994
Dasyurus geoffroii (IUCN 2025) core source_claim,NOTHING_EXCLUDE_NA_No citation given_NA_NA Dasyurus geoffroii,(IUCN 2025) core source_claim,Dasyurus geoffroii,1,NOTHING NA Dasyurus geoffroii,"",Not relevant,No citation given,"",no,2011
Dasyurus geoffroii (Medina et al. 2011) core source_claim,(Serena et al. 1991)_EXCLUDE_0_Opinion claim_NA_NA,(Medina et al. 2011) core source_claim,Dasyurus geoffroii,2,(Serena et al. 1991),"",Not relevant,Opinion claim,"",no,2009
Dasyurus geoffroii (Radford et al. 2018) core source_claim,(Burbidge & Manly 2002)_EXCLUDE_1_Does not test claim_NA_NA,(Radford et al. 2018) core source_claim,Dasyurus geoffroii,1,(Burbidge & Manly 2002),"",Not relevant,Does not test claim,"",no,2016
Dasyurus geoffroii (Radford et al. 2018) core source_claim,(Burbidge 2001)_EXCLUDE_0_Inaccessible_NA_NA,(Radford et al. 2018) core source_claim,Dasyurus geoffroii,1,(Burbidge 2001),0,Not relevant,Inaccessible,"",no,2016
Dasyurus geoffroii (Radford et al. 2018) core source_claim,(McKenzie 1984)_EXCLUDE_0_Inaccessible_NA_NA,(Radford et al. 2018) core source_claim,Dasyurus geoffroii,2,(McKenzie 1984),0,Not relevant,Inaccessible,"",no,2016
Dasyurus geoffroii (Radford et al. 2018) core source_claim,(Moseby et al. 2015)_INCLUDE_NA_Predation in support_no_no,(Radford et al. 2018) core source_claim,Dasyurus geoffroii,1,(Moseby et al. 2015),"",Yes,Predation in support without data,no,no,2016
Dasyurus geoffroii (Radford et al. 2018) core source_claim,(Serena et al. 1991)_EXCLUDE_0_Opinion claim_NA_NA,(Radford et al. 2018) core source_claim,Dasyurus geoffroii,2,(Serena et al. 1991),"",Not relevant,Opinion claim,"",no,2016
Dasyurus geoffroii (Wallach & Lundgren 2025)_external review without claim,(Comer et al. 2020)_INCLUDE_NA_Population not in support_yes_no,(Wallach & Lundgren 2025)_external review without claim,Dasyurus geoffroii,1,(Comer et al. 2020),"",No,Population not in support with data,yes,no,2022
Dasyurus geoffroii (Wallach & Lundgren 2025)_external review without claim,(Doherty et al. 2015)_INCLUDE_NA_Predation in support_no_no,(Wallach & Lundgren 2025)_external review without claim,Dasyurus geoffroii,1,(Doherty et al. 2015),"",Yes,Predation in support without data,no,no,2022
Dasyurus geoffroii (Wallach & Lundgren 2025)_external review without claim,(Glen et al. 2010)_INCLUDE_NA_Predation in support_no_no,(Wallach & Lundgren 2025)_external review without claim,Dasyurus geoffroii,1,(Glen et al. 2010),"",Yes,Predation in support without data,no,no,2022
Dasyurus geoffroii (Wallach & Lundgren 2025)_external review without claim,(Moseby et al. 2015)_INCLUDE_NA_Predation in support_no_no,(Wallach & Lundgren 2025)_external review without claim,Dasyurus geoffroii,1,(Moseby et al. 2015),"",Yes,Predation in support without data,no,no,2022
Dasyurus geoffroii (Wallach & Lundgren 2025)_external review without claim,(Moseby et al. 2021a)_INCLUDE_NA_Population not in support_yes_no,(Wallach & Lundgren 2025)_external review without claim,Dasyurus geoffroii,1,(Moseby et al. 2021a),"",No,Population not in support with data,yes,no,2022
Dasyurus geoffroii (Wallach & Lundgren 2025)_external review without claim,(Moseby et al. 2021a)_INCLUDE_NA_Predation in support_no_no,(Wallach & Lundgren 2025)_external review without claim,Dasyurus geoffroii,1,(Moseby et al. 2021a),"",Yes,Predation in support without data,no,no,2022
Dasyurus geoffroii (Wallach & Lundgren 2025)_external review without claim,(Moseby et al. 2021b)_INCLUDE_NA_Predation in support_no_no,(Wallach & Lundgren 2025)_external review without claim,Dasyurus geoffroii,1,(Moseby et al. 2021b),"",Yes,Predation in support without data,no,no,2022
Dasyurus geoffroii (Wallach & Lundgren 2025)_external review without claim,(Moseby et al. 2022)_INCLUDE_NA_Predation in support_no_no,(Wallach & Lundgren 2025)_external review without claim,Dasyurus geoffroii,1,(Moseby et al. 2022),"",Yes,Predation in support without data,no,no,2022
Dasyurus geoffroii (Wallach & Lundgren 2025)_external review without claim,(Wayne et al. 2011)_INCLUDE_NA_Population in support_yes_no,(Wallach & Lundgren 2025)_external review without claim,Dasyurus geoffroii,1,(Wayne et al. 2011),"",Yes,Population in support with data,yes,no,2022
Dasyurus geoffroii (Wallach & Lundgren 2025)_external review without claim,(Wayne et al. 2017a)_INCLUDE_NA_Population in support_yes_no,(Wallach & Lundgren 2025)_external review without claim,Dasyurus geoffroii,1,(Wayne et al. 2017a),"",Yes,Population in support with data,yes,no,2022
Dasyurus geoffroii (Wallach & Lundgren 2025)_external review without claim,(Wayne et al. 2017b)_INCLUDE_NA_Population in support_yes_no,(Wallach & Lundgren 2025)_external review without claim,Dasyurus geoffroii,1,(Wayne et al. 2017b),"",Yes,Population in support with data,yes,no,2022
Dasyurus geoffroii (Woinarski et al. 2014) core source_claim,(Glen et al. 2010)_INCLUDE_NA_Predation in support_no_no,(Woinarski et al. 2014) core source_claim,Dasyurus geoffroii,2,(Glen et al. 2010),"",Yes,Predation in support without data,no,no,2013
Dasyurus geoffroii (Woinarski et al. 2014) core source_claim,(Mathew 1996)_EXCLUDE_0_No claim_NA_NA,(Woinarski et al. 2014) core source_claim,Dasyurus geoffroii,2,(Mathew 1996),"",Not relevant,No claim,"",no,2013
Dasyurus geoffroii (Woinarski et al. 2014) core source_claim,(Morris et al. 2003)_EXCLUDE_?_No claim_NA_NA,(Woinarski et al. 2014) core source_claim,Dasyurus geoffroii,2,(Morris et al. 2003),"",Not relevant,No claim,"",no,2013
Dasyurus geoffroii Web of Science_Systematic external review,(Cruz et al. 2013)_EXCLUDE_1_No claim_NA_NA,Web of Science_Systematic external review,Dasyurus geoffroii,1,(Cruz et al. 2013),"",Not relevant,No claim,"",no,2025
Dasyurus geoffroii Web of Science_Systematic external review,(Dickman 1992)_EXCLUDE_1_No claim_NA_NA,Web of Science_Systematic external review,Dasyurus geoffroii,1,(Dickman 1992),"",Not relevant,No claim,"",no,2025
Dasyurus geoffroii Web of Science_Systematic external review,(Fernandes et al. 2023)_EXCLUDE_1_No claim_NA_NA,Web of Science_Systematic external review,Dasyurus geoffroii,1,(Fernandes et al. 2023),"",Not relevant,No claim,"",no,2025
Dasyurus geoffroii Web of Science_Systematic external review,(Glen et al. 2010)_INCLUDE_NA_Predation in support_no_no,Web of Science_Systematic external review,Dasyurus geoffroii,1,(Glen et al. 2010),"",Yes,Predation in support without data,no,no,2025
Dasyurus geoffroii Web of Science_Systematic external review,(Harrison et al. 2025)_EXCLUDE_1_No claim_NA_NA,Web of Science_Systematic external review,Dasyurus geoffroii,1,(Harrison et al. 2025),"",Not relevant,No claim,"",no,2025
Dasyurus geoffroii Web of Science_Systematic external review,(Hetherington et al. 2007)_EXCLUDE_1_No claim_NA_NA,Web of Science_Systematic external review,Dasyurus geoffroii,1,(Hetherington et al. 2007),"",Not relevant,No claim,"",no,2025
Dasyurus geoffroii Web of Science_Systematic external review,(Mathew 1996)_EXCLUDE_0_No claim_NA_NA,Web of Science_Systematic external review,Dasyurus geoffroii,2,(Mathew 1996),"",Not relevant,No claim,"",no,2025
Dasyurus geoffroii Web of Science_Systematic external review,(Matthews et al. 2013)_EXCLUDE_1_No claim_NA_NA,Web of Science_Systematic external review,Dasyurus geoffroii,1,(Matthews et al. 2013),"",Not relevant,No claim,"",no,2025
Dasyurus geoffroii Web of Science_Systematic external review,(Morris et al. 2003)_EXCLUDE_?_No claim_NA_NA,Web of Science_Systematic external review,Dasyurus geoffroii,2,(Morris et al. 2003),"",Not relevant,No claim,"",no,2025
Dasyurus geoffroii Web of Science_Systematic external review,(Moseby et al. 2015)_INCLUDE_NA_Predation in support_no_no,Web of Science_Systematic external review,Dasyurus geoffroii,1,(Moseby et al. 2015),"",Yes,Predation in support without data,no,no,2025
Dasyurus geoffroii Web of Science_Systematic external review,(Moseby et al. 2021b)_INCLUDE_NA_Predation in support_no_no,Web of Science_Systematic external review,Dasyurus geoffroii,1,(Moseby et al. 2021b),"",Yes,Predation in support without data,no,no,2025
Dasyurus geoffroii Web of Science_Systematic external review,(Moseby et al. 2022)_INCLUDE_NA_Predation in support_no_no,Web of Science_Systematic external review,Dasyurus geoffroii,1,(Moseby et al. 2022),"",Yes,Predation in support without data,no,no,2025
Dasyurus geoffroii Web of Science_Systematic external review,(Northover et al. 2024)_EXCLUDE_1_No claim_NA_NA,Web of Science_Systematic external review,Dasyurus geoffroii,1,(Northover et al. 2024),"",Not relevant,No claim,"",no,2025
Dasyurus geoffroii Web of Science_Systematic external review,(Read et al. 2019b)_EXCLUDE_1_No claim_NA_NA,Web of Science_Systematic external review,Dasyurus geoffroii,1,(Read et al. 2019b),"",Not relevant,No claim,"",no,2025
Dasyurus geoffroii Web of Science_Systematic external review,(Stepkovitch et al. 2024)_EXCLUDE_1_No claim_NA_NA,Web of Science_Systematic external review,Dasyurus geoffroii,1,(Stepkovitch et al. 2024),"",Not relevant,No claim,"",no,2025
Dasyurus geoffroii Web of Science_Systematic external review,(Thompson et al. 2019)_EXCLUDE_1_No claim_NA_NA,Web of Science_Systematic external review,Dasyurus geoffroii,1,(Thompson et al. 2019),"",Not relevant,No claim,"",no,2025
Dasyurus geoffroii Web of Science_Systematic external review,(Van der Weyde et al. 2023)_EXCLUDE_1_No claim_NA_NA,Web of Science_Systematic external review,Dasyurus geoffroii,1,(Van der Weyde et al. 2023),"",Not relevant,No claim,"",no,2025
Dasyurus geoffroii Web of Science_Systematic external review,(Wayne et al. 2017b)_INCLUDE_NA_Population in support_yes_no,Web of Science_Systematic external review,Dasyurus geoffroii,1,(Wayne et al. 2017b),"",Yes,Population in support with data,yes,no,2025
Dasyurus geoffroii Web of Science_Systematic external review,(de Tores et al. 2011)_EXCLUDE_1_No claim_NA_NA,Web of Science_Systematic external review,Dasyurus geoffroii,1,(de Tores et al. 2011),"",Not relevant,No claim,"",no,2025
Dasyurus hallucatus (Dickman 1996b) core source_claim,NOTHING_EXCLUDE_NA_No citation given_NA_NA Dasyurus hallucatus,(Dickman 1996b) core source_claim,Dasyurus hallucatus,1,NOTHING NA Dasyurus hallucatus,"",Not relevant,No citation given,"",no,1994
Dasyurus hallucatus (Doherty et al. 2016) core source_claim,(Oakwood 2000)_INCLUDE_NA_Predation in support_no_no,(Doherty et al. 2016) core source_claim,Dasyurus hallucatus,1,(Oakwood 2000),"",Yes,Predation in support without data,no,no,2014
Dasyurus hallucatus (Doherty et al. 2016) core source_claim,(Pollock 1999)_INCLUDE_NA_Predation in support_no_no,(Doherty et al. 2016) core source_claim,Dasyurus hallucatus,1,(Pollock 1999),"",Yes,Predation in support without data,no,no,2014
Dasyurus hallucatus (Doherty et al. 2016) core source_claim,J. Augusteyn pes. Comm._EXCLUDE_0_Inaccessible_NA_NA,(Doherty et al. 2016) core source_claim,Dasyurus hallucatus,2,J. Augusteyn pes. Comm.,0,Not relevant,Inaccessible,"",no,2014
Dasyurus hallucatus (IUCN 2025) core source_claim,NOTHING_EXCLUDE_NA_No citation given_NA_NA Dasyurus hallucatus,(IUCN 2025) core source_claim,Dasyurus hallucatus,1,NOTHING NA Dasyurus hallucatus,"",Not relevant,No citation given,"",no,2014
Dasyurus hallucatus (Radford et al. 2018) core source_claim,(Morris et al. 2015)_EXCLUDE_0_Opinion claim_NA_NA,(Radford et al. 2018) core source_claim,Dasyurus hallucatus,1,(Morris et al. 2015),"",Not relevant,Opinion claim,"",no,2016
Dasyurus hallucatus (Radford et al. 2018) core source_claim,(Woinarski et al. 2011a)_INCLUDE_NA_Population not in support_yes_yes,(Radford et al. 2018) core source_claim,Dasyurus hallucatus,1,(Woinarski et al. 2011a),"",No,Population not in support with data of quality,yes,yes,2016
Dasyurus hallucatus (Wallach & Lundgren 2025)_external review without claim,(Cowan et al. 2020)_INCLUDE_NA_Predation in support_no_no,(Wallach & Lundgren 2025)_external review without claim,Dasyurus hallucatus,1,(Cowan et al. 2020),"",Yes,Predation in support without data,no,no,2022
Dasyurus hallucatus (Wallach & Lundgren 2025)_external review without claim,(Doherty et al. 2015)_INCLUDE_NA_Predation in support_no_no,(Wallach & Lundgren 2025)_external review without claim,Dasyurus hallucatus,1,(Doherty et al. 2015),"",Yes,Predation in support without data,no,no,2022
Dasyurus hallucatus (Wallach & Lundgren 2025)_external review without claim,(Oakwood 2000)_INCLUDE_NA_Predation in support_no_no,(Wallach & Lundgren 2025)_external review without claim,Dasyurus hallucatus,1,(Oakwood 2000),"",Yes,Predation in support without data,no,no,2022
Dasyurus hallucatus (Wallach & Lundgren 2025)_external review without claim,(Palmer et al. 2021)_INCLUDE_NA_Population not in support_yes_no,(Wallach & Lundgren 2025)_external review without claim,Dasyurus hallucatus,1,(Palmer et al. 2021),"",No,Population not in support with data,yes,no,2022
Dasyurus hallucatus (Wallach & Lundgren 2025)_external review without claim,(Peacock & Abbott 2014)_INCLUDE_NA_Predation in support_no_no,(Wallach & Lundgren 2025)_external review without claim,Dasyurus hallucatus,1,(Peacock & Abbott 2014),"",Yes,Predation in support without data,no,no,2022
Dasyurus hallucatus (Wallach & Lundgren 2025)_external review without claim,(Pollock 1999)_INCLUDE_NA_Predation in support_no_no,(Wallach & Lundgren 2025)_external review without claim,Dasyurus hallucatus,1,(Pollock 1999),"",Yes,Predation in support without data,no,no,2022
Dasyurus hallucatus (Wallach & Lundgren 2025)_external review without claim,(Stobo-Wilson et al. 2020)_INCLUDE_NA_Population in support_yes_yes,(Wallach & Lundgren 2025)_external review without claim,Dasyurus hallucatus,1,(Stobo-Wilson et al. 2020),"",Yes,Population in support with data of quality,yes,yes,2022
Dasyurus hallucatus (Wallach & Lundgren 2025)_external review without claim,(Stokeld et al. 2018)_INCLUDE_NA_Predation in support_no_no,(Wallach & Lundgren 2025)_external review without claim,Dasyurus hallucatus,1,(Stokeld et al. 2018),"",Yes,Predation in support without data,no,no,2022
Dasyurus hallucatus (Wallach & Lundgren 2025)_external review without claim,(Trewella et al. 2023)_INCLUDE_NA_Population not in support_yes_yes,(Wallach & Lundgren 2025)_external review without claim,Dasyurus hallucatus,1,(Trewella et al. 2023),"",No,Population not in support with data of quality,yes,yes,2022
Dasyurus hallucatus (Wallach & Lundgren 2025)_external review without claim,(Woinarski et al. 2011a)_INCLUDE_NA_Population not in support_yes_yes,(Wallach & Lundgren 2025)_external review without claim,Dasyurus hallucatus,1,(Woinarski et al. 2011a),"",No,Population not in support with data of quality,yes,yes,2022
Dasyurus hallucatus (Woinarski et al. 2014) core source_claim,(Oakwood 2000)_INCLUDE_NA_Predation in support_no_no,(Woinarski et al. 2014) core source_claim,Dasyurus hallucatus,1,(Oakwood 2000),"",Yes,Predation in support without data,no,no,2013
Dasyurus hallucatus (Woinarski et al. 2014) core source_claim,J. Augusteyn pes. Comm._EXCLUDE_0_Inaccessible_NA_NA,(Woinarski et al. 2014) core source_claim,Dasyurus hallucatus,1,J. Augusteyn pes. Comm.,0,Not relevant,Inaccessible,"",no,2013
Dasyurus hallucatus Web of Science_Systematic external review,(Heiniger et al. 2018)_EXCLUDE_1_No claim_NA_NA,Web of Science_Systematic external review,Dasyurus hallucatus,1,(Heiniger et al. 2018),"",Not relevant,No claim,"",no,2025
Dasyurus hallucatus Web of Science_Systematic external review,(Indigo et al. 2019)_EXCLUDE_1_No claim_NA_NA,Web of Science_Systematic external review,Dasyurus hallucatus,1,(Indigo et al. 2019),"",Not relevant,No claim,"",no,2025
Dasyurus hallucatus Web of Science_Systematic external review,(Marks et al. 2006)_EXCLUDE_1_No claim_NA_NA,Web of Science_Systematic external review,Dasyurus hallucatus,1,(Marks et al. 2006),"",Not relevant,No claim,"",no,2025
Dasyurus hallucatus Web of Science_Systematic external review,(Moore et al. 2020)_EXCLUDE_1_No claim_NA_NA,Web of Science_Systematic external review,Dasyurus hallucatus,1,(Moore et al. 2020),"",Not relevant,No claim,"",no,2025
Dasyurus hallucatus Web of Science_Systematic external review,(Moro et al. 2020)_EXCLUDE_1_No claim_NA_NA,Web of Science_Systematic external review,Dasyurus hallucatus,1,(Moro et al. 2020),"",Not relevant,No claim,"",no,2025
Dasyurus hallucatus Web of Science_Systematic external review,(Moseby et al. 2021a)_EXCLUDE_1_No claim_NA_NA,Web of Science_Systematic external review,Dasyurus hallucatus,1,(Moseby et al. 2021a),"",Not relevant,No claim,"",no,2025
Dasyurus hallucatus Web of Science_Systematic external review,(Palmer et al. 2021)_INCLUDE_NA_Population not in support_yes_no,Web of Science_Systematic external review,Dasyurus hallucatus,1,(Palmer et al. 2021),"",No,Population not in support with data,yes,no,2025
Dasyurus hallucatus Web of Science_Systematic external review,(Peacock & Abbott 2014)_INCLUDE_NA_Predation in support_no_no,Web of Science_Systematic external review,Dasyurus hallucatus,1,(Peacock & Abbott 2014),"",Yes,Predation in support without data,no,no,2025
Dasyurus hallucatus Web of Science_Systematic external review,(Trewella et al. 2023)_INCLUDE_NA_Population not in support_yes_yes,Web of Science_Systematic external review,Dasyurus hallucatus,1,(Trewella et al. 2023),"",No,Population not in support with data of quality,yes,yes,2025
Dasyurus hallucatus Web of Science_Systematic external review,(Woinarski et al. 2011a)_INCLUDE_NA_Population not in support_yes_yes,Web of Science_Systematic external review,Dasyurus hallucatus,1,(Woinarski et al. 2011a),"",No,Population not in support with data of quality,yes,yes,2025
Dasyurus spartacus (IUCN 2025) core source_claim,(IUCN 2025) core source_INCLUDE_NA_Predation in support_no_no,(IUCN 2025) core source_claim,Dasyurus spartacus,1,(IUCN 2025) core source,"",Yes,Predation in support without data,no,no,2015
Dasyurus viverrinus (Dickman 1996b) core source_claim,NOTHING_EXCLUDE_NA_No citation given_NA_NA Dasyurus viverrinus,(Dickman 1996b) core source_claim,Dasyurus viverrinus,1,NOTHING NA Dasyurus viverrinus,"",Not relevant,No citation given,"",no,1994
Dasyurus viverrinus (IUCN 2025) core source_claim,(Jones et al. 2004)_EXCLUDE_NA_Does not test claim_NA_NA,(IUCN 2025) core source_claim,Dasyurus viverrinus,1,(Jones et al. 2004),"",Not relevant,Does not test claim,"",no,2013
Dasyurus viverrinus (IUCN 2025) core source_claim,(Peacock & Abbott 2014)_INCLUDE_NA_Predation in support_no_no,(IUCN 2025) core source_claim,Dasyurus viverrinus,1,(Peacock & Abbott 2014),"",Yes,Predation in support without data,no,no,2013
Dasyurus viverrinus (IUCN 2025) core source_claim,(Peacock & Abbott 2014)_INCLUDE_NA_Predation not in support_no_no,(IUCN 2025) core source_claim,Dasyurus viverrinus,1,(Peacock & Abbott 2014),"",No,Predation not in support without data,no,no,2013
Dasyurus viverrinus (Wallach & Lundgren 2025)_external review without claim,(Fancourt et al. 2015)_INCLUDE_NA_Population not in support_yes_yes,(Wallach & Lundgren 2025)_external review without claim,Dasyurus viverrinus,1,(Fancourt et al. 2015),"",No,Population not in support with data of quality,yes,yes,2022
Dasyurus viverrinus (Wallach & Lundgren 2025)_external review without claim,(Hollings et al. 2014)_INCLUDE_NA_Population in support_yes_yes,(Wallach & Lundgren 2025)_external review without claim,Dasyurus viverrinus,1,(Hollings et al. 2014),"",Yes,Population in support with data of quality,yes,yes,2022
Dasyurus viverrinus (Wallach & Lundgren 2025)_external review without claim,(Peacock & Abbott 2014)_INCLUDE_NA_Predation in support_no_no,(Wallach & Lundgren 2025)_external review without claim,Dasyurus viverrinus,1,(Peacock & Abbott 2014),"",Yes,Predation in support without data,no,no,2022
Dasyurus viverrinus (Wallach & Lundgren 2025)_external review without claim,(Peacock & Abbott 2014)_INCLUDE_NA_Predation not in support_no_no,(Wallach & Lundgren 2025)_external review without claim,Dasyurus viverrinus,1,(Peacock & Abbott 2014),"",No,Predation not in support without data,no,no,2022
Dasyurus viverrinus (Wallach & Lundgren 2025)_external review without claim,(Robinson et al. 2020)_INCLUDE_NA_Predation not in support_no_no,(Wallach & Lundgren 2025)_external review without claim,Dasyurus viverrinus,1,(Robinson et al. 2020),"",No,Predation not in support without data,no,no,2022
Dasyurus viverrinus (Wallach & Lundgren 2025)_external review without claim,(Robinson et al. 2021)_INCLUDE_NA_Predation not in support_no_no,(Wallach & Lundgren 2025)_external review without claim,Dasyurus viverrinus,1,(Robinson et al. 2021),"",No,Predation not in support without data,no,no,2022
Dasyurus viverrinus (Woinarski et al. 2014) core source_claim,(Fancourt 2011)_EXCLUDE_0_Inaccessible_NA_NA,(Woinarski et al. 2014) core source_claim,Dasyurus viverrinus,1,(Fancourt 2011),0,Not relevant,Inaccessible,"",no,2013
Dasyurus viverrinus (Woinarski et al. 2014) core source_claim,(Jones et al. 2004)_EXCLUDE_NA_Does not test claim_NA_NA,(Woinarski et al. 2014) core source_claim,Dasyurus viverrinus,1,(Jones et al. 2004),"",Not relevant,Does not test claim,"",no,2013
Dasyurus viverrinus Web of Science_Systematic external review,(Baker & Beveridge 2001)_EXCLUDE_1_No claim_NA_NA,Web of Science_Systematic external review,Dasyurus viverrinus,1,(Baker & Beveridge 2001),"",Not relevant,No claim,"",no,2025
Dasyurus viverrinus Web of Science_Systematic external review,(Fancourt 2014)_EXCLUDE_1_No claim_NA_NA,Web of Science_Systematic external review,Dasyurus viverrinus,1,(Fancourt 2014),"",Not relevant,No claim,"",no,2025
Dasyurus viverrinus Web of Science_Systematic external review,(Fancourt 2016)_EXCLUDE_1_Opinion claim_NA_NA,Web of Science_Systematic external review,Dasyurus viverrinus,1,(Fancourt 2016),"",Not relevant,Opinion claim,"",no,2025
Dasyurus viverrinus Web of Science_Systematic external review,(Fancourt et al. 2015)_INCLUDE_NA_Population not in support_yes_yes,Web of Science_Systematic external review,Dasyurus viverrinus,1,(Fancourt et al. 2015),"",No,Population not in support with data of quality,yes,yes,2025
Dasyurus viverrinus Web of Science_Systematic external review,(Haines 1946)_EXCLUDE_1_No claim_NA_NA,Web of Science_Systematic external review,Dasyurus viverrinus,1,(Haines 1946),"",Not relevant,No claim,"",no,2025
Dasyurus viverrinus Web of Science_Systematic external review,(Hocking & Guiler 1983)_EXCLUDE_1_Inaccessible_NA_NA,Web of Science_Systematic external review,Dasyurus viverrinus,1,(Hocking & Guiler 1983),1,Not relevant,Inaccessible,"",no,2025
Dasyurus viverrinus Web of Science_Systematic external review,(Hollings et al. 2014)_INCLUDE_NA_Population in support_yes_yes,Web of Science_Systematic external review,Dasyurus viverrinus,1,(Hollings et al. 2014),"",Yes,Population in support with data of quality,yes,yes,2025
Dasyurus viverrinus Web of Science_Systematic external review,(Jones et al. 2004)_EXCLUDE_NA_Does not test claim_NA_NA,Web of Science_Systematic external review,Dasyurus viverrinus,1,(Jones et al. 2004),"",Not relevant,Does not test claim,"",no,2025
Dasyurus viverrinus Web of Science_Systematic external review,(Munday & Mason 1980)_EXCLUDE_1_No claim_NA_NA,Web of Science_Systematic external review,Dasyurus viverrinus,1,(Munday & Mason 1980),"",Not relevant,No claim,"",no,2025
Dasyurus viverrinus Web of Science_Systematic external review,(Peacock & Abbott 2013)_EXCLUDE_1_No claim_NA_NA,Web of Science_Systematic external review,Dasyurus viverrinus,1,(Peacock & Abbott 2013),"",Not relevant,No claim,"",no,2025
Dasyurus viverrinus Web of Science_Systematic external review,(Peacock & Abbott 2014)_INCLUDE_NA_Predation in support_no_no,Web of Science_Systematic external review,Dasyurus viverrinus,1,(Peacock & Abbott 2014),"",Yes,Predation in support without data,no,no,2025
Dasyurus viverrinus Web of Science_Systematic external review,(Peacock & Abbott 2014)_INCLUDE_NA_Predation not in support_no_no,Web of Science_Systematic external review,Dasyurus viverrinus,1,(Peacock & Abbott 2014),"",No,Predation not in support without data,no,no,2025
Delma impar (IUCN 2025) core source_claim,(Smith & Robertson 1999)_EXCLUDE_0_Opinion claim_NA_NA,(IUCN 2025) core source_claim,Delma impar,1,(Smith & Robertson 1999),"",Not relevant,Opinion claim,"",no,2016
Delma impar (IUCN 2025) core source_claim,(Threatened Species Scientific Committee 2016b)_EXCLUDE_0_Opinion claim_NA_NA,(IUCN 2025) core source_claim,Delma impar,1,(Threatened Species Scientific Committee 2016b),"",Not relevant,Opinion claim,"",no,2016
Dendrocygna arborea (Doherty et al. 2016) core source_claim,(Staus 1997)_EXCLUDE_0_Inaccessible_NA_NA,(Doherty et al. 2016) core source_claim,Dendrocygna arborea,2,(Staus 1997),0,Not relevant,Inaccessible,"",no,2014
Dendrocygna arborea (Doherty et al. 2016) core source_claim,(Staus 1998)_EXCLUDE_?_Opinion claim_NA_NA,(Doherty et al. 2016) core source_claim,Dendrocygna arborea,2,(Staus 1998),"",Not relevant,Opinion claim,"",no,2014
Dendrocygna arborea (IUCN 2025) core source_claim,(Staus 1997)_EXCLUDE_0_Inaccessible_NA_NA,(IUCN 2025) core source_claim,Dendrocygna arborea,1,(Staus 1997),0,Not relevant,Inaccessible,"",no,2018
Dendrocygna arborea (IUCN 2025) core source_claim,(Staus 1998)_EXCLUDE_?_Opinion claim_NA_NA,(IUCN 2025) core source_claim,Dendrocygna arborea,1,(Staus 1998),"",Not relevant,Opinion claim,"",no,2018
Didunculus strigirostris (Doherty et al. 2016) core source_claim,(Becke 1908)_EXCLUDE_?_Opinion claim_NA_NA,(Doherty et al. 2016) core source_claim,Didunculus strigirostris,2,(Becke 1908),"",Not relevant,Opinion claim,"",no,2014
Didunculus strigirostris (Doherty et al. 2016) core source_claim,(Bennett 1862)_EXCLUDE_0_Inaccessible_NA_NA,(Doherty et al. 2016) core source_claim,Didunculus strigirostris,2,(Bennett 1862),0,Not relevant,Inaccessible,"",no,2014
Didunculus strigirostris (Doherty et al. 2016) core source_claim,(Bennett 1863)_EXCLUDE_?_Inaccessible_NA_NA,(Doherty et al. 2016) core source_claim,Didunculus strigirostris,2,(Bennett 1863),?,Not relevant,Inaccessible,"",no,2014
Didunculus strigirostris (Doherty et al. 2016) core source_claim,(Bennett 1864)_EXCLUDE_?_Inaccessible_NA_NA,(Doherty et al. 2016) core source_claim,Didunculus strigirostris,2,(Bennett 1864),?,Not relevant,Inaccessible,"",no,2014
Didunculus strigirostris (Doherty et al. 2016) core source_claim,(Dorner 1872)_EXCLUDE_?_Not in English or Spanish_NA_NA,(Doherty et al. 2016) core source_claim,Didunculus strigirostris,2,(Dorner 1872),"",Not relevant,Not in English or Spanish,"",no,2014
Didunculus strigirostris (Doherty et al. 2016) core source_claim,(MNRE 2006)_EXCLUDE_0_Inaccessible_NA_NA,(Doherty et al. 2016) core source_claim,Didunculus strigirostris,1,(MNRE 2006),0,Not relevant,Inaccessible,"",no,2014
Didunculus strigirostris (Doherty et al. 2016) core source_claim,(Ramsay 1864)_EXCLUDE_?_Inaccessible_NA_NA,(Doherty et al. 2016) core source_claim,Didunculus strigirostris,2,(Ramsay 1864),?,Not relevant,Inaccessible,"",no,2014
Didunculus strigirostris (Doherty et al. 2016) core source_claim,(Serra et al. 2018)_EXCLUDE_1_Opinion claim_NA_NA,(Doherty et al. 2016) core source_claim,Didunculus strigirostris,2,(Serra et al. 2018),"",Not relevant,Opinion claim,"",no,2014
Didunculus strigirostris (Doherty et al. 2016) core source_claim,(Whitmee 1874)_EXCLUDE_?_Inaccessible_NA_NA,(Doherty et al. 2016) core source_claim,Didunculus strigirostris,2,(Whitmee 1874),?,Not relevant,Inaccessible,"",no,2014
Didunculus strigirostris (Doherty et al. 2016) core source_claim,(Whitmee 1875)_EXCLUDE_?_Inaccessible_NA_NA,(Doherty et al. 2016) core source_claim,Didunculus strigirostris,2,(Whitmee 1875),?,Not relevant,Inaccessible,"",no,2014
Didunculus strigirostris (Doherty et al. 2016) core source_claim,(Williams 1863)_EXCLUDE_?_Inaccessible_NA_NA,(Doherty et al. 2016) core source_claim,Didunculus strigirostris,2,(Williams 1863),?,Not relevant,Inaccessible,"",no,2014
Didunculus strigirostris (IUCN 2025) core source_claim,(Becke 1908)_EXCLUDE_?_Opinion claim_NA_NA,(IUCN 2025) core source_claim,Didunculus strigirostris,2,(Becke 1908),"",Not relevant,Opinion claim,"",no,2015
Didunculus strigirostris (IUCN 2025) core source_claim,(Bennett 1862)_EXCLUDE_0_Inaccessible_NA_NA,(IUCN 2025) core source_claim,Didunculus strigirostris,2,(Bennett 1862),0,Not relevant,Inaccessible,"",no,2015
Didunculus strigirostris (IUCN 2025) core source_claim,(Bennett 1863)_EXCLUDE_?_Inaccessible_NA_NA,(IUCN 2025) core source_claim,Didunculus strigirostris,2,(Bennett 1863),?,Not relevant,Inaccessible,"",no,2015
Didunculus strigirostris (IUCN 2025) core source_claim,(Bennett 1864)_EXCLUDE_?_Inaccessible_NA_NA,(IUCN 2025) core source_claim,Didunculus strigirostris,2,(Bennett 1864),?,Not relevant,Inaccessible,"",no,2015
Didunculus strigirostris (IUCN 2025) core source_claim,(Dorner 1872)_EXCLUDE_?_Not in English or Spanish_NA_NA,(IUCN 2025) core source_claim,Didunculus strigirostris,2,(Dorner 1872),"",Not relevant,Not in English or Spanish,"",no,2015
Didunculus strigirostris (IUCN 2025) core source_claim,(Ramsay 1864)_EXCLUDE_?_Inaccessible_NA_NA,(IUCN 2025) core source_claim,Didunculus strigirostris,2,(Ramsay 1864),?,Not relevant,Inaccessible,"",no,2015
Didunculus strigirostris (IUCN 2025) core source_claim,(Serra et al. 2018)_EXCLUDE_1_Opinion claim_NA_NA,(IUCN 2025) core source_claim,Didunculus strigirostris,1,(Serra et al. 2018),"",Not relevant,Opinion claim,"",no,2015
Didunculus strigirostris (IUCN 2025) core source_claim,(Whitmee 1874)_EXCLUDE_?_Inaccessible_NA_NA,(IUCN 2025) core source_claim,Didunculus strigirostris,2,(Whitmee 1874),?,Not relevant,Inaccessible,"",no,2015
Didunculus strigirostris (IUCN 2025) core source_claim,(Whitmee 1875)_EXCLUDE_?_Inaccessible_NA_NA,(IUCN 2025) core source_claim,Didunculus strigirostris,2,(Whitmee 1875),?,Not relevant,Inaccessible,"",no,2015
Didunculus strigirostris (IUCN 2025) core source_claim,(Williams 1863)_EXCLUDE_?_Inaccessible_NA_NA,(IUCN 2025) core source_claim,Didunculus strigirostris,2,(Williams 1863),?,Not relevant,Inaccessible,"",no,2015
Dierogekko inexpectatus (Doherty et al. 2016) core source_claim,(Palmas et al. In preparation)_EXCLUDE_0_Inaccessible_NA_NA,(Doherty et al. 2016) core source_claim,Dierogekko inexpectatus,2,(Palmas et al. In preparation),0,Not relevant,Inaccessible,"",no,2014
Dierogekko inexpectatus (Doherty et al. 2016) core source_claim,(Skipwith et al. 2014)_EXCLUDE_0_Opinion claim_NA_NA,(Doherty et al. 2016) core source_claim,Dierogekko inexpectatus,1,(Skipwith et al. 2014),"",Not relevant,Opinion claim,"",no,2014
Dierogekko inexpectatus (Doherty et al. 2016) core source_claim,(Whitaker et al. 2004)_EXCLUDE_0_Inaccessible_NA_NA,(Doherty et al. 2016) core source_claim,Dierogekko inexpectatus,2,(Whitaker et al. 2004),0,Not relevant,Inaccessible,"",no,2014
Dierogekko inexpectatus (IUCN 2025) core source_claim,(Palmas et al. In preparation)_EXCLUDE_0_Inaccessible_NA_NA,(IUCN 2025) core source_claim,Dierogekko inexpectatus,1,(Palmas et al. In preparation),0,Not relevant,Inaccessible,"",no,2016
Dierogekko insularis (IUCN 2025) core source_claim,(Palmas et al. In preparation)_EXCLUDE_0_Inaccessible_NA_NA,(IUCN 2025) core source_claim,Dierogekko insularis,1,(Palmas et al. In preparation),0,Not relevant,Inaccessible,"",no,2016
Dierogekko kaalaensis (Doherty et al. 2016) core source_claim,(Bauer et al. 2006a)_EXCLUDE_1_Opinion claim_NA_NA,(Doherty et al. 2016) core source_claim,Dierogekko kaalaensis,1,(Bauer et al. 2006a),"",Not relevant,Opinion claim,"",no,2014
Dierogekko kaalaensis (Doherty et al. 2016) core source_claim,(Palmas et al. In preparation)_EXCLUDE_0_Inaccessible_NA_NA,(Doherty et al. 2016) core source_claim,Dierogekko kaalaensis,2,(Palmas et al. In preparation),0,Not relevant,Inaccessible,"",no,2014
Dierogekko kaalaensis (Doherty et al. 2016) core source_claim,(Thibault et al. 2017)_EXCLUDE_1_No claim_NA_NA,(Doherty et al. 2016) core source_claim,Dierogekko kaalaensis,2,(Thibault et al. 2017),"",Not relevant,No claim,"",no,2014
Dierogekko kaalaensis (IUCN 2025) core source_claim,(Palmas et al. In preparation)_EXCLUDE_0_Inaccessible_NA_NA,(IUCN 2025) core source_claim,Dierogekko kaalaensis,1,(Palmas et al. In preparation),0,Not relevant,Inaccessible,"",no,2016
Dierogekko kaalaensis (IUCN 2025) core source_claim,(Thibault et al. 2017)_EXCLUDE_1_No claim_NA_NA,(IUCN 2025) core source_claim,Dierogekko kaalaensis,1,(Thibault et al. 2017),"",Not relevant,No claim,"",no,2016
Dierogekko koniambo (Doherty et al. 2016) core source_claim,(Bauer et al. 2006a)_EXCLUDE_1_Opinion claim_NA_NA,(Doherty et al. 2016) core source_claim,Dierogekko koniambo,1,(Bauer et al. 2006a),"",Not relevant,Opinion claim,"",no,2014
Dierogekko koniambo (Doherty et al. 2016) core source_claim,(Palmas et al. In preparation)_EXCLUDE_0_Inaccessible_NA_NA,(Doherty et al. 2016) core source_claim,Dierogekko koniambo,2,(Palmas et al. In preparation),0,Not relevant,Inaccessible,"",no,2014
Dierogekko koniambo (Doherty et al. 2016) core source_claim,(Thibault et al. 2017)_EXCLUDE_1_No claim_NA_NA,(Doherty et al. 2016) core source_claim,Dierogekko koniambo,2,(Thibault et al. 2017),"",Not relevant,No claim,"",no,2014
Dierogekko koniambo (IUCN 2025) core source_claim,(Palmas et al. In preparation)_EXCLUDE_0_Inaccessible_NA_NA,(IUCN 2025) core source_claim,Dierogekko koniambo,1,(Palmas et al. In preparation),0,Not relevant,Inaccessible,"",no,2016
Dierogekko koniambo (IUCN 2025) core source_claim,(Thibault et al. 2017)_EXCLUDE_1_No claim_NA_NA,(IUCN 2025) core source_claim,Dierogekko koniambo,1,(Thibault et al. 2017),"",Not relevant,No claim,"",no,2016
Dierogekko nehoueensis (Doherty et al. 2016) core source_claim,(Palmas et al. In preparation)_EXCLUDE_0_Inaccessible_NA_NA,(Doherty et al. 2016) core source_claim,Dierogekko nehoueensis,2,(Palmas et al. In preparation),0,Not relevant,Inaccessible,"",no,2014
Dierogekko nehoueensis (Doherty et al. 2016) core source_claim,(Thibault et al. 2017)_EXCLUDE_1_No claim_NA_NA,(Doherty et al. 2016) core source_claim,Dierogekko nehoueensis,2,(Thibault et al. 2017),"",Not relevant,No claim,"",no,2014
Dierogekko nehoueensis (Doherty et al. 2016) core source_claim,(Whitaker Consultants Limited 2002)_EXCLUDE_0_Inaccessible_NA_NA,(Doherty et al. 2016) core source_claim,Dierogekko nehoueensis,2,(Whitaker Consultants Limited 2002),0,Not relevant,Inaccessible,"",no,2014
Dierogekko nehoueensis (Doherty et al. 2016) core source_claim,(Whitaker et al. 2004)_EXCLUDE_0_Inaccessible_NA_NA,(Doherty et al. 2016) core source_claim,Dierogekko nehoueensis,2,(Whitaker et al. 2004),0,Not relevant,Inaccessible,"",no,2014
Dierogekko nehoueensis (IUCN 2025) core source_claim,(Palmas et al. In preparation)_EXCLUDE_0_Inaccessible_NA_NA,(IUCN 2025) core source_claim,Dierogekko nehoueensis,1,(Palmas et al. In preparation),0,Not relevant,Inaccessible,"",no,2016
Dierogekko nehoueensis (IUCN 2025) core source_claim,(Thibault et al. 2017)_EXCLUDE_1_No claim_NA_NA,(IUCN 2025) core source_claim,Dierogekko nehoueensis,1,(Thibault et al. 2017),"",Not relevant,No claim,"",no,2016
Dierogekko poumensis (Doherty et al. 2016) core source_claim,(Palmas et al. 2017)_EXCLUDE_1_No claim_NA_NA,(Doherty et al. 2016) core source_claim,Dierogekko poumensis,2,(Palmas et al. 2017),"",Not relevant,No claim,"",no,2014
Dierogekko poumensis (Doherty et al. 2016) core source_claim,(Whitaker et al. 2004)_EXCLUDE_0_Inaccessible_NA_NA,(Doherty et al. 2016) core source_claim,Dierogekko poumensis,2,(Whitaker et al. 2004),0,Not relevant,Inaccessible,"",no,2014
Dierogekko poumensis (IUCN 2025) core source_claim,(Palmas et al. 2017)_EXCLUDE_1_No claim_NA_NA,(IUCN 2025) core source_claim,Dierogekko poumensis,1,(Palmas et al. 2017),"",Not relevant,No claim,"",no,2016
Dierogekko thomaswhitei (Doherty et al. 2016) core source_claim,(Bauer et al. 2006b)_EXCLUDE_1_Opinion claim_NA_NA,(Doherty et al. 2016) core source_claim,Dierogekko thomaswhitei,1,(Bauer et al. 2006b),"",Not relevant,Opinion claim,"",no,2014
Dierogekko thomaswhitei (Doherty et al. 2016) core source_claim,(Palmas et al. In preparation)_EXCLUDE_0_Inaccessible_NA_NA,(Doherty et al. 2016) core source_claim,Dierogekko thomaswhitei,2,(Palmas et al. In preparation),0,Not relevant,Inaccessible,"",no,2014
Dierogekko thomaswhitei (Doherty et al. 2016) core source_claim,(Thibault et al. 2017)_EXCLUDE_1_No claim_NA_NA,(Doherty et al. 2016) core source_claim,Dierogekko thomaswhitei,2,(Thibault et al. 2017),"",Not relevant,No claim,"",no,2014
Dierogekko thomaswhitei (IUCN 2025) core source_claim,(Palmas et al. In preparation)_EXCLUDE_0_Inaccessible_NA_NA,(IUCN 2025) core source_claim,Dierogekko thomaswhitei,1,(Palmas et al. In preparation),0,Not relevant,Inaccessible,"",no,2016
Dierogekko thomaswhitei (IUCN 2025) core source_claim,(Thibault et al. 2017)_EXCLUDE_1_No claim_NA_NA,(IUCN 2025) core source_claim,Dierogekko thomaswhitei,1,(Thibault et al. 2017),"",Not relevant,No claim,"",no,2016
Dierogekko validiclavis (Doherty et al. 2016) core source_claim,(Bauer et al. 2006a)_EXCLUDE_1_Opinion claim_NA_NA,(Doherty et al. 2016) core source_claim,Dierogekko validiclavis,1,(Bauer et al. 2006a),"",Not relevant,Opinion claim,"",no,2014
Dierogekko validiclavis (Doherty et al. 2016) core source_claim,(Palmas et al. In preparation)_EXCLUDE_0_Inaccessible_NA_NA,(Doherty et al. 2016) core source_claim,Dierogekko validiclavis,2,(Palmas et al. In preparation),0,Not relevant,Inaccessible,"",no,2014
Dierogekko validiclavis (IUCN 2025) core source_claim,(Palmas et al. In preparation)_EXCLUDE_0_Inaccessible_NA_NA,(IUCN 2025) core source_claim,Dierogekko validiclavis,1,(Palmas et al. In preparation),0,Not relevant,Inaccessible,"",no,2016
Diomedea amsterdamensis (Doherty et al. 2016) core source_claim,(ACAP 2010a)_EXCLUDE_0_Inaccessible_NA_NA,(Doherty et al. 2016) core source_claim,Diomedea amsterdamensis,1,(ACAP 2010a),0,Not relevant,Inaccessible,"",no,2014
Diomedea amsterdamensis (Doherty et al. 2016) core source_claim,(Thiebot et al. 2014)_INCLUDE_NA_Predation not in support_no_no,(Doherty et al. 2016) core source_claim,Diomedea amsterdamensis,1,(Thiebot et al. 2014),"",No,Predation not in support without data,no,no,2014
Diomedea amsterdamensis (IUCN 2025) core source_claim,(Thiebot et al. 2014)_INCLUDE_NA_Predation not in support_no_no,(IUCN 2025) core source_claim,Diomedea amsterdamensis,1,(Thiebot et al. 2014),"",No,Predation not in support without data,no,no,2017
Diomedea amsterdamensis (Medina et al. 2011) core source_claim,(BirdLife International 2000)_EXCLUDE_0_Inaccessible_NA_NA,(Medina et al. 2011) core source_claim,Diomedea amsterdamensis,1,(BirdLife International 2000),0,Not relevant,Inaccessible,"",no,2009
Diomedea amsterdamensis (Medina et al. 2011) core source_claim,(Jouventin et al. 1984)_EXCLUDE_0_Inaccessible_NA_NA,(Medina et al. 2011) core source_claim,Diomedea amsterdamensis,1,(Jouventin et al. 1984),0,Not relevant,Inaccessible,"",no,2009
Diomedea antipodensis (Doherty et al. 2016) core source_claim,(ACAP 2009a)_EXCLUDE_0_Opinion claim_NA_NA,(Doherty et al. 2016) core source_claim,Diomedea antipodensis,1,(ACAP 2009a),"",Not relevant,Opinion claim,"",no,2014
Diomedea antipodensis (Garnett & Baker 2021) core source_claim,NOTHING_EXCLUDE_NA_No citation given_NA_NA Diomedea antipodensis,(Garnett & Baker 2021) core source_claim,Diomedea antipodensis,1,NOTHING NA Diomedea antipodensis,"",Not relevant,No citation given,"",no,2020
Diomedea antipodensis (Garnett et al. 2011) core source_claim,NOTHING_EXCLUDE_NA_No citation given_NA_NA Diomedea antipodensis,(Garnett et al. 2011) core source_claim,Diomedea antipodensis,1,NOTHING NA Diomedea antipodensis,"",Not relevant,No citation given,"",no,2010
Diomedea antipodensis (IUCN 2025) core source_claim,(Taylor 2000)_EXCLUDE_0_No claim_NA_NA,(IUCN 2025) core source_claim,Diomedea antipodensis,1,(Taylor 2000),"",Not relevant,No claim,"",no,2017
Diomedea dabbenena (IUCN 2025) core source_claim,NOTHING_EXCLUDE_NA_No citation given_NA_NA Diomedea dabbenena,(IUCN 2025) core source_claim,Diomedea dabbenena,1,NOTHING NA Diomedea dabbenena,"",Not relevant,No citation given,"",no,2017
Diomedea dabbenena Web of Science_Systematic external review,(Jones & Ryan 2010)_EXCLUDE_1_No claim_NA_NA,Web of Science_Systematic external review,Diomedea dabbenena,1,(Jones & Ryan 2010),"",Not relevant,No claim,"",no,2025
Diomedea epomophora (Doherty et al. 2016) core source_claim,(Taylor 1986)_EXCLUDE_0_Inaccessible_NA_NA,(Doherty et al. 2016) core source_claim,Diomedea epomophora,2,(Taylor 1986),0,Not relevant,Inaccessible,"",no,2014
Diomedea epomophora (Garnett et al. 2011) core source_claim,NOTHING_EXCLUDE_NA_No citation given_NA_NA Diomedea epomophora,(Garnett et al. 2011) core source_claim,Diomedea epomophora,1,NOTHING NA Diomedea epomophora,"",Not relevant,No citation given,"",no,2010
Diomedea epomophora (IUCN 2025) core source_claim,(Phillips et al. 2016)_EXCLUDE_1_Opinion claim_NA_NA,(IUCN 2025) core source_claim,Diomedea epomophora,1,(Phillips et al. 2016),"",Not relevant,Opinion claim,"",no,2017
Diomedea epomophora (IUCN 2025) core source_claim,(Taylor 1986)_EXCLUDE_0_Inaccessible_NA_NA,(IUCN 2025) core source_claim,Diomedea epomophora,3,(Taylor 1986),0,Not relevant,Inaccessible,"",no,2017
Diomedea epomophora (IUCN 2025) core source_claim,I. Debski in litt. 2018_EXCLUDE_?_Inaccessible_NA_NA,(IUCN 2025) core source_claim,Diomedea epomophora,1,I. Debski in litt. 2018,?,Not relevant,Inaccessible,"",no,2017
Diomedea epomophora (Medina et al. 2011) core source_claim,(Taylor 1986)_EXCLUDE_0_Inaccessible_NA_NA,(Medina et al. 2011) core source_claim,Diomedea epomophora,2,(Taylor 1986),0,Not relevant,Inaccessible,"",no,2009
Diomedea exulans (Doherty et al. 2016) core source_claim,H. Weimerskirch in litt. 2008_EXCLUDE_?_Inaccessible_NA_NA,(Doherty et al. 2016) core source_claim,Diomedea exulans,2,H. Weimerskirch in litt. 2008,?,Not relevant,Inaccessible,"",no,2014
Diomedea exulans (Garnett et al. 2011) core source_claim,NOTHING_EXCLUDE_NA_No citation given_NA_NA Diomedea exulans,(Garnett et al. 2011) core source_claim,Diomedea exulans,1,NOTHING NA Diomedea exulans,"",Not relevant,No citation given,"",no,2010
Diomedea exulans (IUCN 2025) core source_claim,H. Weimerskirch in litt. 2008_EXCLUDE_?_Inaccessible_NA_NA,(IUCN 2025) core source_claim,Diomedea exulans,1,H. Weimerskirch in litt. 2008,?,Not relevant,Inaccessible,"",no,2017
Diomedea exulans Web of Science_Systematic external review,(Barbraud et al. 2021)_INCLUDE_NA_Population in support_no_no,Web of Science_Systematic external review,Diomedea exulans,1,(Barbraud et al. 2021),"",Yes,Population in support without data,no,no,2025
Diomedea exulans Web of Science_Systematic external review,(Barbraud et al. 2021)_INCLUDE_NA_Predation in support_no_no,Web of Science_Systematic external review,Diomedea exulans,1,(Barbraud et al. 2021),"",Yes,Predation in support without data,no,no,2025
Diomedea exulans Web of Science_Systematic external review,(Blanchard et al. 2024)_INCLUDE_NA_Population in support_yes_yes,Web of Science_Systematic external review,Diomedea exulans,1,(Blanchard et al. 2024),"",Yes,Population in support with data of quality,yes,yes,2025
Diomedea exulans Web of Science_Systematic external review,(Blanchard et al. 2024)_INCLUDE_NA_Predation in support_no_no,Web of Science_Systematic external review,Diomedea exulans,1,(Blanchard et al. 2024),"",Yes,Predation in support without data,no,no,2025
Diomedea exulans Web of Science_Systematic external review,(Crawford et al. 2003)_EXCLUDE_1_No claim_NA_NA,Web of Science_Systematic external review,Diomedea exulans,1,(Crawford et al. 2003),"",Not relevant,No claim,"",no,2025
Diomedea exulans Web of Science_Systematic external review,(Dilley et al. 2016)_EXCLUDE_1_No claim_NA_NA,Web of Science_Systematic external review,Diomedea exulans,1,(Dilley et al. 2016),"",Not relevant,No claim,"",no,2025
Diomedea exulans Web of Science_Systematic external review,(Jones & Ryan 2010)_EXCLUDE_1_No claim_NA_NA,Web of Science_Systematic external review,Diomedea exulans,1,(Jones & Ryan 2010),"",Not relevant,No claim,"",no,2025
Diomedea sanfordi (Doherty et al. 2016) core source_claim,(Robertson 2001)_EXCLUDE_0_No claim_NA_NA,(Doherty et al. 2016) core source_claim,Diomedea sanfordi,1,(Robertson 2001),"",Not relevant,No claim,"",no,2014
Diomedea sanfordi (Doherty et al. 2016) core source_claim,NOTHING_EXCLUDE_NA_No citation given_NA_NA Diomedea sanfordi,(Doherty et al. 2016) core source_claim,Diomedea sanfordi,2,NOTHING NA Diomedea sanfordi,"",Not relevant,No citation given,"",no,2014
Diomedea sanfordi (IUCN 2025) core source_claim,NOTHING_EXCLUDE_NA_No citation given_NA_NA Diomedea sanfordi,(IUCN 2025) core source_claim,Diomedea sanfordi,1,NOTHING NA Diomedea sanfordi,"",Not relevant,No citation given,"",no,2017
Diploglossus montisserrati (IUCN 2025) core source_claim,(Corry et al. 2010)_EXCLUDE_0_Opinion claim_NA_NA,(IUCN 2025) core source_claim,Diploglossus montisserrati,1,(Corry et al. 2010),"",Not relevant,Opinion claim,"",no,2013
Diplothrix legata (Doherty et al. 2016) core source_claim,(Bonnaud et al. 2010a)_INCLUDE_NA_Predation in support_no_no,(Doherty et al. 2016) core source_claim,Diplothrix legata,1,(Bonnaud et al. 2010a),"",Yes,Predation in support without data,no,no,2014
Diplothrix legata (Doherty et al. 2016) core source_claim,(Shionosaki et al. 2015)_INCLUDE_NA_Predation in support_no_no,(Doherty et al. 2016) core source_claim,Diplothrix legata,1,(Shionosaki et al. 2015),"",Yes,Predation in support without data,no,no,2014
Diplothrix legata (IUCN 2025) core source_claim,NOTHING_EXCLUDE_NA_No citation given_NA_NA Diplothrix legata,(IUCN 2025) core source_claim,Diplothrix legata,1,NOTHING NA Diplothrix legata,"",Not relevant,No citation given,"",no,2014
Diplothrix legata Web of Science_Systematic external review,(Shionosaki et al. 2015)_INCLUDE_NA_Predation in support_no_no,Web of Science_Systematic external review,Diplothrix legata,1,(Shionosaki et al. 2015),"",Yes,Predation in support without data,no,no,2025
Dipodomys stephensi (IUCN 2025) core source_claim,NOTHING_EXCLUDE_NA_No citation given_NA_NA Dipodomys stephensi,(IUCN 2025) core source_claim,Dipodomys stephensi,1,NOTHING NA Dipodomys stephensi,"",Not relevant,No citation given,"",no,2015
Diporiphora vescus (IUCN 2025) core source_claim,NOTHING_EXCLUDE_NA_No citation given_NA_NA Diporiphora vescus,(IUCN 2025) core source_claim,Diporiphora vescus,1,NOTHING NA Diporiphora vescus,"",Not relevant,No citation given,"",no,2016
Dryolimnas augusti (Doherty et al. 2016) core source_claim,NOTHING_EXCLUDE_NA_No citation given_NA_NA Dryolimnas augusti,(Doherty et al. 2016) core source_claim,Dryolimnas augusti,3,NOTHING NA Dryolimnas augusti,"",Not relevant,No citation given,"",no,2014
Dryolimnas augusti (Hume 2017) core source_claim,NOTHING_EXCLUDE_NA_No citation given_NA_NA Dryolimnas augusti,(Hume 2017) core source_claim,Dryolimnas augusti,1,NOTHING NA Dryolimnas augusti,"",Not relevant,No citation given,"",no,2016
Dryolimnas augusti (IUCN 2025) core source_claim,NOTHING_EXCLUDE_NA_No citation given_NA_NA Dryolimnas augusti,(IUCN 2025) core source_claim,Dryolimnas augusti,2,NOTHING NA Dryolimnas augusti,"",Not relevant,No citation given,"",no,2023
Ducula aurorae (IUCN 2025) core source_claim,(Monnet et al. 1993)_EXCLUDE_1_No claim_NA_NA,(IUCN 2025) core source_claim,Ducula aurorae,1,(Monnet et al. 1993),"",Not relevant,No claim,"",no,2016
Ducula galeata (Doherty et al. 2016) core source_claim,(Thorsen et al. 2002)_EXCLUDE_0_Opinion claim_NA_NA,(Doherty et al. 2016) core source_claim,Ducula galeata,1,(Thorsen et al. 2002),"",Not relevant,Opinion claim,"",no,2014
Ducula galeata (IUCN 2025) core source_claim,(Blanvillain & Thorsen 2003)_EXCLUDE_1_No claim_NA_NA,(IUCN 2025) core source_claim,Ducula galeata,1,(Blanvillain & Thorsen 2003),"",Not relevant,No claim,"",no,2022
Ducula galeata (IUCN 2025) core source_claim,(Seitre 1992)_EXCLUDE_1_No claim_NA_NA,(IUCN 2025) core source_claim,Ducula galeata,1,(Seitre 1992),"",Not relevant,No claim,"",no,2022
Ducula galeata (IUCN 2025) core source_claim,Seitre and Seitre 1991_EXCLUDE_0_Inaccessible_NA_NA,(IUCN 2025) core source_claim,Ducula galeata,1,Seitre and Seitre 1991,0,Not relevant,Inaccessible,"",no,2022
Ducula galeata (Medina et al. 2011) core source_claim,(Thorsen et al. 2002)_EXCLUDE_0_Opinion claim_NA_NA,(Medina et al. 2011) core source_claim,Ducula galeata,1,(Thorsen et al. 2002),"",Not relevant,Opinion claim,"",no,2009
Dysmorodrepanis munroi (Doherty et al. 2016) core source_claim,(Snetsinger et al. 1998)_EXCLUDE_0_Inaccessible_NA_NA,(Doherty et al. 2016) core source_claim,Dysmorodrepanis munroi,2,(Snetsinger et al. 1998),0,Not relevant,Inaccessible,"",no,2014
Dysmorodrepanis munroi (Hume 2017) core source_claim,(Perkins 1919)_EXCLUDE_?_Opinion claim_NA_NA,(Hume 2017) core source_claim,Dysmorodrepanis munroi,1,(Perkins 1919),"",Not relevant,Opinion claim,"",no,2016
Dysmorodrepanis munroi (IUCN 2025) core source_claim,(Snetsinger et al. 1998)_EXCLUDE_0_Inaccessible_NA_NA,(IUCN 2025) core source_claim,Dysmorodrepanis munroi,1,(Snetsinger et al. 1998),0,Not relevant,Inaccessible,"",no,2022
Elanus scriptus (Garnett & Baker 2021) core source_claim,(Pavey et al. 2008a)_EXCLUDE_1_No claim_NA_NA,(Garnett & Baker 2021) core source_claim,Elanus scriptus,1,(Pavey et al. 2008a),"",Not relevant,No claim,"",no,2020
Elanus scriptus (Garnett & Baker 2021) core source_claim,(Pavey et al. 2008b)_INCLUDE_NA_Population not in support_yes_no,(Garnett & Baker 2021) core source_claim,Elanus scriptus,1,(Pavey et al. 2008b),"",No,Population not in support with data,yes,no,2020
Elanus scriptus (Garnett et al. 2011) core source_claim,(Pavey et al. 2008a)_EXCLUDE_1_No claim_NA_NA,(Garnett et al. 2011) core source_claim,Elanus scriptus,1,(Pavey et al. 2008a),"",Not relevant,No claim,"",no,2010
Elanus scriptus (Garnett et al. 2011) core source_claim,(Pavey et al. 2008b)_INCLUDE_NA_Population not in support_yes_no,(Garnett et al. 2011) core source_claim,Elanus scriptus,1,(Pavey et al. 2008b),"",No,Population not in support with data,yes,no,2010
Elanus scriptus (IUCN 2025) core source_claim,(Olsen 1995)_EXCLUDE_?_Inaccessible_NA_NA,(IUCN 2025) core source_claim,Elanus scriptus,1,(Olsen 1995),?,Not relevant,Inaccessible,"",no,2021
Elanus scriptus (IUCN 2025) core source_claim,(Pavey et al. 2008a)_EXCLUDE_1_No claim_NA_NA,(IUCN 2025) core source_claim,Elanus scriptus,1,(Pavey et al. 2008a),"",Not relevant,No claim,"",no,2021
Elanus scriptus (IUCN 2025) core source_claim,(Pavey et al. 2008b)_INCLUDE_NA_Population not in support_yes_no,(IUCN 2025) core source_claim,Elanus scriptus,1,(Pavey et al. 2008b),"",No,Population not in support with data,yes,no,2021
Elanus scriptus Web of Science_Systematic external review,(Pavey et al. 2008b)_INCLUDE_NA_Population not in support_yes_no,Web of Science_Systematic external review,Elanus scriptus,1,(Pavey et al. 2008b),"",No,Population not in support with data,yes,no,2025
Eleutherodactylus barlagnei (IUCN 2025) core source_claim,NOTHING_EXCLUDE_NA_No citation given_NA_NA Eleutherodactylus barlagnei,(IUCN 2025) core source_claim,Eleutherodactylus barlagnei,1,NOTHING NA Eleutherodactylus barlagnei,"",Not relevant,No citation given,"",no,2019
Eleutherodactylus cavernicola (IUCN 2025) core source_claim,NOTHING_EXCLUDE_NA_No citation given_NA_NA Eleutherodactylus cavernicola,(IUCN 2025) core source_claim,Eleutherodactylus cavernicola,1,NOTHING NA Eleutherodactylus cavernicola,"",Not relevant,No citation given,"",no,2019
Eleutherodactylus pinchoni (IUCN 2025) core source_claim,NOTHING_EXCLUDE_NA_No citation given_NA_NA Eleutherodactylus pinchoni,(IUCN 2025) core source_claim,Eleutherodactylus pinchoni,1,NOTHING NA Eleutherodactylus pinchoni,"",Not relevant,No citation given,"",no,2019
Eliomys quercinus (IUCN 2025) core source_claim,(Famira-Parcsetich et al. 2024)_INCLUDE_NA_Predation in support_no_no,(IUCN 2025) core source_claim,Eliomys quercinus,1,(Famira-Parcsetich et al. 2024),"",Yes,Predation in support without data,no,no,2022
Eliomys quercinus Web of Science_Systematic external review,(Durette-Desset & Pesson 1987)_EXCLUDE_1_Not in English or Spanish_NA_NA,Web of Science_Systematic external review,Eliomys quercinus,1,(Durette-Desset & Pesson 1987),"",Not relevant,Not in English or Spanish,"",no,2025
Eliomys quercinus Web of Science_Systematic external review,(Famira-Parcsetich et al. 2024)_INCLUDE_NA_Predation in support_no_no,Web of Science_Systematic external review,Eliomys quercinus,1,(Famira-Parcsetich et al. 2024),"",Yes,Predation in support without data,no,no,2025
Emberiza socotrana (IUCN 2025) core source_claim,NOTHING_EXCLUDE_NA_No citation given_NA_NA Emberiza socotrana,(IUCN 2025) core source_claim,Emberiza socotrana,1,NOTHING NA Emberiza socotrana,"",Not relevant,No citation given,"",no,2016
Emoia adspersa (Doherty et al. 2016) core source_claim,R. Fisher pers. comm. 2012_EXCLUDE_0_Inaccessible_NA_NA,(Doherty et al. 2016) core source_claim,Emoia adspersa,2,R. Fisher pers. comm. 2012,0,Not relevant,Inaccessible,"",no,2014
Emoia adspersa (IUCN 2025) core source_claim,R. Fisher pers. comm. 2012_EXCLUDE_0_Inaccessible_NA_NA,(IUCN 2025) core source_claim,Emoia adspersa,1,R. Fisher pers. comm. 2012,0,Not relevant,Inaccessible,"",no,2010
Emoia concolor (IUCN 2025) core source_claim,R. Fisher pers. comm. 2013_EXCLUDE_0_Inaccessible_NA_NA,(IUCN 2025) core source_claim,Emoia concolor,1,R. Fisher pers. comm. 2013,0,Not relevant,Inaccessible,"",no,2010
Emoia lawesi (Doherty et al. 2016) core source_claim,NOTHING_EXCLUDE_NA_No citation given_NA_NA Emoia lawesi,(Doherty et al. 2016) core source_claim,Emoia lawesi,2,NOTHING NA Emoia lawesi,"",Not relevant,No citation given,"",no,2014
Emoia lawesi (IUCN 2025) core source_claim,NOTHING_EXCLUDE_NA_No citation given_NA_NA Emoia lawesi,(IUCN 2025) core source_claim,Emoia lawesi,1,NOTHING NA Emoia lawesi,"",Not relevant,No citation given,"",no,2010
Emoia loyaltiensis (Doherty et al. 2016) core source_claim,(Palmas et al. 2017)_INCLUDE_NA_Predation in support_no_no,(Doherty et al. 2016) core source_claim,Emoia loyaltiensis,2,(Palmas et al. 2017),"",Yes,Predation in support without data,no,no,2014
Emoia loyaltiensis (IUCN 2025) core source_claim,(Palmas et al. 2017)_INCLUDE_NA_Predation in support_no_no,(IUCN 2025) core source_claim,Emoia loyaltiensis,1,(Palmas et al. 2017),"",Yes,Predation in support without data,no,no,2016
Emoia samoensis (Doherty et al. 2016) core source_claim,NOTHING_EXCLUDE_NA_No citation given_NA_NA Emoia samoensis,(Doherty et al. 2016) core source_claim,Emoia samoensis,2,NOTHING NA Emoia samoensis,"",Not relevant,No citation given,"",no,2014
Emoia samoensis (IUCN 2025) core source_claim,NOTHING_EXCLUDE_NA_No citation given_NA_NA Emoia samoensis,(IUCN 2025) core source_claim,Emoia samoensis,1,NOTHING NA Emoia samoensis,"",Not relevant,No citation given,"",no,2010
Emoia tuitarere (Doherty et al. 2016) core source_claim,R. Fisher pers. comm. 2012_EXCLUDE_0_Inaccessible_NA_NA,(Doherty et al. 2016) core source_claim,Emoia tuitarere,2,R. Fisher pers. comm. 2012,0,Not relevant,Inaccessible,"",no,2014
Emoia tuitarere (IUCN 2025) core source_claim,R. Fisher pers. comm. 2012_EXCLUDE_0_Inaccessible_NA_NA,(IUCN 2025) core source_claim,Emoia tuitarere,1,R. Fisher pers. comm. 2012,0,Not relevant,Inaccessible,"",no,2010
Epibator greeri (IUCN 2025) core source_claim,(Palmas et al. In preparation)_EXCLUDE_0_Inaccessible_NA_NA,(IUCN 2025) core source_claim,Epibator greeri,1,(Palmas et al. In preparation),0,Not relevant,Inaccessible,"",no,2016
Erythrolamprus juliae (IUCN 2025) core source_claim,NOTHING_EXCLUDE_NA_No citation given_NA_NA Erythrolamprus juliae,(IUCN 2025) core source_claim,Erythrolamprus juliae,1,NOTHING NA Erythrolamprus juliae,"",Not relevant,No citation given,"",no,2014
Erythrolamprus perfuscus (IUCN 2025) core source_claim,NOTHING_EXCLUDE_NA_No citation given_NA_NA Erythrolamprus perfuscus,(IUCN 2025) core source_claim,Erythrolamprus perfuscus,1,NOTHING NA Erythrolamprus perfuscus,"",Not relevant,No citation given,"",no,2014
Eudyptes pachyrhynchus (Doherty et al. 2016) core source_claim,(Ellis et al. 1998)_EXCLUDE_0_Inaccessible_NA_NA,(Doherty et al. 2016) core source_claim,Eudyptes pachyrhynchus,1,(Ellis et al. 1998),0,Not relevant,Inaccessible,"",no,2014
Eudyptes pachyrhynchus (Doherty et al. 2016) core source_claim,(Taylor 2000)_EXCLUDE_0_No claim_NA_NA,(Doherty et al. 2016) core source_claim,Eudyptes pachyrhynchus,1,(Taylor 2000),"",Not relevant,No claim,"",no,2014
Eudyptes pachyrhynchus (IUCN 2025) core source_claim,(Mattern & Ellenberg 2016)_EXCLUDE_0_No claim_NA_NA,(IUCN 2025) core source_claim,Eudyptes pachyrhynchus,1,(Mattern & Ellenberg 2016),"",Not relevant,No claim,"",no,2019
Eudyptes pachyrhynchus (Medina et al. 2011) core source_claim,(BirdLife International 2000)_EXCLUDE_0_Inaccessible_NA_NA,(Medina et al. 2011) core source_claim,Eudyptes pachyrhynchus,1,(BirdLife International 2000),0,Not relevant,Inaccessible,"",no,2009
Euleptes europaea (IUCN 2025) core source_claim,NOTHING_EXCLUDE_NA_No citation given_NA_NA Euleptes europaea,(IUCN 2025) core source_claim,Euleptes europaea,1,NOTHING NA Euleptes europaea,"",Not relevant,No citation given,"",no,2007
Eupleres goudotii (IUCN 2025) core source_claim,(Farris et al. 2016)_EXCLUDE_0_Inaccessible_NA_NA,(IUCN 2025) core source_claim,Eupleres goudotii,1,(Farris et al. 2016),0,Not relevant,Inaccessible,"",no,2014
Eupleres goudotii Web of Science_Systematic external review,(Farris et al. 2015a)_EXCLUDE_1_Does not test claim_NA_NA,Web of Science_Systematic external review,Eupleres goudotii,1,(Farris et al. 2015a),"",Not relevant,Does not test claim,"",no,2025
Eupleres goudotii Web of Science_Systematic external review,(Farris et al. 2017)_INCLUDE_NA_Population in support_yes_no,Web of Science_Systematic external review,Eupleres goudotii,1,(Farris et al. 2017),"",Yes,Population in support with data,yes,no,2025
Eupleres major (IUCN 2025) core source_claim,NOTHING_EXCLUDE_NA_No citation given_NA_NA Eupleres major,(IUCN 2025) core source_claim,Eupleres major,1,NOTHING NA Eupleres major,"",Not relevant,No citation given,"",no,2014
Eupsittula nana (IUCN 2025) core source_claim,NOTHING_EXCLUDE_NA_No citation given_NA_NA Eupsittula nana,(IUCN 2025) core source_claim,Eupsittula nana,1,NOTHING NA Eupsittula nana,"",Not relevant,No citation given,"",no,2019
Eupsophus insularis (IUCN 2025) core source_claim,"G. Lobos, A. Charrier and M. Vidal pers. comm. May 2018_EXCLUDE_0_Inaccessible_NA_NA",(IUCN 2025) core source_claim,Eupsophus insularis,1,"G. Lobos, A. Charrier and M. Vidal pers. comm. May 2018",0,Not relevant,Inaccessible,"",no,2017
Eupsophus insularis (IUCN 2025) core source_claim,J.C. Ortiz pers. comm. July 2015_EXCLUDE_0_Inaccessible_NA_NA,(IUCN 2025) core source_claim,Eupsophus insularis,1,J.C. Ortiz pers. comm. July 2015,0,Not relevant,Inaccessible,"",no,2017
Eurostopodus exul (Doherty et al. 2016) core source_claim,NOTHING_EXCLUDE_NA_No citation given_NA_NA Eurostopodus exul,(Doherty et al. 2016) core source_claim,Eurostopodus exul,2,NOTHING NA Eurostopodus exul,"",Not relevant,No citation given,"",no,2014
Eurostopodus exul (IUCN 2025) core source_claim,NOTHING_EXCLUDE_NA_No citation given_NA_NA Eurostopodus exul,(IUCN 2025) core source_claim,Eurostopodus exul,1,NOTHING NA Eurostopodus exul,"",Not relevant,No citation given,"",no,2017
Eurostopodus nigripennis (IUCN 2025) core source_claim,(Read 2013)_EXCLUDE_1_No claim_NA_NA,(IUCN 2025) core source_claim,Eurostopodus nigripennis,2,(Read 2013),"",Not relevant,No claim,"",no,2022
Eurostopodus nigripennis (IUCN 2025) core source_claim,J. Read in litt. 2016_EXCLUDE_0_Inaccessible_NA_NA,(IUCN 2025) core source_claim,Eurostopodus nigripennis,1,J. Read in litt. 2016,0,Not relevant,Inaccessible,"",no,2022
Eurydactylodes agricolae (IUCN 2025) core source_claim,(Palmas et al. In preparation)_EXCLUDE_0_Inaccessible_NA_NA,(IUCN 2025) core source_claim,Eurydactylodes agricolae,1,(Palmas et al. In preparation),0,Not relevant,Inaccessible,"",no,2016
Eurydactylodes occidentalis (Doherty et al. 2016) core source_claim,(Bauer et al. 2006a)_EXCLUDE_1_No claim_NA_NA,(Doherty et al. 2016) core source_claim,Eurydactylodes occidentalis,1,(Bauer et al. 2006a),"",Not relevant,No claim,"",no,2014
Eurydactylodes occidentalis (Doherty et al. 2016) core source_claim,(Palmas et al. In preparation)_EXCLUDE_0_Inaccessible_NA_NA,(Doherty et al. 2016) core source_claim,Eurydactylodes occidentalis,2,(Palmas et al. In preparation),0,Not relevant,Inaccessible,"",no,2014
Eurydactylodes occidentalis (Doherty et al. 2016) core source_claim,(Thibault et al. 2017)_EXCLUDE_1_No claim_NA_NA,(Doherty et al. 2016) core source_claim,Eurydactylodes occidentalis,2,(Thibault et al. 2017),"",Not relevant,No claim,"",no,2014
Eurydactylodes occidentalis (IUCN 2025) core source_claim,(Palmas et al. In preparation)_EXCLUDE_0_Inaccessible_NA_NA,(IUCN 2025) core source_claim,Eurydactylodes occidentalis,1,(Palmas et al. In preparation),0,Not relevant,Inaccessible,"",no,2016
Eurydactylodes occidentalis (IUCN 2025) core source_claim,(Thibault et al. 2017)_EXCLUDE_1_No claim_NA_NA,(IUCN 2025) core source_claim,Eurydactylodes occidentalis,1,(Thibault et al. 2017),"",Not relevant,No claim,"",no,2016
Eurydactylodes symmetricus (Doherty et al. 2016) core source_claim,(Palmas et al. In preparation)_EXCLUDE_0_Inaccessible_NA_NA,(Doherty et al. 2016) core source_claim,Eurydactylodes symmetricus,2,(Palmas et al. In preparation),0,Not relevant,Inaccessible,"",no,2014
Eurydactylodes symmetricus (IUCN 2025) core source_claim,(Palmas et al. In preparation)_EXCLUDE_0_Inaccessible_NA_NA,(IUCN 2025) core source_claim,Eurydactylodes symmetricus,1,(Palmas et al. In preparation),0,Not relevant,Inaccessible,"",no,2016
Eurydactylodes vieillardi (IUCN 2025) core source_claim,(Palmas et al. In preparation)_EXCLUDE_0_Inaccessible_NA_NA,(IUCN 2025) core source_claim,Eurydactylodes vieillardi,1,(Palmas et al. In preparation),0,Not relevant,Inaccessible,"",no,2016
Eurydactylodes vieillardi Web of Science_Systematic external review,(Thibault et al. 2017)_EXCLUDE_1_No claim_NA_NA,Web of Science_Systematic external review,Eurydactylodes vieillardi,1,(Thibault et al. 2017),"",Not relevant,No claim,"",no,2025
Falco araeus (IUCN 2025) core source_claim,(Groombridge et al. 2004)_EXCLUDE_0_Opinion claim_NA_NA,(IUCN 2025) core source_claim,Falco araeus,1,(Groombridge et al. 2004),"",Not relevant,Opinion claim,"",no,2022
Falco araeus (IUCN 2025) core source_claim,(Kemp & Kirwan 2020)_EXCLUDE_0_Inaccessible_NA_NA,(IUCN 2025) core source_claim,Falco araeus,1,(Kemp & Kirwan 2020),0,Not relevant,Inaccessible,"",no,2022
Falco araeus (IUCN 2025) core source_claim,(Loustau-Lalanne 1962)_EXCLUDE_0_Inaccessible_NA_NA,(IUCN 2025) core source_claim,Falco araeus,1,(Loustau-Lalanne 1962),0,Not relevant,Inaccessible,"",no,2022
Falco araeus (IUCN 2025) core source_claim,(Rocamora 2013)_EXCLUDE_0_Inaccessible_NA_NA,(IUCN 2025) core source_claim,Falco araeus,1,(Rocamora 2013),0,Not relevant,Inaccessible,"",no,2022
Falco araeus (IUCN 2025) core source_claim,(Watson 1992)_EXCLUDE_1_Opinion claim_NA_NA,(IUCN 2025) core source_claim,Falco araeus,1,(Watson 1992),"",Not relevant,Opinion claim,"",no,2022
Falco araeus (IUCN 2025) core source_claim,A. Skerrett in litt. 1999_EXCLUDE_0_Inaccessible_NA_NA,(IUCN 2025) core source_claim,Falco araeus,1,A. Skerrett in litt. 1999,0,Not relevant,Inaccessible,"",no,2022
Falco punctatus (Doherty et al. 2016) core source_claim,(Cade & Jones 1993)_EXCLUDE_1_Inaccessible_NA_NA,(Doherty et al. 2016) core source_claim,Falco punctatus,1,(Cade & Jones 1993),1,Not relevant,Inaccessible,"",no,2014
Falco punctatus (Doherty et al. 2016) core source_claim,(Jones et al. 1995)_INCLUDE_NA_Predation in support_no_no,(Doherty et al. 2016) core source_claim,Falco punctatus,1,(Jones et al. 1995),"",Yes,Predation in support without data,no,no,2014
Falco punctatus (IUCN 2025) core source_claim,(Cade & Jones 1993)_EXCLUDE_1_Inaccessible_NA_NA,(IUCN 2025) core source_claim,Falco punctatus,1,(Cade & Jones 1993),1,Not relevant,Inaccessible,"",no,2022
Falco punctatus (IUCN 2025) core source_claim,(Jones et al. 1995)_INCLUDE_NA_Predation in support_no_no,(IUCN 2025) core source_claim,Falco punctatus,1,(Jones et al. 1995),"",Yes,Predation in support without data,no,no,2022
Falco punctatus (Medina et al. 2011) core source_claim,(Cade & Jones 1993)_EXCLUDE_1_Inaccessible_NA_NA,(Medina et al. 2011) core source_claim,Falco punctatus,1,(Cade & Jones 1993),1,Not relevant,Inaccessible,"",no,2009
Falco punctatus (Medina et al. 2011) core source_claim,(Jones et al. 1995)_INCLUDE_NA_Predation in support_no_no,(Medina et al. 2011) core source_claim,Falco punctatus,1,(Jones et al. 1995),"",Yes,Predation in support without data,no,no,2009
Falsistrellus tasmaniensis (IUCN 2025) core source_claim,NOTHING_EXCLUDE_NA_No citation given_NA_NA Falsistrellus tasmaniensis,(IUCN 2025) core source_claim,Falsistrellus tasmaniensis,1,NOTHING NA Falsistrellus tasmaniensis,"",Not relevant,No citation given,"",no,2018
Falsistrellus tasmaniensis (Oedin et al. 2021) core source_claim,NOTHING_EXCLUDE_NA_No citation given_NA_NA Falsistrellus tasmaniensis,(Oedin et al. 2021) core source_claim,Falsistrellus tasmaniensis,1,NOTHING NA Falsistrellus tasmaniensis,"",Not relevant,No citation given,"",no,2019
Flexiseps valhallae (IUCN 2025) core source_claim,NOTHING_EXCLUDE_NA_No citation given_NA_NA Flexiseps valhallae,(IUCN 2025) core source_claim,Flexiseps valhallae,1,NOTHING NA Flexiseps valhallae,"",Not relevant,No citation given,"",no,2018
Foudia aldabrana (IUCN 2025) core source_claim,NOTHING_EXCLUDE_NA_No citation given_NA_NA Foudia aldabrana,(IUCN 2025) core source_claim,Foudia aldabrana,1,NOTHING NA Foudia aldabrana,"",Not relevant,No citation given,"",no,2019
Foudia flavicans (IUCN 2025) core source_claim,NOTHING_EXCLUDE_NA_No citation given_NA_NA Foudia flavicans,(IUCN 2025) core source_claim,Foudia flavicans,1,NOTHING NA Foudia flavicans,"",Not relevant,No citation given,"",no,2015
Fregata aquila (Doherty et al. 2016) core source_claim,(Ashmole et al. 1994)_EXCLUDE_0_Inaccessible_NA_NA,(Doherty et al. 2016) core source_claim,Fregata aquila,1,(Ashmole et al. 1994),0,Not relevant,Inaccessible,"",no,2014
Fregata aquila (Doherty et al. 2016) core source_claim,NOTHING_EXCLUDE_NA_No citation given_NA_NA Fregata aquila,(Doherty et al. 2016) core source_claim,Fregata aquila,2,NOTHING NA Fregata aquila,"",Not relevant,No citation given,"",no,2014
Fregata aquila (IUCN 2025) core source_claim,NOTHING_EXCLUDE_NA_No citation given_NA_NA Fregata aquila,(IUCN 2025) core source_claim,Fregata aquila,1,NOTHING NA Fregata aquila,"",Not relevant,No citation given,"",no,2017
Fregata aquila (Medina et al. 2011) core source_claim,(Williams 1984)_EXCLUDE_0_Inaccessible_NA_NA,(Medina et al. 2011) core source_claim,Fregata aquila,1,(Williams 1984),0,Not relevant,Inaccessible,"",no,2009
Fregetta maoriana (IUCN 2025) core source_claim,NOTHING_EXCLUDE_NA_No citation given_NA_NA Fregetta maoriana,(IUCN 2025) core source_claim,Fregetta maoriana,1,NOTHING NA Fregetta maoriana,"",Not relevant,No citation given,"",no,2017
Fringilla teydea (IUCN 2025) core source_claim,F. Rodríguez in litt. 2016_EXCLUDE_0_Inaccessible_NA_NA,(IUCN 2025) core source_claim,Fringilla teydea,1,F. Rodríguez in litt. 2016,0,Not relevant,Inaccessible,"",no,2020
Fringilla teydea Web of Science_Systematic external review,(Delgado et al. 2024)_EXCLUDE_1_No claim_NA_NA,Web of Science_Systematic external review,Fringilla teydea,1,(Delgado et al. 2024),"",Not relevant,No claim,"",no,2025
Fulica alai (Doherty et al. 2016) core source_claim,(USFWS 2005)_EXCLUDE_0_Inaccessible_NA_NA,(Doherty et al. 2016) core source_claim,Fulica alai,1,(USFWS 2005),0,Not relevant,Inaccessible,"",no,2014
Fulica alai (IUCN 2025) core source_claim,(Engilis Jr & Pratt 1993)_EXCLUDE_?_No claim_NA_NA,(IUCN 2025) core source_claim,Fulica alai,1,(Engilis Jr & Pratt 1993),"",Not relevant,No claim,"",no,2022
Fulica alai (IUCN 2025) core source_claim,H. C. Baker and P. E. Baker in litt. 1999_EXCLUDE_0_Inaccessible_NA_NA,(IUCN 2025) core source_claim,Fulica alai,1,H. C. Baker and P. E. Baker in litt. 1999,0,Not relevant,Inaccessible,"",no,2022
Fulica alai (IUCN 2025) core source_claim,M. Reed in litt. 2007_EXCLUDE_0_Inaccessible_NA_NA,(IUCN 2025) core source_claim,Fulica alai,1,M. Reed in litt. 2007,0,Not relevant,Inaccessible,"",no,2022
Fulica alai (Medina et al. 2011) core source_claim,(Winter & Wallace 2006)_EXCLUDE_0_Opinion claim_NA_NA,(Medina et al. 2011) core source_claim,Fulica alai,1,(Winter & Wallace 2006),"",Not relevant,Opinion claim,"",no,2009
Galemys pyrenaicus (IUCN 2025) core source_claim,NOTHING_EXCLUDE_NA_No citation given_NA_NA Galemys pyrenaicus,(IUCN 2025) core source_claim,Galemys pyrenaicus,1,NOTHING NA Galemys pyrenaicus,"",Not relevant,No citation given,"",no,2022
Gallinula nesiotis (Doherty et al. 2016) core source_claim,(Hume 2017) core source_EXCLUDE_NA_No claim,(Doherty et al. 2016) core source_claim,Gallinula nesiotis,2,(Hume 2017) core source,,Not relevant,No claim,"",no,2014
Gallinula nesiotis (Doherty et al. 2016) core source_claim,(Taylor & van Perlo 1998)_EXCLUDE_0_Inaccessible_NA_NA,(Doherty et al. 2016) core source_claim,Gallinula nesiotis,2,(Taylor & van Perlo 1998),0,Not relevant,Inaccessible,"",no,2014
Gallinula nesiotis (IUCN 2025) core source_claim,(Hume 2017) core source_EXCLUDE_NA_No claim,(IUCN 2025) core source_claim,Gallinula nesiotis,1,(Hume 2017) core source,,Not relevant,No claim,"",no,2023
Gallinula nesiotis (IUCN 2025) core source_claim,(Taylor & van Perlo 1998)_EXCLUDE_0_Inaccessible_NA_NA,(IUCN 2025) core source_claim,Gallinula nesiotis,1,(Taylor & van Perlo 1998),0,Not relevant,Inaccessible,"",no,2023
Gallirallus lafresnayanus (Doherty et al. 2016) core source_claim,(Steadman 1995)_EXCLUDE_1_No claim_NA_NA,(Doherty et al. 2016) core source_claim,Gallirallus lafresnayanus,2,(Steadman 1995),"",Not relevant,No claim,"",no,2014
Gallirallus lafresnayanus (Doherty et al. 2016) core source_claim,NOTHING_EXCLUDE_NA_No citation given_NA_NA Gallirallus lafresnayanus,(Doherty et al. 2016) core source_claim,Gallirallus lafresnayanus,2,NOTHING NA Gallirallus lafresnayanus,"",Not relevant,No citation given,"",no,2014
Gallirallus lafresnayanus (Hume 2017) core source_claim,(Greenway 1967)_EXCLUDE_0_Inaccessible_NA_NA,(Hume 2017) core source_claim,Gallirallus lafresnayanus,1,(Greenway 1967),0,Not relevant,Inaccessible,"",no,2016
Gallirallus lafresnayanus (IUCN 2025) core source_claim,NOTHING_EXCLUDE_NA_No citation given_NA_NA Gallirallus lafresnayanus,(IUCN 2025) core source_claim,Gallirallus lafresnayanus,1,NOTHING NA Gallirallus lafresnayanus,"",Not relevant,No citation given,"",no,2015
Gallotia bravoana (Doherty et al. 2016) core source_claim,(Medina & Nogales 2009)_EXCLUDE_1_No claim_NA_NA,(Doherty et al. 2016) core source_claim,Gallotia bravoana,1,(Medina & Nogales 2009),"",Not relevant,No claim,"",no,2014
Gallotia bravoana (Doherty et al. 2016) core source_claim,(Valido et al. 2000)_EXCLUDE_1_Opinion claim_NA_NA,(Doherty et al. 2016) core source_claim,Gallotia bravoana,1,(Valido et al. 2000),"",Not relevant,Opinion claim,"",no,2014
Gallotia bravoana (IUCN 2025) core source_claim,NOTHING_EXCLUDE_NA_No citation given_NA_NA Gallotia bravoana,(IUCN 2025) core source_claim,Gallotia bravoana,1,NOTHING NA Gallotia bravoana,"",Not relevant,No citation given,"",no,2021
Gallotia bravoana Web of Science_Systematic external review,(Hernandez-Divers et al. 2003)_EXCLUDE_1_Opinion claim_NA_NA,Web of Science_Systematic external review,Gallotia bravoana,1,(Hernandez-Divers et al. 2003),"",Not relevant,Opinion claim,"",no,2025
Gallotia intermedia (Doherty et al. 2016) core source_claim,(Efraín et al. 2000)_INCLUDE_NA_Predation in support_no_no,(Doherty et al. 2016) core source_claim,Gallotia intermedia,1,(Efraín et al. 2000),"",Yes,Predation in support without data,no,no,2014
Gallotia intermedia (IUCN 2025) core source_claim,(Flores Ravelo & Rando Reyes 2021)_INCLUDE_NA_Predation in support_no_no,(IUCN 2025) core source_claim,Gallotia intermedia,1,(Flores Ravelo & Rando Reyes 2021),"",Yes,Predation in support without data,no,no,2021
Gallotia intermedia (IUCN 2025) core source_claim,(Ginovés et al. 2005)_EXCLUDE_0_Inaccessible_NA_NA,(IUCN 2025) core source_claim,Gallotia intermedia,2,(Ginovés et al. 2005),0,Not relevant,Inaccessible,"",no,2021
Gallotia intermedia (IUCN 2025) core source_claim,(Padilla et al. 2019)_EXCLUDE_0_Inaccessible_NA_NA,(IUCN 2025) core source_claim,Gallotia intermedia,1,(Padilla et al. 2019),0,Not relevant,Inaccessible,"",no,2021
Gallotia intermedia (Medina et al. 2011) core source_claim,(Efraín et al. 2000)_INCLUDE_NA_Predation in support_no_no,(Medina et al. 2011) core source_claim,Gallotia intermedia,1,(Efraín et al. 2000),"",Yes,Predation in support without data,no,no,2009
Gallotia intermedia Web of Science_Systematic external review,(Efraín et al. 2000)_INCLUDE_NA_Predation in support_no_no,Web of Science_Systematic external review,Gallotia intermedia,2,(Efraín et al. 2000),"",Yes,Predation in support without data,no,no,2025
Gallotia simonyi (Doherty et al. 2016) core source_claim,(Domínguez et al. 1997)_EXCLUDE_?_Inaccessible_NA_NA,(Doherty et al. 2016) core source_claim,Gallotia simonyi,2,(Domínguez et al. 1997),?,Not relevant,Inaccessible,"",no,2014
Gallotia simonyi (Doherty et al. 2016) core source_claim,(García Márquez et al. 1999)_INCLUDE_NA_Predation in support_no_no,(Doherty et al. 2016) core source_claim,Gallotia simonyi,2,(García Márquez et al. 1999),"",Yes,Predation in support without data,no,no,2014
Gallotia simonyi (Doherty et al. 2016) core source_claim,(Medina & Nogales 2009)_INCLUDE_NA_Predation in support_no_no,(Doherty et al. 2016) core source_claim,Gallotia simonyi,1,(Medina & Nogales 2009),"",Yes,Predation in support without data,no,no,2014
Gallotia simonyi (Medina et al. 2011) core source_claim,(Domínguez et al. 1997)_EXCLUDE_?_Inaccessible_NA_NA,(Medina et al. 2011) core source_claim,Gallotia simonyi,1,(Domínguez et al. 1997),?,Not relevant,Inaccessible,"",no,2009
Gallotia simonyi (Medina et al. 2011) core source_claim,(García Márquez et al. 1997)_EXCLUDE_?_No claim_NA_NA,(Medina et al. 2011) core source_claim,Gallotia simonyi,1,(García Márquez et al. 1997),"",Not relevant,No claim,"",no,2009
Gallotia simonyi (Medina et al. 2011) core source_claim,(García Márquez et al. 1999)_INCLUDE_NA_Predation in support_no_no,(Medina et al. 2011) core source_claim,Gallotia simonyi,1,(García Márquez et al. 1999),"",Yes,Predation in support without data,no,no,2009
Gallotia simonyi Web of Science_Systematic external review,(Domínguez et al. 1997)_EXCLUDE_?_Inaccessible_NA_NA,Web of Science_Systematic external review,Gallotia simonyi,2,(Domínguez et al. 1997),?,Not relevant,Inaccessible,"",no,2025
Gallotia simonyi Web of Science_Systematic external review,(García Márquez et al. 1999)_INCLUDE_NA_Predation in support_no_no,Web of Science_Systematic external review,Gallotia simonyi,2,(García Márquez et al. 1999),"",Yes,Predation in support without data,no,no,2025
Gallotia simonyi Web of Science_Systematic external review,(Medina & Nogales 2009)_INCLUDE_NA_Predation in support_no_no,Web of Science_Systematic external review,Gallotia simonyi,1,(Medina & Nogales 2009),"",Yes,Predation in support without data,no,no,2025
Galvarinus chilensis (IUCN 2025) core source_claim,N. Sallaberry pers comm. 2015_EXCLUDE_0_Inaccessible_NA_NA,(IUCN 2025) core source_claim,Galvarinus chilensis,1,N. Sallaberry pers comm. 2015,0,Not relevant,Inaccessible,"",no,2014
Galvarinus chilensis (IUCN 2025) core source_claim,NOTHING_EXCLUDE_NA_No citation given_NA_NA Galvarinus chilensis,(IUCN 2025) core source_claim,Galvarinus chilensis,1,NOTHING NA Galvarinus chilensis,"",Not relevant,No citation given,"",no,2014
Gastrotheca lojana (IUCN 2025) core source_claim,NOTHING_EXCLUDE_NA_No citation given_NA_NA Gastrotheca lojana,(IUCN 2025) core source_claim,Gastrotheca lojana,1,NOTHING NA Gastrotheca lojana,"",Not relevant,No citation given,"",no,2015
Gekko lauhachindai (IUCN 2025) core source_claim,(Panitvong et al. 2010)_EXCLUDE_1_Opinion claim_NA_NA,(IUCN 2025) core source_claim,Gekko lauhachindai,1,(Panitvong et al. 2010),"",Not relevant,Opinion claim,"",no,2016
Geocapromys brownii (IUCN 2025) core source_claim,(Clough 1976)_INCLUDE_NA_Population not in support_yes_no,(IUCN 2025) core source_claim,Geocapromys brownii,1,(Clough 1976),"",No,Population not in support with data,yes,no,2016
Geocapromys ingrahami (IUCN 2025) core source_claim,(Clough 1972)_EXCLUDE_1_No claim_NA_NA,(IUCN 2025) core source_claim,Geocapromys ingrahami,1,(Clough 1972),"",Not relevant,No claim,"",no,2023
Geocapromys thoracatus (Doherty et al. 2016) core source_claim,(Clough 1976)_EXCLUDE_1_No claim_NA_NA,(Doherty et al. 2016) core source_claim,Geocapromys thoracatus,1,(Clough 1976),"",Not relevant,No claim,"",no,2014
Geocapromys thoracatus (IUCN 2025) core source_claim,NOTHING_EXCLUDE_NA_No citation given_NA_NA Geocapromys thoracatus,(IUCN 2025) core source_claim,Geocapromys thoracatus,1,NOTHING NA Geocapromys thoracatus,"",Not relevant,No citation given,"",no,2017
Geocapromys thoracatus (Medina et al. 2011) core source_claim,(Flannery 2001)_EXCLUDE_0_Inaccessible_NA_NA,(Medina et al. 2011) core source_claim,Geocapromys thoracatus,1,(Flannery 2001),0,Not relevant,Inaccessible,"",no,2009
Geocapromys thoracatus (Medina et al. 2011) core source_claim,(Morgan 1989)_EXCLUDE_1_Opinion claim_NA_NA,(Medina et al. 2011) core source_claim,Geocapromys thoracatus,1,(Morgan 1989),"",Not relevant,Opinion claim,"",no,2009
Geokichla guttata (IUCN 2025) core source_claim,(Chittenden 2003)_EXCLUDE_0_Inaccessible_NA_NA,(IUCN 2025) core source_claim,Geokichla guttata,1,(Chittenden 2003),0,Not relevant,Inaccessible,"",no,2019
Geokichla guttata (IUCN 2025) core source_claim,(Ndang'ang'a et al. 2004)_INCLUDE_NA_Predation in support_no_no,(IUCN 2025) core source_claim,Geokichla guttata,1,(Ndang'ang'a et al. 2004),"",Yes,Predation in support without data,no,no,2019
Geospiza heliobates (IUCN 2025) core source_claim,NOTHING_EXCLUDE_NA_No citation given_NA_NA Geospiza heliobates,(IUCN 2025) core source_claim,Geospiza heliobates,1,NOTHING NA Geospiza heliobates,"",Not relevant,No citation given,"",no,2020
Geospiza pauper (IUCN 2025) core source_claim,NOTHING_EXCLUDE_NA_No citation given_NA_NA Geospiza pauper,(IUCN 2025) core source_claim,Geospiza pauper,1,NOTHING NA Geospiza pauper,"",Not relevant,No citation given,"",no,2017
Geospiza psittacula (IUCN 2025) core source_claim,(Jiménez-Uzcátegui et al. 2019)_EXCLUDE_1_Opinion claim_NA_NA,(IUCN 2025) core source_claim,Geospiza psittacula,1,(Jiménez-Uzcátegui et al. 2019),"",Not relevant,Opinion claim,"",no,2019
Gonatodes daudini (Doherty et al. 2016) core source_claim,(Bentz et al. 2011)_EXCLUDE_1_Opinion claim_NA_NA,(Doherty et al. 2016) core source_claim,Gonatodes daudini,1,(Bentz et al. 2011),"",Not relevant,Opinion claim,"",no,2014
Gonatodes daudini (IUCN 2025) core source_claim,(Bentz et al. 2011)_EXCLUDE_1_Opinion claim_NA_NA,(IUCN 2025) core source_claim,Gonatodes daudini,1,(Bentz et al. 2011),"",Not relevant,Opinion claim,"",no,2018
Gonatodes naufragus (IUCN 2025) core source_claim,NOTHING_EXCLUDE_NA_No citation given_NA_NA Gonatodes naufragus,(IUCN 2025) core source_claim,Gonatodes naufragus,1,NOTHING NA Gonatodes naufragus,"",Not relevant,No citation given,"",no,2013
Gongylomorphus bojerii (IUCN 2025) core source_claim,(Jones 1993)_EXCLUDE_?_Inaccessible_NA_NA,(IUCN 2025) core source_claim,Gongylomorphus bojerii,1,(Jones 1993),?,Not relevant,Inaccessible,"",no,2014
Gongylomorphus fontenayi (IUCN 2025) core source_claim,(Bissessur & Florens 2018)_EXCLUDE_0_No claim_NA_NA,(IUCN 2025) core source_claim,Gongylomorphus fontenayi,1,(Bissessur & Florens 2018),"",Not relevant,No claim,"",no,2019
Gongylomorphus fontenayi (IUCN 2025) core source_claim,(Cheke & Hume 2008)_EXCLUDE_?_Inaccessible_NA_NA,(IUCN 2025) core source_claim,Gongylomorphus fontenayi,1,(Cheke & Hume 2008),?,Not relevant,Inaccessible,"",no,2019
Gongylomorphus fontenayi (IUCN 2025) core source_claim,(Jones 1988)_EXCLUDE_1_Inaccessible_NA_NA,(IUCN 2025) core source_claim,Gongylomorphus fontenayi,1,(Jones 1988),1,Not relevant,Inaccessible,"",no,2019
Gongylomorphus fontenayi (IUCN 2025) core source_claim,(Jones 1993)_EXCLUDE_1_Inaccessible_NA_NA,(IUCN 2025) core source_claim,Gongylomorphus fontenayi,1,(Jones 1993),1,Not relevant,Inaccessible,"",no,2019
Gongylomorphus fontenayi (IUCN 2025) core source_claim,(MRRP 2010)_EXCLUDE_0_Inaccessible_NA_NA,(IUCN 2025) core source_claim,Gongylomorphus fontenayi,1,(MRRP 2010),0,Not relevant,Inaccessible,"",no,2019
Gongylomorphus fontenayi (IUCN 2025) core source_claim,N. Cole pers. obs._EXCLUDE_0_Inaccessible_NA_NA,(IUCN 2025) core source_claim,Gongylomorphus fontenayi,1,N. Cole pers. obs.,0,Not relevant,Inaccessible,"",no,2019
Gongylomorphus fontenayi (IUCN 2025) core source_claim,R. Vasconcelos pers. comm. 2012_EXCLUDE_0_Inaccessible_NA_NA,(IUCN 2025) core source_claim,Gongylomorphus fontenayi,1,R. Vasconcelos pers. comm. 2012,0,Not relevant,Inaccessible,"",no,2019
Goniurosaurus kuroiwae (Doherty et al. 2016) core source_claim,NOTHING_EXCLUDE_NA_No citation given_NA_NA Goniurosaurus kuroiwae,(Doherty et al. 2016) core source_claim,Goniurosaurus kuroiwae,2,NOTHING NA Goniurosaurus kuroiwae,"",Not relevant,No citation given,"",no,2014
Goniurosaurus kuroiwae (IUCN 2025) core source_claim,NOTHING_EXCLUDE_NA_No citation given_NA_NA Goniurosaurus kuroiwae,(IUCN 2025) core source_claim,Goniurosaurus kuroiwae,1,NOTHING NA Goniurosaurus kuroiwae,"",Not relevant,No citation given,"",no,2015
Gymnomyza aubryana (Doherty et al. 2016) core source_claim,(Ekstrom et al. 2002)_EXCLUDE_1_No claim_NA_NA,(Doherty et al. 2016) core source_claim,Gymnomyza aubryana,1,(Ekstrom et al. 2002),"",Not relevant,No claim,"",no,2014
Gymnomyza aubryana (Doherty et al. 2016) core source_claim,(Stirnemann 2015)_EXCLUDE_0_No claim_NA_NA,(Doherty et al. 2016) core source_claim,Gymnomyza aubryana,2,(Stirnemann 2015),"",Not relevant,No claim,"",no,2014
Gymnomyza aubryana (IUCN 2025) core source_claim,(Stirnemann 2015)_EXCLUDE_0_No claim_NA_NA,(IUCN 2025) core source_claim,Gymnomyza aubryana,1,(Stirnemann 2015),"",Not relevant,No claim,"",no,2017
Gymnomyza samoensis (IUCN 2025) core source_claim,(Stirnemann 2015)_INCLUDE_NA_Predation not in support_no_no,(IUCN 2025) core source_claim,Gymnomyza samoensis,1,(Stirnemann 2015),"",No,Predation not in support without data,no,no,2022
Haematopus chathamensis (Doherty et al. 2016) core source_claim,(Collar et al. 1994)_EXCLUDE_0_Inaccessible_NA_NA,(Doherty et al. 2016) core source_claim,Haematopus chathamensis,2,(Collar et al. 1994),0,Not relevant,Inaccessible,"",no,2014
Haematopus chathamensis (Doherty et al. 2016) core source_claim,(Moore 2008)_INCLUDE_NA_Predation in support_no_no,(Doherty et al. 2016) core source_claim,Haematopus chathamensis,1,(Moore 2008),"",Yes,Predation in support without data,no,no,2014
Haematopus chathamensis (Doherty et al. 2016) core source_claim,(Moore 2009)_INCLUDE_NA_Predation in support_no_no,(Doherty et al. 2016) core source_claim,Haematopus chathamensis,1,(Moore 2009),"",Yes,Predation in support without data,no,no,2014
Haematopus chathamensis (IUCN 2025) core source_claim,NOTHING_EXCLUDE_NA_No citation given_NA_NA Haematopus chathamensis,(IUCN 2025) core source_claim,Haematopus chathamensis,1,NOTHING NA Haematopus chathamensis,"",Not relevant,No citation given,"",no,2021
Haematopus chathamensis Web of Science_Systematic external review,(Moore & Reid 2009)_INCLUDE_NA_Predation in support_no_no,Web of Science_Systematic external review,Haematopus chathamensis,1,(Moore & Reid 2009),"",Yes,Predation in support without data,no,no,2025
Haematopus meadewaldoi (Doherty et al. 2016) core source_claim,(Collar & Stuart 1985)_EXCLUDE_0_Inaccessible_NA_NA,(Doherty et al. 2016) core source_claim,Haematopus meadewaldoi,2,(Collar & Stuart 1985),0,Not relevant,Inaccessible,"",no,2014
Haematopus meadewaldoi (IUCN 2025) core source_claim,(Collar & Stuart 1985)_EXCLUDE_0_Inaccessible_NA_NA,(IUCN 2025) core source_claim,Haematopus meadewaldoi,1,(Collar & Stuart 1985),0,Not relevant,Inaccessible,"",no,2020
Haitiophis anomalus (IUCN 2025) core source_claim,NOTHING_EXCLUDE_NA_No citation given_NA_NA Haitiophis anomalus,(IUCN 2025) core source_claim,Haitiophis anomalus,1,NOTHING NA Haitiophis anomalus,"",Not relevant,No citation given,"",no,2014
Heleioporus australiacus (IUCN 2025) core source_claim,(Hunter et al. 2018)_EXCLUDE_?_Opinion claim_NA_NA,(IUCN 2025) core source_claim,Heleioporus australiacus,1,(Hunter et al. 2018),"",Not relevant,Opinion claim,"",no,2020
Hemidactylus bouvieri (IUCN 2025) core source_claim,NOTHING_EXCLUDE_NA_No citation given_NA_NA Hemidactylus bouvieri,(IUCN 2025) core source_claim,Hemidactylus bouvieri,1,NOTHING NA Hemidactylus bouvieri,"",Not relevant,No citation given,"",no,2011
Hemignathus affinis (IUCN 2025) core source_claim,(Lindsey et al. 2009)_EXCLUDE_?_Inaccessible_NA_NA,(IUCN 2025) core source_claim,Hemignathus affinis,1,(Lindsey et al. 2009),?,Not relevant,Inaccessible,"",no,2023
Hemignathus hanapepe (IUCN 2025) core source_claim,(Lindsey et al. 2009)_EXCLUDE_?_No claim_NA_NA,(IUCN 2025) core source_claim,Hemignathus hanapepe,1,(Lindsey et al. 2009),"",Not relevant,No claim,"",no,2023
Hemignathus wilsoni (IUCN 2025) core source_claim,(Ralph & Fancy 1996)_EXCLUDE_1_Opinion claim_NA_NA,(IUCN 2025) core source_claim,Hemignathus wilsoni,1,(Ralph & Fancy 1996),"",Not relevant,Opinion claim,"",no,2021
Hemiphaga chathamensis (Doherty et al. 2016) core source_claim,(Powlesland et al. 1994)_EXCLUDE_0_Inaccessible_NA_NA,(Doherty et al. 2016) core source_claim,Hemiphaga chathamensis,2,(Powlesland et al. 1994),0,Not relevant,Inaccessible,"",no,2014
Hemiphaga chathamensis (IUCN 2025) core source_claim,NOTHING_EXCLUDE_NA_No citation given_NA_NA Hemiphaga chathamensis,(IUCN 2025) core source_claim,Hemiphaga chathamensis,1,NOTHING NA Hemiphaga chathamensis,"",Not relevant,No citation given,"",no,2021
Henicophaps foersteri (Doherty et al. 2016) core source_claim,NOTHING_EXCLUDE_NA_No citation given_NA_NA Henicophaps foersteri,(Doherty et al. 2016) core source_claim,Henicophaps foersteri,2,NOTHING NA Henicophaps foersteri,"",Not relevant,No citation given,"",no,2014
Henicophaps foersteri (IUCN 2025) core source_claim,NOTHING_EXCLUDE_NA_No citation given_NA_NA Henicophaps foersteri,(IUCN 2025) core source_claim,Henicophaps foersteri,1,NOTHING NA Henicophaps foersteri,"",Not relevant,No citation given,"",no,2017
Himantopus novaezelandiae (Campolina et al. 2024) core source_claim,(Sanders & Maloney 2002)_INCLUDE_NA_Predation in support_no_no,(Campolina et al. 2024) core source_claim,Himantopus novaezelandiae,1,(Sanders & Maloney 2002),"",Yes,Predation in support without data,no,no,2021
Himantopus novaezelandiae (Doherty et al. 2016) core source_claim,(Pierce 1986)_INCLUDE_NA_Predation in support_no_no,(Doherty et al. 2016) core source_claim,Himantopus novaezelandiae,1,(Pierce 1986),"",Yes,Predation in support without data,no,no,2014
Himantopus novaezelandiae (Doherty et al. 2016) core source_claim,(Sanders & Maloney 2002)_INCLUDE_NA_Predation in support_no_no,(Doherty et al. 2016) core source_claim,Himantopus novaezelandiae,1,(Sanders & Maloney 2002),"",Yes,Predation in support without data,no,no,2014
Himantopus novaezelandiae (IUCN 2025) core source_claim,(Pierce 1986)_INCLUDE_NA_Predation in support_no_no,(IUCN 2025) core source_claim,Himantopus novaezelandiae,1,(Pierce 1986),"",Yes,Predation in support without data,no,no,2015
Himantopus novaezelandiae (IUCN 2025) core source_claim,(Sanders & Maloney 2002)_INCLUDE_NA_Predation in support_no_no,(IUCN 2025) core source_claim,Himantopus novaezelandiae,1,(Sanders & Maloney 2002),"",Yes,Predation in support without data,no,no,2015
Himantopus novaezelandiae Opportunistic_Systematic external review,(Keedwell et al. 2002b)_EXCLUDE_1_Does not test claim_NA_NA,Opportunistic_Systematic external review,Himantopus novaezelandiae,1,(Keedwell et al. 2002b),"",Not relevant,Does not test claim,"",no,2025
Himantopus novaezelandiae Web of Science_Systematic external review,(Cameron et al. 2005)_EXCLUDE_1_No claim_NA_NA,Web of Science_Systematic external review,Himantopus novaezelandiae,1,(Cameron et al. 2005),"",Not relevant,No claim,"",no,2025
Himantopus novaezelandiae Web of Science_Systematic external review,(Sanders & Maloney 2002)_INCLUDE_NA_Predation in support_no_no,Web of Science_Systematic external review,Himantopus novaezelandiae,1,(Sanders & Maloney 2002),"",Yes,Predation in support without data,no,no,2025
Hipposideros demissus (IUCN 2025) core source_claim,NOTHING_EXCLUDE_NA_No citation given_NA_NA Hipposideros demissus,(IUCN 2025) core source_claim,Hipposideros demissus,1,NOTHING NA Hipposideros demissus,"",Not relevant,No citation given,"",no,2018
Hipposideros dinops (IUCN 2025) core source_claim,NOTHING_EXCLUDE_NA_No citation given_NA_NA Hipposideros dinops,(IUCN 2025) core source_claim,Hipposideros dinops,1,NOTHING NA Hipposideros dinops,"",Not relevant,No citation given,"",no,2020
Holcosus orcesi (IUCN 2025) core source_claim,NOTHING_EXCLUDE_NA_No citation given_NA_NA Holcosus orcesi,(IUCN 2025) core source_claim,Holcosus orcesi,1,NOTHING NA Holcosus orcesi,"",Not relevant,No citation given,"",no,2015
Hoplocephalus stephensii (IUCN 2025) core source_claim,(Fitzgerald et al. 2002)_EXCLUDE_1_Opinion claim_NA_NA,(IUCN 2025) core source_claim,Hoplocephalus stephensii,1,(Fitzgerald et al. 2002),"",Not relevant,Opinion claim,"",no,2016
Horornis haddeni (IUCN 2025) core source_claim,NOTHING_EXCLUDE_NA_No citation given_NA_NA Horornis haddeni,(IUCN 2025) core source_claim,Horornis haddeni,1,NOTHING NA Horornis haddeni,"",Not relevant,No citation given,"",no,2017
Hydrobates leucorhous (IUCN 2025) core source_claim,NOTHING_EXCLUDE_NA_No citation given_NA_NA Hydrobates leucorhous,(IUCN 2025) core source_claim,Hydrobates leucorhous,1,NOTHING NA Hydrobates leucorhous,"",Not relevant,No citation given,"",no,2017
Hydrobates macrodactylus (Doherty et al. 2016) core source_claim,(Keitt et al. 2005)_EXCLUDE_0_Inaccessible_NA_NA,(Doherty et al. 2016) core source_claim,Hydrobates macrodactylus,1,(Keitt et al. 2005),0,Not relevant,Inaccessible,"",no,2014
Hydrobates macrodactylus (IUCN 2025) core source_claim,NOTHING_EXCLUDE_NA_No citation given_NA_NA Hydrobates macrodactylus,(IUCN 2025) core source_claim,Hydrobates macrodactylus,1,NOTHING NA Hydrobates macrodactylus,"",Not relevant,No citation given,"",no,2017
Hydrobates macrodactylus Opportunistic_Systematic external review,(Anthony 1925)_INCLUDE_NA_Predation in support_no_no,Opportunistic_Systematic external review,Hydrobates macrodactylus,1,(Anthony 1925),"",Yes,Predation in support without data,no,no,2025
Hydrobates macrodactylus Web of Science_Systematic external review,(Hanna 1925)_INCLUDE_NA_Predation in support_no_no,Web of Science_Systematic external review,Hydrobates macrodactylus,2,(Hanna 1925),"",Yes,Predation in support without data,no,no,2025
Hydrobates macrodactylus Web of Science_Systematic external review,(McChesney & Tershy 1998)_INCLUDE_NA_Predation in support_no_no,Web of Science_Systematic external review,Hydrobates macrodactylus,1,(McChesney & Tershy 1998),"",Yes,Predation in support without data,no,no,2025
Hydrobates socorroensis (IUCN 2025) core source_claim,(Aguirre-Muñoz et al. 2011)_EXCLUDE_0_No claim_NA_NA,(IUCN 2025) core source_claim,Hydrobates socorroensis,1,(Aguirre-Muñoz et al. 2011),"",Not relevant,No claim,"",no,2017
Hymenolaimus malacorhynchos (Doherty et al. 2016) core source_claim,(Holmes & Caskey 2001)_EXCLUDE_0_Opinion claim_NA_NA,(Doherty et al. 2016) core source_claim,Hymenolaimus malacorhynchos,1,(Holmes & Caskey 2001),"",Not relevant,Opinion claim,"",no,2014
Hymenolaimus malacorhynchos (Doherty et al. 2016) core source_claim,(Williams 1991)_INCLUDE_NA_Predation in support_no_no,(Doherty et al. 2016) core source_claim,Hymenolaimus malacorhynchos,2,(Williams 1991),"",Yes,Predation in support without data,no,no,2014
Hymenolaimus malacorhynchos (IUCN 2025) core source_claim,NOTHING_EXCLUDE_NA_No citation given_NA_NA Hymenolaimus malacorhynchos,(IUCN 2025) core source_claim,Hymenolaimus malacorhynchos,1,NOTHING NA Hymenolaimus malacorhynchos,"",Not relevant,No citation given,"",no,2021
Hypogeomys antimena (IUCN 2025) core source_claim,NOTHING_EXCLUDE_NA_No citation given_NA_NA Hypogeomys antimena,(IUCN 2025) core source_claim,Hypogeomys antimena,1,NOTHING NA Hypogeomys antimena,"",Not relevant,No citation given,"",no,2021
Hypotaenidia dieffenbachii (Doherty et al. 2016) core source_claim,(Marchant & Higgins 1993)_EXCLUDE_?_Inaccessible_NA_NA,(Doherty et al. 2016) core source_claim,Hypotaenidia dieffenbachii,2,(Marchant & Higgins 1993),?,Not relevant,Inaccessible,"",no,2014
Hypotaenidia dieffenbachii (IUCN 2025) core source_claim,(Marchant & Higgins 1993)_EXCLUDE_?_Inaccessible_NA_NA,(IUCN 2025) core source_claim,Hypotaenidia dieffenbachii,1,(Marchant & Higgins 1993),?,Not relevant,Inaccessible,"",no,2022
Hypotaenidia okinawae (Doherty et al. 2016) core source_claim,NOTHING_EXCLUDE_NA_No citation given_NA_NA Hypotaenidia okinawae,(Doherty et al. 2016) core source_claim,Hypotaenidia okinawae,2,NOTHING NA Hypotaenidia okinawae,"",Not relevant,No citation given,"",no,2014
Hypotaenidia okinawae (IUCN 2025) core source_claim,NOTHING_EXCLUDE_NA_No citation given_NA_NA Hypotaenidia okinawae,(IUCN 2025) core source_claim,Hypotaenidia okinawae,1,NOTHING NA Hypotaenidia okinawae,"",Not relevant,No citation given,"",no,2019
Hypotaenidia okinawae Web of Science_Systematic external review,(Fujihara & Inoue-Murayama 2024)_EXCLUDE_1_No claim_NA_NA,Web of Science_Systematic external review,Hypotaenidia okinawae,1,(Fujihara & Inoue-Murayama 2024),"",Not relevant,No claim,"",no,2025
Hypotaenidia owstoni (Doherty et al. 2016) core source_claim,(Witteman et al. 1990)_EXCLUDE_?_Inaccessible_NA_NA,(Doherty et al. 2016) core source_claim,Hypotaenidia owstoni,1,(Witteman et al. 1990),?,Not relevant,Inaccessible,"",no,2014
Hypotaenidia owstoni (Doherty et al. 2016) core source_claim,A. Kroner in litt. 2019_EXCLUDE_0_Inaccessible_NA_NA,(Doherty et al. 2016) core source_claim,Hypotaenidia owstoni,2,A. Kroner in litt. 2019,0,Not relevant,Inaccessible,"",no,2014
Hypotaenidia owstoni (Doherty et al. 2016) core source_claim,P. Wenninger in litt. 2007_EXCLUDE_0_Inaccessible_NA_NA,(Doherty et al. 2016) core source_claim,Hypotaenidia owstoni,2,P. Wenninger in litt. 2007,0,Not relevant,Inaccessible,"",no,2014
Hypotaenidia owstoni (IUCN 2025) core source_claim,A. Kroner in litt. 2019_EXCLUDE_0_Inaccessible_NA_NA,(IUCN 2025) core source_claim,Hypotaenidia owstoni,1,A. Kroner in litt. 2019,0,Not relevant,Inaccessible,"",no,2018
Hypotaenidia owstoni (IUCN 2025) core source_claim,P. Wenninger in litt. 2007_EXCLUDE_0_Inaccessible_NA_NA,(IUCN 2025) core source_claim,Hypotaenidia owstoni,1,P. Wenninger in litt. 2007,0,Not relevant,Inaccessible,"",no,2018
Hypotaenidia pacifica (Doherty et al. 2016) core source_claim,(Bruner 1972)_EXCLUDE_0_Inaccessible_NA_NA,(Doherty et al. 2016) core source_claim,Hypotaenidia pacifica,2,(Bruner 1972),0,Not relevant,Inaccessible,"",no,2014
Hypotaenidia pacifica (Doherty et al. 2016) core source_claim,NOTHING_EXCLUDE_NA_No citation given_NA_NA Hypotaenidia pacifica,(Doherty et al. 2016) core source_claim,Hypotaenidia pacifica,3,NOTHING NA Hypotaenidia pacifica,"",Not relevant,No citation given,"",no,2014
Hypotaenidia pacifica (Hume 2017) core source_claim,NOTHING_EXCLUDE_NA_No citation given_NA_NA Hypotaenidia pacifica,(Hume 2017) core source_claim,Hypotaenidia pacifica,1,NOTHING NA Hypotaenidia pacifica,"",Not relevant,No citation given,"",no,2016
Hypotaenidia pacifica (IUCN 2025) core source_claim,(Bruner 1972)_EXCLUDE_0_Inaccessible_NA_NA,(IUCN 2025) core source_claim,Hypotaenidia pacifica,1,(Bruner 1972),0,Not relevant,Inaccessible,"",no,2022
Hypotaenidia pacifica (IUCN 2025) core source_claim,NOTHING_EXCLUDE_NA_No citation given_NA_NA Hypotaenidia pacifica,(IUCN 2025) core source_claim,Hypotaenidia pacifica,2,NOTHING NA Hypotaenidia pacifica,"",Not relevant,No citation given,"",no,2022
Hypotaenidia poeciloptera (Doherty et al. 2016) core source_claim,(Collar et al. 1994)_EXCLUDE_0_Inaccessible_NA_NA,(Doherty et al. 2016) core source_claim,Hypotaenidia poeciloptera,2,(Collar et al. 1994),0,Not relevant,Inaccessible,"",no,2014
Hypotaenidia poeciloptera (Hume 2017) core source_claim,NOTHING_EXCLUDE_NA_No citation given_NA_NA Hypotaenidia poeciloptera,(Hume 2017) core source_claim,Hypotaenidia poeciloptera,1,NOTHING NA Hypotaenidia poeciloptera,"",Not relevant,No citation given,"",no,2016
Hypotaenidia poeciloptera (IUCN 2025) core source_claim,(Collar et al. 1994)_EXCLUDE_0_Inaccessible_NA_NA,(IUCN 2025) core source_claim,Hypotaenidia poeciloptera,1,(Collar et al. 1994),0,Not relevant,Inaccessible,"",no,2022
Hypotaenidia sylvestris (Doherty et al. 2016) core source_claim,(Miller & Mullette 1985)_INCLUDE_NA_Predation not in support_no_no,(Doherty et al. 2016) core source_claim,Hypotaenidia sylvestris,1,(Miller & Mullette 1985),"",No,Predation not in support without data,no,no,2014
Hypotaenidia sylvestris (IUCN 2025) core source_claim,NOTHING_EXCLUDE_NA_No citation given_NA_NA Hypotaenidia sylvestris,(IUCN 2025) core source_claim,Hypotaenidia sylvestris,1,NOTHING NA Hypotaenidia sylvestris,"",Not relevant,No citation given,"",no,2021
Hypotaenidia sylvestris Web of Science_Systematic external review,(Fullagar 1985)_EXCLUDE_0_Inaccessible_NA_NA,Web of Science_Systematic external review,Hypotaenidia sylvestris,3,(Fullagar 1985),0,Not relevant,Inaccessible,"",no,2025
Hypotaenidia sylvestris Web of Science_Systematic external review,(Miller & Kingston 1980)_EXCLUDE_0_Inaccessible_NA_NA,Web of Science_Systematic external review,Hypotaenidia sylvestris,3,(Miller & Kingston 1980),0,Not relevant,Inaccessible,"",no,2025
Hypotaenidia sylvestris Web of Science_Systematic external review,(Miller & Mullette 1985)_INCLUDE_NA_Predation not in support_no_no,Web of Science_Systematic external review,Hypotaenidia sylvestris,2,(Miller & Mullette 1985),"",No,Predation not in support without data,no,no,2025
Hypsirhynchus polylepis (IUCN 2025) core source_claim,S.B. Hedges pers. comm. 2015_EXCLUDE_0_Inaccessible_NA_NA,(IUCN 2025) core source_claim,Hypsirhynchus polylepis,1,S.B. Hedges pers. comm. 2015,0,Not relevant,Inaccessible,"",no,2014
Icterus northropi (Doherty et al. 2016) core source_claim,NOTHING_EXCLUDE_NA_No citation given_NA_NA Icterus northropi,(Doherty et al. 2016) core source_claim,Icterus northropi,2,NOTHING NA Icterus northropi,"",Not relevant,No citation given,"",no,2014
Icterus northropi (IUCN 2025) core source_claim,NOTHING_EXCLUDE_NA_No citation given_NA_NA Icterus northropi,(IUCN 2025) core source_claim,Icterus northropi,1,NOTHING NA Icterus northropi,"",Not relevant,No citation given,"",no,2020
Iguana delicatissima (Alberts 2000) core source_claim,NOTHING_EXCLUDE_NA_No citation given_NA_NA Iguana delicatissima,(Alberts 2000) core source_claim,Iguana delicatissima,1,NOTHING NA Iguana delicatissima,"",Not relevant,No citation given,"",no,1998
Iguana delicatissima (Doherty et al. 2016) core source_claim,NOTHING_EXCLUDE_NA_No citation given_NA_NA Iguana delicatissima,(Doherty et al. 2016) core source_claim,Iguana delicatissima,2,NOTHING NA Iguana delicatissima,"",Not relevant,No citation given,"",no,2014
Iguana delicatissima (IUCN 2025) core source_claim,NOTHING_EXCLUDE_NA_No citation given_NA_NA Iguana delicatissima,(IUCN 2025) core source_claim,Iguana delicatissima,1,NOTHING NA Iguana delicatissima,"",Not relevant,No citation given,"",no,2017
Isoodon auratus (Dickman 1996b) core source_claim,(Christensen & Burrows 1995)_INCLUDE_NA_Predation not in support_no_no,(Dickman 1996b) core source_claim,Isoodon auratus,1,(Christensen & Burrows 1995),"",No,Predation not in support without data,no,no,1994
Isoodon auratus (Doherty et al. 2016) core source_claim,(Montague 1914)_EXCLUDE_1_Opinion claim_NA_NA,(Doherty et al. 2016) core source_claim,Isoodon auratus,1,(Montague 1914),"",Not relevant,Opinion claim,"",no,2014
Isoodon auratus (Doherty et al. 2016) core source_claim,(Palmer et al. 2003)_EXCLUDE_0_Opinion claim_NA_NA,(Doherty et al. 2016) core source_claim,Isoodon auratus,1,(Palmer et al. 2003),"",Not relevant,Opinion claim,"",no,2014
Isoodon auratus (Doherty et al. 2016) core source_claim,NOTHING_EXCLUDE_NA_No citation given_NA_NA Isoodon auratus,(Doherty et al. 2016) core source_claim,Isoodon auratus,2,NOTHING NA Isoodon auratus,"",Not relevant,No citation given,"",no,2014
Isoodon auratus (IUCN 2025) core source_claim,(Christensen & Burrows 1995)_INCLUDE_NA_Predation not in support_no_no,(IUCN 2025) core source_claim,Isoodon auratus,1,(Christensen & Burrows 1995),"",No,Predation not in support without data,no,no,2011
Isoodon auratus (IUCN 2025) core source_claim,(Palmer et al. 2003)_EXCLUDE_0_Opinion claim_NA_NA,(IUCN 2025) core source_claim,Isoodon auratus,1,(Palmer et al. 2003),"",Not relevant,Opinion claim,"",no,2011
Isoodon auratus (Medina et al. 2011) core source_claim,(Burbidge 2004)_EXCLUDE_1_No claim_NA_NA,(Medina et al. 2011) core source_claim,Isoodon auratus,1,(Burbidge 2004),"",Not relevant,No claim,"",no,2009
Isoodon auratus (Radford et al. 2018) core source_claim,(Burbidge & Johnson 1983)_EXCLUDE_0_Inaccessible_NA_NA,(Radford et al. 2018) core source_claim,Isoodon auratus,2,(Burbidge & Johnson 1983),0,Not relevant,Inaccessible,"",no,2016
Isoodon auratus (Radford et al. 2018) core source_claim,(Burbidge 1971)_EXCLUDE_0_No claim_NA_NA,(Radford et al. 2018) core source_claim,Isoodon auratus,1,(Burbidge 1971),"",Not relevant,No claim,"",no,2016
Isoodon auratus (Radford et al. 2018) core source_claim,(McKenzie 1984)_EXCLUDE_0_Inaccessible_NA_NA,(Radford et al. 2018) core source_claim,Isoodon auratus,2,(McKenzie 1984),0,Not relevant,Inaccessible,"",no,2016
Isoodon auratus (Radford et al. 2018) core source_claim,(Serena et al. 1991)_EXCLUDE_0_No claim_NA_NA,(Radford et al. 2018) core source_claim,Isoodon auratus,2,(Serena et al. 1991),"",Not relevant,No claim,"",no,2016
Isoodon auratus (Wallach & Lundgren 2025)_external review without claim,(Blythman et al. 2020)_INCLUDE_NA_Predation in support_no_no,(Wallach & Lundgren 2025)_external review without claim,Isoodon auratus,1,(Blythman et al. 2020),"",Yes,Predation in support without data,no,no,2022
Isoodon auratus (Wallach & Lundgren 2025)_external review without claim,(Christensen & Burrows 1995)_INCLUDE_NA_Predation not in support_no_no,(Wallach & Lundgren 2025)_external review without claim,Isoodon auratus,1,(Christensen & Burrows 1995),"",No,Predation not in support without data,no,no,2022
Isoodon auratus (Wallach & Lundgren 2025)_external review without claim,(Doherty et al. 2017)_INCLUDE_NA_Predation in support_no_no,(Wallach & Lundgren 2025)_external review without claim,Isoodon auratus,1,(Doherty et al. 2017),"",Yes,Predation in support without data,no,no,2022
Isoodon auratus (Wallach & Lundgren 2025)_external review without claim,(Moseby et al. 2015)_INCLUDE_NA_Predation not in support_no_no,(Wallach & Lundgren 2025)_external review without claim,Isoodon auratus,1,(Moseby et al. 2015),"",No,Predation not in support without data,no,no,2022
Isoodon auratus (Wallach & Lundgren 2025)_external review without claim,(Wysong 2016)_INCLUDE_NA_Predation in support_no_no,(Wallach & Lundgren 2025)_external review without claim,Isoodon auratus,1,(Wysong 2016),"",Yes,Predation in support without data,no,no,2022
Isoodon auratus (Woinarski et al. 2014) core source_claim,NOTHING_EXCLUDE_NA_No citation given_NA_NA Isoodon auratus,(Woinarski et al. 2014) core source_claim,Isoodon auratus,1,NOTHING NA Isoodon auratus,"",Not relevant,No citation given,"",no,2013
Isoodon auratus Opportunistic_Systematic external review,(Burbidge et al. 2000)_EXCLUDE_0_Opinion claim_NA_NA,Opportunistic_Systematic external review,Isoodon auratus,1,(Burbidge et al. 2000),"",Not relevant,Opinion claim,"",no,2025
Isoodon auratus Web of Science_Systematic external review,(Dunlop et al. 2021)_EXCLUDE_1_No claim_NA_NA,Web of Science_Systematic external review,Isoodon auratus,1,(Dunlop et al. 2021),"",Not relevant,No claim,"",no,2025
Isoodon auratus Web of Science_Systematic external review,(Pedler et al. 2018)_EXCLUDE_1_No claim_NA_NA,Web of Science_Systematic external review,Isoodon auratus,1,(Pedler et al. 2018),"",Not relevant,No claim,"",no,2025
Isoodon auratus Web of Science_Systematic external review,(Radford 2012)_EXCLUDE_1_No claim_NA_NA,Web of Science_Systematic external review,Isoodon auratus,1,(Radford 2012),"",Not relevant,No claim,"",no,2025
Isoodon auratus Web of Science_Systematic external review,(Read et al. 2023)_EXCLUDE_1_No claim_NA_NA,Web of Science_Systematic external review,Isoodon auratus,1,(Read et al. 2023),"",Not relevant,No claim,"",no,2025
Isoodon auratus Web of Science_Systematic external review,(Short & Turner 1994)_EXCLUDE_1_Opinion claim_NA_NA,Web of Science_Systematic external review,Isoodon auratus,1,(Short & Turner 1994),"",Not relevant,Opinion claim,"",no,2025
Isoodon auratus Web of Science_Systematic external review,(Southgate et al. 1996)_EXCLUDE_1_No claim_NA_NA,Web of Science_Systematic external review,Isoodon auratus,1,(Southgate et al. 1996),"",Not relevant,No claim,"",no,2025
Junco insularis (IUCN 2025) core source_claim,NOTHING_EXCLUDE_NA_No citation given_NA_NA Junco insularis,(IUCN 2025) core source_claim,Junco insularis,1,NOTHING NA Junco insularis,"",Not relevant,No citation given,"",no,2015
Kanakysaurus viviparus (Doherty et al. 2016) core source_claim,NOTHING_EXCLUDE_NA_No citation given_NA_NA Kanakysaurus viviparus,(Doherty et al. 2016) core source_claim,Kanakysaurus viviparus,2,NOTHING NA Kanakysaurus viviparus,"",Not relevant,No citation given,"",no,2014
Kanakysaurus viviparus (IUCN 2025) core source_claim,NOTHING_EXCLUDE_NA_No citation given_NA_NA Kanakysaurus viviparus,(IUCN 2025) core source_claim,Kanakysaurus viviparus,1,NOTHING NA Kanakysaurus viviparus,"",Not relevant,No citation given,"",no,2016
Kanakysaurus viviparus Opportunistic_Systematic external review,(Palmas et al. 2017)_INCLUDE_NA_Predation in support_no_no,Opportunistic_Systematic external review,Kanakysaurus viviparus,1,(Palmas et al. 2017),"",Yes,Predation in support without data,no,no,2025
Kanakysaurus viviparus Web of Science_Systematic external review,(Thibault et al. 2017)_EXCLUDE_1_No claim_NA_NA,Web of Science_Systematic external review,Kanakysaurus viviparus,1,(Thibault et al. 2017),"",Not relevant,No claim,"",no,2025
Kanakysaurus zebratus (Doherty et al. 2016) core source_claim,(Palmas et al. 2017)_INCLUDE_NA_Predation in support_no_no,(Doherty et al. 2016) core source_claim,Kanakysaurus zebratus,2,(Palmas et al. 2017),"",Yes,Predation in support without data,no,no,2014
Kanakysaurus zebratus (IUCN 2025) core source_claim,(Palmas et al. 2017)_INCLUDE_NA_Predation in support_no_no,(IUCN 2025) core source_claim,Kanakysaurus zebratus,1,(Palmas et al. 2017),"",Yes,Predation in support without data,no,no,2016
Lacertoides pardalis (Doherty et al. 2016) core source_claim,(Palmas et al. In preparation)_EXCLUDE_0_Inaccessible_NA_NA,(Doherty et al. 2016) core source_claim,Lacertoides pardalis,2,(Palmas et al. In preparation),0,Not relevant,Inaccessible,"",no,2014
Lacertoides pardalis (IUCN 2025) core source_claim,(Palmas et al. In preparation)_EXCLUDE_0_Inaccessible_NA_NA,(IUCN 2025) core source_claim,Lacertoides pardalis,1,(Palmas et al. In preparation),0,Not relevant,Inaccessible,"",no,2016
Lagorchestes asomatus (Doherty et al. 2016) core source_claim,NOTHING_EXCLUDE_NA_No citation given_NA_NA Lagorchestes asomatus,(Doherty et al. 2016) core source_claim,Lagorchestes asomatus,2,NOTHING NA Lagorchestes asomatus,"",Not relevant,No citation given,"",no,2014
Lagorchestes asomatus (IUCN 2025) core source_claim,NOTHING_EXCLUDE_NA_No citation given_NA_NA Lagorchestes asomatus,(IUCN 2025) core source_claim,Lagorchestes asomatus,1,NOTHING NA Lagorchestes asomatus,"",Not relevant,No citation given,"",no,2011
Lagorchestes asomatus (Woinarski et al. 2014) core source_claim,NOTHING_EXCLUDE_NA_No citation given_NA_NA Lagorchestes asomatus,(Woinarski et al. 2014) core source_claim,Lagorchestes asomatus,1,NOTHING NA Lagorchestes asomatus,"",Not relevant,No citation given,"",no,2013
Lagostrophus fasciatus (Dickman 1996b) core source_claim,NOTHING_EXCLUDE_NA_No citation given_NA_NA Lagostrophus fasciatus,(Dickman 1996b) core source_claim,Lagostrophus fasciatus,1,NOTHING NA Lagostrophus fasciatus,"",Not relevant,No citation given,"",no,1994
Lagostrophus fasciatus (Doherty et al. 2016) core source_claim,(Hardman 2006)_INCLUDE_NA_Predation in support_no_no,(Doherty et al. 2016) core source_claim,Lagostrophus fasciatus,1,(Hardman 2006),"",Yes,Predation in support without data,no,no,2014
Lagostrophus fasciatus (Doherty et al. 2016) core source_claim,(Morris 2000)_EXCLUDE_1_Inaccessible_NA_NA,(Doherty et al. 2016) core source_claim,Lagostrophus fasciatus,1,(Morris 2000),1,Not relevant,Inaccessible,"",no,2014
Lagostrophus fasciatus (Doherty et al. 2016) core source_claim,NOTHING_EXCLUDE_NA_No citation given_NA_NA Lagostrophus fasciatus,(Doherty et al. 2016) core source_claim,Lagostrophus fasciatus,2,NOTHING NA Lagostrophus fasciatus,"",Not relevant,No citation given,"",no,2014
Lagostrophus fasciatus (Medina et al. 2011) core source_claim,NOTHING_EXCLUDE_NA_No citation given_NA_NA Lagostrophus fasciatus,(Medina et al. 2011) core source_claim,Lagostrophus fasciatus,2,NOTHING NA Lagostrophus fasciatus,"",Not relevant,No citation given,"",no,2009
Lagostrophus fasciatus (Radford et al. 2018) core source_claim,(Morris et al. 2004)_EXCLUDE_1_Opinion claim_NA_NA,(Radford et al. 2018) core source_claim,Lagostrophus fasciatus,1,(Morris et al. 2004),"",Not relevant,Opinion claim,"",no,2016
Lagostrophus fasciatus (Wallach & Lundgren 2025)_external review without claim,(Doherty et al. 2015)_INCLUDE_NA_Predation in support_no_no,(Wallach & Lundgren 2025)_external review without claim,Lagostrophus fasciatus,1,(Doherty et al. 2015),"",Yes,Predation in support without data,no,no,2022
Lagostrophus fasciatus (Wallach & Lundgren 2025)_external review without claim,(Hardman et al. 2016)_INCLUDE_NA_Predation in support_no_no,(Wallach & Lundgren 2025)_external review without claim,Lagostrophus fasciatus,1,(Hardman et al. 2016),"",Yes,Predation in support without data,no,no,2022
Lagostrophus fasciatus (Woinarski et al. 2014) core source_claim,NOTHING_EXCLUDE_NA_No citation given_NA_NA Lagostrophus fasciatus,(Woinarski et al. 2014) core source_claim,Lagostrophus fasciatus,1,NOTHING NA Lagostrophus fasciatus,"",Not relevant,No citation given,"",no,2013
Lalage newtoni (IUCN 2025) core source_claim,NOTHING_EXCLUDE_NA_No citation given_NA_NA Lalage newtoni,(IUCN 2025) core source_claim,Lalage newtoni,1,NOTHING NA Lalage newtoni,"",Not relevant,No citation given,"",no,2015
Lanius ludovicianus (IUCN 2025) core source_claim,(Biteman et al. 2015)_EXCLUDE_0_Inaccessible_NA_NA,(IUCN 2025) core source_claim,Lanius ludovicianus,2,(Biteman et al. 2015),0,Not relevant,Inaccessible,"",no,2019
Lanius ludovicianus (IUCN 2025) core source_claim,(Blumton 1989)_EXCLUDE_0_No claim_NA_NA,(IUCN 2025) core source_claim,Lanius ludovicianus,1,(Blumton 1989),"",Not relevant,No claim,"",no,2019
Lanius ludovicianus (IUCN 2025) core source_claim,(Collister 1994)_INCLUDE_NA_Population not in support_yes_no,(IUCN 2025) core source_claim,Lanius ludovicianus,1,(Collister 1994),"",No,Population not in support with data,yes,no,2019
Lanius ludovicianus (IUCN 2025) core source_claim,(Gawlik & Bildstein 1990)_INCLUDE_NA_Population not in support_yes_no,(IUCN 2025) core source_claim,Lanius ludovicianus,2,(Gawlik & Bildstein 1990),"",No,Population not in support with data,yes,no,2019
Lanius ludovicianus (IUCN 2025) core source_claim,(Luukkonen 1987)_EXCLUDE_0_No claim_NA_NA,(IUCN 2025) core source_claim,Lanius ludovicianus,2,(Luukkonen 1987),"",Not relevant,No claim,"",no,2019
Lanius ludovicianus (IUCN 2025) core source_claim,(Scott & Morrison 1990)_EXCLUDE_?_Inaccessible_NA_NA,(IUCN 2025) core source_claim,Lanius ludovicianus,2,(Scott & Morrison 1990),?,Not relevant,Inaccessible,"",no,2019
Lanius ludovicianus (IUCN 2025) core source_claim,(Tyler 1992)_EXCLUDE_?_Opinion claim_NA_NA,(IUCN 2025) core source_claim,Lanius ludovicianus,2,(Tyler 1992),"",Not relevant,Opinion claim,"",no,2019
Lanius ludovicianus (IUCN 2025) core source_claim,(Wiggins 2004)_INCLUDE_NA_Population not in support_yes_no,(IUCN 2025) core source_claim,Lanius ludovicianus,1,(Wiggins 2004),"",No,Population not in support with data,yes,no,2019
Lanius newtoni (IUCN 2025) core source_claim,(Dutton 1994)_EXCLUDE_1_No claim_NA_NA,(IUCN 2025) core source_claim,Lanius newtoni,1,(Dutton 1994),"",Not relevant,No claim,"",no,2019
Larosterna inca (IUCN 2025) core source_claim,NOTHING_EXCLUDE_NA_No citation given_NA_NA Larosterna inca,(IUCN 2025) core source_claim,Larosterna inca,1,NOTHING NA Larosterna inca,"",Not relevant,No citation given,"",no,2017
Larosterna inca Web of Science_Systematic external review,(Simeone et al. 2003)_EXCLUDE_?_No claim_NA_NA,Web of Science_Systematic external review,Larosterna inca,1,(Simeone et al. 2003),"",Not relevant,No claim,"",no,2025
Larus bulleri (Doherty et al. 2016) core source_claim,(Biswell 2006)_EXCLUDE_0_Inaccessible_NA_NA,(Doherty et al. 2016) core source_claim,Larus bulleri,2,(Biswell 2006),0,Not relevant,Inaccessible,"",no,2014
Larus bulleri (IUCN 2025) core source_claim,(Biswell 2006)_EXCLUDE_0_Inaccessible_NA_NA,(IUCN 2025) core source_claim,Larus bulleri,1,(Biswell 2006),0,Not relevant,Inaccessible,"",no,2019
Larus fuliginosus (Doherty et al. 2016) core source_claim,(Cepeda & Cruz 1994)_EXCLUDE_0_Inaccessible_NA_NA,(Doherty et al. 2016) core source_claim,Larus fuliginosus,2,(Cepeda & Cruz 1994),0,Not relevant,Inaccessible,"",no,2014
Larus fuliginosus (Doherty et al. 2016) core source_claim,(Wiedenfeld & Jiménez-Uzcátegui 2008)_EXCLUDE_?_No claim_NA_NA,(Doherty et al. 2016) core source_claim,Larus fuliginosus,1,(Wiedenfeld & Jiménez-Uzcátegui 2008),"",Not relevant,No claim,"",no,2014
Larus fuliginosus (IUCN 2025) core source_claim,(Cepeda & Cruz 1994)_EXCLUDE_0_Inaccessible_NA_NA,(IUCN 2025) core source_claim,Larus fuliginosus,1,(Cepeda & Cruz 1994),0,Not relevant,Inaccessible,"",no,2017
Larus fuliginosus (IUCN 2025) core source_claim,(Wiedenfeld & Jiménez-Uzcátegui 2008)_EXCLUDE_?_No claim_NA_NA,(IUCN 2025) core source_claim,Larus fuliginosus,1,(Wiedenfeld & Jiménez-Uzcátegui 2008),"",Not relevant,No claim,"",no,2017
Larvivora tanensis (IUCN 2025) core source_claim,NOTHING_EXCLUDE_NA_No citation given_NA_NA Larvivora tanensis,(IUCN 2025) core source_claim,Larvivora tanensis,1,NOTHING NA Larvivora tanensis,"",Not relevant,No citation given,"",no,2015
Laterallus spilonota (Doherty et al. 2016) core source_claim,NOTHING_EXCLUDE_NA_No citation given_NA_NA Laterallus spilonota,(Doherty et al. 2016) core source_claim,Laterallus spilonota,2,NOTHING NA Laterallus spilonota,"",Not relevant,No citation given,"",no,2014
Laterallus spilonota (IUCN 2025) core source_claim,NOTHING_EXCLUDE_NA_No citation given_NA_NA Laterallus spilonota,(IUCN 2025) core source_claim,Laterallus spilonota,1,NOTHING NA Laterallus spilonota,"",Not relevant,No citation given,"",no,2019
Leiocephalus eremitus (Doherty et al. 2016) core source_claim,"A. Schwartz, pers. Comm_EXCLUDE_0_Inaccessible_NA_NA",(Doherty et al. 2016) core source_claim,Leiocephalus eremitus,2,"A. Schwartz, pers. Comm",0,Not relevant,Inaccessible,"",no,2014
Leiocephalus eremitus (IUCN 2025) core source_claim,"A. Schwartz, pers. Comm_EXCLUDE_0_Inaccessible_NA_NA",(IUCN 2025) core source_claim,Leiocephalus eremitus,3,"A. Schwartz, pers. Comm",0,Not relevant,Inaccessible,"",no,2014
Leiocephalus eremitus (IUCN 2025) core source_claim,R. Powell pers. comm. 2015_EXCLUDE_0_Inaccessible_NA_NA,(IUCN 2025) core source_claim,Leiocephalus eremitus,1,R. Powell pers. comm. 2015,0,Not relevant,Inaccessible,"",no,2014
Leiocephalus eremitus (IUCN 2025) core source_claim,R. Powell pers. comm. 2016_EXCLUDE_0_Inaccessible_NA_NA,(IUCN 2025) core source_claim,Leiocephalus eremitus,1,R. Powell pers. comm. 2016,0,Not relevant,Inaccessible,"",no,2014
Leiocephalus eremitus (Medina et al. 2011) core source_claim,"A. Schwartz, pers. Comm_EXCLUDE_0_Inaccessible_NA_NA",(Medina et al. 2011) core source_claim,Leiocephalus eremitus,2,"A. Schwartz, pers. Comm",0,Not relevant,Inaccessible,"",no,2009
Leiocephalus psammodromus (IUCN 2025) core source_claim,(Iverson 1978)_INCLUDE_NA_Predation in support_no_no,(IUCN 2025) core source_claim,Leiocephalus psammodromus,1,(Iverson 1978),"",Yes,Predation in support without data,no,no,2014
Leiocephalus varius (IUCN 2025) core source_claim,NOTHING_EXCLUDE_NA_No citation given_NA_NA Leiocephalus varius,(IUCN 2025) core source_claim,Leiocephalus varius,1,NOTHING NA Leiocephalus varius,"",Not relevant,No citation given,"",no,2018
Leiolopisma alazon (Doherty et al. 2016) core source_claim,NOTHING_EXCLUDE_NA_No citation given_NA_NA Leiolopisma alazon,(Doherty et al. 2016) core source_claim,Leiolopisma alazon,2,NOTHING NA Leiolopisma alazon,"",Not relevant,No citation given,"",no,2014
Leiolopisma alazon (IUCN 2025) core source_claim,NOTHING_EXCLUDE_NA_No citation given_NA_NA Leiolopisma alazon,(IUCN 2025) core source_claim,Leiolopisma alazon,1,NOTHING NA Leiolopisma alazon,"",Not relevant,No citation given,"",no,2010
Leiolopisma ceciliae (IUCN 2025) core source_claim,(Probst 1998)_EXCLUDE_0_Not in English or Spanish_NA_NA,(IUCN 2025) core source_claim,Leiolopisma ceciliae,1,(Probst 1998),"",Not relevant,Not in English or Spanish,"",no,2018
Leiolopisma telfairii (IUCN 2025) core source_claim,(Cheke & Hume 2008)_EXCLUDE_0_No claim_NA_NA,(IUCN 2025) core source_claim,Leiolopisma telfairii,1,(Cheke & Hume 2008),"",Not relevant,No claim,"",no,2017
Leiolopisma telfairii (IUCN 2025) core source_claim,(Vinson & Vinson 1969)_EXCLUDE_0_Inaccessible_NA_NA,(IUCN 2025) core source_claim,Leiolopisma telfairii,1,(Vinson & Vinson 1969),0,Not relevant,Inaccessible,"",no,2017
Leiolopisma telfairii (IUCN 2025) core source_claim,Arnold 2000_EXCLUDE_?_Inaccessible_NA_NA,(IUCN 2025) core source_claim,Leiolopisma telfairii,1,Arnold 2000,?,Not relevant,Inaccessible,"",no,2017
Leipoa ocellata (Doherty et al. 2016) core source_claim,(Benshemesh 1992)_EXCLUDE_0_Inaccessible_NA_NA,(Doherty et al. 2016) core source_claim,Leipoa ocellata,2,(Benshemesh 1992),0,Not relevant,Inaccessible,"",no,2014
Leipoa ocellata (Doherty et al. 2016) core source_claim,(Benshemesh 2007)_INCLUDE_NA_Predation in support_no_no,(Doherty et al. 2016) core source_claim,Leipoa ocellata,1,(Benshemesh 2007),"",Yes,Predation in support without data,no,no,2014
Leipoa ocellata (Doherty et al. 2016) core source_claim,(Priddel & Wheeler 1994)_INCLUDE_NA_Predation in support_no_no,(Doherty et al. 2016) core source_claim,Leipoa ocellata,1,(Priddel & Wheeler 1994),"",Yes,Predation in support without data,no,no,2014
Leipoa ocellata (Doherty et al. 2016) core source_claim,(Priddel & Wheeler 1996)_EXCLUDE_1_Opinion claim_NA_NA,(Doherty et al. 2016) core source_claim,Leipoa ocellata,1,(Priddel & Wheeler 1996),"",Not relevant,Opinion claim,"",no,2014
Leipoa ocellata (Doherty et al. 2016) core source_claim,(Priddel & Wheeler 1997)_INCLUDE_NA_Predation in support_no_no,(Doherty et al. 2016) core source_claim,Leipoa ocellata,1,(Priddel & Wheeler 1997),"",Yes,Predation in support without data,no,no,2014
Leipoa ocellata (Garnett & Baker 2021) core source_claim,NOTHING_EXCLUDE_NA_No citation given_NA_NA Leipoa ocellata,(Garnett & Baker 2021) core source_claim,Leipoa ocellata,1,NOTHING NA Leipoa ocellata,"",Not relevant,No citation given,"",no,2020
Leipoa ocellata (Garnett et al. 2011) core source_claim,NOTHING_EXCLUDE_NA_No citation given_NA_NA Leipoa ocellata,(Garnett et al. 2011) core source_claim,Leipoa ocellata,1,NOTHING NA Leipoa ocellata,"",Not relevant,No citation given,"",no,2010
Leipoa ocellata (IUCN 2025) core source_claim,NOTHING_EXCLUDE_NA_No citation given_NA_NA Leipoa ocellata,(IUCN 2025) core source_claim,Leipoa ocellata,1,NOTHING NA Leipoa ocellata,"",Not relevant,No citation given,"",no,2021
Leipoa ocellata Web of Science_Systematic external review,(Priddel & Wheeler 2004)_EXCLUDE_1_Opinion claim_NA_NA,Web of Science_Systematic external review,Leipoa ocellata,1,(Priddel & Wheeler 2004),"",Not relevant,Opinion claim,"",no,2025
Leipoa ocellata Web of Science_Systematic external review,(Read et al. 2019b)_EXCLUDE_1_No claim_NA_NA,Web of Science_Systematic external review,Leipoa ocellata,1,(Read et al. 2019b),"",Not relevant,No claim,"",no,2025
Lepidodactylus euaensis (IUCN 2025) core source_claim,R. Fisher pers. comm. 2020_EXCLUDE_0_Inaccessible_NA_NA,(IUCN 2025) core source_claim,Lepidodactylus euaensis,1,R. Fisher pers. comm. 2020,0,Not relevant,Inaccessible,"",no,2019
Lepidodactylus listeri (IUCN 2025) core source_claim,(Andrew et al. 2018)_EXCLUDE_1_Opinion claim_NA_NA,(IUCN 2025) core source_claim,Lepidodactylus listeri,1,(Andrew et al. 2018),"",Not relevant,Opinion claim,"",no,2016
Leporillus apicalis (Doherty et al. 2016) core source_claim,(Abbott 2002)_EXCLUDE_1_No claim_NA_NA,(Doherty et al. 2016) core source_claim,Leporillus apicalis,2,(Abbott 2002),"",Not relevant,No claim,"",no,2014
Leporillus apicalis (Doherty et al. 2016) core source_claim,(Abbott 2008)_EXCLUDE_1_No claim_NA_NA,(Doherty et al. 2016) core source_claim,Leporillus apicalis,2,(Abbott 2008),"",Not relevant,No claim,"",no,2014
Leporillus apicalis (Doherty et al. 2016) core source_claim,(Copley 1999a)_EXCLUDE_1_No claim_NA_NA,(Doherty et al. 2016) core source_claim,Leporillus apicalis,2,(Copley 1999a),"",Not relevant,No claim,"",no,2014
Leporillus apicalis (IUCN 2025) core source_claim,NOTHING_EXCLUDE_NA_No citation given_NA_NA Leporillus apicalis,(IUCN 2025) core source_claim,Leporillus apicalis,1,NOTHING NA Leporillus apicalis,"",Not relevant,No citation given,"",no,2023
Leporillus apicalis (Radford et al. 2018) core source_claim,(Dickman et al. 1993)_EXCLUDE_1_Opinion claim_NA_NA,(Radford et al. 2018) core source_claim,Leporillus apicalis,1,(Dickman et al. 1993),"",Not relevant,Opinion claim,"",no,2016
Leporillus apicalis (Woinarski et al. 2014) core source_claim,(Abbott 2002)_EXCLUDE_1_No claim_NA_NA,(Woinarski et al. 2014) core source_claim,Leporillus apicalis,1,(Abbott 2002),"",Not relevant,No claim,"",no,2013
Leporillus apicalis (Woinarski et al. 2014) core source_claim,(Abbott 2008)_EXCLUDE_1_No claim_NA_NA,(Woinarski et al. 2014) core source_claim,Leporillus apicalis,1,(Abbott 2008),"",Not relevant,No claim,"",no,2013
Leporillus apicalis (Woinarski et al. 2014) core source_claim,(Copley 1999a)_EXCLUDE_1_No claim_NA_NA,(Woinarski et al. 2014) core source_claim,Leporillus apicalis,1,(Copley 1999a),"",Not relevant,No claim,"",no,2013
Leporillus apicalis Web of Science_Systematic external review,(Copley 1999a)_EXCLUDE_1_No claim_NA_NA,Web of Science_Systematic external review,Leporillus apicalis,1,(Copley 1999a),"",Not relevant,No claim,"",no,2025
Leporillus conditor (Dickman 1996b) core source_claim,(Copley 1994)_EXCLUDE_0_Inaccessible_NA_NA,(Dickman 1996b) core source_claim,Leporillus conditor,1,(Copley 1994),0,Not relevant,Inaccessible,"",no,1994
Leporillus conditor (Dickman 1996b) core source_claim,(Robinson 1989)_EXCLUDE_0_Inaccessible_NA_NA,(Dickman 1996b) core source_claim,Leporillus conditor,1,(Robinson 1989),0,Not relevant,Inaccessible,"",no,1994
Leporillus conditor (Doherty et al. 2016) core source_claim,(Burbidge & Manly 2002)_EXCLUDE_1_Does not test claim_NA_NA,(Doherty et al. 2016) core source_claim,Leporillus conditor,2,(Burbidge & Manly 2002),"",Not relevant,Does not test claim,"",no,2014
Leporillus conditor (Doherty et al. 2016) core source_claim,(Copley 1999a)_INCLUDE_NA_Predation in support_no_no,(Doherty et al. 2016) core source_claim,Leporillus conditor,1,(Copley 1999a),"",Yes,Predation in support without data,no,no,2014
Leporillus conditor (Doherty et al. 2016) core source_claim,(Moseby et al. 2011)_EXCLUDE_1_No claim_NA_NA,(Doherty et al. 2016) core source_claim,Leporillus conditor,1,(Moseby et al. 2011),"",Not relevant,No claim,"",no,2014
Leporillus conditor (IUCN 2025) core source_claim,(Burbidge & Manly 2002)_EXCLUDE_1_Does not test claim_NA_NA,(IUCN 2025) core source_claim,Leporillus conditor,1,(Burbidge & Manly 2002),"",Not relevant,Does not test claim,"",no,2023
Leporillus conditor (IUCN 2025) core source_claim,(Copley 1999a)_INCLUDE_NA_Predation in support_no_no,(IUCN 2025) core source_claim,Leporillus conditor,1,(Copley 1999a),"",Yes,Predation in support without data,no,no,2023
Leporillus conditor (IUCN 2025) core source_claim,(Copley 1999b)_INCLUDE_NA_Predation in support_no_no,(IUCN 2025) core source_claim,Leporillus conditor,1,(Copley 1999b),"",Yes,Predation in support without data,no,no,2023
Leporillus conditor (IUCN 2025) core source_claim,(Short et al. 2019)_INCLUDE_NA_Predation in support_no_no,(IUCN 2025) core source_claim,Leporillus conditor,1,(Short et al. 2019),"",Yes,Predation in support without data,no,no,2023
Leporillus conditor (Medina et al. 2011) core source_claim,(Copley 1994)_EXCLUDE_0_Inaccessible_NA_NA,(Medina et al. 2011) core source_claim,Leporillus conditor,2,(Copley 1994),0,Not relevant,Inaccessible,"",no,2009
Leporillus conditor (Medina et al. 2011) core source_claim,(Robinson 1989)_EXCLUDE_0_Inaccessible_NA_NA,(Medina et al. 2011) core source_claim,Leporillus conditor,2,(Robinson 1989),0,Not relevant,Inaccessible,"",no,2009
Leporillus conditor (Radford et al. 2018) core source_claim,(Burbidge & Manly 2002)_EXCLUDE_1_Does not test claim_NA_NA,(Radford et al. 2018) core source_claim,Leporillus conditor,1,(Burbidge & Manly 2002),"",Not relevant,Does not test claim,"",no,2016
Leporillus conditor (Radford et al. 2018) core source_claim,(Burbidge 2001)_EXCLUDE_0_Inaccessible_NA_NA,(Radford et al. 2018) core source_claim,Leporillus conditor,1,(Burbidge 2001),0,Not relevant,Inaccessible,"",no,2016
Leporillus conditor (Radford et al. 2018) core source_claim,(Dickman et al. 1993)_EXCLUDE_1_Opinion claim_NA_NA,(Radford et al. 2018) core source_claim,Leporillus conditor,1,(Dickman et al. 1993),"",Not relevant,Opinion claim,"",no,2016
Leporillus conditor (Radford et al. 2018) core source_claim,(Moseby et al. 2011)_EXCLUDE_1_No claim_NA_NA,(Radford et al. 2018) core source_claim,Leporillus conditor,1,(Moseby et al. 2011),"",Not relevant,No claim,"",no,2016
Leporillus conditor (Wallach & Lundgren 2025)_external review without claim,(Copley 1999a)_INCLUDE_NA_Predation in support_no_no,(Wallach & Lundgren 2025)_external review without claim,Leporillus conditor,1,(Copley 1999a),"",Yes,Predation in support without data,no,no,2022
Leporillus conditor (Wallach & Lundgren 2025)_external review without claim,(Copley 1999b)_INCLUDE_NA_Predation in support_no_no,(Wallach & Lundgren 2025)_external review without claim,Leporillus conditor,1,(Copley 1999b),"",Yes,Predation in support without data,no,no,2022
Leporillus conditor (Wallach & Lundgren 2025)_external review without claim,(Short et al. 2019)_INCLUDE_NA_Predation in support_no_no,(Wallach & Lundgren 2025)_external review without claim,Leporillus conditor,1,(Short et al. 2019),"",Yes,Predation in support without data,no,no,2022
Leporillus conditor (Woinarski et al. 2014) core source_claim,(Burbidge & Manly 2002)_EXCLUDE_1_Does not test claim_NA_NA,(Woinarski et al. 2014) core source_claim,Leporillus conditor,1,(Burbidge & Manly 2002),"",Not relevant,Does not test claim,"",no,2013
Leporillus conditor Web of Science_Systematic external review,(Copley 1999a)_INCLUDE_NA_Predation in support_no_no,Web of Science_Systematic external review,Leporillus conditor,1,(Copley 1999a),"",Yes,Predation in support without data,no,no,2025
Leporillus conditor Web of Science_Systematic external review,(Copley 1999b)_INCLUDE_NA_Predation in support_no_no,Web of Science_Systematic external review,Leporillus conditor,1,(Copley 1999b),"",Yes,Predation in support without data,no,no,2025
Leporillus conditor Web of Science_Systematic external review,(Pedler et al. 2018)_EXCLUDE_1_No claim_NA_NA,Web of Science_Systematic external review,Leporillus conditor,1,(Pedler et al. 2018),"",Not relevant,No claim,"",no,2025
Leporillus conditor Web of Science_Systematic external review,(Short et al. 2018)_EXCLUDE_1_No claim_NA_NA,Web of Science_Systematic external review,Leporillus conditor,1,(Short et al. 2018),"",Not relevant,No claim,"",no,2025
Leporillus conditor Web of Science_Systematic external review,(Short et al. 2019)_INCLUDE_NA_Predation in support_no_no,Web of Science_Systematic external review,Leporillus conditor,1,(Short et al. 2019),"",Yes,Predation in support without data,no,no,2025
Leptonycteris nivalis (Doherty et al. 2016) core source_claim,(USFWS 2000)_EXCLUDE_0_Inaccessible_NA_NA,(Doherty et al. 2016) core source_claim,Leptonycteris nivalis,2,(USFWS 2000),0,Not relevant,Inaccessible,"",no,2014
Leptonycteris nivalis (IUCN 2025) core source_claim,(USFWS 2000)_EXCLUDE_0_Inaccessible_NA_NA,(IUCN 2025) core source_claim,Leptonycteris nivalis,1,(USFWS 2000),0,Not relevant,Inaccessible,"",no,2014
Leptonycteris nivalis (Oedin et al. 2021) core source_claim,NOTHING_EXCLUDE_NA_No citation given_NA_NA Leptonycteris nivalis,(Oedin et al. 2021) core source_claim,Leptonycteris nivalis,1,NOTHING NA Leptonycteris nivalis,"",Not relevant,No citation given,"",no,2019
Leptotila wellsi (Doherty et al. 2016) core source_claim,NOTHING_EXCLUDE_NA_No citation given_NA_NA Leptotila wellsi,(Doherty et al. 2016) core source_claim,Leptotila wellsi,2,NOTHING NA Leptotila wellsi,"",Not relevant,No citation given,"",no,2014
Leptotila wellsi (IUCN 2025) core source_claim,NOTHING_EXCLUDE_NA_No citation given_NA_NA Leptotila wellsi,(IUCN 2025) core source_claim,Leptotila wellsi,1,NOTHING NA Leptotila wellsi,"",Not relevant,No citation given,"",no,2020
Lerista lineata (IUCN 2025) core source_claim,(Doherty et al. 2015)_EXCLUDE_1_No claim_NA_NA,(IUCN 2025) core source_claim,Lerista lineata,1,(Doherty et al. 2015),"",Not relevant,No claim,"",no,2016
Lerista puncticauda (IUCN 2025) core source_claim,(McGregor et al. 2015)_EXCLUDE_1_No claim_NA_NA,(IUCN 2025) core source_claim,Lerista puncticauda,1,(McGregor et al. 2015),"",Not relevant,No claim,"",no,2016
Lerista puncticauda (IUCN 2025) core source_claim,J. Woinarski pers. comm. 2017_EXCLUDE_0_Inaccessible_NA_NA,(IUCN 2025) core source_claim,Lerista puncticauda,1,J. Woinarski pers. comm. 2017,0,Not relevant,Inaccessible,"",no,2016
Leucocarbo campbelli (IUCN 2025) core source_claim,NOTHING_EXCLUDE_NA_No citation given_NA_NA Leucocarbo campbelli,(IUCN 2025) core source_claim,Leucocarbo campbelli,1,NOTHING NA Leucocarbo campbelli,"",Not relevant,No citation given,"",no,2017
Leucocarbo colensoi (IUCN 2025) core source_claim,(Taylor 2000)_EXCLUDE_0_Opinion claim_NA_NA,(IUCN 2025) core source_claim,Leucocarbo colensoi,1,(Taylor 2000),"",Not relevant,Opinion claim,"",no,2017
Leucocarbo colensoi (IUCN 2025) core source_claim,G. A. Taylor in litt. 1994_EXCLUDE_0_Inaccessible_NA_NA,(IUCN 2025) core source_claim,Leucocarbo colensoi,1,G. A. Taylor in litt. 1994,0,Not relevant,Inaccessible,"",no,2017
Leucocarbo onslowi (IUCN 2025) core source_claim,NOTHING_EXCLUDE_NA_No citation given_NA_NA Leucocarbo onslowi,(IUCN 2025) core source_claim,Leucocarbo onslowi,1,NOTHING NA Leucocarbo onslowi,"",Not relevant,No citation given,"",no,2017
Lewinia muelleri (IUCN 2025) core source_claim,NOTHING_EXCLUDE_NA_No citation given_NA_NA Lewinia muelleri,(IUCN 2025) core source_claim,Lewinia muelleri,1,NOTHING NA Lewinia muelleri,"",Not relevant,No citation given,"",no,2020
Lewinia muelleri Opportunistic_Systematic external review,(Miskelly et al. 2020)_EXCLUDE_1_Opinion claim_NA_NA,Opportunistic_Systematic external review,Lewinia muelleri,1,(Miskelly et al. 2020),"",Not relevant,Opinion claim,"",no,2025
Liolaemus martorii (IUCN 2025) core source_claim,NOTHING_EXCLUDE_NA_No citation given_NA_NA Liolaemus martorii,(IUCN 2025) core source_claim,Liolaemus martorii,1,NOTHING NA Liolaemus martorii,"",Not relevant,No citation given,"",no,2013
Liophidium mayottensis (IUCN 2025) core source_claim,(Augros & Hawlitschek 2019)_EXCLUDE_0_Not in English or Spanish_NA_NA,(IUCN 2025) core source_claim,Liophidium mayottensis,1,(Augros & Hawlitschek 2019),"",Not relevant,Not in English or Spanish,"",no,2019
Liophidium mayottensis (IUCN 2025) core source_claim,(Hawlitschek et al. 2011)_EXCLUDE_1_No claim_NA_NA,(IUCN 2025) core source_claim,Liophidium mayottensis,1,(Hawlitschek et al. 2011),"",Not relevant,No claim,"",no,2019
Liopholis guthega (IUCN 2025) core source_claim,(Environment 2025)_EXCLUDE_0_Opinion claim_NA_NA,(IUCN 2025) core source_claim,Liopholis guthega,1,(Environment 2025),"",Not relevant,Opinion claim,"",no,2016
Liopholis kintorei (IUCN 2025) core source_claim,(McAlpin 2001)_INCLUDE_NA_Predation in support_no_no,(IUCN 2025) core source_claim,Liopholis kintorei,1,(McAlpin 2001),"",Yes,Predation in support without data,no,no,2016
Liopholis kintorei (IUCN 2025) core source_claim,R. Paltridge pers. comm. 2017_EXCLUDE_0_Inaccessible_NA_NA,(IUCN 2025) core source_claim,Liopholis kintorei,1,R. Paltridge pers. comm. 2017,0,Not relevant,Inaccessible,"",no,2016
Liopholis kintorei Web of Science_Systematic external review,(Eifler & Eifler 2025)_EXCLUDE_1_Opinion claim_NA_NA,Web of Science_Systematic external review,Liopholis kintorei,1,(Eifler & Eifler 2025),"",Not relevant,Opinion claim,"",no,2025
Liopholis kintorei Web of Science_Systematic external review,(Moore et al. 2018)_INCLUDE_NA_Predation in support_no_no,Web of Science_Systematic external review,Liopholis kintorei,1,(Moore et al. 2018),"",Yes,Predation in support without data,no,no,2025
Lioscincus steindachneri (Doherty et al. 2016) core source_claim,(Palmas et al. 2017)_INCLUDE_NA_Predation in support_no_no,(Doherty et al. 2016) core source_claim,Lioscincus steindachneri,2,(Palmas et al. 2017),"",Yes,Predation in support without data,no,no,2014
Lioscincus steindachneri (IUCN 2025) core source_claim,(Palmas et al. 2017)_INCLUDE_NA_Predation in support_no_no,(IUCN 2025) core source_claim,Lioscincus steindachneri,1,(Palmas et al. 2017),"",Yes,Predation in support without data,no,no,2016
Lioscincus vivae (Doherty et al. 2016) core source_claim,(Palmas et al. 2017)_INCLUDE_NA_Predation in support_no_no,(Doherty et al. 2016) core source_claim,Lioscincus vivae,2,(Palmas et al. 2017),"",Yes,Predation in support without data,no,no,2014
Lioscincus vivae (IUCN 2025) core source_claim,(Palmas et al. 2017)_INCLUDE_NA_Predation in support_no_no,(IUCN 2025) core source_claim,Lioscincus vivae,1,(Palmas et al. 2017),"",Yes,Predation in support without data,no,no,2016
Litoria kroombitensis (IUCN 2025) core source_claim,Hines pers. comm. 2017_EXCLUDE_0_Inaccessible_NA_NA,(IUCN 2025) core source_claim,Litoria kroombitensis,1,Hines pers. comm. 2017,0,Not relevant,Inaccessible,"",no,2019
Litoria littlejohni (IUCN 2025) core source_claim,NOTHING_EXCLUDE_NA_No citation given_NA_NA Litoria littlejohni,(IUCN 2025) core source_claim,Litoria littlejohni,1,NOTHING NA Litoria littlejohni,"",Not relevant,No citation given,"",no,2020
Litoria raniformis (IUCN 2025) core source_claim,NOTHING_EXCLUDE_NA_No citation given_NA_NA Litoria raniformis,(IUCN 2025) core source_claim,Litoria raniformis,1,NOTHING NA Litoria raniformis,"",Not relevant,No citation given,"",no,2021
Litoria raniformis Web of Science_Systematic external review,(Flux 2007)_INCLUDE_NA_Predation in support_no_no,Web of Science_Systematic external review,Litoria raniformis,1,(Flux 2007),"",Yes,Predation in support without data,no,no,2025
Litoria watsoni (IUCN 2025) core source_claim,(Threatened Species Scientific Committee 2021)_EXCLUDE_0_Opinion claim_NA_NA,(IUCN 2025) core source_claim,Litoria watsoni,1,(Threatened Species Scientific Committee 2021),"",Not relevant,Opinion claim,"",no,2020
Lophotibis cristata (IUCN 2025) core source_claim,(Murphy et al. 2018)_INCLUDE_NA_Population in support_yes_yes,(IUCN 2025) core source_claim,Lophotibis cristata,1,(Murphy et al. 2018),"",Yes,Population in support with data of quality,yes,yes,2023
Loxioides bailleui (Doherty et al. 2016) core source_claim,(Banko et al. 2020)_EXCLUDE_0_Inaccessible_NA_NA,(Doherty et al. 2016) core source_claim,Loxioides bailleui,2,(Banko et al. 2020),0,Not relevant,Inaccessible,"",no,2014
Loxioides bailleui (Doherty et al. 2016) core source_claim,(Hess & Banko 2006)_INCLUDE_NA_Predation in support_no_no,(Doherty et al. 2016) core source_claim,Loxioides bailleui,1,(Hess & Banko 2006),"",Yes,Predation in support without data,no,no,2014
Loxioides bailleui (Doherty et al. 2016) core source_claim,(Pletschet & Kelly 1990)_INCLUDE_NA_Predation in support_no_no,(Doherty et al. 2016) core source_claim,Loxioides bailleui,1,(Pletschet & Kelly 1990),"",Yes,Predation in support without data,no,no,2014
Loxioides bailleui (Doherty et al. 2016) core source_claim,(Pratt et al. 1997)_INCLUDE_NA_Predation in support_no_no,(Doherty et al. 2016) core source_claim,Loxioides bailleui,1,(Pratt et al. 1997),"",Yes,Predation in support without data,no,no,2014
Loxioides bailleui (Doherty et al. 2016) core source_claim,(van Riper III 1980a)_INCLUDE_NA_Predation in support_no_no,(Doherty et al. 2016) core source_claim,Loxioides bailleui,2,(van Riper III 1980a),"",Yes,Predation in support without data,no,no,2014
Loxioides bailleui (Doherty et al. 2016) core source_claim,(van Riper III 1980b)_EXCLUDE_1_No claim_NA_NA,(Doherty et al. 2016) core source_claim,Loxioides bailleui,2,(van Riper III 1980b),"",Not relevant,No claim,"",no,2014
Loxioides bailleui (Doherty et al. 2016) core source_claim,"Biological Resources Division, unpubl._EXCLUDE_0_Inaccessible_NA_NA",(Doherty et al. 2016) core source_claim,Loxioides bailleui,2,"Biological Resources Division, unpubl.",0,Not relevant,Inaccessible,"",no,2014
Loxioides bailleui (IUCN 2025) core source_claim,(Banko et al. 2004)_EXCLUDE_0_Inaccessible_NA_NA,(IUCN 2025) core source_claim,Loxioides bailleui,2,(Banko et al. 2004),0,Not relevant,Inaccessible,"",no,2022
Loxioides bailleui (IUCN 2025) core source_claim,(Banko et al. 2009)_EXCLUDE_?_Inaccessible_NA_NA,(IUCN 2025) core source_claim,Loxioides bailleui,2,(Banko et al. 2009),?,Not relevant,Inaccessible,"",no,2022
Loxioides bailleui (IUCN 2025) core source_claim,(Banko et al. 2013)_EXCLUDE_1_No claim_NA_NA,(IUCN 2025) core source_claim,Loxioides bailleui,1,(Banko et al. 2013),"",Not relevant,No claim,"",no,2022
Loxioides bailleui (IUCN 2025) core source_claim,(Banko et al. 2014a)_INCLUDE_NA_Predation in support_no_no,(IUCN 2025) core source_claim,Loxioides bailleui,1,(Banko et al. 2014a),"",Yes,Predation in support without data,no,no,2022
Loxioides bailleui (IUCN 2025) core source_claim,(Banko et al. 2014b)_EXCLUDE_1_Opinion claim_NA_NA,(IUCN 2025) core source_claim,Loxioides bailleui,1,(Banko et al. 2014b),"",Not relevant,Opinion claim,"",no,2022
Loxioides bailleui (IUCN 2025) core source_claim,(Banko et al. 2020)_EXCLUDE_0_Inaccessible_NA_NA,(IUCN 2025) core source_claim,Loxioides bailleui,2,(Banko et al. 2020),0,Not relevant,Inaccessible,"",no,2022
Loxioides bailleui (IUCN 2025) core source_claim,(Hess & Banko 2006)_INCLUDE_NA_Predation in support_no_no,(IUCN 2025) core source_claim,Loxioides bailleui,1,(Hess & Banko 2006),"",Yes,Predation in support without data,no,no,2022
Loxioides bailleui (IUCN 2025) core source_claim,(Hess et al. 2004)_INCLUDE_NA_Predation in support_no_no,(IUCN 2025) core source_claim,Loxioides bailleui,2,(Hess et al. 2004),"",Yes,Predation in support without data,no,no,2022
Loxioides bailleui (IUCN 2025) core source_claim,(Pletschet & Kelly 1990)_INCLUDE_NA_Predation in support_no_no,(IUCN 2025) core source_claim,Loxioides bailleui,2,(Pletschet & Kelly 1990),"",Yes,Predation in support without data,no,no,2022
Loxioides bailleui (IUCN 2025) core source_claim,(Pratt et al. 1997)_INCLUDE_NA_Predation in support_no_no,(IUCN 2025) core source_claim,Loxioides bailleui,1,(Pratt et al. 1997),"",Yes,Predation in support without data,no,no,2022
Loxioides bailleui (IUCN 2025) core source_claim,(Snetsinger et al. 1994)_INCLUDE_NA_Predation not in support_no_no,(IUCN 2025) core source_claim,Loxioides bailleui,2,(Snetsinger et al. 1994),"",No,Predation not in support without data,no,no,2022
Loxioides bailleui (IUCN 2025) core source_claim,(van Riper III 1980a)_INCLUDE_NA_Predation in support_no_no,(IUCN 2025) core source_claim,Loxioides bailleui,2,(van Riper III 1980a),"",Yes,Predation in support without data,no,no,2022
Loxioides bailleui (IUCN 2025) core source_claim,(van Riper III 1980b)_EXCLUDE_1_No claim_NA_NA,(IUCN 2025) core source_claim,Loxioides bailleui,2,(van Riper III 1980b),"",Not relevant,No claim,"",no,2022
Loxioides bailleui (IUCN 2025) core source_claim,"Biological Resources Division, unpubl._EXCLUDE_0_Inaccessible_NA_NA",(IUCN 2025) core source_claim,Loxioides bailleui,2,"Biological Resources Division, unpubl.",0,Not relevant,Inaccessible,"",no,2022
Loxioides bailleui (IUCN 2025) core source_claim,H. Baker and P. Baker in litt. 1999_EXCLUDE_0_Inaccessible_NA_NA,(IUCN 2025) core source_claim,Loxioides bailleui,1,H. Baker and P. Baker in litt. 1999,0,Not relevant,Inaccessible,"",no,2022
Loxioides bailleui (IUCN 2025) core source_claim,P. Banko in litt. 2007_EXCLUDE_0_Inaccessible_NA_NA,(IUCN 2025) core source_claim,Loxioides bailleui,1,P. Banko in litt. 2007,0,Not relevant,Inaccessible,"",no,2022
Loxioides bailleui (IUCN 2025) core source_claim,T. Pratt in litt. 1999_EXCLUDE_0_Inaccessible_NA_NA,(IUCN 2025) core source_claim,Loxioides bailleui,1,T. Pratt in litt. 1999,0,Not relevant,Inaccessible,"",no,2022
Loxioides bailleui (Medina et al. 2011) core source_claim,(Pletschet & Kelly 1990)_INCLUDE_NA_Predation in support_no_no,(Medina et al. 2011) core source_claim,Loxioides bailleui,1,(Pletschet & Kelly 1990),"",Yes,Predation in support without data,no,no,2009
Loxioides bailleui (Medina et al. 2011) core source_claim,(Pratt et al. 1997)_INCLUDE_NA_Predation in support_no_no,(Medina et al. 2011) core source_claim,Loxioides bailleui,2,(Pratt et al. 1997),"",Yes,Predation in support without data,no,no,2009
Loxioides bailleui (Medina et al. 2011) core source_claim,(Winter & Wallace 2006)_EXCLUDE_0_Opinion claim_NA_NA,(Medina et al. 2011) core source_claim,Loxioides bailleui,1,(Winter & Wallace 2006),"",Not relevant,Opinion claim,"",no,2009
Loxioides bailleui (Medina et al. 2011) core source_claim,(van Riper III 1980a)_INCLUDE_NA_Predation in support_no_no,(Medina et al. 2011) core source_claim,Loxioides bailleui,3,(van Riper III 1980a),"",Yes,Predation in support without data,no,no,2009
Loxioides bailleui (Medina et al. 2011) core source_claim,"Biological Resources Division, unpubl._EXCLUDE_0_Inaccessible_NA_NA",(Medina et al. 2011) core source_claim,Loxioides bailleui,3,"Biological Resources Division, unpubl.",0,Not relevant,Inaccessible,"",no,2009
Loxioides bailleui Web of Science_Systematic external review,(Amarasekare 1994)_INCLUDE_NA_Predation not in support_no_no,Web of Science_Systematic external review,Loxioides bailleui,1,(Amarasekare 1994),"",No,Predation not in support without data,no,no,2025
Loxioides bailleui Web of Science_Systematic external review,(Banko et al. 2020)_EXCLUDE_0_Inaccessible_NA_NA,Web of Science_Systematic external review,Loxioides bailleui,2,(Banko et al. 2020),0,Not relevant,Inaccessible,"",no,2025
Loxioides bailleui Web of Science_Systematic external review,(Pletschet & Kelly 1990)_INCLUDE_NA_Predation in support_no_no,Web of Science_Systematic external review,Loxioides bailleui,2,(Pletschet & Kelly 1990),"",Yes,Predation in support without data,no,no,2025
Loxioides bailleui Web of Science_Systematic external review,(Pratt et al. 1997)_INCLUDE_NA_Predation in support_no_no,Web of Science_Systematic external review,Loxioides bailleui,2,(Pratt et al. 1997),"",Yes,Predation in support without data,no,no,2025
Loxioides bailleui Web of Science_Systematic external review,(van Riper III 1980a)_INCLUDE_NA_Predation in support_no_no,Web of Science_Systematic external review,Loxioides bailleui,3,(van Riper III 1980a),"",Yes,Predation in support without data,no,no,2025
Loxioides bailleui Web of Science_Systematic external review,(van Riper III 1980b)_EXCLUDE_1_No claim_NA_NA,Web of Science_Systematic external review,Loxioides bailleui,2,(van Riper III 1980b),"",Not relevant,No claim,"",no,2025
Loxioides bailleui Web of Science_Systematic external review,"Biological Resources Division, unpubl._EXCLUDE_0_Inaccessible_NA_NA",Web of Science_Systematic external review,Loxioides bailleui,3,"Biological Resources Division, unpubl.",0,Not relevant,Inaccessible,"",no,2025
Loxops coccineus (Doherty et al. 2016) core source_claim,(Lepson & Freed 2020)_EXCLUDE_0_Inaccessible_NA_NA,(Doherty et al. 2016) core source_claim,Loxops coccineus,2,(Lepson & Freed 2020),0,Not relevant,Inaccessible,"",no,2014
Loxops coccineus (IUCN 2025) core source_claim,(Lepson & Freed 2020)_EXCLUDE_0_Inaccessible_NA_NA,(IUCN 2025) core source_claim,Loxops coccineus,1,(Lepson & Freed 2020),0,Not relevant,Inaccessible,"",no,2021
Loxops coccineus (Medina et al. 2011) core source_claim,(Winter & Wallace 2006)_EXCLUDE_0_Opinion claim_NA_NA,(Medina et al. 2011) core source_claim,Loxops coccineus,1,(Winter & Wallace 2006),"",Not relevant,Opinion claim,"",no,2009
Loxops ochraceus (IUCN 2025) core source_claim,(Lindsey et al. 2009)_EXCLUDE_?_Inaccessible_NA_NA,(IUCN 2025) core source_claim,Loxops ochraceus,1,(Lindsey et al. 2009),?,Not relevant,Inaccessible,"",no,2023
Lucasium occultum (IUCN 2025) core source_claim,(Leahy et al. 2015)_EXCLUDE_1_No claim_NA_NA,(IUCN 2025) core source_claim,Lucasium occultum,1,(Leahy et al. 2015),"",Not relevant,No claim,"",no,2016
Lucasium occultum (IUCN 2025) core source_claim,(McGregor et al. 2014)_EXCLUDE_1_No claim_NA_NA,(IUCN 2025) core source_claim,Lucasium occultum,1,(McGregor et al. 2014),"",Not relevant,No claim,"",no,2016
Lucasium occultum (IUCN 2025) core source_claim,(McGregor et al. 2015)_EXCLUDE_1_No claim_NA_NA,(IUCN 2025) core source_claim,Lucasium occultum,1,(McGregor et al. 2015),"",Not relevant,No claim,"",no,2016
Lucasium occultum (IUCN 2025) core source_claim,(McGregor et al. 2016)_EXCLUDE_1_No claim_NA_NA,(IUCN 2025) core source_claim,Lucasium occultum,1,(McGregor et al. 2016),"",Not relevant,No claim,"",no,2016
Lycodryas cococola (IUCN 2025) core source_claim,(Augros & Hawlitschek 2019)_EXCLUDE_0_Not in English or Spanish_NA_NA,(IUCN 2025) core source_claim,Lycodryas cococola,1,(Augros & Hawlitschek 2019),"",Not relevant,Not in English or Spanish,"",no,2019
Lycodryas cococola (IUCN 2025) core source_claim,(Hawlitschek et al. 2011)_EXCLUDE_1_No claim_NA_NA,(IUCN 2025) core source_claim,Lycodryas cococola,1,(Hawlitschek et al. 2011),"",Not relevant,No claim,"",no,2019
Lycodryas maculatus (IUCN 2025) core source_claim,(Augros & Hawlitschek 2019)_EXCLUDE_0_Not in English or Spanish_NA_NA,(IUCN 2025) core source_claim,Lycodryas maculatus,1,(Augros & Hawlitschek 2019),"",Not relevant,Not in English or Spanish,"",no,2019
Lycodryas maculatus (IUCN 2025) core source_claim,(Hawlitschek et al. 2011)_EXCLUDE_1_No claim_NA_NA,(IUCN 2025) core source_claim,Lycodryas maculatus,1,(Hawlitschek et al. 2011),"",Not relevant,No claim,"",no,2019
Lygodactylus insularis (IUCN 2025) core source_claim,(Sanchez 2015)_EXCLUDE_0_Not in English or Spanish_NA_NA,(IUCN 2025) core source_claim,Lygodactylus insularis,1,(Sanchez 2015),"",Not relevant,Not in English or Spanish,"",no,2018
Lyriocephalus scutatus (IUCN 2025) core source_claim,NOTHING_EXCLUDE_NA_No citation given_NA_NA Lyriocephalus scutatus,(IUCN 2025) core source_claim,Lyriocephalus scutatus,1,NOTHING NA Lyriocephalus scutatus,"",Not relevant,No citation given,"",no,2018
Mabuya cochonae (IUCN 2025) core source_claim,R. Gomès pers. comm. 2018_EXCLUDE_0_Inaccessible_NA_NA,(IUCN 2025) core source_claim,Mabuya cochonae,1,R. Gomès pers. comm. 2018,0,Not relevant,Inaccessible,"",no,2014
Mabuya cochonae Web of Science_Systematic external review,(Hedges & Conn 2012)_EXCLUDE_1_No claim_NA_NA,Web of Science_Systematic external review,Mabuya cochonae,1,(Hedges & Conn 2012),"",Not relevant,No claim,"",no,2025
Mabuya montserratae (IUCN 2025) core source_claim,NOTHING_EXCLUDE_NA_No citation given_NA_NA Mabuya montserratae,(IUCN 2025) core source_claim,Mabuya montserratae,1,NOTHING NA Mabuya montserratae,"",Not relevant,No citation given,"",no,2014
Mabuya montserratae Web of Science_Systematic external review,(Hedges & Conn 2012)_EXCLUDE_1_No claim_NA_NA,Web of Science_Systematic external review,Mabuya montserratae,1,(Hedges & Conn 2012),"",Not relevant,No claim,"",no,2025
Macrotarsomys ingens (Doherty et al. 2016) core source_claim,L. Dollar pers. comm._EXCLUDE_0_Inaccessible_NA_NA,(Doherty et al. 2016) core source_claim,Macrotarsomys ingens,2,L. Dollar pers. comm.,0,Not relevant,Inaccessible,"",no,2014
Macrotarsomys ingens (IUCN 2025) core source_claim,L. Dollar pers. comm._EXCLUDE_0_Inaccessible_NA_NA,(IUCN 2025) core source_claim,Macrotarsomys ingens,1,L. Dollar pers. comm.,0,Not relevant,Inaccessible,"",no,2015
Macrotis lagotis (Dickman 1996b) core source_claim,NOTHING_EXCLUDE_NA_No citation given_NA_NA Macrotis lagotis,(Dickman 1996b) core source_claim,Macrotis lagotis,1,NOTHING NA Macrotis lagotis,"",Not relevant,No citation given,"",no,1994
Macrotis lagotis (Doherty et al. 2016) core source_claim,(Moseby et al. 2011)_INCLUDE_NA_Predation in support_no_no,(Doherty et al. 2016) core source_claim,Macrotis lagotis,1,(Moseby et al. 2011),"",Yes,Predation in support without data,no,no,2014
Macrotis lagotis (Doherty et al. 2016) core source_claim,(Moseby et al. 2015)_INCLUDE_NA_Predation in support_no_no,(Doherty et al. 2016) core source_claim,Macrotis lagotis,1,(Moseby et al. 2015),"",Yes,Predation in support without data,no,no,2014
Macrotis lagotis (Doherty et al. 2016) core source_claim,(Moseby et al. 2015)_INCLUDE_NA_Predation not in support_no_no,(Doherty et al. 2016) core source_claim,Macrotis lagotis,1,(Moseby et al. 2015),"",No,Predation not in support without data,no,no,2014
Macrotis lagotis (Doherty et al. 2016) core source_claim,(Paltridge 2002)_INCLUDE_NA_Predation in support_no_no,(Doherty et al. 2016) core source_claim,Macrotis lagotis,1,(Paltridge 2002),"",Yes,Predation in support without data,no,no,2014
Macrotis lagotis (Doherty et al. 2016) core source_claim,(Pavey 2006)_EXCLUDE_0_Opinion claim_NA_NA,(Doherty et al. 2016) core source_claim,Macrotis lagotis,2,(Pavey 2006),"",Not relevant,Opinion claim,"",no,2014
Macrotis lagotis (Doherty et al. 2016) core source_claim,(Rich et al. 2014)_EXCLUDE_0_No claim_NA_NA,(Doherty et al. 2016) core source_claim,Macrotis lagotis,1,(Rich et al. 2014),"",Not relevant,No claim,"",no,2014
Macrotis lagotis (Doherty et al. 2016) core source_claim,K. Morris pers. comms._EXCLUDE_0_Inaccessible_NA_NA,(Doherty et al. 2016) core source_claim,Macrotis lagotis,2,K. Morris pers. comms.,0,Not relevant,Inaccessible,"",no,2014
Macrotis lagotis (Doherty et al. 2016) core source_claim,P. McRae pers. comm._EXCLUDE_0_Inaccessible_NA_NA,(Doherty et al. 2016) core source_claim,Macrotis lagotis,2,P. McRae pers. comm.,0,Not relevant,Inaccessible,"",no,2014
Macrotis lagotis (IUCN 2025) core source_claim,NOTHING_EXCLUDE_NA_No citation given_NA_NA Macrotis lagotis,(IUCN 2025) core source_claim,Macrotis lagotis,1,NOTHING NA Macrotis lagotis,"",Not relevant,No citation given,"",no,2014
Macrotis lagotis (Radford et al. 2018) core source_claim,(Moseby et al. 2011)_INCLUDE_NA_Predation in support_no_no,(Radford et al. 2018) core source_claim,Macrotis lagotis,1,(Moseby et al. 2011),"",Yes,Predation in support without data,no,no,2016
Macrotis lagotis (Wallach & Lundgren 2025)_external review without claim,(Doherty et al. 2015)_INCLUDE_NA_Predation in support_no_no,(Wallach & Lundgren 2025)_external review without claim,Macrotis lagotis,1,(Doherty et al. 2015),"",Yes,Predation in support without data,no,no,2022
Macrotis lagotis (Wallach & Lundgren 2025)_external review without claim,(Geyle et al. 2024)_INCLUDE_NA_Population not in support_yes_no,(Wallach & Lundgren 2025)_external review without claim,Macrotis lagotis,1,(Geyle et al. 2024),"",No,Population not in support with data,yes,no,2022
Macrotis lagotis (Wallach & Lundgren 2025)_external review without claim,(Lohr et al. 2021)_INCLUDE_NA_Predation in support_no_no,(Wallach & Lundgren 2025)_external review without claim,Macrotis lagotis,1,(Lohr et al. 2021),"",Yes,Predation in support without data,no,no,2022
Macrotis lagotis (Wallach & Lundgren 2025)_external review without claim,(Lohr et al. 2022)_INCLUDE_NA_Predation not in support_no_no,(Wallach & Lundgren 2025)_external review without claim,Macrotis lagotis,1,(Lohr et al. 2022),"",No,Predation not in support without data,no,no,2022
Macrotis lagotis (Wallach & Lundgren 2025)_external review without claim,(Moore et al. 2024)_INCLUDE_NA_Population not in support_yes_yes,(Wallach & Lundgren 2025)_external review without claim,Macrotis lagotis,1,(Moore et al. 2024),"",No,Population not in support with data of quality,yes,yes,2022
Macrotis lagotis (Wallach & Lundgren 2025)_external review without claim,(Moseby et al. 2011)_INCLUDE_NA_Population not in support_yes_no,(Wallach & Lundgren 2025)_external review without claim,Macrotis lagotis,1,(Moseby et al. 2011),"",No,Population not in support with data,yes,no,2022
Macrotis lagotis (Wallach & Lundgren 2025)_external review without claim,(Moseby et al. 2011)_INCLUDE_NA_Predation in support_no_no,(Wallach & Lundgren 2025)_external review without claim,Macrotis lagotis,1,(Moseby et al. 2011),"",Yes,Predation in support without data,no,no,2022
Macrotis lagotis (Wallach & Lundgren 2025)_external review without claim,(Moseby et al. 2012)_INCLUDE_NA_Predation in support_no_no,(Wallach & Lundgren 2025)_external review without claim,Macrotis lagotis,1,(Moseby et al. 2012),"",Yes,Predation in support without data,no,no,2022
Macrotis lagotis (Wallach & Lundgren 2025)_external review without claim,(Moseby et al. 2015)_INCLUDE_NA_Predation in support_no_no,(Wallach & Lundgren 2025)_external review without claim,Macrotis lagotis,1,(Moseby et al. 2015),"",Yes,Predation in support without data,no,no,2022
Macrotis lagotis (Wallach & Lundgren 2025)_external review without claim,(Moseby et al. 2015)_INCLUDE_NA_Predation not in support_no_no,(Wallach & Lundgren 2025)_external review without claim,Macrotis lagotis,1,(Moseby et al. 2015),"",No,Predation not in support without data,no,no,2022
Macrotis lagotis (Wallach & Lundgren 2025)_external review without claim,(Moseby et al. 2019)_INCLUDE_NA_Population not in support_yes_no,(Wallach & Lundgren 2025)_external review without claim,Macrotis lagotis,1,(Moseby et al. 2019),"",No,Population not in support with data,yes,no,2022
Macrotis lagotis (Wallach & Lundgren 2025)_external review without claim,(Murphy et al. 2019)_INCLUDE_NA_Predation in support_no_no,(Wallach & Lundgren 2025)_external review without claim,Macrotis lagotis,1,(Murphy et al. 2019),"",Yes,Predation in support without data,no,no,2022
Macrotis lagotis (Wallach & Lundgren 2025)_external review without claim,(Paltridge 2002)_INCLUDE_NA_Predation in support_no_no,(Wallach & Lundgren 2025)_external review without claim,Macrotis lagotis,1,(Paltridge 2002),"",Yes,Predation in support without data,no,no,2022
Macrotis lagotis (Wallach & Lundgren 2025)_external review without claim,(Paltridge 2005)_INCLUDE_NA_Population not in support_yes_no,(Wallach & Lundgren 2025)_external review without claim,Macrotis lagotis,1,(Paltridge 2005),"",No,Population not in support with data,yes,no,2022
Macrotis lagotis (Wallach & Lundgren 2025)_external review without claim,(Paltridge 2005)_INCLUDE_NA_Predation in support_no_no,(Wallach & Lundgren 2025)_external review without claim,Macrotis lagotis,1,(Paltridge 2005),"",Yes,Predation in support without data,no,no,2022
Macrotis lagotis (Wallach & Lundgren 2025)_external review without claim,(Paltridge et al. 2020)_INCLUDE_NA_Population in support_no_no,(Wallach & Lundgren 2025)_external review without claim,Macrotis lagotis,1,(Paltridge et al. 2020),"",Yes,Population in support without data,no,no,2022
Macrotis lagotis (Wallach & Lundgren 2025)_external review without claim,(Paltridge et al. 2020)_INCLUDE_NA_Predation not in support_no_no,(Wallach & Lundgren 2025)_external review without claim,Macrotis lagotis,1,(Paltridge et al. 2020),"",No,Predation not in support without data,no,no,2022
Macrotis lagotis (Wallach & Lundgren 2025)_external review without claim,(Richards 2012a)_INCLUDE_NA_Population not in support_no_no,(Wallach & Lundgren 2025)_external review without claim,Macrotis lagotis,1,(Richards 2012a),"",No,Population not in support without data,no,no,2022
Macrotis lagotis (Wallach & Lundgren 2025)_external review without claim,(Southgate et al. 2007)_INCLUDE_NA_Population not in support_yes_yes,(Wallach & Lundgren 2025)_external review without claim,Macrotis lagotis,1,(Southgate et al. 2007),"",No,Population not in support with data of quality,yes,yes,2022
Macrotis lagotis (Wallach & Lundgren 2025)_external review without claim,(Wysong 2016)_INCLUDE_NA_Predation in support_no_no,(Wallach & Lundgren 2025)_external review without claim,Macrotis lagotis,1,(Wysong 2016),"",Yes,Predation in support without data,no,no,2022
Macrotis lagotis (Woinarski et al. 2014) core source_claim,(Pavey 2006)_EXCLUDE_0_Opinion claim_NA_NA,(Woinarski et al. 2014) core source_claim,Macrotis lagotis,1,(Pavey 2006),"",Not relevant,Opinion claim,"",no,2013
Macrotis lagotis (Woinarski et al. 2014) core source_claim,K. Morris pers. comms._EXCLUDE_0_Inaccessible_NA_NA,(Woinarski et al. 2014) core source_claim,Macrotis lagotis,1,K. Morris pers. comms.,0,Not relevant,Inaccessible,"",no,2013
Macrotis lagotis (Woinarski et al. 2014) core source_claim,P. McRae pers. comm._EXCLUDE_0_Inaccessible_NA_NA,(Woinarski et al. 2014) core source_claim,Macrotis lagotis,1,P. McRae pers. comm.,0,Not relevant,Inaccessible,"",no,2013
Macrotis lagotis Opportunistic_Systematic external review,(Geyle et al. 2025)_INCLUDE_NA_Population not in support_yes_yes,Opportunistic_Systematic external review,Macrotis lagotis,1,(Geyle et al. 2025),"",No,Population not in support with data of quality,yes,yes,2025
Macrotis lagotis Opportunistic_Systematic external review,(Hill et al. 2004)_EXCLUDE_0_Inaccessible_NA_NA,Opportunistic_Systematic external review,Macrotis lagotis,1,(Hill et al. 2004),0,Not relevant,Inaccessible,"",no,2025
Macrotis lagotis Web of Science_Systematic external review,(Augusteyn et al. 2021)_EXCLUDE_1_No claim_NA_NA,Web of Science_Systematic external review,Macrotis lagotis,1,(Augusteyn et al. 2021),"",Not relevant,No claim,"",no,2025
Macrotis lagotis Web of Science_Systematic external review,(Berris et al. 2020)_EXCLUDE_1_No claim_NA_NA,Web of Science_Systematic external review,Macrotis lagotis,1,(Berris et al. 2020),"",Not relevant,No claim,"",no,2025
Macrotis lagotis Web of Science_Systematic external review,(Blumstein et al. 2019)_EXCLUDE_1_No claim_NA_NA,Web of Science_Systematic external review,Macrotis lagotis,1,(Blumstein et al. 2019),"",Not relevant,No claim,"",no,2025
Macrotis lagotis Web of Science_Systematic external review,(Chen et al. 2024)_EXCLUDE_1_No claim_NA_NA,Web of Science_Systematic external review,Macrotis lagotis,1,(Chen et al. 2024),"",Not relevant,No claim,"",no,2025
Macrotis lagotis Web of Science_Systematic external review,(Dawson et al. 2018)_EXCLUDE_1_No claim_NA_NA,Web of Science_Systematic external review,Macrotis lagotis,1,(Dawson et al. 2018),"",Not relevant,No claim,"",no,2025
Macrotis lagotis Web of Science_Systematic external review,(Helmstedt et al. 2014)_EXCLUDE_1_No claim_NA_NA,Web of Science_Systematic external review,Macrotis lagotis,1,(Helmstedt et al. 2014),"",Not relevant,No claim,"",no,2025
Macrotis lagotis Web of Science_Systematic external review,(Lohr et al. 2022)_INCLUDE_NA_Predation not in support_no_no,Web of Science_Systematic external review,Macrotis lagotis,1,(Lohr et al. 2022),"",No,Predation not in support without data,no,no,2025
Macrotis lagotis Web of Science_Systematic external review,(Lollback et al. 2018)_EXCLUDE_1_No claim_NA_NA,Web of Science_Systematic external review,Macrotis lagotis,1,(Lollback et al. 2018),"",Not relevant,No claim,"",no,2025
Macrotis lagotis Web of Science_Systematic external review,(Moore et al. 2024)_INCLUDE_NA_Population not in support_yes_yes,Web of Science_Systematic external review,Macrotis lagotis,1,(Moore et al. 2024),"",No,Population not in support with data of quality,yes,yes,2025
Macrotis lagotis Web of Science_Systematic external review,(Moseby et al. 2012)_INCLUDE_NA_Predation in support_no_no,Web of Science_Systematic external review,Macrotis lagotis,1,(Moseby et al. 2012),"",Yes,Predation in support without data,no,no,2025
Macrotis lagotis Web of Science_Systematic external review,(Paltridge 2002)_INCLUDE_NA_Predation in support_no_no,Web of Science_Systematic external review,Macrotis lagotis,1,(Paltridge 2002),"",Yes,Predation in support without data,no,no,2025
Macrotis lagotis Web of Science_Systematic external review,(Read et al. 2019b)_EXCLUDE_1_No claim_NA_NA,Web of Science_Systematic external review,Macrotis lagotis,1,(Read et al. 2019b),"",Not relevant,No claim,"",no,2025
Macrotis lagotis Web of Science_Systematic external review,(Ross et al. 2019a)_EXCLUDE_1_No claim_NA_NA,Web of Science_Systematic external review,Macrotis lagotis,1,(Ross et al. 2019a),"",Not relevant,No claim,"",no,2025
Macrotis lagotis Web of Science_Systematic external review,(Steindler & Letnic 2021)_EXCLUDE_1_No claim_NA_NA,Web of Science_Systematic external review,Macrotis lagotis,1,(Steindler & Letnic 2021),"",Not relevant,No claim,"",no,2025
Macrotis lagotis Web of Science_Systematic external review,(Steindler et al. 2018)_EXCLUDE_1_No claim_NA_NA,Web of Science_Systematic external review,Macrotis lagotis,1,(Steindler et al. 2018),"",Not relevant,No claim,"",no,2025
Macrotis lagotis Web of Science_Systematic external review,(Van der Weyde et al. 2023)_EXCLUDE_1_No claim_NA_NA,Web of Science_Systematic external review,Macrotis lagotis,1,(Van der Weyde et al. 2023),"",Not relevant,No claim,"",no,2025
Macrotis lagotis Web of Science_Systematic external review,(Vernes et al. 2021a)_EXCLUDE_1_No claim_NA_NA,Web of Science_Systematic external review,Macrotis lagotis,1,(Vernes et al. 2021a),"",Not relevant,No claim,"",no,2025
Macrotis leucura (Doherty et al. 2016) core source_claim,(Abbott 2002)_EXCLUDE_1_No claim_NA_NA,(Doherty et al. 2016) core source_claim,Macrotis leucura,2,(Abbott 2002),"",Not relevant,No claim,"",no,2014
Macrotis leucura (Doherty et al. 2016) core source_claim,(Dickman 1996b) core source_EXCLUDE_NA_No claim,(Doherty et al. 2016) core source_claim,Macrotis leucura,2,(Dickman 1996b) core source,,Not relevant,No claim,"",no,2014
Macrotis leucura (IUCN 2025) core source_claim,(Dickman 1996b) core source_EXCLUDE_NA_No claim,(IUCN 2025) core source_claim,Macrotis leucura,1,(Dickman 1996b) core source,,Not relevant,No claim,"",no,2011
Macrotis leucura (Woinarski et al. 2014) core source_claim,(Abbott 2002)_EXCLUDE_1_No claim_NA_NA,(Woinarski et al. 2014) core source_claim,Macrotis leucura,1,(Abbott 2002),"",Not relevant,No claim,"",no,2013
Macrotis leucura (Woinarski et al. 2014) core source_claim,(Dickman 1996b) core source_EXCLUDE_NA_No claim,(Woinarski et al. 2014) core source_claim,Macrotis leucura,1,(Dickman 1996b) core source,,Not relevant,No claim,"",no,2013
Macrotis leucura Web of Science_Systematic external review,(Vernes et al. 2021a)_EXCLUDE_1_No claim_NA_NA,Web of Science_Systematic external review,Macrotis leucura,1,(Vernes et al. 2021a),"",Not relevant,No claim,"",no,2025
Magumma parva (IUCN 2025) core source_claim,(Hammond et al. 2016)_EXCLUDE_1_Opinion claim_NA_NA,(IUCN 2025) core source_claim,Magumma parva,1,(Hammond et al. 2016),"",Not relevant,Opinion claim,"",no,2021
Magumma parva (IUCN 2025) core source_claim,(Lepson 2020)_EXCLUDE_0_Inaccessible_NA_NA,(IUCN 2025) core source_claim,Magumma parva,1,(Lepson 2020),0,Not relevant,Inaccessible,"",no,2021
Marmorosphax kaala (Doherty et al. 2016) core source_claim,NOTHING_EXCLUDE_NA_No citation given_NA_NA Marmorosphax kaala,(Doherty et al. 2016) core source_claim,Marmorosphax kaala,2,NOTHING NA Marmorosphax kaala,"",Not relevant,No citation given,"",no,2014
Marmorosphax kaala (IUCN 2025) core source_claim,NOTHING_EXCLUDE_NA_No citation given_NA_NA Marmorosphax kaala,(IUCN 2025) core source_claim,Marmorosphax kaala,1,NOTHING NA Marmorosphax kaala,"",Not relevant,No citation given,"",no,2016
Marmorosphax montana (Doherty et al. 2016) core source_claim,(Palmas et al. In preparation)_EXCLUDE_0_Inaccessible_NA_NA,(Doherty et al. 2016) core source_claim,Marmorosphax montana,2,(Palmas et al. In preparation),0,Not relevant,Inaccessible,"",no,2014
Marmorosphax montana (IUCN 2025) core source_claim,(Palmas et al. In preparation)_EXCLUDE_0_Inaccessible_NA_NA,(IUCN 2025) core source_claim,Marmorosphax montana,1,(Palmas et al. In preparation),0,Not relevant,Inaccessible,"",no,2016
Marmorosphax taom (Doherty et al. 2016) core source_claim,(Palmas et al. 2017)_INCLUDE_NA_Predation in support_no_no,(Doherty et al. 2016) core source_claim,Marmorosphax taom,2,(Palmas et al. 2017),"",Yes,Predation in support without data,no,no,2014
Marmorosphax taom (IUCN 2025) core source_claim,(Palmas et al. 2017)_INCLUDE_NA_Predation in support_no_no,(IUCN 2025) core source_claim,Marmorosphax taom,1,(Palmas et al. 2017),"",Yes,Predation in support without data,no,no,2016
Marmorosphax taom Web of Science_Systematic external review,(Thibault et al. 2017)_EXCLUDE_1_No claim_NA_NA,Web of Science_Systematic external review,Marmorosphax taom,1,(Thibault et al. 2017),"",Not relevant,No claim,"",no,2025
Mascarenotus murivorus (Hume 2017) core source_claim,NOTHING_EXCLUDE_NA_No citation given_NA_NA Mascarenotus murivorus,(Hume 2017) core source_claim,Mascarenotus murivorus,1,NOTHING NA Mascarenotus murivorus,"",Not relevant,No citation given,"",no,2016
Mascarenotus murivorus (IUCN 2025) core source_claim,NOTHING_EXCLUDE_NA_No citation given_NA_NA Mascarenotus murivorus,(IUCN 2025) core source_claim,Mascarenotus murivorus,2,NOTHING NA Mascarenotus murivorus,"",Not relevant,No citation given,"",no,2023
Mastacomys fuscus (IUCN 2025) core source_claim,(Milner et al. 2015)_EXCLUDE_0_No claim_NA_NA,(IUCN 2025) core source_claim,Mastacomys fuscus,1,(Milner et al. 2015),"",Not relevant,No claim,"",no,2014
Mastacomys fuscus (IUCN 2025) core source_claim,L. Broome pers. comm._EXCLUDE_0_Inaccessible_NA_NA,(IUCN 2025) core source_claim,Mastacomys fuscus,1,L. Broome pers. comm.,0,Not relevant,Inaccessible,"",no,2014
Mastacomys fuscus (Radford et al. 2018) core source_claim,(Green 2002)_EXCLUDE_1_No claim_NA_NA,(Radford et al. 2018) core source_claim,Mastacomys fuscus,1,(Green 2002),"",Not relevant,No claim,"",no,2016
Mastacomys fuscus (Wallach & Lundgren 2025)_external review without claim,(Doherty et al. 2015)_INCLUDE_NA_Predation in support_no_no,(Wallach & Lundgren 2025)_external review without claim,Mastacomys fuscus,1,(Doherty et al. 2015),"",Yes,Predation in support without data,no,no,2022
Mastacomys fuscus (Woinarski et al. 2014) core source_claim,(Milner et al. 2015)_EXCLUDE_0_No claim_NA_NA,(Woinarski et al. 2014) core source_claim,Mastacomys fuscus,2,(Milner et al. 2015),"",Not relevant,No claim,"",no,2013
Mastacomys fuscus (Woinarski et al. 2014) core source_claim,L. Broome pers. comm._EXCLUDE_0_Inaccessible_NA_NA,(Woinarski et al. 2014) core source_claim,Mastacomys fuscus,2,L. Broome pers. comm.,0,Not relevant,Inaccessible,"",no,2013
Mastacomys fuscus Web of Science_Systematic external review,(Hocking & Guiler 1983)_EXCLUDE_1_No claim_NA_NA,Web of Science_Systematic external review,Mastacomys fuscus,1,(Hocking & Guiler 1983),"",Not relevant,No claim,"",no,2025
Mastacomys fuscus Web of Science_Systematic external review,(Smith & Quin 1996)_EXCLUDE_1_No claim_NA_NA,Web of Science_Systematic external review,Mastacomys fuscus,1,(Smith & Quin 1996),"",Not relevant,No claim,"",no,2025
Megadyptes antipodes (Doherty et al. 2016) core source_claim,(Conservation 1991)_EXCLUDE_0_Inaccessible_NA_NA,(Doherty et al. 2016) core source_claim,Megadyptes antipodes,2,(Conservation 1991),0,Not relevant,Inaccessible,"",no,2014
Megadyptes antipodes (Doherty et al. 2016) core source_claim,(Darby et al. 1990)_INCLUDE_NA_Predation in support_no_no,(Doherty et al. 2016) core source_claim,Megadyptes antipodes,1,(Darby et al. 1990),"",Yes,Predation in support without data,no,no,2014
Megadyptes antipodes (Doherty et al. 2016) core source_claim,(Massaro & Blair 2003)_INCLUDE_NA_Population in support_yes_no,(Doherty et al. 2016) core source_claim,Megadyptes antipodes,1,(Massaro & Blair 2003),"",Yes,Population in support with data,yes,no,2014
Megadyptes antipodes (Doherty et al. 2016) core source_claim,(Moller et al. 1995)_EXCLUDE_0_Inaccessible_NA_NA,(Doherty et al. 2016) core source_claim,Megadyptes antipodes,2,(Moller et al. 1995),0,Not relevant,Inaccessible,"",no,2014
Megadyptes antipodes (IUCN 2025) core source_claim,NOTHING_EXCLUDE_NA_No citation given_NA_NA Megadyptes antipodes,(IUCN 2025) core source_claim,Megadyptes antipodes,1,NOTHING NA Megadyptes antipodes,"",Not relevant,No citation given,"",no,2019
Megadyptes antipodes (Medina et al. 2011) core source_claim,(Massaro & Blair 2003)_INCLUDE_NA_Population in support_yes_no,(Medina et al. 2011) core source_claim,Megadyptes antipodes,1,(Massaro & Blair 2003),"",Yes,Population in support with data,yes,no,2009
Megadyptes antipodes Web of Science_Systematic external review,(Alterio & Moller 1997)_INCLUDE_NA_Predation not in support_no_no,Web of Science_Systematic external review,Megadyptes antipodes,1,(Alterio & Moller 1997),"",No,Predation not in support without data,no,no,2025
Megadyptes antipodes Web of Science_Systematic external review,(Clapperton 2001)_EXCLUDE_1_No claim_NA_NA,Web of Science_Systematic external review,Megadyptes antipodes,2,(Clapperton 2001),"",Not relevant,No claim,"",no,2025
Megadyptes antipodes Web of Science_Systematic external review,(Darby et al. 1990)_INCLUDE_NA_Predation in support_no_no,Web of Science_Systematic external review,Megadyptes antipodes,2,(Darby et al. 1990),"",Yes,Predation in support without data,no,no,2025
Megadyptes antipodes Web of Science_Systematic external review,(Fechney et al. 1993)_EXCLUDE_0_Inaccessible_NA_NA,Web of Science_Systematic external review,Megadyptes antipodes,2,(Fechney et al. 1993),0,Not relevant,Inaccessible,"",no,2025
Megadyptes antipodes Web of Science_Systematic external review,(King et al. 2012)_INCLUDE_NA_Population in support_yes_no,Web of Science_Systematic external review,Megadyptes antipodes,1,(King et al. 2012),"",Yes,Population in support with data,yes,no,2025
Megadyptes antipodes Web of Science_Systematic external review,(King et al. 2012)_INCLUDE_NA_Predation not in support_no_no,Web of Science_Systematic external review,Megadyptes antipodes,1,(King et al. 2012),"",No,Predation not in support without data,no,no,2025
Megadyptes antipodes Web of Science_Systematic external review,(Massaro & Blair 2003)_INCLUDE_NA_Population in support_yes_no,Web of Science_Systematic external review,Megadyptes antipodes,1,(Massaro & Blair 2003),"",Yes,Population in support with data,yes,no,2025
Megadyptes antipodes Web of Science_Systematic external review,(Mayston 2001)_EXCLUDE_0_Inaccessible_NA_NA,Web of Science_Systematic external review,Megadyptes antipodes,3,(Mayston 2001),0,Not relevant,Inaccessible,"",no,2025
Megadyptes antipodes Web of Science_Systematic external review,(Moller et al. 1995)_EXCLUDE_0_Inaccessible_NA_NA,Web of Science_Systematic external review,Megadyptes antipodes,2,(Moller et al. 1995),0,Not relevant,Inaccessible,"",no,2025
Megadyptes antipodes Web of Science_Systematic external review,(Moller et al. 1996)_EXCLUDE_?_Inaccessible_NA_NA,Web of Science_Systematic external review,Megadyptes antipodes,2,(Moller et al. 1996),?,Not relevant,Inaccessible,"",no,2025
Megadyptes antipodes Web of Science_Systematic external review,(ODT 2001)_EXCLUDE_0_Inaccessible_NA_NA,Web of Science_Systematic external review,Megadyptes antipodes,3,(ODT 2001),0,Not relevant,Inaccessible,"",no,2025
Megadyptes antipodes Web of Science_Systematic external review,(Ratz 1997)_EXCLUDE_0_Inaccessible_NA_NA,Web of Science_Systematic external review,Megadyptes antipodes,2,(Ratz 1997),0,Not relevant,Inaccessible,"",no,2025
Megadyptes antipodes Web of Science_Systematic external review,(Ratz et al. 1992)_EXCLUDE_0_Inaccessible_NA_NA,Web of Science_Systematic external review,Megadyptes antipodes,2,(Ratz et al. 1992),0,Not relevant,Inaccessible,"",no,2025
Megadyptes antipodes Web of Science_Systematic external review,(Ratz et al. 1999)_INCLUDE_NA_Predation not in support_no_no,Web of Science_Systematic external review,Megadyptes antipodes,2,(Ratz et al. 1999),"",No,Predation not in support without data,no,no,2025
Megadyptes antipodes Web of Science_Systematic external review,(Ratz et al. 2004)_EXCLUDE_1_Opinion claim_NA_NA,Web of Science_Systematic external review,Megadyptes antipodes,2,(Ratz et al. 2004),"",Not relevant,Opinion claim,"",no,2025
Megadyptes antipodes Web of Science_Systematic external review,(Schaefer & Colombelli‐Négrel 2021)_EXCLUDE_1_No claim_NA_NA,Web of Science_Systematic external review,Megadyptes antipodes,1,(Schaefer & Colombelli‐Négrel 2021),"",Not relevant,No claim,"",no,2025
Megapodius bernsteinii (Doherty et al. 2016) core source_claim,(BirdLife International 2001)_EXCLUDE_0_No claim_NA_NA,(Doherty et al. 2016) core source_claim,Megapodius bernsteinii,2,(BirdLife International 2001),"",Not relevant,No claim,"",no,2014
Megapodius bernsteinii (Doherty et al. 2016) core source_claim,(Rheindt 2010)_EXCLUDE_0_No claim_NA_NA,(Doherty et al. 2016) core source_claim,Megapodius bernsteinii,2,(Rheindt 2010),"",Not relevant,No claim,"",no,2014
Megapodius bernsteinii (IUCN 2025) core source_claim,(BirdLife International 2001)_EXCLUDE_0_No claim_NA_NA,(IUCN 2025) core source_claim,Megapodius bernsteinii,1,(BirdLife International 2001),"",Not relevant,No claim,"",no,2020
Megapodius bernsteinii (IUCN 2025) core source_claim,(Rheindt 2010)_EXCLUDE_0_No claim_NA_NA,(IUCN 2025) core source_claim,Megapodius bernsteinii,1,(Rheindt 2010),"",Not relevant,No claim,"",no,2020
Megapodius laperouse (Doherty et al. 2016) core source_claim,(Dekker 1989)_EXCLUDE_1_No claim_NA_NA,(Doherty et al. 2016) core source_claim,Megapodius laperouse,2,(Dekker 1989),"",Not relevant,No claim,"",no,2014
Megapodius laperouse (Doherty et al. 2016) core source_claim,(Ludwig 1979)_EXCLUDE_0_Inaccessible_NA_NA,(Doherty et al. 2016) core source_claim,Megapodius laperouse,2,(Ludwig 1979),0,Not relevant,Inaccessible,"",no,2014
Megapodius laperouse (Doherty et al. 2016) core source_claim,(USFWS 1998a)_INCLUDE_NA_Predation in support_no_no,(Doherty et al. 2016) core source_claim,Megapodius laperouse,1,(USFWS 1998a),"",Yes,Predation in support without data,no,no,2014
Megapodius laperouse (IUCN 2025) core source_claim,(Dekker 1989)_EXCLUDE_1_No claim_NA_NA,(IUCN 2025) core source_claim,Megapodius laperouse,2,(Dekker 1989),"",Not relevant,No claim,"",no,2020
Megapodius laperouse (IUCN 2025) core source_claim,(Ludwig 1979)_EXCLUDE_0_Inaccessible_NA_NA,(IUCN 2025) core source_claim,Megapodius laperouse,2,(Ludwig 1979),0,Not relevant,Inaccessible,"",no,2020
Megapodius laperouse (IUCN 2025) core source_claim,(Pratt & Etpison 2008)_EXCLUDE_0_Inaccessible_NA_NA,(IUCN 2025) core source_claim,Megapodius laperouse,1,(Pratt & Etpison 2008),0,Not relevant,Inaccessible,"",no,2020
Megapodius laperouse (IUCN 2025) core source_claim,(Radley et al. 2021)_EXCLUDE_1_No claim_NA_NA,(IUCN 2025) core source_claim,Megapodius laperouse,1,(Radley et al. 2021),"",Not relevant,No claim,"",no,2020
Megapodius laperouse (IUCN 2025) core source_claim,(USFWS 1998a)_INCLUDE_NA_Predation in support_no_no,(IUCN 2025) core source_claim,Megapodius laperouse,1,(USFWS 1998a),"",Yes,Predation in support without data,no,no,2020
Megapodius laperouse (IUCN 2025) core source_claim,"T. Hall, pers. comm. 2020_EXCLUDE_0_Inaccessible_NA_NA",(IUCN 2025) core source_claim,Megapodius laperouse,1,"T. Hall, pers. comm. 2020",0,Not relevant,Inaccessible,"",no,2020
Megapodius laperouse (Medina et al. 2011) core source_claim,(BirdLife International 2000)_EXCLUDE_0_Inaccessible_NA_NA,(Medina et al. 2011) core source_claim,Megapodius laperouse,1,(BirdLife International 2000),0,Not relevant,Inaccessible,"",no,2009
Megapodius nicobariensis (Doherty et al. 2016) core source_claim,(Sivakumar 2010)_INCLUDE_NA_Predation in support_no_no,(Doherty et al. 2016) core source_claim,Megapodius nicobariensis,1,(Sivakumar 2010),"",Yes,Predation in support without data,no,no,2014
Megapodius nicobariensis (Doherty et al. 2016) core source_claim,K. Sivakumar in litt. 2004_EXCLUDE_0_Inaccessible_NA_NA,(Doherty et al. 2016) core source_claim,Megapodius nicobariensis,2,K. Sivakumar in litt. 2004,0,Not relevant,Inaccessible,"",no,2014
Megapodius nicobariensis (IUCN 2025) core source_claim,K. Sivakumar in litt. 2004_EXCLUDE_0_Inaccessible_NA_NA,(IUCN 2025) core source_claim,Megapodius nicobariensis,1,K. Sivakumar in litt. 2004,0,Not relevant,Inaccessible,"",no,2020
Melamprosops phaeosoma (Doherty et al. 2016) core source_claim,(Mountainspring et al. 1990)_EXCLUDE_1_Opinion claim_NA_NA,(Doherty et al. 2016) core source_claim,Melamprosops phaeosoma,1,(Mountainspring et al. 1990),"",Not relevant,Opinion claim,"",no,2014
Melamprosops phaeosoma (Doherty et al. 2016) core source_claim,NOTHING_EXCLUDE_NA_No citation given_NA_NA Melamprosops phaeosoma,(Doherty et al. 2016) core source_claim,Melamprosops phaeosoma,2,NOTHING NA Melamprosops phaeosoma,"",Not relevant,No citation given,"",no,2014
Melamprosops phaeosoma (Hume 2017) core source_claim,NOTHING_EXCLUDE_NA_No citation given_NA_NA Melamprosops phaeosoma,(Hume 2017) core source_claim,Melamprosops phaeosoma,1,NOTHING NA Melamprosops phaeosoma,"",Not relevant,No citation given,"",no,2016
Melamprosops phaeosoma (IUCN 2025) core source_claim,NOTHING_EXCLUDE_NA_No citation given_NA_NA Melamprosops phaeosoma,(IUCN 2025) core source_claim,Melamprosops phaeosoma,1,NOTHING NA Melamprosops phaeosoma,"",Not relevant,No citation given,"",no,2018
Melanodryas vittata (IUCN 2025) core source_claim,(Woinarski et al. 2017)_EXCLUDE_1_No claim_NA_NA,(IUCN 2025) core source_claim,Melanodryas vittata,1,(Woinarski et al. 2017),"",Not relevant,No claim,"",no,2020
Melopyrrha grandis (IUCN 2025) core source_claim,(Birds Caribbean 2021)_EXCLUDE_0_No claim_NA_NA,(IUCN 2025) core source_claim,Melopyrrha grandis,1,(Birds Caribbean 2021),"",Not relevant,No claim,"",no,2021
Melopyrrha grandis (IUCN 2025) core source_claim,(Olson 1984)_EXCLUDE_?_No claim_NA_NA,(IUCN 2025) core source_claim,Melopyrrha grandis,2,(Olson 1984),"",Not relevant,No claim,"",no,2021
Melopyrrha grandis (IUCN 2025) core source_claim,(Ryan 2021)_EXCLUDE_0_No claim_NA_NA,(IUCN 2025) core source_claim,Melopyrrha grandis,1,(Ryan 2021),"",Not relevant,No claim,"",no,2021
Melopyrrha grandis (IUCN 2025) core source_claim,L. Bonaparte in litt. 2022_EXCLUDE_0_Inaccessible_NA_NA,(IUCN 2025) core source_claim,Melopyrrha grandis,1,L. Bonaparte in litt. 2022,0,Not relevant,Inaccessible,"",no,2021
Melopyrrha grandis (IUCN 2025) core source_claim,M. Ryan in litt. 2022_EXCLUDE_0_Inaccessible_NA_NA,(IUCN 2025) core source_claim,Melopyrrha grandis,1,M. Ryan in litt. 2022,0,Not relevant,Inaccessible,"",no,2021
Melopyrrha grandis (IUCN 2025) core source_claim,P. Feldmann in litt. 2022_EXCLUDE_0_Inaccessible_NA_NA,(IUCN 2025) core source_claim,Melopyrrha grandis,1,P. Feldmann in litt. 2022,0,Not relevant,Inaccessible,"",no,2021
Mergus australis (Doherty et al. 2016) core source_claim,(Kear & Scarlett 1970)_EXCLUDE_1_Opinion claim_NA_NA,(Doherty et al. 2016) core source_claim,Mergus australis,2,(Kear & Scarlett 1970),"",Not relevant,Opinion claim,"",no,2014
Mergus australis (Doherty et al. 2016) core source_claim,(Livezey 1989)_EXCLUDE_1_No claim_NA_NA,(Doherty et al. 2016) core source_claim,Mergus australis,2,(Livezey 1989),"",Not relevant,No claim,"",no,2014
Mergus australis (Hume 2017) core source_claim,NOTHING_EXCLUDE_NA_No citation given_NA_NA Mergus australis,(Hume 2017) core source_claim,Mergus australis,1,NOTHING NA Mergus australis,"",Not relevant,No citation given,"",no,2016
Mergus australis (IUCN 2025) core source_claim,(Kear & Scarlett 1970)_EXCLUDE_1_Opinion claim_NA_NA,(IUCN 2025) core source_claim,Mergus australis,1,(Kear & Scarlett 1970),"",Not relevant,Opinion claim,"",no,2022
Mergus australis (IUCN 2025) core source_claim,(Livezey 1989)_EXCLUDE_1_No claim_NA_NA,(IUCN 2025) core source_claim,Mergus australis,1,(Livezey 1989),"",Not relevant,No claim,"",no,2022
Merulaxis stresemanni (IUCN 2025) core source_claim,NOTHING_EXCLUDE_NA_No citation given_NA_NA Merulaxis stresemanni,(IUCN 2025) core source_claim,Merulaxis stresemanni,1,NOTHING NA Merulaxis stresemanni,"",Not relevant,No citation given,"",no,2019
Mesembriomys gouldii (IUCN 2025) core source_claim,NOTHING_EXCLUDE_NA_No citation given_NA_NA Mesembriomys gouldii,(IUCN 2025) core source_claim,Mesembriomys gouldii,2,NOTHING NA Mesembriomys gouldii,"",Not relevant,No citation given,"",no,2014
Mesembriomys gouldii (Radford et al. 2018) core source_claim,(Hohnen 2015)_EXCLUDE_0_No claim_NA_NA,(Radford et al. 2018) core source_claim,Mesembriomys gouldii,1,(Hohnen 2015),"",Not relevant,No claim,"",no,2016
Mesembriomys gouldii (Radford et al. 2018) core source_claim,(Hohnen et al. 2016b)_EXCLUDE_1_No claim_NA_NA,(Radford et al. 2018) core source_claim,Mesembriomys gouldii,1,(Hohnen et al. 2016b),"",Not relevant,No claim,"",no,2016
Mesembriomys gouldii (Wallach & Lundgren 2025)_external review without claim,(Davies et al. 2018)_INCLUDE_NA_Population not in support_yes_yes,(Wallach & Lundgren 2025)_external review without claim,Mesembriomys gouldii,1,(Davies et al. 2018),"",No,Population not in support with data of quality,yes,yes,2022
Mesembriomys gouldii (Wallach & Lundgren 2025)_external review without claim,(Stobo-Wilson et al. 2020)_INCLUDE_NA_Population in support_yes_yes,(Wallach & Lundgren 2025)_external review without claim,Mesembriomys gouldii,1,(Stobo-Wilson et al. 2020),"",Yes,Population in support with data of quality,yes,yes,2022
Mesembriomys gouldii (Wallach & Lundgren 2025)_external review without claim,(Stokeld et al. 2018)_INCLUDE_NA_Predation in support_no_no,(Wallach & Lundgren 2025)_external review without claim,Mesembriomys gouldii,1,(Stokeld et al. 2018),"",Yes,Predation in support without data,no,no,2022
Mesembriomys gouldii (Woinarski et al. 2014) core source_claim,NOTHING_EXCLUDE_NA_No citation given_NA_NA Mesembriomys gouldii,(Woinarski et al. 2014) core source_claim,Mesembriomys gouldii,1,NOTHING NA Mesembriomys gouldii,"",Not relevant,No citation given,"",no,2013
Mesembriomys macrurus (Dickman 1996b) core source_claim,NOTHING_EXCLUDE_NA_No citation given_NA_NA Mesembriomys macrurus,(Dickman 1996b) core source_claim,Mesembriomys macrurus,1,NOTHING NA Mesembriomys macrurus,"",Not relevant,No citation given,"",no,1994
Mesembriomys macrurus (IUCN 2025) core source_claim,NOTHING_EXCLUDE_NA_No citation given_NA_NA Mesembriomys macrurus,(IUCN 2025) core source_claim,Mesembriomys macrurus,1,NOTHING NA Mesembriomys macrurus,"",Not relevant,No citation given,"",no,2015
Mesocapromys sanfelipensis (IUCN 2025) core source_claim,NOTHING_EXCLUDE_NA_No citation given_NA_NA Mesocapromys sanfelipensis,(IUCN 2025) core source_claim,Mesocapromys sanfelipensis,1,NOTHING NA Mesocapromys sanfelipensis,"",Not relevant,No citation given,"",no,2016
Metabolus rugensis (IUCN 2025) core source_claim,(SPREP 2000)_EXCLUDE_0_No claim_NA_NA,(IUCN 2025) core source_claim,Metabolus rugensis,1,(SPREP 2000),"",Not relevant,No claim,"",no,2022
Metabolus rugensis (IUCN 2025) core source_claim,M. O'Brien in litt. 2023_EXCLUDE_0_Inaccessible_NA_NA,(IUCN 2025) core source_claim,Metabolus rugensis,1,M. O'Brien in litt. 2023,0,Not relevant,Inaccessible,"",no,2022
Microgoura meeki (Doherty et al. 2016) core source_claim,(Tennent 2009)_INCLUDE_NA_Predation in support_no_no,(Doherty et al. 2016) core source_claim,Microgoura meeki,1,(Tennent 2009),"",Yes,Predation in support without data,no,no,2014
Microgoura meeki (Hume 2017) core source_claim,NOTHING_EXCLUDE_NA_No citation given_NA_NA Microgoura meeki,(Hume 2017) core source_claim,Microgoura meeki,1,NOTHING NA Microgoura meeki,"",Not relevant,No citation given,"",no,2016
Microgoura meeki (IUCN 2025) core source_claim,(Tennent 2009)_INCLUDE_NA_Predation in support_no_no,(IUCN 2025) core source_claim,Microgoura meeki,1,(Tennent 2009),"",Yes,Predation in support without data,no,no,2022
Microgoura meeki (Medina et al. 2011) core source_claim,(Flannery 2001)_EXCLUDE_0_Inaccessible_NA_NA,(Medina et al. 2011) core source_claim,Microgoura meeki,1,(Flannery 2001),0,Not relevant,Inaccessible,"",no,2009
Microlophus bivittatus (IUCN 2025) core source_claim,(Carrión Avilés 2012)_EXCLUDE_0_Not in English or Spanish_NA_NA,(IUCN 2025) core source_claim,Microlophus bivittatus,1,(Carrión Avilés 2012),"",Not relevant,Not in English or Spanish,"",no,2013
Microlophus bivittatus (IUCN 2025) core source_claim,C. Marquez and D. Cisneros-Heredia pers. comm. 2014_EXCLUDE_0_Inaccessible_NA_NA,(IUCN 2025) core source_claim,Microlophus bivittatus,1,C. Marquez and D. Cisneros-Heredia pers. comm. 2014,0,Not relevant,Inaccessible,"",no,2013
Microlophus grayii (IUCN 2025) core source_claim,NOTHING_EXCLUDE_NA_No citation given_NA_NA Microlophus grayii,(IUCN 2025) core source_claim,Microlophus grayii,1,NOTHING NA Microlophus grayii,"",Not relevant,No citation given,"",no,2013
Micrurus meridensis (IUCN 2025) core source_claim,NOTHING_EXCLUDE_NA_No citation given_NA_NA Micrurus meridensis,(IUCN 2025) core source_claim,Micrurus meridensis,1,NOTHING NA Micrurus meridensis,"",Not relevant,No citation given,"",no,2014
Mimus graysoni (Doherty et al. 2016) core source_claim,(Jehl & Parkes 1982)_EXCLUDE_?_No claim_NA_NA,(Doherty et al. 2016) core source_claim,Mimus graysoni,2,(Jehl & Parkes 1982),"",Not relevant,No claim,"",no,2014
Mimus graysoni (Doherty et al. 2016) core source_claim,(Martínez-Gómez & Curry 1996)_INCLUDE_NA_Predation not in support_no_no,(Doherty et al. 2016) core source_claim,Mimus graysoni,1,(Martínez-Gómez & Curry 1996),"",No,Predation not in support without data,no,no,2014
Mimus graysoni (Doherty et al. 2016) core source_claim,(Martınez-Gomez et al. 2001)_INCLUDE_NA_Population not in support_yes_no,(Doherty et al. 2016) core source_claim,Mimus graysoni,1,(Martınez-Gomez et al. 2001),"",No,Population not in support with data,yes,no,2014
Mimus graysoni (Doherty et al. 2016) core source_claim,(Rodríguez-Estrella et al. 1991)_INCLUDE_NA_Predation in support_no_no,(Doherty et al. 2016) core source_claim,Mimus graysoni,2,(Rodríguez-Estrella et al. 1991),"",Yes,Predation in support without data,no,no,2014
Mimus graysoni (Doherty et al. 2016) core source_claim,(Wehtje et al. 1993)_EXCLUDE_?_Opinion claim_NA_NA,(Doherty et al. 2016) core source_claim,Mimus graysoni,2,(Wehtje et al. 1993),"",Not relevant,Opinion claim,"",no,2014
Mimus graysoni (Doherty et al. 2016) core source_claim,R. Rodriguez-Estrella in litt. 1995)._EXCLUDE_0_Inaccessible_NA_NA,(Doherty et al. 2016) core source_claim,Mimus graysoni,2,R. Rodriguez-Estrella in litt. 1995).,0,Not relevant,Inaccessible,"",no,2014
Mimus graysoni (IUCN 2025) core source_claim,(Jehl & Parkes 1982)_EXCLUDE_?_No claim_NA_NA,(IUCN 2025) core source_claim,Mimus graysoni,2,(Jehl & Parkes 1982),"",Not relevant,No claim,"",no,2019
Mimus graysoni (IUCN 2025) core source_claim,(Martínez-Gómez & Curry 1996)_INCLUDE_NA_Predation not in support_no_no,(IUCN 2025) core source_claim,Mimus graysoni,1,(Martínez-Gómez & Curry 1996),"",No,Predation not in support without data,no,no,2019
Mimus graysoni (IUCN 2025) core source_claim,(Martınez-Gomez et al. 2001)_INCLUDE_NA_Population not in support_yes_no,(IUCN 2025) core source_claim,Mimus graysoni,1,(Martınez-Gomez et al. 2001),"",No,Population not in support with data,yes,no,2019
Mimus graysoni (IUCN 2025) core source_claim,(Ortiz-Alcaraz et al. 2017)_INCLUDE_NA_Predation not in support_no_no,(IUCN 2025) core source_claim,Mimus graysoni,1,(Ortiz-Alcaraz et al. 2017),"",No,Predation not in support without data,no,no,2019
Mimus graysoni (IUCN 2025) core source_claim,(Rodríguez-Estrella et al. 1991)_INCLUDE_NA_Predation in support_no_no,(IUCN 2025) core source_claim,Mimus graysoni,2,(Rodríguez-Estrella et al. 1991),"",Yes,Predation in support without data,no,no,2019
Mimus graysoni (IUCN 2025) core source_claim,(Wehtje et al. 1993)_EXCLUDE_?_Opinion claim_NA_NA,(IUCN 2025) core source_claim,Mimus graysoni,2,(Wehtje et al. 1993),"",Not relevant,Opinion claim,"",no,2019
Mimus graysoni (IUCN 2025) core source_claim,J. E. Martínez-Gómez in litt. 2007_EXCLUDE_0_Inaccessible_NA_NA,(IUCN 2025) core source_claim,Mimus graysoni,1,J. E. Martínez-Gómez in litt. 2007,0,Not relevant,Inaccessible,"",no,2019
Mimus graysoni (IUCN 2025) core source_claim,R. Rodriguez-Estrella in litt. 1995)._EXCLUDE_0_Inaccessible_NA_NA,(IUCN 2025) core source_claim,Mimus graysoni,2,R. Rodriguez-Estrella in litt. 1995).,0,Not relevant,Inaccessible,"",no,2019
Mimus graysoni (Medina et al. 2011) core source_claim,(Arnaud et al. 1994)_EXCLUDE_0_No claim_NA_NA,(Medina et al. 2011) core source_claim,Mimus graysoni,1,(Arnaud et al. 1994),"",Not relevant,No claim,"",no,2009
Mimus graysoni (Medina et al. 2011) core source_claim,(Jehl & Parkes 1982)_EXCLUDE_?_No claim_NA_NA,(Medina et al. 2011) core source_claim,Mimus graysoni,2,(Jehl & Parkes 1982),"",Not relevant,No claim,"",no,2009
Mimus graysoni (Medina et al. 2011) core source_claim,(Martínez-Gómez & Curry 1996)_INCLUDE_NA_Predation not in support_no_no,(Medina et al. 2011) core source_claim,Mimus graysoni,1,(Martínez-Gómez & Curry 1996),"",No,Predation not in support without data,no,no,2009
Mimus graysoni (Medina et al. 2011) core source_claim,(Martınez-Gomez & Jacobsen 2004)_EXCLUDE_1_No claim_NA_NA,(Medina et al. 2011) core source_claim,Mimus graysoni,1,(Martınez-Gomez & Jacobsen 2004),"",Not relevant,No claim,"",no,2009
Mimus graysoni (Medina et al. 2011) core source_claim,(Rodríguez-Estrella et al. 1991)_INCLUDE_NA_Predation in support_no_no,(Medina et al. 2011) core source_claim,Mimus graysoni,2,(Rodríguez-Estrella et al. 1991),"",Yes,Predation in support without data,no,no,2009
Mimus graysoni (Medina et al. 2011) core source_claim,(Wehtje et al. 1993)_EXCLUDE_?_Opinion claim_NA_NA,(Medina et al. 2011) core source_claim,Mimus graysoni,2,(Wehtje et al. 1993),"",Not relevant,Opinion claim,"",no,2009
Mimus graysoni (Medina et al. 2011) core source_claim,R. Rodriguez-Estrella in litt. 1995)._EXCLUDE_0_Inaccessible_NA_NA,(Medina et al. 2011) core source_claim,Mimus graysoni,2,R. Rodriguez-Estrella in litt. 1995).,0,Not relevant,Inaccessible,"",no,2009
Mimus graysoni Web of Science_Systematic external review,(Jehl & Parkes 1982)_EXCLUDE_?_No claim_NA_NA,Web of Science_Systematic external review,Mimus graysoni,2,(Jehl & Parkes 1982),"",Not relevant,No claim,"",no,2025
Mimus graysoni Web of Science_Systematic external review,(Martınez-Gomez et al. 2001)_INCLUDE_NA_Population not in support_yes_no,Web of Science_Systematic external review,Mimus graysoni,1,(Martınez-Gomez et al. 2001),"",No,Population not in support with data,yes,no,2025
Mimus melanotis (Doherty et al. 2016) core source_claim,(Curry 1989)_INCLUDE_NA_Predation not in support_no_no,(Doherty et al. 2016) core source_claim,Mimus melanotis,2,(Curry 1989),"",No,Predation not in support without data,no,no,2014
Mimus melanotis (Doherty et al. 2016) core source_claim,(Dvorak et al. 2020)_EXCLUDE_1_No claim_NA_NA,(Doherty et al. 2016) core source_claim,Mimus melanotis,2,(Dvorak et al. 2020),"",Not relevant,No claim,"",no,2014
Mimus melanotis (Doherty et al. 2016) core source_claim,(Vargas 1996)_EXCLUDE_?_Inaccessible_NA_NA,(Doherty et al. 2016) core source_claim,Mimus melanotis,2,(Vargas 1996),?,Not relevant,Inaccessible,"",no,2014
Mimus melanotis (IUCN 2025) core source_claim,(Curry 1989)_INCLUDE_NA_Predation not in support_no_no,(IUCN 2025) core source_claim,Mimus melanotis,1,(Curry 1989),"",No,Predation not in support without data,no,no,2019
Mimus melanotis (IUCN 2025) core source_claim,(Dvorak et al. 2020)_EXCLUDE_1_No claim_NA_NA,(IUCN 2025) core source_claim,Mimus melanotis,1,(Dvorak et al. 2020),"",Not relevant,No claim,"",no,2019
Mimus melanotis (IUCN 2025) core source_claim,(Vargas 1996)_EXCLUDE_?_Inaccessible_NA_NA,(IUCN 2025) core source_claim,Mimus melanotis,1,(Vargas 1996),?,Not relevant,Inaccessible,"",no,2019
Mimus trifasciatus (Doherty et al. 2016) core source_claim,(Curry 1986)_INCLUDE_NA_Predation not in support_no_no,(Doherty et al. 2016) core source_claim,Mimus trifasciatus,1,(Curry 1986),"",No,Predation not in support without data,no,no,2014
Mimus trifasciatus (Doherty et al. 2016) core source_claim,(Harris 1973)_EXCLUDE_1_Opinion claim_NA_NA,(Doherty et al. 2016) core source_claim,Mimus trifasciatus,2,(Harris 1973),"",Not relevant,Opinion claim,"",no,2014
Mimus trifasciatus (Doherty et al. 2016) core source_claim,(Swarth 1931)_EXCLUDE_1_Inaccessible_NA_NA,(Doherty et al. 2016) core source_claim,Mimus trifasciatus,2,(Swarth 1931),1,Not relevant,Inaccessible,"",no,2014
Mimus trifasciatus (IUCN 2025) core source_claim,(Curry 1986)_INCLUDE_NA_Predation not in support_no_no,(IUCN 2025) core source_claim,Mimus trifasciatus,1,(Curry 1986),"",No,Predation not in support without data,no,no,2017
Mimus trifasciatus (IUCN 2025) core source_claim,(Harris 1973)_EXCLUDE_1_Opinion claim_NA_NA,(IUCN 2025) core source_claim,Mimus trifasciatus,1,(Harris 1973),"",Not relevant,Opinion claim,"",no,2017
Mimus trifasciatus (IUCN 2025) core source_claim,(Swarth 1931)_EXCLUDE_1_Inaccessible_NA_NA,(IUCN 2025) core source_claim,Mimus trifasciatus,2,(Swarth 1931),1,Not relevant,Inaccessible,"",no,2017
Miniopterus robustior (IUCN 2025) core source_claim,(Palmas et al. In preparation)_EXCLUDE_0_Inaccessible_NA_NA,(IUCN 2025) core source_claim,Miniopterus robustior,1,(Palmas et al. In preparation),0,Not relevant,Inaccessible,"",no,2019
Mniarogekko jalu (IUCN 2025) core source_claim,(Palmas et al. In preparation)_EXCLUDE_0_Inaccessible_NA_NA,(IUCN 2025) core source_claim,Mniarogekko jalu,1,(Palmas et al. In preparation),0,Not relevant,Inaccessible,"",no,2016
Mokopirirakau nebulosus (IUCN 2025) core source_claim,R. Hitchmough pers. comm. 2019_EXCLUDE_0_Inaccessible_NA_NA,(IUCN 2025) core source_claim,Mokopirirakau nebulosus,1,R. Hitchmough pers. comm. 2019,0,Not relevant,Inaccessible,"",no,2017
Mundia elpenor (Doherty et al. 2016) core source_claim,(IUCN 2025) core source_EXCLUDE_NA_No claim,(Doherty et al. 2016) core source_claim,Mundia elpenor,1,(IUCN 2025) core source,,Not relevant,No claim,"",no,2014
Mundia elpenor (Hume 2017) core source_claim,NOTHING_EXCLUDE_NA_No citation given_NA_NA Mundia elpenor,(Hume 2017) core source_claim,Mundia elpenor,1,NOTHING NA Mundia elpenor,"",Not relevant,No citation given,"",no,2016
Mus mayori (Doherty et al. 2016) core source_claim,(Molur et al. 2005)_EXCLUDE_0_Opinion claim_NA_NA,(Doherty et al. 2016) core source_claim,Mus mayori,1,(Molur et al. 2005),"",Not relevant,Opinion claim,"",no,2014
Mus mayori (IUCN 2025) core source_claim,(Molur et al. 2005)_EXCLUDE_0_Opinion claim_NA_NA,(IUCN 2025) core source_claim,Mus mayori,1,(Molur et al. 2005),"",Not relevant,Opinion claim,"",no,2023
Myadestes obscurus (IUCN 2025) core source_claim,(Wakelee & Fancy 1999)_EXCLUDE_0_Inaccessible_NA_NA,(IUCN 2025) core source_claim,Myadestes obscurus,1,(Wakelee & Fancy 1999),0,Not relevant,Inaccessible,"",no,2022
Myadestes obscurus (Medina et al. 2011) core source_claim,(Smucker et al. 2000)_INCLUDE_NA_Predation in support_no_no,(Medina et al. 2011) core source_claim,Myadestes obscurus,1,(Smucker et al. 2000),"",Yes,Predation in support without data,no,no,2009
Myadestes palmeri (IUCN 2025) core source_claim,(Snetsinger et al. 1999)_EXCLUDE_0_Inaccessible_NA_NA,(IUCN 2025) core source_claim,Myadestes palmeri,1,(Snetsinger et al. 1999),0,Not relevant,Inaccessible,"",no,2022
Myadestes palmeri (IUCN 2025) core source_claim,(Snetsinger et al. 2005)_EXCLUDE_1_No claim_NA_NA,(IUCN 2025) core source_claim,Myadestes palmeri,1,(Snetsinger et al. 2005),"",Not relevant,No claim,"",no,2022
Myadestes palmeri (Medina et al. 2011) core source_claim,(Winter & Wallace 2006)_EXCLUDE_0_Opinion claim_NA_NA,(Medina et al. 2011) core source_claim,Myadestes palmeri,1,(Winter & Wallace 2006),"",Not relevant,Opinion claim,"",no,2009
Myotis vivesi (Doherty et al. 2016) core source_claim,NOTHING_EXCLUDE_NA_No citation given_NA_NA Myotis vivesi,(Doherty et al. 2016) core source_claim,Myotis vivesi,2,NOTHING NA Myotis vivesi,"",Not relevant,No citation given,"",no,2014
Myotis vivesi (IUCN 2025) core source_claim,NOTHING_EXCLUDE_NA_No citation given_NA_NA Myotis vivesi,(IUCN 2025) core source_claim,Myotis vivesi,1,NOTHING NA Myotis vivesi,"",Not relevant,No citation given,"",no,2014
Myotis vivesi (Medina et al. 2011) core source_claim,(Vázquez-Domínguez et al. 2004)_INCLUDE_NA_Predation in support_no_no,(Medina et al. 2011) core source_claim,Myotis vivesi,1,(Vázquez-Domínguez et al. 2004),"",Yes,Predation in support without data,no,no,2009
Myotis vivesi (Oedin et al. 2021) core source_claim,NOTHING_EXCLUDE_NA_No citation given_NA_NA Myotis vivesi,(Oedin et al. 2021) core source_claim,Myotis vivesi,1,NOTHING NA Myotis vivesi,"",Not relevant,No citation given,"",no,2019
Myotis vivesi (Welch & Leppanen 2017) core source_claim,(Vázquez-Domínguez et al. 2004)_INCLUDE_NA_Predation in support_no_no,(Welch & Leppanen 2017) core source_claim,Myotis vivesi,1,(Vázquez-Domínguez et al. 2004),"",Yes,Predation in support without data,no,no,2015
Myotis vivesi Web of Science_Systematic external review,(Herrera M. et al. 2019)_INCLUDE_NA_Population not in support_yes_yes,Web of Science_Systematic external review,Myotis vivesi,1,(Herrera M. et al. 2019),"",No,Population not in support with data of quality,yes,yes,2025
Myrmecobius fasciatus (Dickman 1996b) core source_claim,(Friend 1990)_EXCLUDE_1_Opinion claim_NA_NA,(Dickman 1996b) core source_claim,Myrmecobius fasciatus,1,(Friend 1990),"",Not relevant,Opinion claim,"",no,1994
Myrmecobius fasciatus (Doherty et al. 2016) core source_claim,(Friend & Thomas 1994)_INCLUDE_NA_Predation in support_no_no,(Doherty et al. 2016) core source_claim,Myrmecobius fasciatus,1,(Friend & Thomas 1994),"",Yes,Predation in support without data,no,no,2014
Myrmecobius fasciatus (Doherty et al. 2016) core source_claim,(Friend 1990)_EXCLUDE_1_Opinion claim_NA_NA,(Doherty et al. 2016) core source_claim,Myrmecobius fasciatus,1,(Friend 1990),"",Not relevant,Opinion claim,"",no,2014
Myrmecobius fasciatus (Doherty et al. 2016) core source_claim,NOTHING_EXCLUDE_NA_No citation given_NA_NA Myrmecobius fasciatus,(Doherty et al. 2016) core source_claim,Myrmecobius fasciatus,2,NOTHING NA Myrmecobius fasciatus,"",Not relevant,No citation given,"",no,2014
Myrmecobius fasciatus (IUCN 2025) core source_claim,(Friend & Thomas 1994)_INCLUDE_NA_Predation in support_no_no,(IUCN 2025) core source_claim,Myrmecobius fasciatus,1,(Friend & Thomas 1994),"",Yes,Predation in support without data,no,no,2014
Myrmecobius fasciatus (IUCN 2025) core source_claim,(Friend 1990)_EXCLUDE_1_Opinion claim_NA_NA,(IUCN 2025) core source_claim,Myrmecobius fasciatus,1,(Friend 1990),"",Not relevant,Opinion claim,"",no,2014
Myrmecobius fasciatus (IUCN 2025) core source_claim,(Friend 2008)_EXCLUDE_0_Inaccessible_NA_NA,(IUCN 2025) core source_claim,Myrmecobius fasciatus,1,(Friend 2008),0,Not relevant,Inaccessible,"",no,2014
Myrmecobius fasciatus (IUCN 2025) core source_claim,J. Friend pers. comm._EXCLUDE_0_Inaccessible_NA_NA,(IUCN 2025) core source_claim,Myrmecobius fasciatus,1,J. Friend pers. comm.,0,Not relevant,Inaccessible,"",no,2014
Myrmecobius fasciatus (Wallach & Lundgren 2025)_external review without claim,(Doherty et al. 2015)_INCLUDE_NA_Predation in support_no_no,(Wallach & Lundgren 2025)_external review without claim,Myrmecobius fasciatus,1,(Doherty et al. 2015),"",Yes,Predation in support without data,no,no,2022
Myrmecobius fasciatus (Wallach & Lundgren 2025)_external review without claim,(Friend & Thomas 1994)_INCLUDE_NA_Predation in support_no_no,(Wallach & Lundgren 2025)_external review without claim,Myrmecobius fasciatus,1,(Friend & Thomas 1994),"",Yes,Predation in support without data,no,no,2022
Myrmecobius fasciatus (Woinarski et al. 2014) core source_claim,NOTHING_EXCLUDE_NA_No citation given_NA_NA Myrmecobius fasciatus,(Woinarski et al. 2014) core source_claim,Myrmecobius fasciatus,1,NOTHING NA Myrmecobius fasciatus,"",Not relevant,No citation given,"",no,2013
Myrmecobius fasciatus Web of Science_Systematic external review,(Fernandes et al. 2023)_EXCLUDE_1_No claim_NA_NA,Web of Science_Systematic external review,Myrmecobius fasciatus,1,(Fernandes et al. 2023),"",Not relevant,No claim,"",no,2025
Myrmecobius fasciatus Web of Science_Systematic external review,(Hayward et al. 2015)_EXCLUDE_1_No claim_NA_NA,Web of Science_Systematic external review,Myrmecobius fasciatus,1,(Hayward et al. 2015),"",Not relevant,No claim,"",no,2025
Mysateles prehensilis (Doherty et al. 2016) core source_claim,(Borroto-Páez & Mancina 2017)_EXCLUDE_0_Opinion claim_NA_NA,(Doherty et al. 2016) core source_claim,Mysateles prehensilis,2,(Borroto-Páez & Mancina 2017),"",Not relevant,Opinion claim,"",no,2014
Mysateles prehensilis (Doherty et al. 2016) core source_claim,(Borroto-Páez & Ramos 2012)_EXCLUDE_0_Opinion claim_NA_NA,(Doherty et al. 2016) core source_claim,Mysateles prehensilis,2,(Borroto-Páez & Ramos 2012),"",Not relevant,Opinion claim,"",no,2014
Mysateles prehensilis (Doherty et al. 2016) core source_claim,(Borroto-Páez et al. 2011)_EXCLUDE_0_Opinion claim_NA_NA,(Doherty et al. 2016) core source_claim,Mysateles prehensilis,2,(Borroto-Páez et al. 2011),"",Not relevant,Opinion claim,"",no,2014
Mysateles prehensilis (Doherty et al. 2016) core source_claim,(Páez & García 2003)_EXCLUDE_1_Opinion claim_NA_NA,(Doherty et al. 2016) core source_claim,Mysateles prehensilis,2,(Páez & García 2003),"",Not relevant,Opinion claim,"",no,2014
Mysateles prehensilis (IUCN 2025) core source_claim,(Borroto-Páez & Mancina 2017)_EXCLUDE_0_Opinion claim_NA_NA,(IUCN 2025) core source_claim,Mysateles prehensilis,1,(Borroto-Páez & Mancina 2017),"",Not relevant,Opinion claim,"",no,2023
Mysateles prehensilis (IUCN 2025) core source_claim,(Borroto-Páez & Ramos 2012)_EXCLUDE_0_Opinion claim_NA_NA,(IUCN 2025) core source_claim,Mysateles prehensilis,1,(Borroto-Páez & Ramos 2012),"",Not relevant,Opinion claim,"",no,2023
Mysateles prehensilis (IUCN 2025) core source_claim,(Borroto-Páez et al. 2011)_EXCLUDE_0_Opinion claim_NA_NA,(IUCN 2025) core source_claim,Mysateles prehensilis,1,(Borroto-Páez et al. 2011),"",Not relevant,Opinion claim,"",no,2023
Mysateles prehensilis (IUCN 2025) core source_claim,(Páez & García 2003)_EXCLUDE_1_Opinion claim_NA_NA,(IUCN 2025) core source_claim,Mysateles prehensilis,1,(Páez & García 2003),"",Not relevant,Opinion claim,"",no,2023
Mystacina tuberculata (Doherty et al. 2016) core source_claim,(Lloyd 2001)_INCLUDE_NA_Predation in support_no_no,(Doherty et al. 2016) core source_claim,Mystacina tuberculata,1,(Lloyd 2001),"",Yes,Predation in support without data,no,no,2014
Mystacina tuberculata (Doherty et al. 2016) core source_claim,(Scrimgeour et al. 2012)_INCLUDE_NA_Predation in support_no_no,(Doherty et al. 2016) core source_claim,Mystacina tuberculata,1,(Scrimgeour et al. 2012),"",Yes,Predation in support without data,no,no,2014
Mystacina tuberculata (Oedin et al. 2021) core source_claim,(Scrimgeour et al. 2012)_INCLUDE_NA_Predation in support_no_no,(Oedin et al. 2021) core source_claim,Mystacina tuberculata,1,(Scrimgeour et al. 2012),"",Yes,Predation in support without data,no,no,2019
Mystacina tuberculata (Welch & Leppanen 2017) core source_claim,(Daniel & Williams 1984)_INCLUDE_NA_Predation in support_no_no,(Welch & Leppanen 2017) core source_claim,Mystacina tuberculata,1,(Daniel & Williams 1984),"",Yes,Predation in support without data,no,no,2015
Mystacina tuberculata (Welch & Leppanen 2017) core source_claim,(Molloy & Daniel 1995)_INCLUDE_NA_Predation in support_no_no,(Welch & Leppanen 2017) core source_claim,Mystacina tuberculata,1,(Molloy & Daniel 1995),"",Yes,Predation in support without data,no,no,2015
Mystacina tuberculata Opportunistic_Systematic external review,(Daniel 1990)_EXCLUDE_?_Inaccessible_NA_NA,Opportunistic_Systematic external review,Mystacina tuberculata,1,(Daniel 1990),?,Not relevant,Inaccessible,"",no,2025
Mystacina tuberculata Web of Science_Systematic external review,(Borkin et al. 2023)_INCLUDE_NA_Predation in support_no_no,Web of Science_Systematic external review,Mystacina tuberculata,1,(Borkin et al. 2023),"",Yes,Predation in support without data,no,no,2025
Mystacina tuberculata Web of Science_Systematic external review,(Daniel & Williams 1984)_INCLUDE_NA_Predation in support_no_no,Web of Science_Systematic external review,Mystacina tuberculata,2,(Daniel & Williams 1984),"",Yes,Predation in support without data,no,no,2025
Mystacina tuberculata Web of Science_Systematic external review,(Molloy & Daniel 1995)_INCLUDE_NA_Predation in support_no_no,Web of Science_Systematic external review,Mystacina tuberculata,2,(Molloy & Daniel 1995),"",Yes,Predation in support without data,no,no,2025
Mystacina tuberculata Web of Science_Systematic external review,(Scrimgeour et al. 2012)_INCLUDE_NA_Predation in support_no_no,Web of Science_Systematic external review,Mystacina tuberculata,1,(Scrimgeour et al. 2012),"",Yes,Predation in support without data,no,no,2025
Nactus durrellorum (IUCN 2025) core source_claim,NOTHING_EXCLUDE_NA_No citation given_NA_NA Nactus durrellorum,(IUCN 2025) core source_claim,Nactus durrellorum,1,NOTHING NA Nactus durrellorum,"",Not relevant,No citation given,"",no,2017
Nactus serpensinsula (IUCN 2025) core source_claim,(Arnold & Jones 1994)_EXCLUDE_0_Inaccessible_NA_NA,(IUCN 2025) core source_claim,Nactus serpensinsula,1,(Arnold & Jones 1994),0,Not relevant,Inaccessible,"",no,2017
Nactus serpensinsula (IUCN 2025) core source_claim,(Arnold 1980)_EXCLUDE_1_No claim_NA_NA,(IUCN 2025) core source_claim,Nactus serpensinsula,1,(Arnold 1980),"",Not relevant,No claim,"",no,2017
Nactus serpensinsula (IUCN 2025) core source_claim,(Arnold 2000)_EXCLUDE_0_Inaccessible_NA_NA,(IUCN 2025) core source_claim,Nactus serpensinsula,1,(Arnold 2000),0,Not relevant,Inaccessible,"",no,2017
Nactus serpensinsula (IUCN 2025) core source_claim,(Cole 2005)_EXCLUDE_0_No claim_NA_NA,(IUCN 2025) core source_claim,Nactus serpensinsula,1,(Cole 2005),"",Not relevant,No claim,"",no,2017
Nactus serpensinsula (IUCN 2025) core source_claim,(Cole 2011)_EXCLUDE_0_No claim_NA_NA,(IUCN 2025) core source_claim,Nactus serpensinsula,1,(Cole 2011),"",Not relevant,No claim,"",no,2017
Nactus serpensinsula (IUCN 2025) core source_claim,(Cole et al. 2009)_EXCLUDE_0_Inaccessible_NA_NA,(IUCN 2025) core source_claim,Nactus serpensinsula,1,(Cole et al. 2009),0,Not relevant,Inaccessible,"",no,2017
Nactus serpensinsula (IUCN 2025) core source_claim,(Goder et al. 2015)_EXCLUDE_0_Inaccessible_NA_NA,(IUCN 2025) core source_claim,Nactus serpensinsula,1,(Goder et al. 2015),0,Not relevant,Inaccessible,"",no,2017
Nactus serpensinsula (IUCN 2025) core source_claim,Cheke and Hume 2008_EXCLUDE_?_Inaccessible_NA_NA,(IUCN 2025) core source_claim,Nactus serpensinsula,1,Cheke and Hume 2008,?,Not relevant,Inaccessible,"",no,2017
Nactus serpensinsula (IUCN 2025) core source_claim,Mauritius Reptile Recovery Programme unpubl. Data_EXCLUDE_0_Inaccessible_NA_NA,(IUCN 2025) core source_claim,Nactus serpensinsula,1,Mauritius Reptile Recovery Programme unpubl. Data,0,Not relevant,Inaccessible,"",no,2017
Nangura spinosa (IUCN 2025) core source_claim,(Department of the Environment 2007)_EXCLUDE_0_Opinion claim_NA_NA,(IUCN 2025) core source_claim,Nangura spinosa,1,(Department of the Environment 2007),"",Not relevant,Opinion claim,"",no,2016
Nannopterum harrisi (IUCN 2025) core source_claim,NOTHING_EXCLUDE_NA_No citation given_NA_NA Nannopterum harrisi,(IUCN 2025) core source_claim,Nannopterum harrisi,1,NOTHING NA Nannopterum harrisi,"",Not relevant,No citation given,"",no,2017
Nannopterum harrisi Web of Science_Systematic external review,(Deem et al. 2010)_EXCLUDE_1_No claim_NA_NA,Web of Science_Systematic external review,Nannopterum harrisi,1,(Deem et al. 2010),"",Not relevant,No claim,"",no,2025
Nannoscincus gracilis (IUCN 2025) core source_claim,(Palmas et al. In preparation)_EXCLUDE_0_Inaccessible_NA_NA,(IUCN 2025) core source_claim,Nannoscincus gracilis,1,(Palmas et al. In preparation),0,Not relevant,Inaccessible,"",no,2016
Nannoscincus hanchisteus (IUCN 2025) core source_claim,(Palmas et al. 2017)_INCLUDE_NA_Predation in support_no_no,(IUCN 2025) core source_claim,Nannoscincus hanchisteus,1,(Palmas et al. 2017),"",Yes,Predation in support without data,no,no,2016
Naultinus gemmeus (IUCN 2025) core source_claim,(New Zealand Department of Conservation 2006)_EXCLUDE_0_No claim_NA_NA,(IUCN 2025) core source_claim,Naultinus gemmeus,1,(New Zealand Department of Conservation 2006),"",Not relevant,No claim,"",no,2017
Naultinus manukanus (IUCN 2025) core source_claim,(New Zealand Department of Conservation 2006)_EXCLUDE_0_No claim_NA_NA,(IUCN 2025) core source_claim,Naultinus manukanus,1,(New Zealand Department of Conservation 2006),"",Not relevant,No claim,"",no,2017
Necropsittacus rodricanus (Hume 2017) core source_claim,NOTHING_EXCLUDE_NA_No citation given_NA_NA Necropsittacus rodricanus,(Hume 2017) core source_claim,Necropsittacus rodricanus,1,NOTHING NA Necropsittacus rodricanus,"",Not relevant,No citation given,"",no,2016
Necropsittacus rodricanus (IUCN 2025) core source_claim,NOTHING_EXCLUDE_NA_No citation given_NA_NA Necropsittacus rodricanus,(IUCN 2025) core source_claim,Necropsittacus rodricanus,2,NOTHING NA Necropsittacus rodricanus,"",Not relevant,No citation given,"",no,2023
Neophema chrysogaster (Doherty et al. 2016) core source_claim,(Garnett et al. 2011) core source_EXCLUDE_NA_No claim,(Doherty et al. 2016) core source_claim,Neophema chrysogaster,1,(Garnett et al. 2011) core source,,Not relevant,No claim,"",no,2014
Neophema chrysogaster (Doherty et al. 2016) core source_claim,(Orange Bellied Parrot Recovery Team 2006)_EXCLUDE_0_Opinion claim_NA_NA,(Doherty et al. 2016) core source_claim,Neophema chrysogaster,1,(Orange Bellied Parrot Recovery Team 2006),"",Not relevant,Opinion claim,"",no,2014
Neophema chrysogaster (Garnett & Baker 2021) core source_claim,NOTHING_EXCLUDE_NA_No citation given_NA_NA Neophema chrysogaster,(Garnett & Baker 2021) core source_claim,Neophema chrysogaster,1,NOTHING NA Neophema chrysogaster,"",Not relevant,No citation given,"",no,2020
Neophema chrysogaster (IUCN 2025) core source_claim,NOTHING_EXCLUDE_NA_No citation given_NA_NA Neophema chrysogaster,(IUCN 2025) core source_claim,Neophema chrysogaster,1,NOTHING NA Neophema chrysogaster,"",Not relevant,No citation given,"",no,2017
Neophema chrysogaster (Medina et al. 2011) core source_claim,(Copson 1991)_EXCLUDE_0_Inaccessible_NA_NA,(Medina et al. 2011) core source_claim,Neophema chrysogaster,1,(Copson 1991),0,Not relevant,Inaccessible,"",no,2009
Neophema chrysostoma (IUCN 2025) core source_claim,(Woinarski et al. 2017)_EXCLUDE_1_No claim_NA_NA,(IUCN 2025) core source_claim,Neophema chrysostoma,1,(Woinarski et al. 2017),"",Not relevant,No claim,"",no,2020
Neotamias palmeri (Doherty et al. 2016) core source_claim,G. Clemmer pers. comm. 1995_EXCLUDE_0_Inaccessible_NA_NA,(Doherty et al. 2016) core source_claim,Neotamias palmeri,2,G. Clemmer pers. comm. 1995,0,Not relevant,Inaccessible,"",no,2014
Neotamias palmeri (Doherty et al. 2016) core source_claim,NOTHING_EXCLUDE_NA_No citation given_NA_NA Neotamias palmeri,(Doherty et al. 2016) core source_claim,Neotamias palmeri,2,NOTHING NA Neotamias palmeri,"",Not relevant,No citation given,"",no,2014
Neotamias palmeri (IUCN 2025) core source_claim,G. Clemmer pers. comm. 1995_EXCLUDE_0_Inaccessible_NA_NA,(IUCN 2025) core source_claim,Neotamias palmeri,1,G. Clemmer pers. comm. 1995,0,Not relevant,Inaccessible,"",no,2015
Neotamias palmeri (IUCN 2025) core source_claim,NOTHING_EXCLUDE_NA_No citation given_NA_NA Neotamias palmeri,(IUCN 2025) core source_claim,Neotamias palmeri,1,NOTHING NA Neotamias palmeri,"",Not relevant,No citation given,"",no,2015
Nesillas aldabrana (Doherty et al. 2016) core source_claim,Hume 2017_EXCLUDE_?_Inaccessible_NA_NA,(Doherty et al. 2016) core source_claim,Nesillas aldabrana,2,Hume 2017,?,Not relevant,Inaccessible,"",no,2014
Nesillas aldabrana (IUCN 2025) core source_claim,Hume 2017_EXCLUDE_?_Inaccessible_NA_NA,(IUCN 2025) core source_claim,Nesillas aldabrana,1,Hume 2017,?,Not relevant,Inaccessible,"",no,2023
Nesoenas duboisi (Doherty et al. 2016) core source_claim,(Hume 2011)_EXCLUDE_1_No claim_NA_NA,(Doherty et al. 2016) core source_claim,Nesoenas duboisi,1,(Hume 2011),"",Not relevant,No claim,"",no,2014
Nesoenas duboisi (Hume 2017) core source_claim,NOTHING_EXCLUDE_NA_No citation given_NA_NA Nesoenas duboisi,(Hume 2017) core source_claim,Nesoenas duboisi,1,NOTHING NA Nesoenas duboisi,"",Not relevant,No citation given,"",no,2016
Nesoenas duboisi (IUCN 2025) core source_claim,(Hume 2011)_EXCLUDE_1_No claim_NA_NA,(IUCN 2025) core source_claim,Nesoenas duboisi,1,(Hume 2011),"",Not relevant,No claim,"",no,2023
Nesoenas mayeri (Doherty et al. 2016) core source_claim,NOTHING_EXCLUDE_NA_No citation given_NA_NA Nesoenas mayeri,(Doherty et al. 2016) core source_claim,Nesoenas mayeri,2,NOTHING NA Nesoenas mayeri,"",Not relevant,No citation given,"",no,2014
Nesoenas mayeri (IUCN 2025) core source_claim,NOTHING_EXCLUDE_NA_No citation given_NA_NA Nesoenas mayeri,(IUCN 2025) core source_claim,Nesoenas mayeri,1,NOTHING NA Nesoenas mayeri,"",Not relevant,No citation given,"",no,2019
Nesoenas mayeri (Medina et al. 2011) core source_claim,(BirdLife International 2000)_EXCLUDE_0_Inaccessible_NA_NA,(Medina et al. 2011) core source_claim,Nesoenas mayeri,1,(BirdLife International 2000),0,Not relevant,Inaccessible,"",no,2009
Nesofregetta fuliginosa (Doherty et al. 2016) core source_claim,(Brooke 2004)_EXCLUDE_?_Inaccessible_NA_NA,(Doherty et al. 2016) core source_claim,Nesofregetta fuliginosa,2,(Brooke 2004),?,Not relevant,Inaccessible,"",no,2014
Nesofregetta fuliginosa (Doherty et al. 2016) core source_claim,(Rauzon et al. 2011)_INCLUDE_NA_Population not in support_yes_no,(Doherty et al. 2016) core source_claim,Nesofregetta fuliginosa,2,(Rauzon et al. 2011),"",No,Population not in support with data,yes,no,2014
Nesofregetta fuliginosa (IUCN 2025) core source_claim,(Brooke 2004)_EXCLUDE_?_Inaccessible_NA_NA,(IUCN 2025) core source_claim,Nesofregetta fuliginosa,1,(Brooke 2004),?,Not relevant,Inaccessible,"",no,2017
Nesofregetta fuliginosa (IUCN 2025) core source_claim,(Rauzon et al. 2011)_INCLUDE_NA_Population not in support_yes_no,(IUCN 2025) core source_claim,Nesofregetta fuliginosa,1,(Rauzon et al. 2011),"",No,Population not in support with data,yes,no,2017
Nesoryzomys darwini (IUCN 2025) core source_claim,NOTHING_EXCLUDE_NA_No citation given_NA_NA Nesoryzomys darwini,(IUCN 2025) core source_claim,Nesoryzomys darwini,1,NOTHING NA Nesoryzomys darwini,"",Not relevant,No citation given,"",no,2018
Nesoryzomys darwini (Medina et al. 2011) core source_claim,(Dowler et al. 2000)_INCLUDE_NA_Population in support_no_no,(Medina et al. 2011) core source_claim,Nesoryzomys darwini,1,(Dowler et al. 2000),"",Yes,Population in support without data,no,no,2009
Nesoryzomys indefessus (IUCN 2025) core source_claim,NOTHING_EXCLUDE_NA_No citation given_NA_NA Nesoryzomys indefessus,(IUCN 2025) core source_claim,Nesoryzomys indefessus,1,NOTHING NA Nesoryzomys indefessus,"",Not relevant,No citation given,"",no,2016
Nesoryzomys indefessus (Medina et al. 2011) core source_claim,(Dowler et al. 2000)_INCLUDE_NA_Population in support_no_no,(Medina et al. 2011) core source_claim,Nesoryzomys indefessus,1,(Dowler et al. 2000),"",Yes,Population in support without data,no,no,2009
Nestor notabilis (Doherty et al. 2016) core source_claim,(Elliott & Kemp 2004)_EXCLUDE_0_No claim_NA_NA,(Doherty et al. 2016) core source_claim,Nestor notabilis,1,(Elliott & Kemp 2004),"",Not relevant,No claim,"",no,2014
Nestor notabilis (Doherty et al. 2016) core source_claim,NOTHING_EXCLUDE_NA_No citation given_NA_NA Nestor notabilis,(Doherty et al. 2016) core source_claim,Nestor notabilis,2,NOTHING NA Nestor notabilis,"",Not relevant,No citation given,"",no,2014
Nestor notabilis (IUCN 2025) core source_claim,NOTHING_EXCLUDE_NA_No citation given_NA_NA Nestor notabilis,(IUCN 2025) core source_claim,Nestor notabilis,1,NOTHING NA Nestor notabilis,"",Not relevant,No citation given,"",no,2016
Nestor notabilis Web of Science_Systematic external review,(Cuthbert 2003)_EXCLUDE_1_No claim_NA_NA,Web of Science_Systematic external review,Nestor notabilis,1,(Cuthbert 2003),"",Not relevant,No claim,"",no,2025
Notomys amplus (Doherty et al. 2016) core source_claim,(Abbott 2002)_EXCLUDE_1_No claim_NA_NA,(Doherty et al. 2016) core source_claim,Notomys amplus,2,(Abbott 2002),"",Not relevant,No claim,"",no,2014
Notomys amplus (Doherty et al. 2016) core source_claim,(Abbott 2008)_EXCLUDE_1_No claim_NA_NA,(Doherty et al. 2016) core source_claim,Notomys amplus,2,(Abbott 2008),"",Not relevant,No claim,"",no,2014
Notomys amplus (IUCN 2025) core source_claim,NOTHING_EXCLUDE_NA_No citation given_NA_NA Notomys amplus,(IUCN 2025) core source_claim,Notomys amplus,1,NOTHING NA Notomys amplus,"",Not relevant,No citation given,"",no,2023
Notomys amplus (Radford et al. 2018) core source_claim,(Abbott 2002)_EXCLUDE_1_No claim_NA_NA,(Radford et al. 2018) core source_claim,Notomys amplus,2,(Abbott 2002),"",Not relevant,No claim,"",no,2016
Notomys amplus (Radford et al. 2018) core source_claim,(Abbott 2008)_EXCLUDE_1_No claim_NA_NA,(Radford et al. 2018) core source_claim,Notomys amplus,2,(Abbott 2008),"",Not relevant,No claim,"",no,2016
Notomys amplus (Woinarski et al. 2014) core source_claim,(Abbott 2002)_EXCLUDE_1_No claim_NA_NA,(Woinarski et al. 2014) core source_claim,Notomys amplus,1,(Abbott 2002),"",Not relevant,No claim,"",no,2013
Notomys amplus (Woinarski et al. 2014) core source_claim,(Abbott 2008)_EXCLUDE_1_No claim_NA_NA,(Woinarski et al. 2014) core source_claim,Notomys amplus,1,(Abbott 2008),"",Not relevant,No claim,"",no,2013
Notomys aquilo (Dickman 1996b) core source_claim,NOTHING_EXCLUDE_NA_No citation given_NA_NA Notomys aquilo,(Dickman 1996b) core source_claim,Notomys aquilo,1,NOTHING NA Notomys aquilo,"",Not relevant,No citation given,"",no,1994
Notomys aquilo (Doherty et al. 2016) core source_claim,(Woinarski 2004)_EXCLUDE_0_Opinion claim_NA_NA,(Doherty et al. 2016) core source_claim,Notomys aquilo,1,(Woinarski 2004),"",Not relevant,Opinion claim,"",no,2014
Notomys aquilo (Doherty et al. 2016) core source_claim,NOTHING_EXCLUDE_NA_No citation given_NA_NA Notomys aquilo,(Doherty et al. 2016) core source_claim,Notomys aquilo,2,NOTHING NA Notomys aquilo,"",Not relevant,No citation given,"",no,2014
Notomys aquilo (IUCN 2025) core source_claim,NOTHING_EXCLUDE_NA_No citation given_NA_NA Notomys aquilo,(IUCN 2025) core source_claim,Notomys aquilo,2,NOTHING NA Notomys aquilo,"",Not relevant,No citation given,"",no,2014
Notomys aquilo (Woinarski et al. 2014) core source_claim,NOTHING_EXCLUDE_NA_No citation given_NA_NA Notomys aquilo,(Woinarski et al. 2014) core source_claim,Notomys aquilo,1,NOTHING NA Notomys aquilo,"",Not relevant,No citation given,"",no,2013
Notomys cervinus (Doherty et al. 2016) core source_claim,(Smith & Quin 1996)_EXCLUDE_1_No claim_NA_NA,(Doherty et al. 2016) core source_claim,Notomys cervinus,2,(Smith & Quin 1996),"",Not relevant,No claim,"",no,2014
Notomys cervinus (IUCN 2025) core source_claim,NOTHING_EXCLUDE_NA_No citation given_NA_NA Notomys cervinus,(IUCN 2025) core source_claim,Notomys cervinus,1,NOTHING NA Notomys cervinus,"",Not relevant,No citation given,"",no,2011
Notomys cervinus (Woinarski et al. 2014) core source_claim,(Smith & Quin 1996)_EXCLUDE_1_No claim_NA_NA,(Woinarski et al. 2014) core source_claim,Notomys cervinus,1,(Smith & Quin 1996),"",Not relevant,No claim,"",no,2013
Notomys cervinus Web of Science_Systematic external review,(Vernes et al. 2021a)_EXCLUDE_1_No claim_NA_NA,Web of Science_Systematic external review,Notomys cervinus,1,(Vernes et al. 2021a),"",Not relevant,No claim,"",no,2025
Notomys fuscus (Dickman 1996b) core source_claim,NOTHING_EXCLUDE_NA_No citation given_NA_NA Notomys fuscus,(Dickman 1996b) core source_claim,Notomys fuscus,1,NOTHING NA Notomys fuscus,"",Not relevant,No citation given,"",no,1994
Notomys fuscus (Doherty et al. 2016) core source_claim,(Gordon et al. 2015)_INCLUDE_NA_Population not in support_yes_yes,(Doherty et al. 2016) core source_claim,Notomys fuscus,1,(Gordon et al. 2015),"",No,Population not in support with data of quality,yes,yes,2014
Notomys fuscus (Doherty et al. 2016) core source_claim,(Woinarski 2004)_EXCLUDE_0_Opinion claim_NA_NA,(Doherty et al. 2016) core source_claim,Notomys fuscus,1,(Woinarski 2004),"",Not relevant,Opinion claim,"",no,2014
Notomys fuscus (IUCN 2025) core source_claim,(Smith & Quin 1996)_EXCLUDE_1_No claim_NA_NA,(IUCN 2025) core source_claim,Notomys fuscus,1,(Smith & Quin 1996),"",Not relevant,No claim,"",no,2011
Notomys fuscus (IUCN 2025) core source_claim,(Threatened Species Scientific Committee 2008a)_EXCLUDE_0_No claim_NA_NA,(IUCN 2025) core source_claim,Notomys fuscus,1,(Threatened Species Scientific Committee 2008a),"",Not relevant,No claim,"",no,2011
Notomys fuscus (Wallach & Lundgren 2025)_external review without claim,(Feit et al. 2019)_INCLUDE_NA_Predation in support_no_no,(Wallach & Lundgren 2025)_external review without claim,Notomys fuscus,1,(Feit et al. 2019),"",Yes,Predation in support without data,no,no,2022
Notomys fuscus (Wallach & Lundgren 2025)_external review without claim,(Gordon et al. 2015)_INCLUDE_NA_Population not in support_yes_yes,(Wallach & Lundgren 2025)_external review without claim,Notomys fuscus,1,(Gordon et al. 2015),"",No,Population not in support with data of quality,yes,yes,2022
Notomys fuscus (Wallach & Lundgren 2025)_external review without claim,(Letnic & Koch 2010)_INCLUDE_NA_Population not in support_yes_yes,(Wallach & Lundgren 2025)_external review without claim,Notomys fuscus,1,(Letnic & Koch 2010),"",No,Population not in support with data of quality,yes,yes,2022
Notomys fuscus (Wallach & Lundgren 2025)_external review without claim,(Letnic et al. 2009)_INCLUDE_NA_Population not in support_yes_yes,(Wallach & Lundgren 2025)_external review without claim,Notomys fuscus,1,(Letnic et al. 2009),"",No,Population not in support with data of quality,yes,yes,2022
Notomys fuscus (Wallach & Lundgren 2025)_external review without claim,(Pedler et al. 2016)_INCLUDE_NA_Population in support_yes_no,(Wallach & Lundgren 2025)_external review without claim,Notomys fuscus,1,(Pedler et al. 2016),"",Yes,Population in support with data,yes,no,2022
Notomys fuscus (Wallach & Lundgren 2025)_external review without claim,(Vernes et al. 2021a)_INCLUDE_NA_Predation in support_no_no,(Wallach & Lundgren 2025)_external review without claim,Notomys fuscus,1,(Vernes et al. 2021a),"",Yes,Predation in support without data,no,no,2022
Notomys fuscus (Wallach & Lundgren 2025)_external review without claim,(Vernes et al. 2021b)_INCLUDE_NA_Predation in support_no_no,(Wallach & Lundgren 2025)_external review without claim,Notomys fuscus,1,(Vernes et al. 2021b),"",Yes,Predation in support without data,no,no,2022
Notomys fuscus (Woinarski et al. 2014) core source_claim,(Smith & Quin 1996)_EXCLUDE_1_No claim_NA_NA,(Woinarski et al. 2014) core source_claim,Notomys fuscus,1,(Smith & Quin 1996),"",Not relevant,No claim,"",no,2013
Notomys fuscus (Woinarski et al. 2014) core source_claim,(Threatened Species Scientific Committee 2008a)_EXCLUDE_0_No claim_NA_NA,(Woinarski et al. 2014) core source_claim,Notomys fuscus,1,(Threatened Species Scientific Committee 2008a),"",Not relevant,No claim,"",no,2013
Notomys fuscus Web of Science_Systematic external review,(Pedler et al. 2016)_INCLUDE_NA_Population in support_yes_no,Web of Science_Systematic external review,Notomys fuscus,1,(Pedler et al. 2016),"",Yes,Population in support with data,yes,no,2025
Notomys fuscus Web of Science_Systematic external review,(Vernes et al. 2021a)_INCLUDE_NA_Predation in support_no_no,Web of Science_Systematic external review,Notomys fuscus,1,(Vernes et al. 2021a),"",Yes,Predation in support without data,no,no,2025
Notomys fuscus Web of Science_Systematic external review,(Vernes et al. 2021b)_INCLUDE_NA_Predation in support_no_no,Web of Science_Systematic external review,Notomys fuscus,1,(Vernes et al. 2021b),"",Yes,Predation in support without data,no,no,2025
Notomys longicaudatus (Doherty et al. 2016) core source_claim,(Abbott 2002)_EXCLUDE_1_No claim_NA_NA,(Doherty et al. 2016) core source_claim,Notomys longicaudatus,2,(Abbott 2002),"",Not relevant,No claim,"",no,2014
Notomys longicaudatus (Doherty et al. 2016) core source_claim,(Abbott 2008)_EXCLUDE_1_No claim_NA_NA,(Doherty et al. 2016) core source_claim,Notomys longicaudatus,2,(Abbott 2008),"",Not relevant,No claim,"",no,2014
Notomys longicaudatus (IUCN 2025) core source_claim,NOTHING_EXCLUDE_NA_No citation given_NA_NA Notomys longicaudatus,(IUCN 2025) core source_claim,Notomys longicaudatus,1,NOTHING NA Notomys longicaudatus,"",Not relevant,No citation given,"",no,2023
Notomys longicaudatus (Radford et al. 2018) core source_claim,(Dickman et al. 1993)_EXCLUDE_1_Opinion claim_NA_NA,(Radford et al. 2018) core source_claim,Notomys longicaudatus,1,(Dickman et al. 1993),"",Not relevant,Opinion claim,"",no,2016
Notomys longicaudatus (Woinarski et al. 2014) core source_claim,(Abbott 2002)_EXCLUDE_1_No claim_NA_NA,(Woinarski et al. 2014) core source_claim,Notomys longicaudatus,1,(Abbott 2002),"",Not relevant,No claim,"",no,2013
Notomys longicaudatus (Woinarski et al. 2014) core source_claim,(Abbott 2008)_EXCLUDE_1_No claim_NA_NA,(Woinarski et al. 2014) core source_claim,Notomys longicaudatus,1,(Abbott 2008),"",Not relevant,No claim,"",no,2013
Notomys macrotis (Doherty et al. 2016) core source_claim,(Dickman 1996b) core source_EXCLUDE_NA_No claim,(Doherty et al. 2016) core source_claim,Notomys macrotis,2,(Dickman 1996b) core source,,Not relevant,No claim,"",no,2014
Notomys macrotis (IUCN 2025) core source_claim,NOTHING_EXCLUDE_NA_No citation given_NA_NA Notomys macrotis,(IUCN 2025) core source_claim,Notomys macrotis,1,NOTHING NA Notomys macrotis,"",Not relevant,No citation given,"",no,2023
Notomys macrotis (Radford et al. 2018) core source_claim,(Dickman 1996b) core source_EXCLUDE_NA_No claim,(Radford et al. 2018) core source_claim,Notomys macrotis,2,(Dickman 1996b) core source,,Not relevant,No claim,"",no,2016
Notomys macrotis (Woinarski et al. 2014) core source_claim,(Dickman 1996b) core source_EXCLUDE_NA_No claim,(Woinarski et al. 2014) core source_claim,Notomys macrotis,1,(Dickman 1996b) core source,,Not relevant,No claim,"",no,2013
Notomys macrotis Web of Science_Systematic external review,(Vernes et al. 2021a)_EXCLUDE_1_No claim_NA_NA,Web of Science_Systematic external review,Notomys macrotis,1,(Vernes et al. 2021a),"",Not relevant,No claim,"",no,2025
Notomys mordax (Doherty et al. 2016) core source_claim,(Dickman 1996b) core source_EXCLUDE_NA_No claim,(Doherty et al. 2016) core source_claim,Notomys mordax,2,(Dickman 1996b) core source,,Not relevant,No claim,"",no,2014
Notomys mordax (IUCN 2025) core source_claim,(Dickman et al. 2000)_INCLUDE_NA_Population not in support_yes_no,(IUCN 2025) core source_claim,Notomys mordax,1,(Dickman et al. 2000),"",No,Population not in support with data,yes,no,2023
Notomys mordax (Radford et al. 2018) core source_claim,(Dickman 1996b) core source_EXCLUDE_NA_No claim,(Radford et al. 2018) core source_claim,Notomys mordax,2,(Dickman 1996b) core source,,Not relevant,No claim,"",no,2016
Notomys mordax (Woinarski et al. 2014) core source_claim,(Dickman 1996b) core source_EXCLUDE_NA_No claim,(Woinarski et al. 2014) core source_claim,Notomys mordax,1,(Dickman 1996b) core source,,Not relevant,No claim,"",no,2013
Notomys robustus (IUCN 2025) core source_claim,NOTHING_EXCLUDE_NA_No citation given_NA_NA Notomys robustus,(IUCN 2025) core source_claim,Notomys robustus,1,NOTHING NA Notomys robustus,"",Not relevant,No citation given,"",no,2023
Notomys robustus (Radford et al. 2018) core source_claim,(Dickman 1996b) core source_EXCLUDE_NA_No claim,(Radford et al. 2018) core source_claim,Notomys robustus,2,(Dickman 1996b) core source,,Not relevant,No claim,"",no,2016
Notomys robustus (Woinarski et al. 2014) core source_claim,(Dickman 1996b) core source_EXCLUDE_NA_No claim,(Woinarski et al. 2014) core source_claim,Notomys robustus,1,(Dickman 1996b) core source,,Not relevant,No claim,"",no,2013
Notopteris neocaledonicus (IUCN 2025) core source_claim,(Palmas et al. In preparation)_EXCLUDE_0_Inaccessible_NA_NA,(IUCN 2025) core source_claim,Notopteris neocaledonicus,1,(Palmas et al. In preparation),0,Not relevant,Inaccessible,"",no,2017
Numenius tahitiensis (Doherty et al. 2016) core source_claim,(Marks & Redmond 1994)_INCLUDE_NA_Population in support_yes_no,(Doherty et al. 2016) core source_claim,Numenius tahitiensis,1,(Marks & Redmond 1994),"",Yes,Population in support with data,yes,no,2014
Numenius tahitiensis (IUCN 2025) core source_claim,P. Raust in litt. 2020_EXCLUDE_0_Inaccessible_NA_NA,(IUCN 2025) core source_claim,Numenius tahitiensis,1,P. Raust in litt. 2020,0,Not relevant,Inaccessible,"",no,2019
Numenius tahitiensis (Medina et al. 2011) core source_claim,(BirdLife International 2000)_EXCLUDE_0_Inaccessible_NA_NA,(Medina et al. 2011) core source_claim,Numenius tahitiensis,1,(BirdLife International 2000),0,Not relevant,Inaccessible,"",no,2009
Numenius tahitiensis Web of Science_Systematic external review,(Blanvillain et al. 2002)_INCLUDE_NA_Population in support_yes_yes,Web of Science_Systematic external review,Numenius tahitiensis,1,(Blanvillain et al. 2002),"",Yes,Population in support with data of quality,yes,yes,2025
Nyctanassa carcinocatactes (Doherty et al. 2016) core source_claim,NOTHING_EXCLUDE_NA_No citation given_NA_NA Nyctanassa carcinocatactes,(Doherty et al. 2016) core source_claim,Nyctanassa carcinocatactes,2,NOTHING NA Nyctanassa carcinocatactes,"",Not relevant,No citation given,"",no,2014
Nyctanassa carcinocatactes (Hume 2017) core source_claim,NOTHING_EXCLUDE_NA_No citation given_NA_NA Nyctanassa carcinocatactes,(Hume 2017) core source_claim,Nyctanassa carcinocatactes,1,NOTHING NA Nyctanassa carcinocatactes,"",Not relevant,No citation given,"",no,2016
Nyctanassa carcinocatactes (IUCN 2025) core source_claim,NOTHING_EXCLUDE_NA_No citation given_NA_NA Nyctanassa carcinocatactes,(IUCN 2025) core source_claim,Nyctanassa carcinocatactes,1,NOTHING NA Nyctanassa carcinocatactes,"",Not relevant,No citation given,"",no,2021
Nycticorax mauritianus (Hume 2017) core source_claim,NOTHING_EXCLUDE_NA_No citation given_NA_NA Nycticorax mauritianus,(Hume 2017) core source_claim,Nycticorax mauritianus,1,NOTHING NA Nycticorax mauritianus,"",Not relevant,No citation given,"",no,2016
Nycticorax mauritianus (IUCN 2025) core source_claim,NOTHING_EXCLUDE_NA_No citation given_NA_NA Nycticorax mauritianus,(IUCN 2025) core source_claim,Nycticorax mauritianus,2,NOTHING NA Nycticorax mauritianus,"",Not relevant,No citation given,"",no,2023
Nycticorax megacephalus (Hume 2017) core source_claim,NOTHING_EXCLUDE_NA_No citation given_NA_NA Nycticorax megacephalus,(Hume 2017) core source_claim,Nycticorax megacephalus,1,NOTHING NA Nycticorax megacephalus,"",Not relevant,No citation given,"",no,2016
Nycticorax megacephalus (IUCN 2025) core source_claim,NOTHING_EXCLUDE_NA_No citation given_NA_NA Nycticorax megacephalus,(IUCN 2025) core source_claim,Nycticorax megacephalus,2,NOTHING NA Nycticorax megacephalus,"",Not relevant,No citation given,"",no,2023
Oedodera marmorata (Doherty et al. 2016) core source_claim,(Bauer et al. 2006a)_EXCLUDE_1_No claim_NA_NA,(Doherty et al. 2016) core source_claim,Oedodera marmorata,1,(Bauer et al. 2006a),"",Not relevant,No claim,"",no,2014
Oedodera marmorata (Doherty et al. 2016) core source_claim,(Palmas et al. In preparation)_EXCLUDE_0_Inaccessible_NA_NA,(Doherty et al. 2016) core source_claim,Oedodera marmorata,2,(Palmas et al. In preparation),0,Not relevant,Inaccessible,"",no,2014
Oedodera marmorata (Doherty et al. 2016) core source_claim,(Thibault et al. 2017)_EXCLUDE_1_No claim_NA_NA,(Doherty et al. 2016) core source_claim,Oedodera marmorata,2,(Thibault et al. 2017),"",Not relevant,No claim,"",no,2014
Oedodera marmorata (IUCN 2025) core source_claim,(Palmas et al. In preparation)_EXCLUDE_0_Inaccessible_NA_NA,(IUCN 2025) core source_claim,Oedodera marmorata,1,(Palmas et al. In preparation),0,Not relevant,Inaccessible,"",no,2016
Oedodera marmorata (IUCN 2025) core source_claim,(Thibault et al. 2017)_EXCLUDE_1_No claim_NA_NA,(IUCN 2025) core source_claim,Oedodera marmorata,1,(Thibault et al. 2017),"",Not relevant,No claim,"",no,2016
Oligosoma acrinasum (IUCN 2025) core source_claim,(Thomas 1985)_EXCLUDE_1_Inaccessible_NA_NA,(IUCN 2025) core source_claim,Oligosoma acrinasum,1,(Thomas 1985),1,Not relevant,Inaccessible,"",no,2018
Oligosoma acrinasum (IUCN 2025) core source_claim,(Tocher 2006)_EXCLUDE_1_No claim_NA_NA,(IUCN 2025) core source_claim,Oligosoma acrinasum,1,(Tocher 2006),"",Not relevant,No claim,"",no,2018
Oligosoma burganae (IUCN 2025) core source_claim,NOTHING_EXCLUDE_NA_No citation given_NA_NA Oligosoma burganae,(IUCN 2025) core source_claim,Oligosoma burganae,1,NOTHING NA Oligosoma burganae,"",Not relevant,No citation given,"",no,2017
Oligosoma grande (IUCN 2025) core source_claim,(Reardon et al. 2012)_EXCLUDE_1_Does not test claim_NA_NA,(IUCN 2025) core source_claim,Oligosoma grande,1,(Reardon et al. 2012),"",Not relevant,Does not test claim,"",no,2017
Oligosoma grande Opportunistic_Systematic external review,(Middlemiss 1995)_INCLUDE_NA_Predation in support_no_no,Opportunistic_Systematic external review,Oligosoma grande,1,(Middlemiss 1995),"",Yes,Predation in support without data,no,no,2025
Oligosoma grande Web of Science_Systematic external review,(Daugherty & Towns 1991)_EXCLUDE_0_Inaccessible_NA_NA,Web of Science_Systematic external review,Oligosoma grande,2,(Daugherty & Towns 1991),0,Not relevant,Inaccessible,"",no,2025
Oligosoma homalonotum (IUCN 2025) core source_claim,(Neilson et al. 2006)_EXCLUDE_1_No claim_NA_NA,(IUCN 2025) core source_claim,Oligosoma homalonotum,1,(Neilson et al. 2006),"",Not relevant,No claim,"",no,2017
Oligosoma homalonotum (IUCN 2025) core source_claim,R. Hitchmough pers. comm. 2019_EXCLUDE_0_Inaccessible_NA_NA,(IUCN 2025) core source_claim,Oligosoma homalonotum,1,R. Hitchmough pers. comm. 2019,0,Not relevant,Inaccessible,"",no,2017
Oligosoma hoparatea (IUCN 2025) core source_claim,(Whitaker et al. 2018)_EXCLUDE_1_Opinion claim_NA_NA,(IUCN 2025) core source_claim,Oligosoma hoparatea,1,(Whitaker et al. 2018),"",Not relevant,Opinion claim,"",no,2017
Oligosoma lineoocellatum (IUCN 2025) core source_claim,NOTHING_EXCLUDE_NA_No citation given_NA_NA Oligosoma lineoocellatum,(IUCN 2025) core source_claim,Oligosoma lineoocellatum,1,NOTHING NA Oligosoma lineoocellatum,"",Not relevant,No citation given,"",no,2017
Oligosoma oliveri (IUCN 2025) core source_claim,(Towns 1994)_EXCLUDE_1_No claim_NA_NA,(IUCN 2025) core source_claim,Oligosoma oliveri,1,(Towns 1994),"",Not relevant,No claim,"",no,2018
Oligosoma otagense (Doherty et al. 2016) core source_claim,(Reardon et al. 2012)_EXCLUDE_1_Does not test claim_NA_NA,(Doherty et al. 2016) core source_claim,Oligosoma otagense,1,(Reardon et al. 2012),"",Not relevant,Does not test claim,"",no,2014
Oligosoma otagense (Doherty et al. 2016) core source_claim,(Tocher 2006)_EXCLUDE_1_Does not test claim_NA_NA,(Doherty et al. 2016) core source_claim,Oligosoma otagense,1,(Tocher 2006),"",Not relevant,Does not test claim,"",no,2014
Oligosoma otagense (IUCN 2025) core source_claim,(Roughton & Seddon 2006)_EXCLUDE_1_No claim_NA_NA,(IUCN 2025) core source_claim,Oligosoma otagense,1,(Roughton & Seddon 2006),"",Not relevant,No claim,"",no,2017
Oligosoma otagense (IUCN 2025) core source_claim,(Tocher 2006)_EXCLUDE_1_Does not test claim_NA_NA,(IUCN 2025) core source_claim,Oligosoma otagense,1,(Tocher 2006),"",Not relevant,Does not test claim,"",no,2017
Oligosoma otagense Opportunistic_Systematic external review,(Middlemiss 1995)_INCLUDE_NA_Predation in support_no_no,Opportunistic_Systematic external review,Oligosoma otagense,1,(Middlemiss 1995),"",Yes,Predation in support without data,no,no,2025
Oligosoma otagense Web of Science_Systematic external review,(Tocher 2006)_EXCLUDE_1_Does not test claim_NA_NA,Web of Science_Systematic external review,Oligosoma otagense,1,(Tocher 2006),"",Not relevant,Does not test claim,"",no,2025
Oligosoma salmo (IUCN 2025) core source_claim,NOTHING_EXCLUDE_NA_No citation given_NA_NA Oligosoma salmo,(IUCN 2025) core source_claim,Oligosoma salmo,1,NOTHING NA Oligosoma salmo,"",Not relevant,No citation given,"",no,2018
Oligosoma striatum (IUCN 2025) core source_claim,(Neilson et al. 2004)_EXCLUDE_1_No claim_NA_NA,(IUCN 2025) core source_claim,Oligosoma striatum,1,(Neilson et al. 2004),"",Not relevant,No claim,"",no,2017
Oligosoma toka (IUCN 2025) core source_claim,(Bell et al. 2012)_EXCLUDE_1_No claim_NA_NA,(IUCN 2025) core source_claim,Oligosoma toka,1,(Bell et al. 2012),"",Not relevant,No claim,"",no,2017
Onychogalea fraenata (Dickman 1996b) core source_claim,(Horsup & Evans 1993)_INCLUDE_NA_Predation in support_no_no,(Dickman 1996b) core source_claim,Onychogalea fraenata,1,(Horsup & Evans 1993),"",Yes,Predation in support without data,no,no,1994
Onychogalea fraenata (Doherty et al. 2016) core source_claim,(Fisher & Goldizen 2001)_EXCLUDE_1_No claim_NA_NA,(Doherty et al. 2016) core source_claim,Onychogalea fraenata,2,(Fisher & Goldizen 2001),"",Not relevant,No claim,"",no,2014
Onychogalea fraenata (Doherty et al. 2016) core source_claim,(Fisher et al. 2001)_INCLUDE_NA_Predation in support_no_no,(Doherty et al. 2016) core source_claim,Onychogalea fraenata,1,(Fisher et al. 2001),"",Yes,Predation in support without data,no,no,2014
Onychogalea fraenata (Doherty et al. 2016) core source_claim,(Horsup & Evans 1993)_INCLUDE_NA_Predation in support_no_no,(Doherty et al. 2016) core source_claim,Onychogalea fraenata,2,(Horsup & Evans 1993),"",Yes,Predation in support without data,no,no,2014
Onychogalea fraenata (IUCN 2025) core source_claim,(Fisher et al. 2000)_EXCLUDE_1_No claim_NA_NA,(IUCN 2025) core source_claim,Onychogalea fraenata,1,(Fisher et al. 2000),"",Not relevant,No claim,"",no,2015
Onychogalea fraenata (Wallach & Lundgren 2025)_external review without claim,(Augusteyn et al. 2022)_INCLUDE_NA_Predation in support_no_no,(Wallach & Lundgren 2025)_external review without claim,Onychogalea fraenata,1,(Augusteyn et al. 2022),"",Yes,Predation in support without data,no,no,2022
Onychogalea fraenata (Wallach & Lundgren 2025)_external review without claim,(Doherty et al. 2015)_INCLUDE_NA_Predation in support_no_no,(Wallach & Lundgren 2025)_external review without claim,Onychogalea fraenata,1,(Doherty et al. 2015),"",Yes,Predation in support without data,no,no,2022
Onychogalea fraenata (Wallach & Lundgren 2025)_external review without claim,(Fisher 1999)_INCLUDE_NA_Predation in support_no_no,(Wallach & Lundgren 2025)_external review without claim,Onychogalea fraenata,1,(Fisher 1999),"",Yes,Predation in support without data,no,no,2022
Onychogalea fraenata (Wallach & Lundgren 2025)_external review without claim,(Fisher et al. 2001)_INCLUDE_NA_Predation in support_no_no,(Wallach & Lundgren 2025)_external review without claim,Onychogalea fraenata,1,(Fisher et al. 2001),"",Yes,Predation in support without data,no,no,2022
Onychogalea fraenata (Wallach & Lundgren 2025)_external review without claim,(Hayward et al. 2012)_INCLUDE_NA_Predation not in support_no_no,(Wallach & Lundgren 2025)_external review without claim,Onychogalea fraenata,1,(Hayward et al. 2012),"",No,Predation not in support without data,no,no,2022
Onychogalea fraenata (Wallach & Lundgren 2025)_external review without claim,(Horsup & Evans 1993)_INCLUDE_NA_Predation in support_no_no,(Wallach & Lundgren 2025)_external review without claim,Onychogalea fraenata,1,(Horsup & Evans 1993),"",Yes,Predation in support without data,no,no,2022
Onychogalea fraenata (Woinarski et al. 2014) core source_claim,(Fisher & Goldizen 2001)_EXCLUDE_1_No claim_NA_NA,(Woinarski et al. 2014) core source_claim,Onychogalea fraenata,1,(Fisher & Goldizen 2001),"",Not relevant,No claim,"",no,2013
Onychogalea fraenata (Woinarski et al. 2014) core source_claim,(Horsup & Evans 1993)_INCLUDE_NA_Predation in support_no_no,(Woinarski et al. 2014) core source_claim,Onychogalea fraenata,1,(Horsup & Evans 1993),"",Yes,Predation in support without data,no,no,2013
Onychogalea fraenata Web of Science_Systematic external review,(Ross et al. 2019b)_EXCLUDE_1_No claim_NA_NA,Web of Science_Systematic external review,Onychogalea fraenata,1,(Ross et al. 2019b),"",Not relevant,No claim,"",no,2025
Onychogalea lunata (Doherty et al. 2016) core source_claim,(Dickman 1996b) core source_EXCLUDE_NA_No claim,(Doherty et al. 2016) core source_claim,Onychogalea lunata,2,(Dickman 1996b) core source,,Not relevant,No claim,"",no,2014
Onychogalea lunata (IUCN 2025) core source_claim,(Dickman 1996b) core source_EXCLUDE_NA_No claim,(IUCN 2025) core source_claim,Onychogalea lunata,1,(Dickman 1996b) core source,,Not relevant,No claim,"",no,2011
Onychogalea lunata (Woinarski et al. 2014) core source_claim,(Dickman 1996b) core source_EXCLUDE_NA_No claim,(Woinarski et al. 2014) core source_claim,Onychogalea lunata,1,(Dickman 1996b) core source,,Not relevant,No claim,"",no,2013
Ornithorhynchus anatinus (Dickman 1996b) core source_claim,NOTHING_EXCLUDE_NA_No citation given_NA_NA Ornithorhynchus anatinus,(Dickman 1996b) core source_claim,Ornithorhynchus anatinus,1,NOTHING NA Ornithorhynchus anatinus,"",Not relevant,No citation given,"",no,1994
Ornithorhynchus anatinus (IUCN 2025) core source_claim,NOTHING_EXCLUDE_NA_No citation given_NA_NA Ornithorhynchus anatinus,(IUCN 2025) core source_claim,Ornithorhynchus anatinus,1,NOTHING NA Ornithorhynchus anatinus,"",Not relevant,No citation given,"",no,2013
Ornithorhynchus anatinus Web of Science_Systematic external review,(Hocking & Guiler 1983)_EXCLUDE_1_No claim_NA_NA,Web of Science_Systematic external review,Ornithorhynchus anatinus,1,(Hocking & Guiler 1983),"",Not relevant,No claim,"",no,2025
Otus bikegila (IUCN 2025) core source_claim,NOTHING_EXCLUDE_NA_No citation given_NA_NA Otus bikegila,(IUCN 2025) core source_claim,Otus bikegila,1,NOTHING NA Otus bikegila,"",Not relevant,No citation given,"",no,2022
Otus insularis (Doherty et al. 2016) core source_claim,(Currie et al. 2004)_EXCLUDE_1_Opinion claim_NA_NA,(Doherty et al. 2016) core source_claim,Otus insularis,2,(Currie et al. 2004),"",Not relevant,Opinion claim,"",no,2014
Otus insularis (Doherty et al. 2016) core source_claim,(Rocamora 1997)_EXCLUDE_0_Inaccessible_NA_NA,(Doherty et al. 2016) core source_claim,Otus insularis,2,(Rocamora 1997),0,Not relevant,Inaccessible,"",no,2014
Otus insularis (Doherty et al. 2016) core source_claim,A. Skerrett in litt. 1999_EXCLUDE_0_Inaccessible_NA_NA,(Doherty et al. 2016) core source_claim,Otus insularis,2,A. Skerrett in litt. 1999,0,Not relevant,Inaccessible,"",no,2014
Otus insularis (IUCN 2025) core source_claim,(Currie et al. 2004)_EXCLUDE_1_Opinion claim_NA_NA,(IUCN 2025) core source_claim,Otus insularis,1,(Currie et al. 2004),"",Not relevant,Opinion claim,"",no,2019
Otus insularis (IUCN 2025) core source_claim,(Rocamora 1997)_EXCLUDE_0_Inaccessible_NA_NA,(IUCN 2025) core source_claim,Otus insularis,1,(Rocamora 1997),0,Not relevant,Inaccessible,"",no,2019
Otus insularis (IUCN 2025) core source_claim,A. Skerrett in litt. 1999_EXCLUDE_0_Inaccessible_NA_NA,(IUCN 2025) core source_claim,Otus insularis,1,A. Skerrett in litt. 1999,0,Not relevant,Inaccessible,"",no,2019
Palmeria dolei (Doherty et al. 2016) core source_claim,(Berlin & Vangelder 1999)_EXCLUDE_0_Inaccessible_NA_NA,(Doherty et al. 2016) core source_claim,Palmeria dolei,2,(Berlin & Vangelder 1999),0,Not relevant,Inaccessible,"",no,2014
Palmeria dolei (Doherty et al. 2016) core source_claim,E. VanGelder in litt. 1999_EXCLUDE_0_Inaccessible_NA_NA,(Doherty et al. 2016) core source_claim,Palmeria dolei,2,E. VanGelder in litt. 1999,0,Not relevant,Inaccessible,"",no,2014
Palmeria dolei (Doherty et al. 2016) core source_claim,J. C. Simon in litt. 1999_EXCLUDE_0_Inaccessible_NA_NA,(Doherty et al. 2016) core source_claim,Palmeria dolei,2,J. C. Simon in litt. 1999,0,Not relevant,Inaccessible,"",no,2014
Palmeria dolei (Doherty et al. 2016) core source_claim,J. M. Scott in litt. 1999_EXCLUDE_0_Inaccessible_NA_NA,(Doherty et al. 2016) core source_claim,Palmeria dolei,2,J. M. Scott in litt. 1999,0,Not relevant,Inaccessible,"",no,2014
Palmeria dolei (IUCN 2025) core source_claim,(Berlin & Vangelder 1999)_EXCLUDE_0_Inaccessible_NA_NA,(IUCN 2025) core source_claim,Palmeria dolei,1,(Berlin & Vangelder 1999),0,Not relevant,Inaccessible,"",no,2019
Palmeria dolei (IUCN 2025) core source_claim,E. VanGelder in litt. 1999_EXCLUDE_0_Inaccessible_NA_NA,(IUCN 2025) core source_claim,Palmeria dolei,1,E. VanGelder in litt. 1999,0,Not relevant,Inaccessible,"",no,2019
Palmeria dolei (IUCN 2025) core source_claim,J. C. Simon in litt. 1999_EXCLUDE_0_Inaccessible_NA_NA,(IUCN 2025) core source_claim,Palmeria dolei,1,J. C. Simon in litt. 1999,0,Not relevant,Inaccessible,"",no,2019
Palmeria dolei (IUCN 2025) core source_claim,J. M. Scott in litt. 1999_EXCLUDE_0_Inaccessible_NA_NA,(IUCN 2025) core source_claim,Palmeria dolei,1,J. M. Scott in litt. 1999,0,Not relevant,Inaccessible,"",no,2019
Palmeria dolei (Medina et al. 2011) core source_claim,(BirdLife International 2000)_EXCLUDE_0_Inaccessible_NA_NA,(Medina et al. 2011) core source_claim,Palmeria dolei,1,(BirdLife International 2000),0,Not relevant,Inaccessible,"",no,2009
Pampusana canifrons (IUCN 2025) core source_claim,G. McKinlay in litt. 2018_EXCLUDE_0_Inaccessible_NA_NA,(IUCN 2025) core source_claim,Pampusana canifrons,1,G. McKinlay in litt. 2018,0,Not relevant,Inaccessible,"",no,2017
Pampusana erythroptera (IUCN 2025) core source_claim,NOTHING_EXCLUDE_NA_No citation given_NA_NA Pampusana erythroptera,(IUCN 2025) core source_claim,Pampusana erythroptera,1,NOTHING NA Pampusana erythroptera,"",Not relevant,No citation given,"",no,2016
Pampusana erythroptera Web of Science_Systematic external review,(Blanvillain et al. 2002)_INCLUDE_NA_Population in support_yes_yes,Web of Science_Systematic external review,Pampusana erythroptera,1,(Blanvillain et al. 2002),"",Yes,Population in support with data of quality,yes,yes,2025
Pampusana kubaryi (IUCN 2025) core source_claim,(Buden 2000)_EXCLUDE_?_No claim_NA_NA,(IUCN 2025) core source_claim,Pampusana kubaryi,1,(Buden 2000),"",Not relevant,No claim,"",no,2019
Pampusana rubescens (IUCN 2025) core source_claim,NOTHING_EXCLUDE_NA_No citation given_NA_NA Pampusana rubescens,(IUCN 2025) core source_claim,Pampusana rubescens,1,NOTHING NA Pampusana rubescens,"",Not relevant,No citation given,"",no,2016
Pampusana salamonis (IUCN 2025) core source_claim,NOTHING_EXCLUDE_NA_No citation given_NA_NA Pampusana salamonis,(IUCN 2025) core source_claim,Pampusana salamonis,1,NOTHING NA Pampusana salamonis,"",Not relevant,No citation given,"",no,2022
Pampusana salamonis Web of Science_Systematic external review,(Mittermeier et al. 2018)_EXCLUDE_0_Opinion claim_NA_NA,Web of Science_Systematic external review,Pampusana salamonis,1,(Mittermeier et al. 2018),"",Not relevant,Opinion claim,"",no,2025
Pampusana sanctaecrucis (IUCN 2025) core source_claim,NOTHING_EXCLUDE_NA_No citation given_NA_NA Pampusana sanctaecrucis,(IUCN 2025) core source_claim,Pampusana sanctaecrucis,1,NOTHING NA Pampusana sanctaecrucis,"",Not relevant,No citation given,"",no,2017
Paniegekko madjo (IUCN 2025) core source_claim,(Palmas et al. In preparation)_EXCLUDE_0_Inaccessible_NA_NA,(IUCN 2025) core source_claim,Paniegekko madjo,1,(Palmas et al. In preparation),0,Not relevant,Inaccessible,"",no,2016
Papagomys armandvillei (IUCN 2025) core source_claim,(Suyanto 1998)_EXCLUDE_1_Inaccessible_NA_NA,(IUCN 2025) core source_claim,Papagomys armandvillei,1,(Suyanto 1998),1,Not relevant,Inaccessible,"",no,2015
Parantechinus apicalis (Dickman 1996b) core source_claim,(Baynes 1979)_EXCLUDE_0_Inaccessible_NA_NA,(Dickman 1996b) core source_claim,Parantechinus apicalis,1,(Baynes 1979),0,Not relevant,Inaccessible,"",no,1994
Parantechinus apicalis (IUCN 2025) core source_claim,NOTHING_EXCLUDE_NA_No citation given_NA_NA Parantechinus apicalis,(IUCN 2025) core source_claim,Parantechinus apicalis,1,NOTHING NA Parantechinus apicalis,"",Not relevant,No citation given,"",no,2014
Parantechinus apicalis (Medina et al. 2011) core source_claim,(Baynes 1979)_EXCLUDE_0_Inaccessible_NA_NA,(Medina et al. 2011) core source_claim,Parantechinus apicalis,2,(Baynes 1979),0,Not relevant,Inaccessible,"",no,2009
Parantechinus apicalis (Radford et al. 2018) core source_claim,(Burbidge & Manly 2002)_EXCLUDE_1_Does not test claim_NA_NA,(Radford et al. 2018) core source_claim,Parantechinus apicalis,1,(Burbidge & Manly 2002),"",Not relevant,Does not test claim,"",no,2016
Parantechinus apicalis (Radford et al. 2018) core source_claim,(Burbidge 2001)_EXCLUDE_0_Inaccessible_NA_NA,(Radford et al. 2018) core source_claim,Parantechinus apicalis,1,(Burbidge 2001),0,Not relevant,Inaccessible,"",no,2016
Parantechinus apicalis (Wallach & Lundgren 2025)_external review without claim,(Friend 2003)_INCLUDE_NA_Predation in support_no_no,(Wallach & Lundgren 2025)_external review without claim,Parantechinus apicalis,1,(Friend 2003),"",Yes,Predation in support without data,no,no,2022
Parantechinus apicalis (Woinarski et al. 2014) core source_claim,(Burbidge & Manly 2002)_EXCLUDE_1_Does not test claim_NA_NA,(Woinarski et al. 2014) core source_claim,Parantechinus apicalis,1,(Burbidge & Manly 2002),"",Not relevant,Does not test claim,"",no,2013
Parantechinus apicalis (Woinarski et al. 2014) core source_claim,(Friend 2003)_INCLUDE_NA_Predation in support_no_no,(Woinarski et al. 2014) core source_claim,Parantechinus apicalis,1,(Friend 2003),"",Yes,Predation in support without data,no,no,2013
Pareudiastes pacificus (Doherty et al. 2016) core source_claim,NOTHING_EXCLUDE_NA_No citation given_NA_NA Pareudiastes pacificus,(Doherty et al. 2016) core source_claim,Pareudiastes pacificus,2,NOTHING NA Pareudiastes pacificus,"",Not relevant,No citation given,"",no,2014
Pareudiastes pacificus (Hume 2017) core source_claim,(Greenway 1967)_EXCLUDE_0_Inaccessible_NA_NA,(Hume 2017) core source_claim,Pareudiastes pacificus,1,(Greenway 1967),0,Not relevant,Inaccessible,"",no,2016
Pareudiastes pacificus (IUCN 2025) core source_claim,NOTHING_EXCLUDE_NA_No citation given_NA_NA Pareudiastes pacificus,(IUCN 2025) core source_claim,Pareudiastes pacificus,1,NOTHING NA Pareudiastes pacificus,"",Not relevant,No citation given,"",no,2015
Pareudiastes silvestris (Hume 2017) core source_claim,NOTHING_EXCLUDE_NA_No citation given_NA_NA Pareudiastes silvestris,(Hume 2017) core source_claim,Pareudiastes silvestris,1,NOTHING NA Pareudiastes silvestris,"",Not relevant,No citation given,"",no,2016
Pareudiastes silvestris (IUCN 2025) core source_claim,NOTHING_EXCLUDE_NA_No citation given_NA_NA Pareudiastes silvestris,(IUCN 2025) core source_claim,Pareudiastes silvestris,1,NOTHING NA Pareudiastes silvestris,"",Not relevant,No citation given,"",no,2015
Pareudiastes silvestris Web of Science_Systematic external review,(Mittermeier et al. 2018)_EXCLUDE_1_Opinion claim_NA_NA,Web of Science_Systematic external review,Pareudiastes silvestris,1,(Mittermeier et al. 2018),"",Not relevant,Opinion claim,"",no,2025
Passer italiae (IUCN 2025) core source_claim,(Mori et al. 2019)_INCLUDE_NA_Predation in support_no_no,(IUCN 2025) core source_claim,Passer italiae,1,(Mori et al. 2019),"",Yes,Predation in support without data,no,no,2020
Pelecanoides garnotii (Doherty et al. 2016) core source_claim,(Rivadeneira et al. 1986)_EXCLUDE_?_Inaccessible_NA_NA,(Doherty et al. 2016) core source_claim,Pelecanoides garnotii,2,(Rivadeneira et al. 1986),?,Not relevant,Inaccessible,"",no,2014
Pelecanoides garnotii (Doherty et al. 2016) core source_claim,G. Aridito pers. com._EXCLUDE_0_Inaccessible_NA_NA,(Doherty et al. 2016) core source_claim,Pelecanoides garnotii,2,G. Aridito pers. com.,0,Not relevant,Inaccessible,"",no,2014
Pelecanoides garnotii (IUCN 2025) core source_claim,NOTHING_EXCLUDE_NA_No citation given_NA_NA Pelecanoides garnotii,(IUCN 2025) core source_claim,Pelecanoides garnotii,1,NOTHING NA Pelecanoides garnotii,"",Not relevant,No citation given,"",no,2019
Pelecanoides garnotii (Medina et al. 2011) core source_claim,(BirdLife International 2000)_EXCLUDE_0_Inaccessible_NA_NA,(Medina et al. 2011) core source_claim,Pelecanoides garnotii,1,(BirdLife International 2000),0,Not relevant,Inaccessible,"",no,2009
Pelecanoides garnotii Web of Science_Systematic external review,(Simeone et al. 2003)_EXCLUDE_?_No claim_NA_NA,Web of Science_Systematic external review,Pelecanoides garnotii,1,(Simeone et al. 2003),"",Not relevant,No claim,"",no,2025
Pentalagus furnessi (Doherty et al. 2016) core source_claim,(Bonnaud et al. 2010a)_INCLUDE_NA_Predation in support_no_no,(Doherty et al. 2016) core source_claim,Pentalagus furnessi,1,(Bonnaud et al. 2010a),"",Yes,Predation in support without data,no,no,2014
Pentalagus furnessi (Doherty et al. 2016) core source_claim,(Sugimura et al. 2000)_INCLUDE_NA_Population in support_no_no,(Doherty et al. 2016) core source_claim,Pentalagus furnessi,1,(Sugimura et al. 2000),"",Yes,Population in support without data,no,no,2014
Pentalagus furnessi (Doherty et al. 2016) core source_claim,(Sugimura et al. 2000)_INCLUDE_NA_Predation in support_no_no,(Doherty et al. 2016) core source_claim,Pentalagus furnessi,1,(Sugimura et al. 2000),"",Yes,Predation in support without data,no,no,2014
Pentalagus furnessi (IUCN 2025) core source_claim,(Yamada & Cervantes 2005)_EXCLUDE_1_Opinion claim_NA_NA,(IUCN 2025) core source_claim,Pentalagus furnessi,1,(Yamada & Cervantes 2005),"",Not relevant,Opinion claim,"",no,2015
Pentalagus furnessi Web of Science_Systematic external review,(Shionosaki et al. 2015)_INCLUDE_NA_Predation in support_no_no,Web of Science_Systematic external review,Pentalagus furnessi,1,(Shionosaki et al. 2015),"",Yes,Predation in support without data,no,no,2025
Perameles bougainville (Dickman 1996b) core source_claim,NOTHING_EXCLUDE_NA_No citation given_NA_NA Perameles bougainville,(Dickman 1996b) core source_claim,Perameles bougainville,1,NOTHING NA Perameles bougainville,"",Not relevant,No citation given,"",no,1994
Perameles bougainville (Doherty et al. 2016) core source_claim,(Burbidge & Manly 2002)_EXCLUDE_1_Does not test claim_NA_NA,(Doherty et al. 2016) core source_claim,Perameles bougainville,2,(Burbidge & Manly 2002),"",Not relevant,Does not test claim,"",no,2014
Perameles bougainville (Doherty et al. 2016) core source_claim,(Richards & Short 2003)_INCLUDE_NA_Predation not in support_no_no,(Doherty et al. 2016) core source_claim,Perameles bougainville,1,(Richards & Short 2003),"",No,Predation not in support without data,no,no,2014
Perameles bougainville (Doherty et al. 2016) core source_claim,(Richards 2012b)_EXCLUDE_0_Opinion claim_NA_NA,(Doherty et al. 2016) core source_claim,Perameles bougainville,1,(Richards 2012b),"",Not relevant,Opinion claim,"",no,2014
Perameles bougainville (IUCN 2025) core source_claim,(Maxwell et al. 1996)_EXCLUDE_0_Inaccessible_NA_NA,(IUCN 2025) core source_claim,Perameles bougainville,1,(Maxwell et al. 1996),0,Not relevant,Inaccessible,"",no,2013
Perameles bougainville (IUCN 2025) core source_claim,(Richards & Short 2003)_INCLUDE_NA_Predation not in support_no_no,(IUCN 2025) core source_claim,Perameles bougainville,1,(Richards & Short 2003),"",No,Predation not in support without data,no,no,2013
Perameles bougainville (IUCN 2025) core source_claim,(Short et al. 1999)_EXCLUDE_1_No claim_NA_NA,(IUCN 2025) core source_claim,Perameles bougainville,1,(Short et al. 1999),"",Not relevant,No claim,"",no,2013
Perameles bougainville (Radford et al. 2018) core source_claim,(Burbidge & Manly 2002)_EXCLUDE_1_Does not test claim_NA_NA,(Radford et al. 2018) core source_claim,Perameles bougainville,1,(Burbidge & Manly 2002),"",Not relevant,Does not test claim,"",no,2016
Perameles bougainville (Radford et al. 2018) core source_claim,(Burbidge 2001)_EXCLUDE_0_Inaccessible_NA_NA,(Radford et al. 2018) core source_claim,Perameles bougainville,1,(Burbidge 2001),0,Not relevant,Inaccessible,"",no,2016
Perameles bougainville (Radford et al. 2018) core source_claim,(Dickman et al. 1993)_EXCLUDE_1_Opinion claim_NA_NA,(Radford et al. 2018) core source_claim,Perameles bougainville,1,(Dickman et al. 1993),"",Not relevant,Opinion claim,"",no,2016
Perameles bougainville (Radford et al. 2018) core source_claim,(Morris et al. 2004)_EXCLUDE_1_Opinion claim_NA_NA,(Radford et al. 2018) core source_claim,Perameles bougainville,1,(Morris et al. 2004),"",Not relevant,Opinion claim,"",no,2016
Perameles bougainville (Radford et al. 2018) core source_claim,(Moseby et al. 2011)_INCLUDE_NA_Predation not in support_no_no,(Radford et al. 2018) core source_claim,Perameles bougainville,1,(Moseby et al. 2011),"",No,Predation not in support without data,no,no,2016
Perameles bougainville (Radford et al. 2018) core source_claim,(Richards & Short 2003)_INCLUDE_NA_Predation not in support_no_no,(Radford et al. 2018) core source_claim,Perameles bougainville,2,(Richards & Short 2003),"",No,Predation not in support without data,no,no,2016
Perameles bougainville (Radford et al. 2018) core source_claim,(Short 2016)_EXCLUDE_1_No claim_NA_NA,(Radford et al. 2018) core source_claim,Perameles bougainville,1,(Short 2016),"",Not relevant,No claim,"",no,2016
Perameles bougainville (Wallach & Lundgren 2025)_external review without claim,(Doherty et al. 2015)_INCLUDE_NA_Predation in support_no_no,(Wallach & Lundgren 2025)_external review without claim,Perameles bougainville,1,(Doherty et al. 2015),"",Yes,Predation in support without data,no,no,2022
Perameles bougainville (Wallach & Lundgren 2025)_external review without claim,(Richards & Short 2003)_INCLUDE_NA_Predation not in support_no_no,(Wallach & Lundgren 2025)_external review without claim,Perameles bougainville,1,(Richards & Short 2003),"",No,Predation not in support without data,no,no,2022
Perameles bougainville (Wallach & Lundgren 2025)_external review without claim,(Richards 2012b)_EXCLUDE_0_Opinion claim_NA_NA,(Wallach & Lundgren 2025)_external review without claim,Perameles bougainville,1,(Richards 2012b),"",Not relevant,Opinion claim,"",no,2022
Perameles bougainville (Wallach & Lundgren 2025)_external review without claim,(Short 2016)_EXCLUDE_1_No claim_NA_NA,(Wallach & Lundgren 2025)_external review without claim,Perameles bougainville,1,(Short 2016),"",Not relevant,No claim,"",no,2022
Perameles bougainville (Woinarski et al. 2014) core source_claim,(Burbidge & Manly 2002)_EXCLUDE_1_Does not test claim_NA_NA,(Woinarski et al. 2014) core source_claim,Perameles bougainville,1,(Burbidge & Manly 2002),"",Not relevant,Does not test claim,"",no,2013
Perameles bougainville Web of Science_Systematic external review,(Kaewmongkol et al. 2011)_EXCLUDE_1_No claim_NA_NA,Web of Science_Systematic external review,Perameles bougainville,1,(Kaewmongkol et al. 2011),"",Not relevant,No claim,"",no,2025
Perameles bougainville Web of Science_Systematic external review,(Short 2016)_EXCLUDE_1_No claim_NA_NA,Web of Science_Systematic external review,Perameles bougainville,1,(Short 2016),"",Not relevant,No claim,"",no,2025
Perameles eremiana (Doherty et al. 2016) core source_claim,(Abbott 2002)_EXCLUDE_1_No claim_NA_NA,(Doherty et al. 2016) core source_claim,Perameles eremiana,2,(Abbott 2002),"",Not relevant,No claim,"",no,2014
Perameles eremiana (Doherty et al. 2016) core source_claim,(Abbott 2008)_EXCLUDE_1_No claim_NA_NA,(Doherty et al. 2016) core source_claim,Perameles eremiana,2,(Abbott 2008),"",Not relevant,No claim,"",no,2014
Perameles eremiana (Doherty et al. 2016) core source_claim,(Dickman 1996b) core source_EXCLUDE_NA_No claim,(Doherty et al. 2016) core source_claim,Perameles eremiana,2,(Dickman 1996b) core source,,Not relevant,No claim,"",no,2014
Perameles eremiana (IUCN 2025) core source_claim,(Abbott 2002)_EXCLUDE_1_No claim_NA_NA,(IUCN 2025) core source_claim,Perameles eremiana,1,(Abbott 2002),"",Not relevant,No claim,"",no,2011
Perameles eremiana (IUCN 2025) core source_claim,(Abbott 2008)_EXCLUDE_1_No claim_NA_NA,(IUCN 2025) core source_claim,Perameles eremiana,1,(Abbott 2008),"",Not relevant,No claim,"",no,2011
Perameles eremiana (IUCN 2025) core source_claim,(Dickman 1996b) core source_EXCLUDE_NA_No claim,(IUCN 2025) core source_claim,Perameles eremiana,1,(Dickman 1996b) core source,,Not relevant,No claim,"",no,2011
Perameles eremiana (Woinarski et al. 2014) core source_claim,(Abbott 2002)_EXCLUDE_1_No claim_NA_NA,(Woinarski et al. 2014) core source_claim,Perameles eremiana,1,(Abbott 2002),"",Not relevant,No claim,"",no,2013
Perameles eremiana (Woinarski et al. 2014) core source_claim,(Abbott 2008)_EXCLUDE_1_No claim_NA_NA,(Woinarski et al. 2014) core source_claim,Perameles eremiana,1,(Abbott 2008),"",Not relevant,No claim,"",no,2013
Perameles eremiana (Woinarski et al. 2014) core source_claim,(Dickman 1996b) core source_EXCLUDE_NA_No claim,(Woinarski et al. 2014) core source_claim,Perameles eremiana,1,(Dickman 1996b) core source,,Not relevant,No claim,"",no,2013
Perochirus ateles (Doherty et al. 2016) core source_claim,NOTHING_EXCLUDE_NA_No citation given_NA_NA Perochirus ateles,(Doherty et al. 2016) core source_claim,Perochirus ateles,2,NOTHING NA Perochirus ateles,"",Not relevant,No citation given,"",no,2014
Perochirus ateles (IUCN 2025) core source_claim,NOTHING_EXCLUDE_NA_No citation given_NA_NA Perochirus ateles,(IUCN 2025) core source_claim,Perochirus ateles,1,NOTHING NA Perochirus ateles,"",Not relevant,No citation given,"",no,2015
Peromyscus caniceps (Doherty et al. 2016) core source_claim,(Alvarez-Castañeda et al. 1998)_EXCLUDE_1_No claim_NA_NA,(Doherty et al. 2016) core source_claim,Peromyscus caniceps,1,(Alvarez-Castañeda et al. 1998),"",Not relevant,No claim,"",no,2014
Peromyscus caniceps (IUCN 2025) core source_claim,NOTHING_EXCLUDE_NA_No citation given_NA_NA Peromyscus caniceps,(IUCN 2025) core source_claim,Peromyscus caniceps,1,NOTHING NA Peromyscus caniceps,"",Not relevant,No citation given,"",no,2016
Peromyscus dickeyi (IUCN 2025) core source_claim,(Mellink et al. 2002)_EXCLUDE_?_Inaccessible_NA_NA,(IUCN 2025) core source_claim,Peromyscus dickeyi,1,(Mellink et al. 2002),?,Not relevant,Inaccessible,"",no,2016
Peromyscus guardia (Doherty et al. 2016) core source_claim,(Mellink et al. 2002)_EXCLUDE_1_Opinion claim_NA_NA,(Doherty et al. 2016) core source_claim,Peromyscus guardia,1,(Mellink et al. 2002),"",Not relevant,Opinion claim,"",no,2014
Peromyscus guardia (Doherty et al. 2016) core source_claim,(Vázquez-Domínguez et al. 2004)_INCLUDE_NA_Predation in support_no_no,(Doherty et al. 2016) core source_claim,Peromyscus guardia,1,(Vázquez-Domínguez et al. 2004),"",Yes,Predation in support without data,no,no,2014
Peromyscus guardia (IUCN 2025) core source_claim,(Servín et al. 2014)_EXCLUDE_0_Inaccessible_NA_NA,(IUCN 2025) core source_claim,Peromyscus guardia,1,(Servín et al. 2014),0,Not relevant,Inaccessible,"",no,2016
Peromyscus guardia (IUCN 2025) core source_claim,(Vázquez-Domínguez et al. 2004)_INCLUDE_NA_Predation in support_no_no,(IUCN 2025) core source_claim,Peromyscus guardia,1,(Vázquez-Domínguez et al. 2004),"",Yes,Predation in support without data,no,no,2016
Peromyscus guardia (Medina et al. 2011) core source_claim,(Mellink et al. 2002)_EXCLUDE_1_Opinion claim_NA_NA,(Medina et al. 2011) core source_claim,Peromyscus guardia,1,(Mellink et al. 2002),"",Not relevant,Opinion claim,"",no,2009
Peromyscus guardia (Medina et al. 2011) core source_claim,(Vázquez-Domínguez et al. 2004)_INCLUDE_NA_Predation in support_no_no,(Medina et al. 2011) core source_claim,Peromyscus guardia,1,(Vázquez-Domínguez et al. 2004),"",Yes,Predation in support without data,no,no,2009
Peromyscus interparietalis (Doherty et al. 2016) core source_claim,(Ruíz & Flores 2014)_EXCLUDE_?_Inaccessible_NA_NA,(Doherty et al. 2016) core source_claim,Peromyscus interparietalis,2,(Ruíz & Flores 2014),?,Not relevant,Inaccessible,"",no,2014
Peromyscus interparietalis (IUCN 2025) core source_claim,(Ruíz & Flores 2014)_EXCLUDE_?_Inaccessible_NA_NA,(IUCN 2025) core source_claim,Peromyscus interparietalis,1,(Ruíz & Flores 2014),?,Not relevant,Inaccessible,"",no,2016
Peromyscus madrensis (IUCN 2025) core source_claim,NOTHING_EXCLUDE_NA_No citation given_NA_NA Peromyscus madrensis,(IUCN 2025) core source_claim,Peromyscus madrensis,1,NOTHING NA Peromyscus madrensis,"",Not relevant,No citation given,"",no,2016
Peromyscus pseudocrinitus (Doherty et al. 2016) core source_claim,(Alvarez-Castañeda 1998)_EXCLUDE_1_No claim_NA_NA,(Doherty et al. 2016) core source_claim,Peromyscus pseudocrinitus,1,(Alvarez-Castañeda 1998),"",Not relevant,No claim,"",no,2014
Peromyscus pseudocrinitus (Doherty et al. 2016) core source_claim,NOTHING_EXCLUDE_NA_No citation given_NA_NA Peromyscus pseudocrinitus,(Doherty et al. 2016) core source_claim,Peromyscus pseudocrinitus,2,NOTHING NA Peromyscus pseudocrinitus,"",Not relevant,No citation given,"",no,2014
Peromyscus pseudocrinitus (IUCN 2025) core source_claim,NOTHING_EXCLUDE_NA_No citation given_NA_NA Peromyscus pseudocrinitus,(IUCN 2025) core source_claim,Peromyscus pseudocrinitus,1,NOTHING NA Peromyscus pseudocrinitus,"",Not relevant,No citation given,"",no,2016
Peromyscus pseudocrinitus (Medina et al. 2011) core source_claim,(Rodriguez-Moreno et al. 1999)_EXCLUDE_0_Inaccessible_NA_NA,(Medina et al. 2011) core source_claim,Peromyscus pseudocrinitus,1,(Rodriguez-Moreno et al. 1999),0,Not relevant,Inaccessible,"",no,2009
Peromyscus pseudocrinitus (Medina et al. 2011) core source_claim,(Rodríguez-Moreno et al. 2007)_INCLUDE_NA_Population not in support_yes_no,(Medina et al. 2011) core source_claim,Peromyscus pseudocrinitus,1,(Rodríguez-Moreno et al. 2007),"",No,Population not in support with data,yes,no,2009
Peromyscus pseudocrinitus (Medina et al. 2011) core source_claim,(Rodríguez-Moreno et al. 2007)_INCLUDE_NA_Predation in support_no_no,(Medina et al. 2011) core source_claim,Peromyscus pseudocrinitus,1,(Rodríguez-Moreno et al. 2007),"",Yes,Predation in support without data,no,no,2009
Peromyscus sejugis (Doherty et al. 2016) core source_claim,(Alvarez-Castañeda 2001)_EXCLUDE_1_No claim_NA_NA,(Doherty et al. 2016) core source_claim,Peromyscus sejugis,1,(Alvarez-Castañeda 2001),"",Not relevant,No claim,"",no,2014
Peromyscus sejugis (Doherty et al. 2016) core source_claim,NOTHING_EXCLUDE_NA_No citation given_NA_NA Peromyscus sejugis,(Doherty et al. 2016) core source_claim,Peromyscus sejugis,2,NOTHING NA Peromyscus sejugis,"",Not relevant,No citation given,"",no,2014
Peromyscus sejugis (IUCN 2025) core source_claim,NOTHING_EXCLUDE_NA_No citation given_NA_NA Peromyscus sejugis,(IUCN 2025) core source_claim,Peromyscus sejugis,1,NOTHING NA Peromyscus sejugis,"",Not relevant,No citation given,"",no,2016
Peromyscus stephani (IUCN 2025) core source_claim,(Ceballos & Ceballos 2014)_EXCLUDE_1_Inaccessible_NA_NA,(IUCN 2025) core source_claim,Peromyscus stephani,1,(Ceballos & Ceballos 2014),1,Not relevant,Inaccessible,"",no,2016
Petrogale burbidgei (IUCN 2025) core source_claim,NOTHING_EXCLUDE_NA_No citation given_NA_NA Petrogale burbidgei,(IUCN 2025) core source_claim,Petrogale burbidgei,1,NOTHING NA Petrogale burbidgei,"",Not relevant,No citation given,"",no,2011
Petrogale burbidgei (Woinarski et al. 2014) core source_claim,(Burbidge & Manly 2002)_EXCLUDE_1_Does not test claim_NA_NA,(Woinarski et al. 2014) core source_claim,Petrogale burbidgei,1,(Burbidge & Manly 2002),"",Not relevant,Does not test claim,"",no,2013
Petrogale concinna (IUCN 2025) core source_claim,NOTHING_EXCLUDE_NA_No citation given_NA_NA Petrogale concinna,(IUCN 2025) core source_claim,Petrogale concinna,1,NOTHING NA Petrogale concinna,"",Not relevant,No citation given,"",no,2013
Petrogale concinna (Woinarski et al. 2014) core source_claim,NOTHING_EXCLUDE_NA_No citation given_NA_NA Petrogale concinna,(Woinarski et al. 2014) core source_claim,Petrogale concinna,1,NOTHING NA Petrogale concinna,"",Not relevant,No citation given,"",no,2013
Petrogale lateralis (Dickman 1996b) core source_claim,(Pearson 1992)_INCLUDE_NA_Predation not in support_no_no,(Dickman 1996b) core source_claim,Petrogale lateralis,1,(Pearson 1992),"",No,Predation not in support without data,no,no,1994
Petrogale lateralis (IUCN 2025) core source_claim,NOTHING_EXCLUDE_NA_No citation given_NA_NA Petrogale lateralis,(IUCN 2025) core source_claim,Petrogale lateralis,1,NOTHING NA Petrogale lateralis,"",Not relevant,No citation given,"",no,2013
Petrogale lateralis (Wallach & Lundgren 2025)_external review without claim,(Doherty et al. 2015)_INCLUDE_NA_Predation in support_no_no,(Wallach & Lundgren 2025)_external review without claim,Petrogale lateralis,1,(Doherty et al. 2015),"",Yes,Predation in support without data,no,no,2022
Petrogale lateralis (Wallach & Lundgren 2025)_external review without claim,(Paltridge et al. 1997)_INCLUDE_NA_Predation in support_no_no,(Wallach & Lundgren 2025)_external review without claim,Petrogale lateralis,1,(Paltridge et al. 1997),"",Yes,Predation in support without data,no,no,2022
Petrogale lateralis (Wallach & Lundgren 2025)_external review without claim,(Read et al. 2019a)_INCLUDE_NA_Predation in support_no_no,(Wallach & Lundgren 2025)_external review without claim,Petrogale lateralis,1,(Read et al. 2019a),"",Yes,Predation in support without data,no,no,2022
Petrogale lateralis (Wallach & Lundgren 2025)_external review without claim,(Read et al. 2019a)_INCLUDE_NA_Predation not in support_no_no,(Wallach & Lundgren 2025)_external review without claim,Petrogale lateralis,1,(Read et al. 2019a),"",No,Predation not in support without data,no,no,2022
Petrogale lateralis (Woinarski et al. 2014) core source_claim,NOTHING_EXCLUDE_NA_No citation given_NA_NA Petrogale lateralis,(Woinarski et al. 2014) core source_claim,Petrogale lateralis,1,NOTHING NA Petrogale lateralis,"",Not relevant,No citation given,"",no,2013
Petrogale lateralis Web of Science_Systematic external review,(Dickman 1996a)_EXCLUDE_1_No claim_NA_NA,Web of Science_Systematic external review,Petrogale lateralis,1,(Dickman 1996a),"",Not relevant,No claim,"",no,2025
Petrogale lateralis Web of Science_Systematic external review,(Matthews et al. 2013)_EXCLUDE_1_No claim_NA_NA,Web of Science_Systematic external review,Petrogale lateralis,1,(Matthews et al. 2013),"",Not relevant,No claim,"",no,2025
Petrogale lateralis Web of Science_Systematic external review,(Read et al. 2019a)_INCLUDE_NA_Predation in support_no_no,Web of Science_Systematic external review,Petrogale lateralis,1,(Read et al. 2019a),"",Yes,Predation in support without data,no,no,2025
Petrogale lateralis Web of Science_Systematic external review,(Read et al. 2019a)_INCLUDE_NA_Predation not in support_no_no,Web of Science_Systematic external review,Petrogale lateralis,1,(Read et al. 2019a),"",No,Predation not in support without data,no,no,2025
Petrogale lateralis Web of Science_Systematic external review,(Spurr & Anderson 2004)_EXCLUDE_1_No claim_NA_NA,Web of Science_Systematic external review,Petrogale lateralis,1,(Spurr & Anderson 2004),"",Not relevant,No claim,"",no,2025
Petrogale penicillata (Dickman 1996b) core source_claim,NOTHING_EXCLUDE_NA_No citation given_NA_NA Petrogale penicillata,(Dickman 1996b) core source_claim,Petrogale penicillata,1,NOTHING NA Petrogale penicillata,"",Not relevant,No citation given,"",no,1994
Petrogale penicillata (IUCN 2025) core source_claim,NOTHING_EXCLUDE_NA_No citation given_NA_NA Petrogale penicillata,(IUCN 2025) core source_claim,Petrogale penicillata,1,NOTHING NA Petrogale penicillata,"",Not relevant,No citation given,"",no,2013
Petrogale penicillata (Radford et al. 2018) core source_claim,(Short et al. 1992)_EXCLUDE_1_Opinion claim_NA_NA,(Radford et al. 2018) core source_claim,Petrogale penicillata,1,(Short et al. 1992),"",Not relevant,Opinion claim,"",no,2016
Petrogale penicillata (Wallach & Lundgren 2025)_external review without claim,(Doherty et al. 2015)_INCLUDE_NA_Predation in support_no_no,(Wallach & Lundgren 2025)_external review without claim,Petrogale penicillata,1,(Doherty et al. 2015),"",Yes,Predation in support without data,no,no,2022
Petrogale penicillata (Woinarski et al. 2014) core source_claim,NOTHING_EXCLUDE_NA_No citation given_NA_NA Petrogale penicillata,(Woinarski et al. 2014) core source_claim,Petrogale penicillata,2,NOTHING NA Petrogale penicillata,"",Not relevant,No citation given,"",no,2013
Petrogale penicillata Web of Science_Systematic external review,(Spurr & Anderson 2004)_EXCLUDE_1_No claim_NA_NA,Web of Science_Systematic external review,Petrogale penicillata,1,(Spurr & Anderson 2004),"",Not relevant,No claim,"",no,2025
Petroica multicolor (Garnett & Baker 2021) core source_claim,(Bell 1990)_EXCLUDE_0_Inaccessible_NA_NA,(Garnett & Baker 2021) core source_claim,Petroica multicolor,1,(Bell 1990),0,Not relevant,Inaccessible,"",no,2020
Petroica multicolor (Garnett & Baker 2021) core source_claim,Director of National Parks unpublished_EXCLUDE_0_Inaccessible_NA_NA,(Garnett & Baker 2021) core source_claim,Petroica multicolor,1,Director of National Parks unpublished,0,Not relevant,Inaccessible,"",no,2020
Petroica multicolor (Garnett et al. 2011) core source_claim,NOTHING_EXCLUDE_NA_No citation given_NA_NA Petroica multicolor,(Garnett et al. 2011) core source_claim,Petroica multicolor,1,NOTHING NA Petroica multicolor,"",Not relevant,No citation given,"",no,2010
Petroica multicolor (IUCN 2025) core source_claim,(Bell 1990)_EXCLUDE_0_Inaccessible_NA_NA,(IUCN 2025) core source_claim,Petroica multicolor,1,(Bell 1990),0,Not relevant,Inaccessible,"",no,2022
Petroica multicolor (IUCN 2025) core source_claim,Director of National Parks unpublished_EXCLUDE_0_Inaccessible_NA_NA,(IUCN 2025) core source_claim,Petroica multicolor,2,Director of National Parks unpublished,0,Not relevant,Inaccessible,"",no,2022
Petroica multicolor Web of Science_Systematic external review,(Dutson 2013)_EXCLUDE_1_Opinion claim_NA_NA,Web of Science_Systematic external review,Petroica multicolor,1,(Dutson 2013),"",Not relevant,Opinion claim,"",no,2025
Petroica traversi (Doherty et al. 2016) core source_claim,(Kennedy 2009)_EXCLUDE_0_Opinion claim_NA_NA,(Doherty et al. 2016) core source_claim,Petroica traversi,1,(Kennedy 2009),"",Not relevant,Opinion claim,"",no,2014
Petroica traversi (Doherty et al. 2016) core source_claim,(Nilsson et al. 1994)_EXCLUDE_1_Opinion claim_NA_NA,(Doherty et al. 2016) core source_claim,Petroica traversi,2,(Nilsson et al. 1994),"",Not relevant,Opinion claim,"",no,2014
Petroica traversi (Doherty et al. 2016) core source_claim,(Veitch 1985)_EXCLUDE_0_Inaccessible_NA_NA,(Doherty et al. 2016) core source_claim,Petroica traversi,1,(Veitch 1985),0,Not relevant,Inaccessible,"",no,2014
Petroica traversi (IUCN 2025) core source_claim,(Butler 1992)_EXCLUDE_?_Inaccessible_NA_NA,(IUCN 2025) core source_claim,Petroica traversi,1,(Butler 1992),?,Not relevant,Inaccessible,"",no,2020
Pezophaps solitaria (Doherty et al. 2016) core source_claim,(Cheke 1987)_EXCLUDE_0_Inaccessible_NA_NA,(Doherty et al. 2016) core source_claim,Pezophaps solitaria,1,(Cheke 1987),0,Not relevant,Inaccessible,"",no,2014
Pezophaps solitaria (Doherty et al. 2016) core source_claim,(IUCN 2025) core source_EXCLUDE_NA_No claim,(Doherty et al. 2016) core source_claim,Pezophaps solitaria,1,(IUCN 2025) core source,,Not relevant,No claim,"",no,2014
Pezoporus occidentalis (Garnett et al. 2011) core source_claim,(Ashby 1924)_EXCLUDE_?_Inaccessible_NA_NA,(Garnett et al. 2011) core source_claim,Pezoporus occidentalis,1,(Ashby 1924),?,Not relevant,Inaccessible,"",no,2010
Pezoporus occidentalis (Garnett et al. 2011) core source_claim,(Whitlock 1924)_EXCLUDE_?_Inaccessible_NA_NA,(Garnett et al. 2011) core source_claim,Pezoporus occidentalis,1,(Whitlock 1924),?,Not relevant,Inaccessible,"",no,2010
Pezoporus occidentalis (IUCN 2025) core source_claim,(Ashby 1924)_EXCLUDE_?_Inaccessible_NA_NA,(IUCN 2025) core source_claim,Pezoporus occidentalis,1,(Ashby 1924),?,Not relevant,Inaccessible,"",no,2020
Pezoporus occidentalis (IUCN 2025) core source_claim,(Leseberg et al. 2021)_EXCLUDE_1_Opinion claim_NA_NA,(IUCN 2025) core source_claim,Pezoporus occidentalis,1,(Leseberg et al. 2021),"",Not relevant,Opinion claim,"",no,2020
Pezoporus occidentalis (IUCN 2025) core source_claim,(Whitlock 1924)_EXCLUDE_?_Inaccessible_NA_NA,(IUCN 2025) core source_claim,Pezoporus occidentalis,1,(Whitlock 1924),?,Not relevant,Inaccessible,"",no,2020
Pezoporus occidentalis Web of Science_Systematic external review,(Kearney et al. 2022)_INCLUDE_NA_Predation not in support_no_no,Web of Science_Systematic external review,Pezoporus occidentalis,1,(Kearney et al. 2022),"",No,Predation not in support without data,no,no,2025
Pezoporus occidentalis Web of Science_Systematic external review,(Kutt et al. 2023)_EXCLUDE_1_Opinion claim_NA_NA,Web of Science_Systematic external review,Pezoporus occidentalis,1,(Kutt et al. 2023),"",Not relevant,Opinion claim,"",no,2025
Pezoporus occidentalis Web of Science_Systematic external review,(Murphy et al. 2022)_EXCLUDE_1_Opinion claim_NA_NA,Web of Science_Systematic external review,Pezoporus occidentalis,1,(Murphy et al. 2022),"",Not relevant,Opinion claim,"",no,2025
Phalacrocorax featherstoni (Doherty et al. 2016) core source_claim,(Bell & Bell 2000b)_EXCLUDE_1_Opinion claim_NA_NA,(Doherty et al. 2016) core source_claim,Phalacrocorax featherstoni,1,(Bell & Bell 2000b),"",Not relevant,Opinion claim,"",no,2014
Phalacrocorax featherstoni (Doherty et al. 2016) core source_claim,(Taylor 2000)_EXCLUDE_0_No claim_NA_NA,(Doherty et al. 2016) core source_claim,Phalacrocorax featherstoni,1,(Taylor 2000),"",Not relevant,No claim,"",no,2014
Phalacrocorax featherstoni (IUCN 2025) core source_claim,NOTHING_EXCLUDE_NA_No citation given_NA_NA Phalacrocorax featherstoni,(IUCN 2025) core source_claim,Phalacrocorax featherstoni,1,NOTHING NA Phalacrocorax featherstoni,"",Not relevant,No citation given,"",no,2017
Phalacrocorax featherstoni (Medina et al. 2011) core source_claim,(Taylor 2000)_EXCLUDE_0_No claim_NA_NA,(Medina et al. 2011) core source_claim,Phalacrocorax featherstoni,1,(Taylor 2000),"",Not relevant,No claim,"",no,2009
Phalacrocorax nigrogularis (Doherty et al. 2016) core source_claim,(Kelly 2000)_EXCLUDE_1_No claim_NA_NA,(Doherty et al. 2016) core source_claim,Phalacrocorax nigrogularis,2,(Kelly 2000),"",Not relevant,No claim,"",no,2014
Phalacrocorax nigrogularis (Doherty et al. 2016) core source_claim,(Mudler et al. 2011)_EXCLUDE_?_Inaccessible_NA_NA,(Doherty et al. 2016) core source_claim,Phalacrocorax nigrogularis,2,(Mudler et al. 2011),?,Not relevant,Inaccessible,"",no,2014
Phalacrocorax nigrogularis (IUCN 2025) core source_claim,(Kelly 2000)_EXCLUDE_1_No claim_NA_NA,(IUCN 2025) core source_claim,Phalacrocorax nigrogularis,2,(Kelly 2000),"",Not relevant,No claim,"",no,2017
Phalacrocorax nigrogularis (IUCN 2025) core source_claim,(Mudler et al. 2011)_EXCLUDE_?_Inaccessible_NA_NA,(IUCN 2025) core source_claim,Phalacrocorax nigrogularis,2,(Mudler et al. 2011),?,Not relevant,Inaccessible,"",no,2017
Phascogale calura (IUCN 2025) core source_claim,NOTHING_EXCLUDE_NA_No citation given_NA_NA Phascogale calura,(IUCN 2025) core source_claim,Phascogale calura,1,NOTHING NA Phascogale calura,"",Not relevant,No citation given,"",no,2013
Phascogale calura (Radford et al. 2018) core source_claim,(Dickman et al. 1993)_EXCLUDE_1_Opinion claim_NA_NA,(Radford et al. 2018) core source_claim,Phascogale calura,1,(Dickman et al. 1993),"",Not relevant,Opinion claim,"",no,2016
Phascogale calura (Radford et al. 2018) core source_claim,"Angela Sanders, pers. comm._EXCLUDE_0_Inaccessible_NA_NA",(Radford et al. 2018) core source_claim,Phascogale calura,1,"Angela Sanders, pers. comm.",0,Not relevant,Inaccessible,"",no,2016
Phascogale calura (Wallach & Lundgren 2025)_external review without claim,(Short & Hide 2012)_INCLUDE_NA_Predation in support_no_no,(Wallach & Lundgren 2025)_external review without claim,Phascogale calura,1,(Short & Hide 2012),"",Yes,Predation in support without data,no,no,2022
Phascogale calura (Woinarski et al. 2014) core source_claim,(Short & Hide 2012)_INCLUDE_NA_Predation in support_no_no,(Woinarski et al. 2014) core source_claim,Phascogale calura,1,(Short & Hide 2012),"",Yes,Predation in support without data,no,no,2013
Phascogale calura (Woinarski et al. 2014) core source_claim,(Soderquist 1994)_EXCLUDE_0_Inaccessible_NA_NA,(Woinarski et al. 2014) core source_claim,Phascogale calura,1,(Soderquist 1994),0,Not relevant,Inaccessible,"",no,2013
Phascogale calura Web of Science_Systematic external review,(Cowan et al. 2024)_INCLUDE_NA_Population not in support_no_no,Web of Science_Systematic external review,Phascogale calura,1,(Cowan et al. 2024),"",No,Population not in support without data,no,no,2025
Phascogale calura Web of Science_Systematic external review,(Friend et al. 2020)_EXCLUDE_1_No claim_NA_NA,Web of Science_Systematic external review,Phascogale calura,1,(Friend et al. 2020),"",Not relevant,No claim,"",no,2025
Phascogale pirata (Doherty et al. 2016) core source_claim,(Woinarski et al. 2011a)_INCLUDE_NA_Population in support_no_no,(Doherty et al. 2016) core source_claim,Phascogale pirata,1,(Woinarski et al. 2011a),"",Yes,Population in support without data,no,no,2014
Phascogale pirata (Doherty et al. 2016) core source_claim,(Woinarski et al. 2011a)_INCLUDE_NA_Population not in support_yes_no,(Doherty et al. 2016) core source_claim,Phascogale pirata,1,(Woinarski et al. 2011a),"",No,Population not in support with data,yes,no,2014
Phascogale pirata (IUCN 2025) core source_claim,(Rhind et al. 2008)_EXCLUDE_0_Inaccessible_NA_NA,(IUCN 2025) core source_claim,Phascogale pirata,1,(Rhind et al. 2008),0,Not relevant,Inaccessible,"",no,2014
Phascogale pirata (Radford et al. 2018) core source_claim,(Woinarski et al. 2011a)_INCLUDE_NA_Population in support_no_no,(Radford et al. 2018) core source_claim,Phascogale pirata,1,(Woinarski et al. 2011a),"",Yes,Population in support without data,no,no,2016
Phascogale pirata (Radford et al. 2018) core source_claim,(Woinarski et al. 2011a)_INCLUDE_NA_Population not in support_yes_no,(Radford et al. 2018) core source_claim,Phascogale pirata,1,(Woinarski et al. 2011a),"",No,Population not in support with data,yes,no,2016
Phascogale pirata (Wallach & Lundgren 2025)_external review without claim,(Woinarski et al. 2011a)_INCLUDE_NA_Population in support_no_no,(Wallach & Lundgren 2025)_external review without claim,Phascogale pirata,1,(Woinarski et al. 2011a),"",Yes,Population in support without data,no,no,2022
Phascogale pirata (Wallach & Lundgren 2025)_external review without claim,(Woinarski et al. 2011a)_INCLUDE_NA_Population not in support_yes_no,(Wallach & Lundgren 2025)_external review without claim,Phascogale pirata,1,(Woinarski et al. 2011a),"",No,Population not in support with data,yes,no,2022
Phascogale pirata (Woinarski et al. 2014) core source_claim,(Woinarski et al. 2011a)_INCLUDE_NA_Population in support_no_no,(Woinarski et al. 2014) core source_claim,Phascogale pirata,1,(Woinarski et al. 2011a),"",Yes,Population in support without data,no,no,2013
Phascogale pirata (Woinarski et al. 2014) core source_claim,(Woinarski et al. 2011a)_INCLUDE_NA_Population not in support_yes_no,(Woinarski et al. 2014) core source_claim,Phascogale pirata,1,(Woinarski et al. 2011a),"",No,Population not in support with data,yes,no,2013
Phascogale pirata Web of Science_Systematic external review,(Woinarski et al. 2011a)_INCLUDE_NA_Population in support_no_no,Web of Science_Systematic external review,Phascogale pirata,1,(Woinarski et al. 2011a),"",Yes,Population in support without data,no,no,2025
Phascogale pirata Web of Science_Systematic external review,(Woinarski et al. 2011a)_INCLUDE_NA_Population not in support_yes_no,Web of Science_Systematic external review,Phascogale pirata,1,(Woinarski et al. 2011a),"",No,Population not in support with data,yes,no,2025
Phascogale tapoatafa (Dickman 1996b) core source_claim,(Ford 1979)_EXCLUDE_0_No claim_NA_NA,(Dickman 1996b) core source_claim,Phascogale tapoatafa,1,(Ford 1979),"",Not relevant,No claim,"",no,1994
Phascogale tapoatafa (Dickman 1996b) core source_claim,(Soderquist 1994)_EXCLUDE_0_Inaccessible_NA_NA,(Dickman 1996b) core source_claim,Phascogale tapoatafa,1,(Soderquist 1994),0,Not relevant,Inaccessible,"",no,1994
Phascogale tapoatafa (IUCN 2025) core source_claim,NOTHING_EXCLUDE_NA_No citation given_NA_NA Phascogale tapoatafa,(IUCN 2025) core source_claim,Phascogale tapoatafa,1,NOTHING NA Phascogale tapoatafa,"",Not relevant,No citation given,"",no,2011
Phascogale tapoatafa (Wallach & Lundgren 2025)_external review without claim,(Doherty et al. 2015)_INCLUDE_NA_Predation in support_no_no,(Wallach & Lundgren 2025)_external review without claim,Phascogale tapoatafa,1,(Doherty et al. 2015),"",Yes,Predation in support without data,no,no,2022
Phascogale tapoatafa (Wallach & Lundgren 2025)_external review without claim,(Soderquist & Serena 1994)_INCLUDE_NA_Predation in support_no_no,(Wallach & Lundgren 2025)_external review without claim,Phascogale tapoatafa,1,(Soderquist & Serena 1994),"",Yes,Predation in support without data,no,no,2022
Phascogale tapoatafa (Wallach & Lundgren 2025)_external review without claim,(Wayne et al. 2017b)_INCLUDE_NA_Population not in support_yes_no,(Wallach & Lundgren 2025)_external review without claim,Phascogale tapoatafa,1,(Wayne et al. 2017b),"",No,Population not in support with data,yes,no,2022
Phascogale tapoatafa (Woinarski et al. 2014) core source_claim,(Soderquist 1994)_EXCLUDE_0_Inaccessible_NA_NA,(Woinarski et al. 2014) core source_claim,Phascogale tapoatafa,1,(Soderquist 1994),0,Not relevant,Inaccessible,"",no,2013
Phascogale tapoatafa Web of Science_Systematic external review,(Northover et al. 2024)_EXCLUDE_1_No claim_NA_NA,Web of Science_Systematic external review,Phascogale tapoatafa,1,(Northover et al. 2024),"",Not relevant,No claim,"",no,2025
Phascogale tapoatafa Web of Science_Systematic external review,(Wayne et al. 2017b)_INCLUDE_NA_Population not in support_yes_no,Web of Science_Systematic external review,Phascogale tapoatafa,1,(Wayne et al. 2017b),"",No,Population not in support with data,yes,no,2025
Phasmasaurus maruia (IUCN 2025) core source_claim,NOTHING_EXCLUDE_NA_No citation given_NA_NA Phasmasaurus maruia,(IUCN 2025) core source_claim,Phasmasaurus maruia,1,NOTHING NA Phasmasaurus maruia,"",Not relevant,No citation given,"",no,2016
Phasmasaurus maruia Opportunistic_Systematic external review,(Palmas et al. 2017)_INCLUDE_NA_Predation in support_no_no,Opportunistic_Systematic external review,Phasmasaurus maruia,1,(Palmas et al. 2017),"",Yes,Predation in support without data,no,no,2025
Phasmasaurus tillieri (IUCN 2025) core source_claim,NOTHING_EXCLUDE_NA_No citation given_NA_NA Phasmasaurus tillieri,(IUCN 2025) core source_claim,Phasmasaurus tillieri,1,NOTHING NA Phasmasaurus tillieri,"",Not relevant,No citation given,"",no,2016
Phasmasaurus tillieri Opportunistic_Systematic external review,(Palmas et al. 2017)_INCLUDE_NA_Predation in support_no_no,Opportunistic_Systematic external review,Phasmasaurus tillieri,1,(Palmas et al. 2017),"",Yes,Predation in support without data,no,no,2025
Phelsuma edwardnewtonii (IUCN 2025) core source_claim,(Cheke & Hume 2008)_EXCLUDE_?_Inaccessible_NA_NA,(IUCN 2025) core source_claim,Phelsuma edwardnewtonii,1,(Cheke & Hume 2008),?,Not relevant,Inaccessible,"",no,2019
Phelsuma edwardnewtonii (IUCN 2025) core source_claim,(Vinson & Vinson 1969)_EXCLUDE_0_Inaccessible_NA_NA,(IUCN 2025) core source_claim,Phelsuma edwardnewtonii,1,(Vinson & Vinson 1969),0,Not relevant,Inaccessible,"",no,2019
Phelsuma guentheri (IUCN 2025) core source_claim,(Cheke & Hume 2008)_EXCLUDE_0_No claim_NA_NA,(IUCN 2025) core source_claim,Phelsuma guentheri,1,(Cheke & Hume 2008),"",Not relevant,No claim,"",no,2017
Phelsuma guimbeaui (IUCN 2025) core source_claim,NOTHING_EXCLUDE_NA_No citation given_NA_NA Phelsuma guimbeaui,(IUCN 2025) core source_claim,Phelsuma guimbeaui,1,NOTHING NA Phelsuma guimbeaui,"",Not relevant,No citation given,"",no,2018
Phelsuma rosagularis (IUCN 2025) core source_claim,NOTHING_EXCLUDE_NA_No citation given_NA_NA Phelsuma rosagularis,(IUCN 2025) core source_claim,Phelsuma rosagularis,1,NOTHING NA Phelsuma rosagularis,"",Not relevant,No citation given,"",no,2019
Philoria frosti (IUCN 2025) core source_claim,(Malone 1985)_EXCLUDE_1_Inaccessible_NA_NA,(IUCN 2025) core source_claim,Philoria frosti,2,(Malone 1985),1,Not relevant,Inaccessible,"",no,2020
Phoebastria immutabilis (Hess 2014) core source_claim,"LCY and EAV, unpubl. data_EXCLUDE_0_Inaccessible_NA_NA",(Hess 2014) core source_claim,Phoebastria immutabilis,2,"LCY and EAV, unpubl. data",0,Not relevant,Inaccessible,"",no,2012
Phoebastria immutabilis (IUCN 2025) core source_claim,(Keitt et al. 2005)_EXCLUDE_0_Inaccessible_NA_NA,(IUCN 2025) core source_claim,Phoebastria immutabilis,1,(Keitt et al. 2005),0,Not relevant,Inaccessible,"",no,2017
Phoebastria immutabilis (Medina et al. 2011) core source_claim,(Keitt et al. 2005)_EXCLUDE_0_Inaccessible_NA_NA,(Medina et al. 2011) core source_claim,Phoebastria immutabilis,1,(Keitt et al. 2005),0,Not relevant,Inaccessible,"",no,2009
Phoebastria immutabilis Web of Science_Systematic external review,(Gilmour et al. 2022)_EXCLUDE_1_No claim_NA_NA,Web of Science_Systematic external review,Phoebastria immutabilis,1,(Gilmour et al. 2022),"",Not relevant,No claim,"",no,2025
Phoebetria fusca (Doherty et al. 2016) core source_claim,(ACAP 2010c)_EXCLUDE_0_Opinion claim_NA_NA,(Doherty et al. 2016) core source_claim,Phoebetria fusca,1,(ACAP 2010c),"",Not relevant,Opinion claim,"",no,2014
Phoebetria fusca (Doherty et al. 2016) core source_claim,NOTHING_EXCLUDE_NA_No citation given_NA_NA Phoebetria fusca,(Doherty et al. 2016) core source_claim,Phoebetria fusca,2,NOTHING NA Phoebetria fusca,"",Not relevant,No citation given,"",no,2014
Phoebetria fusca (Garnett et al. 2011) core source_claim,NOTHING_EXCLUDE_NA_No citation given_NA_NA Phoebetria fusca,(Garnett et al. 2011) core source_claim,Phoebetria fusca,1,NOTHING NA Phoebetria fusca,"",Not relevant,No citation given,"",no,2010
Phoebetria fusca (IUCN 2025) core source_claim,(ACAP 2010c)_EXCLUDE_0_Opinion claim_NA_NA,(IUCN 2025) core source_claim,Phoebetria fusca,1,(ACAP 2010c),"",Not relevant,Opinion claim,"",no,2017
Phoebetria fusca Web of Science_Systematic external review,(Jones & Ryan 2010)_EXCLUDE_1_No claim_NA_NA,Web of Science_Systematic external review,Phoebetria fusca,1,(Jones & Ryan 2010),"",Not relevant,No claim,"",no,2025
Phoebetria palpebrata (Garnett et al. 2011) core source_claim,NOTHING_EXCLUDE_NA_No citation given_NA_NA Phoebetria palpebrata,(Garnett et al. 2011) core source_claim,Phoebetria palpebrata,1,NOTHING NA Phoebetria palpebrata,"",Not relevant,No citation given,"",no,2010
Phoebetria palpebrata (IUCN 2025) core source_claim,(ACAP 2010b)_EXCLUDE_0_Opinion claim_NA_NA,(IUCN 2025) core source_claim,Phoebetria palpebrata,1,(ACAP 2010b),"",Not relevant,Opinion claim,"",no,2017
Phoebetria palpebrata Web of Science_Systematic external review,(Cleeland et al. 2020)_EXCLUDE_1_No claim_NA_NA,Web of Science_Systematic external review,Phoebetria palpebrata,1,(Cleeland et al. 2020),"",Not relevant,No claim,"",no,2025
Pholidoscelis dorsalis (IUCN 2025) core source_claim,B. Wilson pers. comm. 2015_EXCLUDE_0_Inaccessible_NA_NA,(IUCN 2025) core source_claim,Pholidoscelis dorsalis,1,B. Wilson pers. comm. 2015,0,Not relevant,Inaccessible,"",no,2014
Pholidoscelis griswoldi (IUCN 2025) core source_claim,NOTHING_EXCLUDE_NA_No citation given_NA_NA Pholidoscelis griswoldi,(IUCN 2025) core source_claim,Pholidoscelis griswoldi,1,NOTHING NA Pholidoscelis griswoldi,"",Not relevant,No citation given,"",no,2014
Phoniscus papuensis (IUCN 2025) core source_claim,(Duncan et al. 1999)_EXCLUDE_0_Opinion claim_NA_NA,(IUCN 2025) core source_claim,Phoniscus papuensis,1,(Duncan et al. 1999),"",Not relevant,Opinion claim,"",no,2019
Phoniscus papuensis (Oedin et al. 2021) core source_claim,NOTHING_EXCLUDE_NA_No citation given_NA_NA Phoniscus papuensis,(Oedin et al. 2021) core source_claim,Phoniscus papuensis,1,NOTHING NA Phoniscus papuensis,"",Not relevant,No citation given,"",no,2019
Phyllodactylus darwini (IUCN 2025) core source_claim,NOTHING_EXCLUDE_NA_No citation given_NA_NA Phyllodactylus darwini,(IUCN 2025) core source_claim,Phyllodactylus darwini,1,NOTHING NA Phyllodactylus darwini,"",Not relevant,No citation given,"",no,2013
Phyllodactylus leei (Doherty et al. 2016) core source_claim,NOTHING_EXCLUDE_NA_No citation given_NA_NA Phyllodactylus leei,(Doherty et al. 2016) core source_claim,Phyllodactylus leei,2,NOTHING NA Phyllodactylus leei,"",Not relevant,No citation given,"",no,2014
Phyllodactylus leei (IUCN 2025) core source_claim,NOTHING_EXCLUDE_NA_No citation given_NA_NA Phyllodactylus leei,(IUCN 2025) core source_claim,Phyllodactylus leei,1,NOTHING NA Phyllodactylus leei,"",Not relevant,No citation given,"",no,2013
Phyllodactylus pulcher (IUCN 2025) core source_claim,NOTHING_EXCLUDE_NA_No citation given_NA_NA Phyllodactylus pulcher,(IUCN 2025) core source_claim,Phyllodactylus pulcher,1,NOTHING NA Phyllodactylus pulcher,"",Not relevant,No citation given,"",no,2014
Phyllodactylus rutteni (IUCN 2025) core source_claim,NOTHING_EXCLUDE_NA_No citation given_NA_NA Phyllodactylus rutteni,(IUCN 2025) core source_claim,Phyllodactylus rutteni,1,NOTHING NA Phyllodactylus rutteni,"",Not relevant,No citation given,"",no,2013
Phyllodactylus sentosus (IUCN 2025) core source_claim,J. Pérez pers. comm. 2016_EXCLUDE_0_Inaccessible_NA_NA,(IUCN 2025) core source_claim,Phyllodactylus sentosus,1,J. Pérez pers. comm. 2016,0,Not relevant,Inaccessible,"",no,2013
Phyllomys thomasi (IUCN 2025) core source_claim,NOTHING_EXCLUDE_NA_No citation given_NA_NA Phyllomys thomasi,(IUCN 2025) core source_claim,Phyllomys thomasi,1,NOTHING NA Phyllomys thomasi,"",Not relevant,No citation given,"",no,2015
Phyllonycteris aphylla (IUCN 2025) core source_claim,NOTHING_EXCLUDE_NA_No citation given_NA_NA Phyllonycteris aphylla,(IUCN 2025) core source_claim,Phyllonycteris aphylla,1,NOTHING NA Phyllonycteris aphylla,"",Not relevant,No citation given,"",no,2014
Phyllonycteris aphylla (Oedin et al. 2021) core source_claim,NOTHING_EXCLUDE_NA_No citation given_NA_NA Phyllonycteris aphylla,(Oedin et al. 2021) core source_claim,Phyllonycteris aphylla,1,NOTHING NA Phyllonycteris aphylla,"",Not relevant,No citation given,"",no,2019
Pipilo socorroensis (IUCN 2025) core source_claim,(Ortiz-Alcaraz et al. 2016)_EXCLUDE_?_No claim_NA_NA,(IUCN 2025) core source_claim,Pipilo socorroensis,1,(Ortiz-Alcaraz et al. 2016),"",Not relevant,No claim,"",no,2019
Pipilo socorroensis (IUCN 2025) core source_claim,(Ortiz-Alcaraz et al. 2017)_INCLUDE_NA_Predation not in support_no_no,(IUCN 2025) core source_claim,Pipilo socorroensis,1,(Ortiz-Alcaraz et al. 2017),"",No,Predation not in support without data,no,no,2019
Pipistrellus maderensis (IUCN 2025) core source_claim,(Rocha 2015)_INCLUDE_NA_Predation in support_no_no,(IUCN 2025) core source_claim,Pipistrellus maderensis,1,(Rocha 2015),"",Yes,Predation in support without data,no,no,2022
Pipistrellus maderensis (Oedin et al. 2021) core source_claim,NOTHING_EXCLUDE_NA_No citation given_NA_NA Pipistrellus maderensis,(Oedin et al. 2021) core source_claim,Pipistrellus maderensis,1,NOTHING NA Pipistrellus maderensis,"",Not relevant,No citation given,"",no,2019
Pitta superba (Doherty et al. 2016) core source_claim,NOTHING_EXCLUDE_NA_No citation given_NA_NA Pitta superba,(Doherty et al. 2016) core source_claim,Pitta superba,2,NOTHING NA Pitta superba,"",Not relevant,No citation given,"",no,2014
Pitta superba (IUCN 2025) core source_claim,NOTHING_EXCLUDE_NA_No citation given_NA_NA Pitta superba,(IUCN 2025) core source_claim,Pitta superba,1,NOTHING NA Pitta superba,"",Not relevant,No citation given,"",no,2021
Plestiodon barbouri (IUCN 2025) core source_claim,NOTHING_EXCLUDE_NA_No citation given_NA_NA Plestiodon barbouri,(IUCN 2025) core source_claim,Plestiodon barbouri,1,NOTHING NA Plestiodon barbouri,"",Not relevant,No citation given,"",no,2015
Plestiodon kishinouyei (IUCN 2025) core source_claim,NOTHING_EXCLUDE_NA_No citation given_NA_NA Plestiodon kishinouyei,(IUCN 2025) core source_claim,Plestiodon kishinouyei,1,NOTHING NA Plestiodon kishinouyei,"",Not relevant,No citation given,"",no,2015
Plestiodon longirostris (IUCN 2025) core source_claim,NOTHING_EXCLUDE_NA_No citation given_NA_NA Plestiodon longirostris,(IUCN 2025) core source_claim,Plestiodon longirostris,1,NOTHING NA Plestiodon longirostris,"",Not relevant,No citation given,"",no,2019
Plestiodon longirostris Web of Science_Systematic external review,(Stroud et al. 2017)_EXCLUDE_1_No claim_NA_NA,Web of Science_Systematic external review,Plestiodon longirostris,1,(Stroud et al. 2017),"",Not relevant,No claim,"",no,2025
Plestiodon longirostris Web of Science_Systematic external review,(Turner et al. 2023)_INCLUDE_NA_Population in support_yes_yes,Web of Science_Systematic external review,Plestiodon longirostris,1,(Turner et al. 2023),"",Yes,Population in support with data of quality,yes,yes,2025
Ploceus grandis (IUCN 2025) core source_claim,(Dutton 1994)_EXCLUDE_1_No claim_NA_NA,(IUCN 2025) core source_claim,Ploceus grandis,1,(Dutton 1994),"",Not relevant,No claim,"",no,2019
Podarcis lilfordi (Doherty et al. 2016) core source_claim,(Mellado et al. 1997)_EXCLUDE_1_Opinion claim_NA_NA,(Doherty et al. 2016) core source_claim,Podarcis lilfordi,1,(Mellado et al. 1997),"",Not relevant,Opinion claim,"",no,2014
Podarcis lilfordi (Doherty et al. 2016) core source_claim,NOTHING_EXCLUDE_NA_No citation given_NA_NA Podarcis lilfordi,(Doherty et al. 2016) core source_claim,Podarcis lilfordi,2,NOTHING NA Podarcis lilfordi,"",Not relevant,No citation given,"",no,2014
Podarcis lilfordi (IUCN 2025) core source_claim,NOTHING_EXCLUDE_NA_No citation given_NA_NA Podarcis lilfordi,(IUCN 2025) core source_claim,Podarcis lilfordi,1,NOTHING NA Podarcis lilfordi,"",Not relevant,No citation given,"",no,2021
Podarcis lilfordi (Medina et al. 2011) core source_claim,(Clevenger 1995)_INCLUDE_NA_Predation in support_no_no,(Medina et al. 2011) core source_claim,Podarcis lilfordi,1,(Clevenger 1995),"",Yes,Predation in support without data,no,no,2009
Podarcis lilfordi Web of Science_Systematic external review,(Mellado et al. 1997)_EXCLUDE_1_Opinion claim_NA_NA,Web of Science_Systematic external review,Podarcis lilfordi,2,(Mellado et al. 1997),"",Not relevant,Opinion claim,"",no,2025
Podarcis pityusensis (IUCN 2025) core source_claim,NOTHING_EXCLUDE_NA_No citation given_NA_NA Podarcis pityusensis,(IUCN 2025) core source_claim,Podarcis pityusensis,1,NOTHING NA Podarcis pityusensis,"",Not relevant,No citation given,"",no,2021
Podomys floridanus (IUCN 2025) core source_claim,NOTHING_EXCLUDE_NA_No citation given_NA_NA Podomys floridanus,(IUCN 2025) core source_claim,Podomys floridanus,1,NOTHING NA Podomys floridanus,"",Not relevant,No citation given,"",no,2016
Podomys floridanus (IUCN 2025) core source_claim,Álvarez-Castañeda pers. Comm_EXCLUDE_0_Inaccessible_NA_NA,(IUCN 2025) core source_claim,Podomys floridanus,1,Álvarez-Castañeda pers. Comm,0,Not relevant,Inaccessible,"",no,2016
Pomarea dimidiata (Doherty et al. 2016) core source_claim,NOTHING_EXCLUDE_NA_No citation given_NA_NA Pomarea dimidiata,(Doherty et al. 2016) core source_claim,Pomarea dimidiata,2,NOTHING NA Pomarea dimidiata,"",Not relevant,No citation given,"",no,2014
Pomarea dimidiata (IUCN 2025) core source_claim,NOTHING_EXCLUDE_NA_No citation given_NA_NA Pomarea dimidiata,(IUCN 2025) core source_claim,Pomarea dimidiata,1,NOTHING NA Pomarea dimidiata,"",Not relevant,No citation given,"",no,2017
Pomarea fluxa (Doherty et al. 2016) core source_claim,NOTHING_EXCLUDE_NA_No citation given_NA_NA Pomarea fluxa,(Doherty et al. 2016) core source_claim,Pomarea fluxa,2,NOTHING NA Pomarea fluxa,"",Not relevant,No citation given,"",no,2014
Pomarea fluxa (Hume 2017) core source_claim,NOTHING_EXCLUDE_NA_No citation given_NA_NA Pomarea fluxa,(Hume 2017) core source_claim,Pomarea fluxa,1,NOTHING NA Pomarea fluxa,"",Not relevant,No citation given,"",no,2016
Pomarea fluxa (IUCN 2025) core source_claim,NOTHING_EXCLUDE_NA_No citation given_NA_NA Pomarea fluxa,(IUCN 2025) core source_claim,Pomarea fluxa,1,NOTHING NA Pomarea fluxa,"",Not relevant,No citation given,"",no,2022
Pomarea iphis (IUCN 2025) core source_claim,NOTHING_EXCLUDE_NA_No citation given_NA_NA Pomarea iphis,(IUCN 2025) core source_claim,Pomarea iphis,1,NOTHING NA Pomarea iphis,"",Not relevant,No citation given,"",no,2016
Pomarea mendozae (Doherty et al. 2016) core source_claim,(Seitre 1992)_EXCLUDE_1_No claim_NA_NA,(Doherty et al. 2016) core source_claim,Pomarea mendozae,1,(Seitre 1992),"",Not relevant,No claim,"",no,2014
Pomarea mendozae (Doherty et al. 2016) core source_claim,Seitre and Seitre 1991_EXCLUDE_?_Inaccessible_NA_NA,(Doherty et al. 2016) core source_claim,Pomarea mendozae,2,Seitre and Seitre 1991,?,Not relevant,Inaccessible,"",no,2014
Pomarea mendozae (IUCN 2025) core source_claim,(Seitre 1992)_EXCLUDE_1_No claim_NA_NA,(IUCN 2025) core source_claim,Pomarea mendozae,1,(Seitre 1992),"",Not relevant,No claim,"",no,2021
Pomarea mendozae (IUCN 2025) core source_claim,Seitre and Seitre 1991_EXCLUDE_?_Inaccessible_NA_NA,(IUCN 2025) core source_claim,Pomarea mendozae,1,Seitre and Seitre 1991,?,Not relevant,Inaccessible,"",no,2021
Pomarea mendozae (Medina et al. 2011) core source_claim,(BirdLife International 2000)_EXCLUDE_0_Inaccessible_NA_NA,(Medina et al. 2011) core source_claim,Pomarea mendozae,1,(BirdLife International 2000),0,Not relevant,Inaccessible,"",no,2009
Pomarea mira (IUCN 2025) core source_claim,NOTHING_EXCLUDE_NA_No citation given_NA_NA Pomarea mira,(IUCN 2025) core source_claim,Pomarea mira,1,NOTHING NA Pomarea mira,"",Not relevant,No citation given,"",no,2015
Pomarea nigra (IUCN 2025) core source_claim,(Ghestemme 2009)_EXCLUDE_?_Not in English or Spanish_NA_NA,(IUCN 2025) core source_claim,Pomarea nigra,1,(Ghestemme 2009),"",Not relevant,Not in English or Spanish,"",no,2019
Pomarea whitneyi (Doherty et al. 2016) core source_claim,NOTHING_EXCLUDE_NA_No citation given_NA_NA Pomarea whitneyi,(Doherty et al. 2016) core source_claim,Pomarea whitneyi,2,NOTHING NA Pomarea whitneyi,"",Not relevant,No citation given,"",no,2014
Pomarea whitneyi (IUCN 2025) core source_claim,NOTHING_EXCLUDE_NA_No citation given_NA_NA Pomarea whitneyi,(IUCN 2025) core source_claim,Pomarea whitneyi,1,NOTHING NA Pomarea whitneyi,"",Not relevant,No citation given,"",no,2017
Pomarea whitneyi Web of Science_Systematic external review,(Ghestemme et al. 2019)_EXCLUDE_1_Does not test claim_NA_NA,Web of Science_Systematic external review,Pomarea whitneyi,1,(Ghestemme et al. 2019),"",Not relevant,Does not test claim,"",no,2025
Poodytes rufescens (Hume 2017) core source_claim,(Rothschild 1907)_EXCLUDE_0_Opinion claim_NA_NA,(Hume 2017) core source_claim,Poodytes rufescens,1,(Rothschild 1907),"",Not relevant,Opinion claim,"",no,2016
Poodytes rufescens (IUCN 2025) core source_claim,(Fleming 1939)_EXCLUDE_?_Opinion claim_NA_NA,(IUCN 2025) core source_claim,Poodytes rufescens,1,(Fleming 1939),"",Not relevant,Opinion claim,"",no,2022
Poodytes rufescens (IUCN 2025) core source_claim,(Rothschild 1907)_EXCLUDE_0_Opinion claim_NA_NA,(IUCN 2025) core source_claim,Poodytes rufescens,2,(Rothschild 1907),"",Not relevant,Opinion claim,"",no,2022
Porphyrio paepae (Doherty et al. 2016) core source_claim,NOTHING_EXCLUDE_NA_No citation given_NA_NA Porphyrio paepae,(Doherty et al. 2016) core source_claim,Porphyrio paepae,2,NOTHING NA Porphyrio paepae,"",Not relevant,No citation given,"",no,2014
Porphyrio paepae (IUCN 2025) core source_claim,NOTHING_EXCLUDE_NA_No citation given_NA_NA Porphyrio paepae,(IUCN 2025) core source_claim,Porphyrio paepae,1,NOTHING NA Porphyrio paepae,"",Not relevant,No citation given,"",no,2022
Potorous gilbertii (Doherty et al. 2016) core source_claim,(Courtenay & Friend 2004)_EXCLUDE_0_Opinion claim_NA_NA,(Doherty et al. 2016) core source_claim,Potorous gilbertii,1,(Courtenay & Friend 2004),"",Not relevant,Opinion claim,"",no,2014
Potorous gilbertii (Doherty et al. 2016) core source_claim,NOTHING_EXCLUDE_NA_No citation given_NA_NA Potorous gilbertii,(Doherty et al. 2016) core source_claim,Potorous gilbertii,2,NOTHING NA Potorous gilbertii,"",Not relevant,No citation given,"",no,2014
Potorous gilbertii (IUCN 2025) core source_claim,NOTHING_EXCLUDE_NA_No citation given_NA_NA Potorous gilbertii,(IUCN 2025) core source_claim,Potorous gilbertii,1,NOTHING NA Potorous gilbertii,"",Not relevant,No citation given,"",no,2015
Potorous gilbertii (Woinarski et al. 2014) core source_claim,NOTHING_EXCLUDE_NA_No citation given_NA_NA Potorous gilbertii,(Woinarski et al. 2014) core source_claim,Potorous gilbertii,1,NOTHING NA Potorous gilbertii,"",Not relevant,No citation given,"",no,2013
Potorous tridactylus (Dickman 1996b) core source_claim,NOTHING_EXCLUDE_NA_No citation given_NA_NA Potorous tridactylus,(Dickman 1996b) core source_claim,Potorous tridactylus,1,NOTHING NA Potorous tridactylus,"",Not relevant,No citation given,"",no,1994
Potorous tridactylus (IUCN 2025) core source_claim,NOTHING_EXCLUDE_NA_No citation given_NA_NA Potorous tridactylus,(IUCN 2025) core source_claim,Potorous tridactylus,1,NOTHING NA Potorous tridactylus,"",Not relevant,No citation given,"",no,2013
Potorous tridactylus (Wallach & Lundgren 2025)_external review without claim,(Lazenby 2012)_INCLUDE_NA_Predation in support_no_no,(Wallach & Lundgren 2025)_external review without claim,Potorous tridactylus,1,(Lazenby 2012),"",Yes,Predation in support without data,no,no,2022
Potorous tridactylus (Wallach & Lundgren 2025)_external review without claim,(Miritis et al. 2020)_INCLUDE_NA_Population not in support_yes_yes,(Wallach & Lundgren 2025)_external review without claim,Potorous tridactylus,1,(Miritis et al. 2020),"",No,Population not in support with data of quality,yes,yes,2022
Potorous tridactylus (Wallach & Lundgren 2025)_external review without claim,(Miritis et al. 2020)_INCLUDE_NA_Predation in support_no_no,(Wallach & Lundgren 2025)_external review without claim,Potorous tridactylus,1,(Miritis et al. 2020),"",Yes,Predation in support without data,no,no,2022
Potorous tridactylus (Wallach & Lundgren 2025)_external review without claim,(Norton et al. 2015)_INCLUDE_NA_Population not in support_yes_no,(Wallach & Lundgren 2025)_external review without claim,Potorous tridactylus,1,(Norton et al. 2015),"",No,Population not in support with data,yes,no,2022
Potorous tridactylus (Wallach & Lundgren 2025)_external review without claim,(Rees et al. 2024)_INCLUDE_NA_Population not in support_yes_yes,(Wallach & Lundgren 2025)_external review without claim,Potorous tridactylus,1,(Rees et al. 2024),"",No,Population not in support with data of quality,yes,yes,2022
Potorous tridactylus (Wallach & Lundgren 2025)_external review without claim,(Robley et al. 2022)_INCLUDE_NA_Population not in support_yes_yes,(Wallach & Lundgren 2025)_external review without claim,Potorous tridactylus,1,(Robley et al. 2022),"",No,Population not in support with data of quality,yes,yes,2022
Potorous tridactylus (Wallach & Lundgren 2025)_external review without claim,(Schwarz 1995)_INCLUDE_NA_Predation in support_no_no,(Wallach & Lundgren 2025)_external review without claim,Potorous tridactylus,1,(Schwarz 1995),"",Yes,Predation in support without data,no,no,2022
Potorous tridactylus (Woinarski et al. 2014) core source_claim,(Martin & Temple-Smith 2012)_EXCLUDE_0_Inaccessible_NA_NA,(Woinarski et al. 2014) core source_claim,Potorous tridactylus,1,(Martin & Temple-Smith 2012),0,Not relevant,Inaccessible,"",no,2013
Potorous tridactylus Web of Science_Systematic external review,(Arthur et al. 2012)_INCLUDE_NA_Population not in support_yes_no,Web of Science_Systematic external review,Potorous tridactylus,1,(Arthur et al. 2012),"",No,Population not in support with data,yes,no,2025
Potorous tridactylus Web of Science_Systematic external review,(Goldingay 2024)_EXCLUDE_1_No claim_NA_NA,Web of Science_Systematic external review,Potorous tridactylus,1,(Goldingay 2024),"",Not relevant,No claim,"",no,2025
Potorous tridactylus Web of Science_Systematic external review,(Lazenby 2012)_INCLUDE_NA_Predation in support_no_no,Web of Science_Systematic external review,Potorous tridactylus,2,(Lazenby 2012),"",Yes,Predation in support without data,no,no,2025
Potorous tridactylus Web of Science_Systematic external review,(McHugh et al. 2019)_INCLUDE_NA_Population not in support_yes_yes,Web of Science_Systematic external review,Potorous tridactylus,1,(McHugh et al. 2019),"",No,Population not in support with data of quality,yes,yes,2025
Potorous tridactylus Web of Science_Systematic external review,(McHugh et al. 2020)_EXCLUDE_1_No claim_NA_NA,Web of Science_Systematic external review,Potorous tridactylus,1,(McHugh et al. 2020),"",Not relevant,No claim,"",no,2025
Potorous tridactylus Web of Science_Systematic external review,(McHugh et al. 2022)_INCLUDE_NA_Population not in support_yes_yes,Web of Science_Systematic external review,Potorous tridactylus,1,(McHugh et al. 2022),"",No,Population not in support with data of quality,yes,yes,2025
Potorous tridactylus Web of Science_Systematic external review,(Menon et al. 2025)_INCLUDE_NA_Population not in support_yes_yes,Web of Science_Systematic external review,Potorous tridactylus,1,(Menon et al. 2025),"",No,Population not in support with data of quality,yes,yes,2025
Potorous tridactylus Web of Science_Systematic external review,(Miritis et al. 2020)_INCLUDE_NA_Population not in support_yes_yes,Web of Science_Systematic external review,Potorous tridactylus,1,(Miritis et al. 2020),"",No,Population not in support with data of quality,yes,yes,2025
Potorous tridactylus Web of Science_Systematic external review,(Miritis et al. 2020)_INCLUDE_NA_Predation in support_no_no,Web of Science_Systematic external review,Potorous tridactylus,1,(Miritis et al. 2020),"",Yes,Predation in support without data,no,no,2025
Potorous tridactylus Web of Science_Systematic external review,(Rees et al. 2024)_INCLUDE_NA_Population not in support_yes_yes,Web of Science_Systematic external review,Potorous tridactylus,1,(Rees et al. 2024),"",No,Population not in support with data of quality,yes,yes,2025
Potorous tridactylus Web of Science_Systematic external review,(Scott 1994)_EXCLUDE_0_Inaccessible_NA_NA,Web of Science_Systematic external review,Potorous tridactylus,2,(Scott 1994),0,Not relevant,Inaccessible,"",no,2025
Pristidactylus volcanensis (IUCN 2025) core source_claim,(Ministerio del Medio Ambiente 2014)_EXCLUDE_0_No claim_NA_NA,(IUCN 2025) core source_claim,Pristidactylus volcanensis,1,(Ministerio del Medio Ambiente 2014),"",Not relevant,No claim,"",no,2014
Pristidactylus volcanensis (IUCN 2025) core source_claim,(Troncoso 2010)_EXCLUDE_?_Opinion claim_NA_NA,(IUCN 2025) core source_claim,Pristidactylus volcanensis,1,(Troncoso 2010),"",Not relevant,Opinion claim,"",no,2014
Procellaria aequinoctialis (Campolina et al. 2024) core source_claim,(Dilley et al. 2017)_INCLUDE_NA_Population in support_yes_no,(Campolina et al. 2024) core source_claim,Procellaria aequinoctialis,1,(Dilley et al. 2017),"",Yes,Population in support with data,yes,no,2021
Procellaria aequinoctialis (Campolina et al. 2024) core source_claim,(Van Rensburg 1985)_INCLUDE_NA_Predation in support_no_no,(Campolina et al. 2024) core source_claim,Procellaria aequinoctialis,1,(Van Rensburg 1985),"",Yes,Predation in support without data,no,no,2021
Procellaria aequinoctialis (Doherty et al. 2016) core source_claim,(Barbraud et al. 2009)_EXCLUDE_1_No claim_NA_NA,(Doherty et al. 2016) core source_claim,Procellaria aequinoctialis,2,(Barbraud et al. 2009),"",Not relevant,No claim,"",no,2014
Procellaria aequinoctialis (Doherty et al. 2016) core source_claim,(Carboneras et al. 2014)_EXCLUDE_0_Inaccessible_NA_NA,(Doherty et al. 2016) core source_claim,Procellaria aequinoctialis,2,(Carboneras et al. 2014),0,Not relevant,Inaccessible,"",no,2014
Procellaria aequinoctialis (Doherty et al. 2016) core source_claim,(Van Rensburg & Bester 1988)_INCLUDE_NA_Population in support_yes_yes,(Doherty et al. 2016) core source_claim,Procellaria aequinoctialis,1,(Van Rensburg & Bester 1988),"",Yes,Population in support with data of quality,yes,yes,2014
Procellaria aequinoctialis (Garnett & Baker 2021) core source_claim,NOTHING_EXCLUDE_NA_No citation given_NA_NA Procellaria aequinoctialis,(Garnett & Baker 2021) core source_claim,Procellaria aequinoctialis,1,NOTHING NA Procellaria aequinoctialis,"",Not relevant,No citation given,"",no,2020
Procellaria aequinoctialis (IUCN 2025) core source_claim,(Barbraud et al. 2009)_EXCLUDE_1_No claim_NA_NA,(IUCN 2025) core source_claim,Procellaria aequinoctialis,1,(Barbraud et al. 2009),"",Not relevant,No claim,"",no,2017
Procellaria aequinoctialis (IUCN 2025) core source_claim,(Carboneras et al. 2014)_EXCLUDE_0_Inaccessible_NA_NA,(IUCN 2025) core source_claim,Procellaria aequinoctialis,1,(Carboneras et al. 2014),0,Not relevant,Inaccessible,"",no,2017
Procellaria aequinoctialis (Medina et al. 2011) core source_claim,(Bloomer & Bester 1990)_INCLUDE_NA_Predation in support_no_no,(Medina et al. 2011) core source_claim,Procellaria aequinoctialis,1,(Bloomer & Bester 1990),"",Yes,Predation in support without data,no,no,2009
Procellaria aequinoctialis (Medina et al. 2011) core source_claim,(Van Aarde 1981)_INCLUDE_NA_Predation in support_no_no,(Medina et al. 2011) core source_claim,Procellaria aequinoctialis,1,(Van Aarde 1981),"",Yes,Predation in support without data,no,no,2009
Procellaria aequinoctialis (Medina et al. 2011) core source_claim,(Van Rensburg & Bester 1988)_INCLUDE_NA_Population in support_yes_yes,(Medina et al. 2011) core source_claim,Procellaria aequinoctialis,1,(Van Rensburg & Bester 1988),"",Yes,Population in support with data of quality,yes,yes,2009
Procellaria aequinoctialis (Medina et al. 2011) core source_claim,(Van Rensburg 1985)_INCLUDE_NA_Predation in support_no_no,(Medina et al. 2011) core source_claim,Procellaria aequinoctialis,1,(Van Rensburg 1985),"",Yes,Predation in support without data,no,no,2009
Procellaria aequinoctialis Web of Science_Systematic external review,(Dilley et al. 2017)_INCLUDE_NA_Population in support_yes_no,Web of Science_Systematic external review,Procellaria aequinoctialis,1,(Dilley et al. 2017),"",Yes,Population in support with data,yes,no,2025
Procellaria aequinoctialis Web of Science_Systematic external review,(Dilley et al. 2018)_INCLUDE_NA_Population in support_yes_no,Web of Science_Systematic external review,Procellaria aequinoctialis,1,(Dilley et al. 2018),"",Yes,Population in support with data,yes,no,2025
Procellaria aequinoctialis Web of Science_Systematic external review,(Matias & Catry 2008)_INCLUDE_NA_Predation not in support_no_no,Web of Science_Systematic external review,Procellaria aequinoctialis,1,(Matias & Catry 2008),"",No,Predation not in support without data,no,no,2025
Procellaria aequinoctialis Web of Science_Systematic external review,(Schramm 1986)_EXCLUDE_1_Opinion claim_NA_NA,Web of Science_Systematic external review,Procellaria aequinoctialis,1,(Schramm 1986),"",Not relevant,Opinion claim,"",no,2025
Procellaria aequinoctialis Web of Science_Systematic external review,(Van Aarde 1981)_INCLUDE_NA_Predation in support_no_no,Web of Science_Systematic external review,Procellaria aequinoctialis,2,(Van Aarde 1981),"",Yes,Predation in support without data,no,no,2025
Procellaria aequinoctialis Web of Science_Systematic external review,(Van Rensburg 1985)_INCLUDE_NA_Predation in support_no_no,Web of Science_Systematic external review,Procellaria aequinoctialis,2,(Van Rensburg 1985),"",Yes,Predation in support without data,no,no,2025
Procellaria cinerea (Campolina et al. 2024) core source_claim,(Newton & Fugler 1989)_EXCLUDE_0_Opinion claim_NA_NA,(Campolina et al. 2024) core source_claim,Procellaria cinerea,1,(Newton & Fugler 1989),"",Not relevant,Opinion claim,"",no,2021
Procellaria cinerea (Garnett et al. 2011) core source_claim,(Rounsevell & Brothers 1984)_EXCLUDE_0_Inaccessible_NA_NA,(Garnett et al. 2011) core source_claim,Procellaria cinerea,1,(Rounsevell & Brothers 1984),0,Not relevant,Inaccessible,"",no,2010
Procellaria cinerea (IUCN 2025) core source_claim,NOTHING_EXCLUDE_NA_No citation given_NA_NA Procellaria cinerea,(IUCN 2025) core source_claim,Procellaria cinerea,1,NOTHING NA Procellaria cinerea,"",Not relevant,No citation given,"",no,2019
Procellaria cinerea Web of Science_Systematic external review,(Bird et al. 2024)_INCLUDE_NA_Population not in support_no_no,Web of Science_Systematic external review,Procellaria cinerea,1,(Bird et al. 2024),"",No,Population not in support without data,no,no,2025
Procellaria cinerea Web of Science_Systematic external review,(Dilley et al. 2017)_INCLUDE_NA_Population not in support_yes_no,Web of Science_Systematic external review,Procellaria cinerea,2,(Dilley et al. 2017),"",No,Population not in support with data,yes,no,2025
Procellaria cinerea Web of Science_Systematic external review,(Dilley et al. 2018)_INCLUDE_NA_Population not in support_yes_no,Web of Science_Systematic external review,Procellaria cinerea,1,(Dilley et al. 2018),"",No,Population not in support with data,yes,no,2025
Procellaria cinerea Web of Science_Systematic external review,(Newton & Fugler 1989)_EXCLUDE_1_No claim_NA_NA,Web of Science_Systematic external review,Procellaria cinerea,2,(Newton & Fugler 1989),"",Not relevant,No claim,"",no,2025
Procellaria parkinsoni (Garnett & Baker 2021) core source_claim,(Bell 2013)_EXCLUDE_0_Opinion claim_NA_NA,(Garnett & Baker 2021) core source_claim,Procellaria parkinsoni,2,(Bell 2013),"",Not relevant,Opinion claim,"",no,2020
Procellaria parkinsoni (Garnett & Baker 2021) core source_claim,(Bell et al. 2018)_INCLUDE_NA_Predation in support_no_no,(Garnett & Baker 2021) core source_claim,Procellaria parkinsoni,1,(Bell et al. 2018),"",Yes,Predation in support without data,no,no,2020
Procellaria parkinsoni (Garnett & Baker 2021) core source_claim,NOTHING_EXCLUDE_NA_No citation given_NA_NA Procellaria parkinsoni,(Garnett & Baker 2021) core source_claim,Procellaria parkinsoni,1,NOTHING NA Procellaria parkinsoni,"",Not relevant,No citation given,"",no,2020
Procellaria parkinsoni (IUCN 2025) core source_claim,(Imber 1987)_INCLUDE_NA_Predation in support_no_no,(IUCN 2025) core source_claim,Procellaria parkinsoni,1,(Imber 1987),"",Yes,Predation in support without data,no,no,2017
Procellaria parkinsoni (Medina et al. 2011) core source_claim,(Imber 1975)_EXCLUDE_0_Inaccessible_NA_NA,(Medina et al. 2011) core source_claim,Procellaria parkinsoni,1,(Imber 1975),0,Not relevant,Inaccessible,"",no,2009
Procellaria parkinsoni (Medina et al. 2011) core source_claim,(Imber 1987)_INCLUDE_NA_Predation in support_no_no,(Medina et al. 2011) core source_claim,Procellaria parkinsoni,1,(Imber 1987),"",Yes,Predation in support without data,no,no,2009
Procellaria parkinsoni Web of Science_Systematic external review,(Veitch 2001)_EXCLUDE_1_Opinion claim_NA_NA,Web of Science_Systematic external review,Procellaria parkinsoni,1,(Veitch 2001),"",Not relevant,Opinion claim,"",no,2025
Procellaria westlandica (Doherty et al. 2016) core source_claim,(Taylor 2000)_EXCLUDE_0_Opinion claim_NA_NA,(Doherty et al. 2016) core source_claim,Procellaria westlandica,1,(Taylor 2000),"",Not relevant,Opinion claim,"",no,2014
Procellaria westlandica (IUCN 2025) core source_claim,(McClellan & Wood 2004)_EXCLUDE_0_Inaccessible_NA_NA,(IUCN 2025) core source_claim,Procellaria westlandica,2,(McClellan & Wood 2004),0,Not relevant,Inaccessible,"",no,2017
Procellaria westlandica (IUCN 2025) core source_claim,(Wilson & Coast 2016)_INCLUDE_NA_Predation in support_no_no,(IUCN 2025) core source_claim,Procellaria westlandica,1,(Wilson & Coast 2016),"",Yes,Predation in support without data,no,no,2017
Prosobonia cancellata (Doherty et al. 2016) core source_claim,(Pierce & Blanvillain 2004)_INCLUDE_NA_Population in support_yes_yes,(Doherty et al. 2016) core source_claim,Prosobonia cancellata,1,(Pierce & Blanvillain 2004),"",Yes,Population in support with data of quality,yes,yes,2014
Prosobonia cancellata (Doherty et al. 2016) core source_claim,(Pierce et al. 2003)_INCLUDE_NA_Population in support_yes_yes,(Doherty et al. 2016) core source_claim,Prosobonia cancellata,2,(Pierce et al. 2003),"",Yes,Population in support with data of quality,yes,yes,2014
Prosobonia cancellata (Doherty et al. 2016) core source_claim,NOTHING_EXCLUDE_NA_No citation given_NA_NA Prosobonia cancellata,(Doherty et al. 2016) core source_claim,Prosobonia cancellata,2,NOTHING NA Prosobonia cancellata,"",Not relevant,No citation given,"",no,2014
Prosobonia cancellata (Hume 2017) core source_claim,NOTHING_EXCLUDE_NA_No citation given_NA_NA Prosobonia cancellata,(Hume 2017) core source_claim,Prosobonia cancellata,2,NOTHING NA Prosobonia cancellata,"",Not relevant,No citation given,"",no,2016
Prosobonia cancellata (IUCN 2025) core source_claim,NOTHING_EXCLUDE_NA_No citation given_NA_NA Prosobonia cancellata,(IUCN 2025) core source_claim,Prosobonia cancellata,1,NOTHING NA Prosobonia cancellata,"",Not relevant,No citation given,"",no,2022
Prosobonia cancellata Web of Science_Systematic external review,(Blanvillain et al. 2002)_INCLUDE_NA_Population in support_yes_yes,Web of Science_Systematic external review,Prosobonia cancellata,1,(Blanvillain et al. 2002),"",Yes,Population in support with data of quality,yes,yes,2025
Prosobonia parvirostris (Doherty et al. 2016) core source_claim,(Berrett et al. 1987)_EXCLUDE_?_Inaccessible_NA_NA,(Doherty et al. 2016) core source_claim,Prosobonia parvirostris,2,(Berrett et al. 1987),?,Not relevant,Inaccessible,"",no,2014
Prosobonia parvirostris (Doherty et al. 2016) core source_claim,(Pierce & Blanvillain 2004)_EXCLUDE_1_No claim_NA_NA,(Doherty et al. 2016) core source_claim,Prosobonia parvirostris,1,(Pierce & Blanvillain 2004),"",Not relevant,No claim,"",no,2014
Prosobonia parvirostris (Doherty et al. 2016) core source_claim,(Thibault & Cibois 2017)_EXCLUDE_0_Inaccessible_NA_NA,(Doherty et al. 2016) core source_claim,Prosobonia parvirostris,2,(Thibault & Cibois 2017),0,Not relevant,Inaccessible,"",no,2014
Prosobonia parvirostris (IUCN 2025) core source_claim,(Berrett et al. 1987)_EXCLUDE_?_Inaccessible_NA_NA,(IUCN 2025) core source_claim,Prosobonia parvirostris,1,(Berrett et al. 1987),?,Not relevant,Inaccessible,"",no,2022
Prosobonia parvirostris (IUCN 2025) core source_claim,(Pierce & Blanvillain 2004)_EXCLUDE_1_No claim_NA_NA,(IUCN 2025) core source_claim,Prosobonia parvirostris,1,(Pierce & Blanvillain 2004),"",Not relevant,No claim,"",no,2022
Prosobonia parvirostris (IUCN 2025) core source_claim,(Thibault & Cibois 2017)_EXCLUDE_0_Inaccessible_NA_NA,(IUCN 2025) core source_claim,Prosobonia parvirostris,1,(Thibault & Cibois 2017),0,Not relevant,Inaccessible,"",no,2022
Pseudalsophis biserialis (IUCN 2025) core source_claim,NOTHING_EXCLUDE_NA_No citation given_NA_NA Pseudalsophis biserialis,(IUCN 2025) core source_claim,Pseudalsophis biserialis,1,NOTHING NA Pseudalsophis biserialis,"",Not relevant,No citation given,"",no,2013
Pseudalsophis steindachneri (IUCN 2025) core source_claim,NOTHING_EXCLUDE_NA_No citation given_NA_NA Pseudalsophis steindachneri,(IUCN 2025) core source_claim,Pseudalsophis steindachneri,1,NOTHING NA Pseudalsophis steindachneri,"",Not relevant,No citation given,"",no,2013
Pseudantechinus mimulus (Doherty et al. 2016) core source_claim,(Woinarski 2004)_EXCLUDE_0_Opinion claim_NA_NA,(Doherty et al. 2016) core source_claim,Pseudantechinus mimulus,1,(Woinarski 2004),"",Not relevant,Opinion claim,"",no,2014
Pseudantechinus mimulus (Doherty et al. 2016) core source_claim,NOTHING_EXCLUDE_NA_No citation given_NA_NA Pseudantechinus mimulus,(Doherty et al. 2016) core source_claim,Pseudantechinus mimulus,2,NOTHING NA Pseudantechinus mimulus,"",Not relevant,No citation given,"",no,2014
Pseudantechinus mimulus (Woinarski et al. 2014) core source_claim,NOTHING_EXCLUDE_NA_No citation given_NA_NA Pseudantechinus mimulus,(Woinarski et al. 2014) core source_claim,Pseudantechinus mimulus,1,NOTHING NA Pseudantechinus mimulus,"",Not relevant,No citation given,"",no,2013
Pseudemoia cryodroma (IUCN 2025) core source_claim,NOTHING_EXCLUDE_NA_No citation given_NA_NA Pseudemoia cryodroma,(IUCN 2025) core source_claim,Pseudemoia cryodroma,1,NOTHING NA Pseudemoia cryodroma,"",Not relevant,No citation given,"",no,2016
Pseudobulweria aterrima (Doherty et al. 2016) core source_claim,(Riethmuller et al. 2012)_EXCLUDE_0_Not in English or Spanish_NA_NA,(Doherty et al. 2016) core source_claim,Pseudobulweria aterrima,2,(Riethmuller et al. 2012),"",Not relevant,Not in English or Spanish,"",no,2014
Pseudobulweria aterrima (IUCN 2025) core source_claim,(Riethmuller et al. 2012)_EXCLUDE_0_Not in English or Spanish_NA_NA,(IUCN 2025) core source_claim,Pseudobulweria aterrima,1,(Riethmuller et al. 2012),"",Not relevant,Not in English or Spanish,"",no,2017
Pseudobulweria aterrima (Medina et al. 2011) core source_claim,(BirdLife International 2000)_EXCLUDE_0_Inaccessible_NA_NA,(Medina et al. 2011) core source_claim,Pseudobulweria aterrima,1,(BirdLife International 2000),0,Not relevant,Inaccessible,"",no,2009
Pseudobulweria aterrima Web of Science_Systematic external review,(Juhasz et al. 2022a)_EXCLUDE_1_No claim_NA_NA,Web of Science_Systematic external review,Pseudobulweria aterrima,1,(Juhasz et al. 2022a),"",Not relevant,No claim,"",no,2025
Pseudobulweria aterrima Web of Science_Systematic external review,(Virion et al. 2021)_EXCLUDE_0_Not in English or Spanish_NA_NA,Web of Science_Systematic external review,Pseudobulweria aterrima,2,(Virion et al. 2021),"",Not relevant,Not in English or Spanish,"",no,2025
Pseudobulweria macgillivrayi (Doherty et al. 2016) core source_claim,(Watling & Lewanavanua 1985)_EXCLUDE_1_Opinion claim_NA_NA,(Doherty et al. 2016) core source_claim,Pseudobulweria macgillivrayi,2,(Watling & Lewanavanua 1985),"",Not relevant,Opinion claim,"",no,2014
Pseudobulweria macgillivrayi (IUCN 2025) core source_claim,(Watling & Lewanavanua 1985)_EXCLUDE_1_Opinion claim_NA_NA,(IUCN 2025) core source_claim,Pseudobulweria macgillivrayi,1,(Watling & Lewanavanua 1985),"",Not relevant,Opinion claim,"",no,2017
Pseudobulweria macgillivrayi (Medina et al. 2011) core source_claim,(BirdLife International 2000)_EXCLUDE_0_Inaccessible_NA_NA,(Medina et al. 2011) core source_claim,Pseudobulweria macgillivrayi,1,(BirdLife International 2000),0,Not relevant,Inaccessible,"",no,2009
Pseudobulweria macgillivrayi Web of Science_Systematic external review,(Watling & Lewanavanua 1985)_EXCLUDE_1_Opinion claim_NA_NA,Web of Science_Systematic external review,Pseudobulweria macgillivrayi,2,(Watling & Lewanavanua 1985),"",Not relevant,Opinion claim,"",no,2025
Pseudobulweria rostrata (Garnett & Baker 2021) core source_claim,(Palmas et al. 2017)_INCLUDE_NA_Predation in support_no_no,(Garnett & Baker 2021) core source_claim,Pseudobulweria rostrata,1,(Palmas et al. 2017),"",Yes,Predation in support without data,no,no,2020
Pseudobulweria rostrata (Garnett et al. 2011) core source_claim,(Villard et al. 2006)_EXCLUDE_1_Opinion claim_NA_NA,(Garnett et al. 2011) core source_claim,Pseudobulweria rostrata,1,(Villard et al. 2006),"",Not relevant,Opinion claim,"",no,2010
Pseudobulweria rostrata (IUCN 2025) core source_claim,(Palmas et al. 2017)_INCLUDE_NA_Predation in support_no_no,(IUCN 2025) core source_claim,Pseudobulweria rostrata,1,(Palmas et al. 2017),"",Yes,Predation in support without data,no,no,2017
Pseudocheirus occidentalis (Dickman 1996b) core source_claim,NOTHING_EXCLUDE_NA_No citation given_NA_NA Pseudocheirus occidentalis,(Dickman 1996b) core source_claim,Pseudocheirus occidentalis,1,NOTHING NA Pseudocheirus occidentalis,"",Not relevant,No citation given,"",no,1994
Pseudocheirus occidentalis (Doherty et al. 2016) core source_claim,NOTHING_EXCLUDE_NA_No citation given_NA_NA Pseudocheirus occidentalis,(Doherty et al. 2016) core source_claim,Pseudocheirus occidentalis,3,NOTHING NA Pseudocheirus occidentalis,"",Not relevant,No citation given,"",no,2014
Pseudocheirus occidentalis (IUCN 2025) core source_claim,(Wayne et al. 2005)_INCLUDE_NA_Predation in support_no_no,(IUCN 2025) core source_claim,Pseudocheirus occidentalis,1,(Wayne et al. 2005),"",Yes,Predation in support without data,no,no,2013
Pseudocheirus occidentalis (IUCN 2025) core source_claim,(Wayne et al. 2011)_INCLUDE_NA_Population not in support_yes_no,(IUCN 2025) core source_claim,Pseudocheirus occidentalis,1,(Wayne et al. 2011),"",No,Population not in support with data,yes,no,2013
Pseudocheirus occidentalis (IUCN 2025) core source_claim,K. Morris pers. Comm_EXCLUDE_0_Inaccessible_NA_NA,(IUCN 2025) core source_claim,Pseudocheirus occidentalis,1,K. Morris pers. Comm,0,Not relevant,Inaccessible,"",no,2013
Pseudocheirus occidentalis (IUCN 2025) core source_claim,NOTHING_EXCLUDE_NA_No citation given_NA_NA Pseudocheirus occidentalis,(IUCN 2025) core source_claim,Pseudocheirus occidentalis,2,NOTHING NA Pseudocheirus occidentalis,"",Not relevant,No citation given,"",no,2013
Pseudocheirus occidentalis (Wallach & Lundgren 2025)_external review without claim,(Clarke 2011)_INCLUDE_NA_Predation in support_no_no,(Wallach & Lundgren 2025)_external review without claim,Pseudocheirus occidentalis,1,(Clarke 2011),"",Yes,Predation in support without data,no,no,2022
Pseudocheirus occidentalis (Wallach & Lundgren 2025)_external review without claim,(Wayne et al. 2011)_INCLUDE_NA_Population not in support_yes_no,(Wallach & Lundgren 2025)_external review without claim,Pseudocheirus occidentalis,1,(Wayne et al. 2011),"",No,Population not in support with data,yes,no,2022
Pseudocheirus occidentalis (Wallach & Lundgren 2025)_external review without claim,(Wayne et al. 2017a)_INCLUDE_NA_Population not in support_yes_no,(Wallach & Lundgren 2025)_external review without claim,Pseudocheirus occidentalis,1,(Wayne et al. 2017a),"",No,Population not in support with data,yes,no,2022
Pseudocheirus occidentalis (Wallach & Lundgren 2025)_external review without claim,(Wayne et al. 2017b)_INCLUDE_NA_Population not in support_yes_no,(Wallach & Lundgren 2025)_external review without claim,Pseudocheirus occidentalis,1,(Wayne et al. 2017b),"",No,Population not in support with data,yes,no,2022
Pseudocheirus occidentalis (Woinarski et al. 2014) core source_claim,NOTHING_EXCLUDE_NA_No citation given_NA_NA Pseudocheirus occidentalis,(Woinarski et al. 2014) core source_claim,Pseudocheirus occidentalis,2,NOTHING NA Pseudocheirus occidentalis,"",Not relevant,No citation given,"",no,2013
Pseudocheirus occidentalis Web of Science_Systematic external review,(Wayne et al. 2005)_INCLUDE_NA_Predation in support_no_no,Web of Science_Systematic external review,Pseudocheirus occidentalis,1,(Wayne et al. 2005),"",Yes,Predation in support without data,no,no,2025
Pseudocheirus occidentalis Web of Science_Systematic external review,(Wayne et al. 2017b)_INCLUDE_NA_Population not in support_yes_no,Web of Science_Systematic external review,Pseudocheirus occidentalis,1,(Wayne et al. 2017b),"",No,Population not in support with data,yes,no,2025
Pseudomys auritus (IUCN 2025) core source_claim,NOTHING_EXCLUDE_NA_No citation given_NA_NA Pseudomys auritus,(IUCN 2025) core source_claim,Pseudomys auritus,1,NOTHING NA Pseudomys auritus,"",Not relevant,No citation given,"",no,2023
Pseudomys auritus (Radford et al. 2018) core source_claim,(Dickman 1996b) core source_EXCLUDE_NA_No claim,(Radford et al. 2018) core source_claim,Pseudomys auritus,2,(Dickman 1996b) core source,,Not relevant,No claim,"",no,2016
Pseudomys auritus (Woinarski et al. 2014) core source_claim,(Dickman 1996b) core source_EXCLUDE_NA_No claim,(Woinarski et al. 2014) core source_claim,Pseudomys auritus,1,(Dickman 1996b) core source,,Not relevant,No claim,"",no,2013
Pseudomys australis (Dickman 1996b) core source_claim,(Copley 1994)_EXCLUDE_0_Inaccessible_NA_NA,(Dickman 1996b) core source_claim,Pseudomys australis,1,(Copley 1994),0,Not relevant,Inaccessible,"",no,1994
Pseudomys australis (Doherty et al. 2016) core source_claim,(Moseby et al. 2009)_EXCLUDE_1_No claim_NA_NA,(Doherty et al. 2016) core source_claim,Pseudomys australis,2,(Moseby et al. 2009),"",Not relevant,No claim,"",no,2014
Pseudomys australis (Doherty et al. 2016) core source_claim,(Pavey et al. 2008b)_INCLUDE_NA_Predation in support_no_no,(Doherty et al. 2016) core source_claim,Pseudomys australis,1,(Pavey et al. 2008b),"",Yes,Predation in support without data,no,no,2014
Pseudomys australis (Doherty et al. 2016) core source_claim,(Pavey et al. 2014)_INCLUDE_NA_Population not in support_yes_no,(Doherty et al. 2016) core source_claim,Pseudomys australis,1,(Pavey et al. 2014),"",No,Population not in support with data,yes,no,2014
Pseudomys australis (Doherty et al. 2016) core source_claim,(Pavey et al. 2014)_INCLUDE_NA_Predation in support_no_no,(Doherty et al. 2016) core source_claim,Pseudomys australis,1,(Pavey et al. 2014),"",Yes,Predation in support without data,no,no,2014
Pseudomys australis (Doherty et al. 2016) core source_claim,(Read & Cunningham 2010)_INCLUDE_NA_Population in support_no_no,(Doherty et al. 2016) core source_claim,Pseudomys australis,1,(Read & Cunningham 2010),"",Yes,Population in support without data,no,no,2014
Pseudomys australis (IUCN 2025) core source_claim,(Read & Cunningham 2010)_INCLUDE_NA_Population in support_no_no,(IUCN 2025) core source_claim,Pseudomys australis,1,(Read & Cunningham 2010),"",Yes,Population in support without data,no,no,2014
Pseudomys australis (Radford et al. 2018) core source_claim,(Dickman et al. 1993)_EXCLUDE_1_Opinion claim_NA_NA,(Radford et al. 2018) core source_claim,Pseudomys australis,1,(Dickman et al. 1993),"",Not relevant,Opinion claim,"",no,2016
Pseudomys australis (Wallach & Lundgren 2025)_external review without claim,(Moseby et al. 2020)_INCLUDE_NA_Population in support_yes_no,(Wallach & Lundgren 2025)_external review without claim,Pseudomys australis,1,(Moseby et al. 2020),"",Yes,Population in support with data,yes,no,2022
Pseudomys australis (Wallach & Lundgren 2025)_external review without claim,(Pavey et al. 2008b)_INCLUDE_NA_Predation in support_no_no,(Wallach & Lundgren 2025)_external review without claim,Pseudomys australis,1,(Pavey et al. 2008b),"",Yes,Predation in support without data,no,no,2022
Pseudomys australis (Wallach & Lundgren 2025)_external review without claim,(Pavey et al. 2014)_INCLUDE_NA_Population not in support_yes_no,(Wallach & Lundgren 2025)_external review without claim,Pseudomys australis,1,(Pavey et al. 2014),"",No,Population not in support with data,yes,no,2022
Pseudomys australis (Wallach & Lundgren 2025)_external review without claim,(Pavey et al. 2014)_INCLUDE_NA_Predation in support_no_no,(Wallach & Lundgren 2025)_external review without claim,Pseudomys australis,1,(Pavey et al. 2014),"",Yes,Predation in support without data,no,no,2022
Pseudomys australis (Wallach & Lundgren 2025)_external review without claim,(Pedler et al. 2016)_INCLUDE_NA_Population in support_yes_no,(Wallach & Lundgren 2025)_external review without claim,Pseudomys australis,1,(Pedler et al. 2016),"",Yes,Population in support with data,yes,no,2022
Pseudomys australis (Wallach & Lundgren 2025)_external review without claim,(Read & Cunningham 2010)_INCLUDE_NA_Population in support_no_no,(Wallach & Lundgren 2025)_external review without claim,Pseudomys australis,1,(Read & Cunningham 2010),"",Yes,Population in support without data,no,no,2022
Pseudomys australis (Woinarski et al. 2014) core source_claim,(Moseby et al. 2009)_EXCLUDE_1_No claim_NA_NA,(Woinarski et al. 2014) core source_claim,Pseudomys australis,1,(Moseby et al. 2009),"",Not relevant,No claim,"",no,2013
Pseudomys australis (Woinarski et al. 2014) core source_claim,(Pavey et al. 2008b)_INCLUDE_NA_Predation in support_no_no,(Woinarski et al. 2014) core source_claim,Pseudomys australis,1,(Pavey et al. 2008b),"",Yes,Predation in support without data,no,no,2013
Pseudomys australis (Woinarski et al. 2014) core source_claim,(Read & Cunningham 2010)_INCLUDE_NA_Population in support_no_no,(Woinarski et al. 2014) core source_claim,Pseudomys australis,1,(Read & Cunningham 2010),"",Yes,Population in support without data,no,no,2013
Pseudomys australis Web of Science_Systematic external review,(Marks et al. 2006)_EXCLUDE_1_No claim_NA_NA,Web of Science_Systematic external review,Pseudomys australis,1,(Marks et al. 2006),"",Not relevant,No claim,"",no,2025
Pseudomys australis Web of Science_Systematic external review,(Pavey et al. 2008b)_INCLUDE_NA_Predation in support_no_no,Web of Science_Systematic external review,Pseudomys australis,1,(Pavey et al. 2008b),"",Yes,Predation in support without data,no,no,2025
Pseudomys australis Web of Science_Systematic external review,(Pedler et al. 2016)_INCLUDE_NA_Population in support_yes_no,Web of Science_Systematic external review,Pseudomys australis,1,(Pedler et al. 2016),"",Yes,Population in support with data,yes,no,2025
Pseudomys australis Web of Science_Systematic external review,(Vernes et al. 2021a)_EXCLUDE_1_No claim_NA_NA,Web of Science_Systematic external review,Pseudomys australis,1,(Vernes et al. 2021a),"",Not relevant,No claim,"",no,2025
Pseudomys calabyi (Doherty et al. 2016) core source_claim,NOTHING_EXCLUDE_NA_No citation given_NA_NA Pseudomys calabyi,(Doherty et al. 2016) core source_claim,Pseudomys calabyi,2,NOTHING NA Pseudomys calabyi,"",Not relevant,No citation given,"",no,2014
Pseudomys calabyi (IUCN 2025) core source_claim,NOTHING_EXCLUDE_NA_No citation given_NA_NA Pseudomys calabyi,(IUCN 2025) core source_claim,Pseudomys calabyi,1,NOTHING NA Pseudomys calabyi,"",Not relevant,No citation given,"",no,2014
Pseudomys calabyi (Woinarski et al. 2014) core source_claim,NOTHING_EXCLUDE_NA_No citation given_NA_NA Pseudomys calabyi,(Woinarski et al. 2014) core source_claim,Pseudomys calabyi,1,NOTHING NA Pseudomys calabyi,"",Not relevant,No citation given,"",no,2013
Pseudomys fieldi (Dickman 1996b) core source_claim,NOTHING_EXCLUDE_NA_No citation given_NA_NA Pseudomys fieldi,(Dickman 1996b) core source_claim,Pseudomys fieldi,1,NOTHING NA Pseudomys fieldi,"",Not relevant,No citation given,"",no,1994
Pseudomys fieldi (Doherty et al. 2016) core source_claim,(Burbidge & Manly 2002)_EXCLUDE_1_Does not test claim_NA_NA,(Doherty et al. 2016) core source_claim,Pseudomys fieldi,2,(Burbidge & Manly 2002),"",Not relevant,Does not test claim,"",no,2014
Pseudomys fieldi (Medina et al. 2011) core source_claim,NOTHING_EXCLUDE_NA_No citation given_NA_NA Pseudomys fieldi,(Medina et al. 2011) core source_claim,Pseudomys fieldi,2,NOTHING NA Pseudomys fieldi,"",Not relevant,No citation given,"",no,2009
Pseudomys fieldi (Radford et al. 2018) core source_claim,(Burbidge & Manly 2002)_EXCLUDE_1_Does not test claim_NA_NA,(Radford et al. 2018) core source_claim,Pseudomys fieldi,1,(Burbidge & Manly 2002),"",Not relevant,Does not test claim,"",no,2016
Pseudomys fieldi (Radford et al. 2018) core source_claim,(Burbidge 2001)_EXCLUDE_0_Inaccessible_NA_NA,(Radford et al. 2018) core source_claim,Pseudomys fieldi,1,(Burbidge 2001),0,Not relevant,Inaccessible,"",no,2016
Pseudomys fieldi (Woinarski et al. 2014) core source_claim,(Burbidge & Manly 2002)_EXCLUDE_1_Does not test claim_NA_NA,(Woinarski et al. 2014) core source_claim,Pseudomys fieldi,1,(Burbidge & Manly 2002),"",Not relevant,Does not test claim,"",no,2013
Pseudomys fumeus (Doherty et al. 2016) core source_claim,(Ford et al. 2003)_EXCLUDE_1_Opinion claim_NA_NA,(Doherty et al. 2016) core source_claim,Pseudomys fumeus,2,(Ford et al. 2003),"",Not relevant,Opinion claim,"",no,2014
Pseudomys fumeus (Doherty et al. 2016) core source_claim,(Menkhorst & Broome 2006)_EXCLUDE_0_Opinion claim_NA_NA,(Doherty et al. 2016) core source_claim,Pseudomys fumeus,2,(Menkhorst & Broome 2006),"",Not relevant,Opinion claim,"",no,2014
Pseudomys fumeus (Doherty et al. 2016) core source_claim,(Menkhorst 2003)_EXCLUDE_0_Inaccessible_NA_NA,(Doherty et al. 2016) core source_claim,Pseudomys fumeus,2,(Menkhorst 2003),0,Not relevant,Inaccessible,"",no,2014
Pseudomys fumeus (Doherty et al. 2016) core source_claim,Menkhurst et al. 2008_EXCLUDE_?_Inaccessible_NA_NA,(Doherty et al. 2016) core source_claim,Pseudomys fumeus,2,Menkhurst et al. 2008,?,Not relevant,Inaccessible,"",no,2014
Pseudomys fumeus (Doherty et al. 2016) core source_claim,NOTHING_EXCLUDE_NA_No citation given_NA_NA Pseudomys fumeus,(Doherty et al. 2016) core source_claim,Pseudomys fumeus,2,NOTHING NA Pseudomys fumeus,"",Not relevant,No citation given,"",no,2014
Pseudomys fumeus (IUCN 2025) core source_claim,NOTHING_EXCLUDE_NA_No citation given_NA_NA Pseudomys fumeus,(IUCN 2025) core source_claim,Pseudomys fumeus,1,NOTHING NA Pseudomys fumeus,"",Not relevant,No citation given,"",no,2014
Pseudomys fumeus (Wallach & Lundgren 2025)_external review without claim,(Cockburn 1981)_INCLUDE_NA_Predation in support_no_no,(Wallach & Lundgren 2025)_external review without claim,Pseudomys fumeus,1,(Cockburn 1981),"",Yes,Predation in support without data,no,no,2022
Pseudomys fumeus (Woinarski et al. 2014) core source_claim,(Ford et al. 2003)_EXCLUDE_1_Opinion claim_NA_NA,(Woinarski et al. 2014) core source_claim,Pseudomys fumeus,1,(Ford et al. 2003),"",Not relevant,Opinion claim,"",no,2013
Pseudomys fumeus (Woinarski et al. 2014) core source_claim,(Menkhorst & Broome 2006)_EXCLUDE_0_Opinion claim_NA_NA,(Woinarski et al. 2014) core source_claim,Pseudomys fumeus,1,(Menkhorst & Broome 2006),"",Not relevant,Opinion claim,"",no,2013
Pseudomys fumeus (Woinarski et al. 2014) core source_claim,(Menkhorst 2003)_EXCLUDE_0_Inaccessible_NA_NA,(Woinarski et al. 2014) core source_claim,Pseudomys fumeus,1,(Menkhorst 2003),0,Not relevant,Inaccessible,"",no,2013
Pseudomys fumeus (Woinarski et al. 2014) core source_claim,Menkhurst et al. 2008_EXCLUDE_?_Inaccessible_NA_NA,(Woinarski et al. 2014) core source_claim,Pseudomys fumeus,1,Menkhurst et al. 2008,?,Not relevant,Inaccessible,"",no,2013
Pseudomys fumeus (Woinarski et al. 2014) core source_claim,NOTHING_EXCLUDE_NA_No citation given_NA_NA Pseudomys fumeus,(Woinarski et al. 2014) core source_claim,Pseudomys fumeus,2,NOTHING NA Pseudomys fumeus,"",Not relevant,No citation given,"",no,2013
Pseudomys glaucus (Doherty et al. 2016) core source_claim,(Dickman 1996b) core source_EXCLUDE_NA_No claim,(Doherty et al. 2016) core source_claim,Pseudomys glaucus,2,(Dickman 1996b) core source,,Not relevant,No claim,"",no,2014
Pseudomys glaucus (IUCN 2025) core source_claim,(Dickman 2008)_EXCLUDE_0_Inaccessible_NA_NA,(IUCN 2025) core source_claim,Pseudomys glaucus,2,(Dickman 2008),0,Not relevant,Inaccessible,"",no,2023
Pseudomys glaucus (Radford et al. 2018) core source_claim,(Dickman 1996b) core source_EXCLUDE_NA_No claim,(Radford et al. 2018) core source_claim,Pseudomys glaucus,2,(Dickman 1996b) core source,,Not relevant,No claim,"",no,2016
Pseudomys glaucus (Woinarski et al. 2014) core source_claim,(Dickman 1996b) core source_EXCLUDE_NA_No claim,(Woinarski et al. 2014) core source_claim,Pseudomys glaucus,1,(Dickman 1996b) core source,,Not relevant,No claim,"",no,2013
Pseudomys gouldii (Dickman 1996b) core source_claim,NOTHING_EXCLUDE_NA_No citation given_NA_NA Pseudomys gouldii,(Dickman 1996b) core source_claim,Pseudomys gouldii,1,NOTHING NA Pseudomys gouldii,"",Not relevant,No citation given,"",no,1994
Pseudomys gouldii (Doherty et al. 2016) core source_claim,NOTHING_EXCLUDE_NA_No citation given_NA_NA Pseudomys gouldii,(Doherty et al. 2016) core source_claim,Pseudomys gouldii,2,NOTHING NA Pseudomys gouldii,"",Not relevant,No citation given,"",no,2014
Pseudomys gouldii (IUCN 2025) core source_claim,NOTHING_EXCLUDE_NA_No citation given_NA_NA Pseudomys gouldii,(IUCN 2025) core source_claim,Pseudomys gouldii,1,NOTHING NA Pseudomys gouldii,"",Not relevant,No citation given,"",no,2022
Pseudomys gouldii (Radford et al. 2018) core source_claim,(Dickman et al. 1993)_EXCLUDE_1_Opinion claim_NA_NA,(Radford et al. 2018) core source_claim,Pseudomys gouldii,1,(Dickman et al. 1993),"",Not relevant,Opinion claim,"",no,2016
Pseudomys gouldii (Woinarski et al. 2014) core source_claim,NOTHING_EXCLUDE_NA_No citation given_NA_NA Pseudomys gouldii,(Woinarski et al. 2014) core source_claim,Pseudomys gouldii,1,NOTHING NA Pseudomys gouldii,"",Not relevant,No citation given,"",no,2013
Pseudomys novaehollandiae (Dickman 1996b) core source_claim,(Pye 1991)_EXCLUDE_1_Opinion claim_NA_NA,(Dickman 1996b) core source_claim,Pseudomys novaehollandiae,1,(Pye 1991),"",Not relevant,Opinion claim,"",no,1994
Pseudomys novaehollandiae (IUCN 2025) core source_claim,NOTHING_EXCLUDE_NA_No citation given_NA_NA Pseudomys novaehollandiae,(IUCN 2025) core source_claim,Pseudomys novaehollandiae,1,NOTHING NA Pseudomys novaehollandiae,"",Not relevant,No citation given,"",no,2023
Pseudomys novaehollandiae (Wallach & Lundgren 2025)_external review without claim,(Burns 2020)_INCLUDE_NA_Predation not in support_no_no,(Wallach & Lundgren 2025)_external review without claim,Pseudomys novaehollandiae,1,(Burns 2020),"",No,Predation not in support without data,no,no,2022
Pseudomys novaehollandiae (Woinarski et al. 2014) core source_claim,NOTHING_EXCLUDE_NA_No citation given_NA_NA Pseudomys novaehollandiae,(Woinarski et al. 2014) core source_claim,Pseudomys novaehollandiae,1,NOTHING NA Pseudomys novaehollandiae,"",Not relevant,No citation given,"",no,2013
Pseudomys novaehollandiae Web of Science_Systematic external review,(Burns 2020)_INCLUDE_NA_Predation not in support_no_no,Web of Science_Systematic external review,Pseudomys novaehollandiae,1,(Burns 2020),"",No,Predation not in support without data,no,no,2025
Pseudomys novaehollandiae Web of Science_Systematic external review,(Pye 1991)_EXCLUDE_1_Opinion claim_NA_NA,Web of Science_Systematic external review,Pseudomys novaehollandiae,1,(Pye 1991),"",Not relevant,Opinion claim,"",no,2025
Pseudomys novaehollandiae Web of Science_Systematic external review,(Smith et al. 2023)_EXCLUDE_1_No claim_NA_NA,Web of Science_Systematic external review,Pseudomys novaehollandiae,1,(Smith et al. 2023),"",Not relevant,No claim,"",no,2025
Pseudomys novaehollandiae Web of Science_Systematic external review,(Wayne et al. 2017a)_EXCLUDE_1_Opinion claim_NA_NA,Web of Science_Systematic external review,Pseudomys novaehollandiae,1,(Wayne et al. 2017a),"",Not relevant,Opinion claim,"",no,2025
Pseudomys occidentalis (IUCN 2025) core source_claim,NOTHING_EXCLUDE_NA_No citation given_NA_NA Pseudomys occidentalis,(IUCN 2025) core source_claim,Pseudomys occidentalis,1,NOTHING NA Pseudomys occidentalis,"",Not relevant,No citation given,"",no,2015
Pseudomys occidentalis (Woinarski et al. 2014) core source_claim,NOTHING_EXCLUDE_NA_No citation given_NA_NA Pseudomys occidentalis,(Woinarski et al. 2014) core source_claim,Pseudomys occidentalis,1,NOTHING NA Pseudomys occidentalis,"",Not relevant,No citation given,"",no,2013
Pseudomys oralis (Dickman 1996b) core source_claim,NOTHING_EXCLUDE_NA_No citation given_NA_NA Pseudomys oralis,(Dickman 1996b) core source_claim,Pseudomys oralis,1,NOTHING NA Pseudomys oralis,"",Not relevant,No citation given,"",no,1994
Pseudomys oralis (Doherty et al. 2016) core source_claim,(Burbidge & McKenzie 1989)_EXCLUDE_1_No claim_NA_NA,(Doherty et al. 2016) core source_claim,Pseudomys oralis,2,(Burbidge & McKenzie 1989),"",Not relevant,No claim,"",no,2014
Pseudomys oralis (Doherty et al. 2016) core source_claim,(NSW Department of Environment and Climate Change 2005)_INCLUDE_NA_Predation in support_no_no,(Doherty et al. 2016) core source_claim,Pseudomys oralis,2,(NSW Department of Environment and Climate Change 2005),"",Yes,Predation in support without data,no,no,2014
Pseudomys oralis (Doherty et al. 2016) core source_claim,(Smith & Quin 1996)_EXCLUDE_1_No claim_NA_NA,(Doherty et al. 2016) core source_claim,Pseudomys oralis,2,(Smith & Quin 1996),"",Not relevant,No claim,"",no,2014
Pseudomys oralis (IUCN 2025) core source_claim,(Burbidge & McKenzie 1989)_EXCLUDE_1_No claim_NA_NA,(IUCN 2025) core source_claim,Pseudomys oralis,1,(Burbidge & McKenzie 1989),"",Not relevant,No claim,"",no,2015
Pseudomys oralis (Woinarski et al. 2014) core source_claim,(Burbidge & McKenzie 1989)_EXCLUDE_1_No claim_NA_NA,(Woinarski et al. 2014) core source_claim,Pseudomys oralis,1,(Burbidge & McKenzie 1989),"",Not relevant,No claim,"",no,2013
Pseudomys oralis (Woinarski et al. 2014) core source_claim,(NSW Department of Environment and Climate Change 2005)_INCLUDE_NA_Predation in support_no_no,(Woinarski et al. 2014) core source_claim,Pseudomys oralis,1,(NSW Department of Environment and Climate Change 2005),"",Yes,Predation in support without data,no,no,2013
Pseudomys oralis (Woinarski et al. 2014) core source_claim,(Smith & Quin 1996)_EXCLUDE_1_No claim_NA_NA,(Woinarski et al. 2014) core source_claim,Pseudomys oralis,1,(Smith & Quin 1996),"",Not relevant,No claim,"",no,2013
Pseudomys shortridgei (Dickman 1996b) core source_claim,NOTHING_EXCLUDE_NA_No citation given_NA_NA Pseudomys shortridgei,(Dickman 1996b) core source_claim,Pseudomys shortridgei,1,NOTHING NA Pseudomys shortridgei,"",Not relevant,No citation given,"",no,1994
Pseudomys shortridgei (IUCN 2025) core source_claim,NOTHING_EXCLUDE_NA_No citation given_NA_NA Pseudomys shortridgei,(IUCN 2025) core source_claim,Pseudomys shortridgei,1,NOTHING NA Pseudomys shortridgei,"",Not relevant,No citation given,"",no,2023
Pseudomys shortridgei (Radford et al. 2018) core source_claim,(Burbidge & Manly 2002)_EXCLUDE_1_Does not test claim_NA_NA,(Radford et al. 2018) core source_claim,Pseudomys shortridgei,1,(Burbidge & Manly 2002),"",Not relevant,Does not test claim,"",no,2016
Pseudomys shortridgei (Radford et al. 2018) core source_claim,(Deller et al. 2015)_EXCLUDE_1_Opinion claim_NA_NA,(Radford et al. 2018) core source_claim,Pseudomys shortridgei,1,(Deller et al. 2015),"",Not relevant,Opinion claim,"",no,2016
Pseudomys shortridgei (Woinarski et al. 2014) core source_claim,(Abbott 2002)_EXCLUDE_1_No claim_NA_NA,(Woinarski et al. 2014) core source_claim,Pseudomys shortridgei,1,(Abbott 2002),"",Not relevant,No claim,"",no,2013
Pseudomys shortridgei (Woinarski et al. 2014) core source_claim,K. Morris pes. comm._EXCLUDE_0_Inaccessible_NA_NA,(Woinarski et al. 2014) core source_claim,Pseudomys shortridgei,1,K. Morris pes. comm.,0,Not relevant,Inaccessible,"",no,2013
Pseudomys shortridgei (Woinarski et al. 2014) core source_claim,NOTHING_EXCLUDE_NA_No citation given_NA_NA Pseudomys shortridgei,(Woinarski et al. 2014) core source_claim,Pseudomys shortridgei,2,NOTHING NA Pseudomys shortridgei,"",Not relevant,No citation given,"",no,2013
Pseudomys shortridgei Web of Science_Systematic external review,(Smith & Quin 1996)_EXCLUDE_1_Does not test claim_NA_NA,Web of Science_Systematic external review,Pseudomys shortridgei,1,(Smith & Quin 1996),"",Not relevant,Does not test claim,"",no,2025
Pseudonestor xanthophrys (IUCN 2025) core source_claim,(Simon et al. 1997)_EXCLUDE_0_Opinion claim_NA_NA,(IUCN 2025) core source_claim,Pseudonestor xanthophrys,1,(Simon et al. 1997),"",Not relevant,Opinion claim,"",no,2021
Psittirostra psittacea (IUCN 2025) core source_claim,(Lindsey et al. 2009)_EXCLUDE_?_Inaccessible_NA_NA,(IUCN 2025) core source_claim,Psittirostra psittacea,1,(Lindsey et al. 2009),?,Not relevant,Inaccessible,"",no,2023
Pterodroma alba (Doherty et al. 2016) core source_claim,(Gangloff et al. 2009)_EXCLUDE_1_No claim_NA_NA,(Doherty et al. 2016) core source_claim,Pterodroma alba,1,(Gangloff et al. 2009),"",Not relevant,No claim,"",no,2014
Pterodroma alba (Doherty et al. 2016) core source_claim,(Pierce et al. 2015)_EXCLUDE_0_Opinion claim_NA_NA,(Doherty et al. 2016) core source_claim,Pterodroma alba,2,(Pierce et al. 2015),"",Not relevant,Opinion claim,"",no,2014
Pterodroma alba (Doherty et al. 2016) core source_claim,E. A. Schreiber in litt. 1999_EXCLUDE_0_Inaccessible_NA_NA,(Doherty et al. 2016) core source_claim,Pterodroma alba,2,E. A. Schreiber in litt. 1999,0,Not relevant,Inaccessible,"",no,2014
Pterodroma alba (Doherty et al. 2016) core source_claim,M. Rauzon in litt. 1999_EXCLUDE_0_Inaccessible_NA_NA,(Doherty et al. 2016) core source_claim,Pterodroma alba,2,M. Rauzon in litt. 1999,0,Not relevant,Inaccessible,"",no,2014
Pterodroma alba (IUCN 2025) core source_claim,(Pierce et al. 2015)_EXCLUDE_0_Opinion claim_NA_NA,(IUCN 2025) core source_claim,Pterodroma alba,1,(Pierce et al. 2015),"",Not relevant,Opinion claim,"",no,2019
Pterodroma alba (IUCN 2025) core source_claim,E. A. Schreiber in litt. 1999_EXCLUDE_0_Inaccessible_NA_NA,(IUCN 2025) core source_claim,Pterodroma alba,1,E. A. Schreiber in litt. 1999,0,Not relevant,Inaccessible,"",no,2019
Pterodroma alba (IUCN 2025) core source_claim,M. Rauzon in litt. 1999_EXCLUDE_0_Inaccessible_NA_NA,(IUCN 2025) core source_claim,Pterodroma alba,1,M. Rauzon in litt. 1999,0,Not relevant,Inaccessible,"",no,2019
Pterodroma alba (Medina et al. 2011) core source_claim,(BirdLife International 2000)_EXCLUDE_0_Inaccessible_NA_NA,(Medina et al. 2011) core source_claim,Pterodroma alba,1,(BirdLife International 2000),0,Not relevant,Inaccessible,"",no,2009
Pterodroma alba Web of Science_Systematic external review,(Raine et al. 2020)_EXCLUDE_1_No claim_NA_NA,Web of Science_Systematic external review,Pterodroma alba,1,(Raine et al. 2020),"",Not relevant,No claim,"",no,2025
Pterodroma arminjoniana (Doherty et al. 2016) core source_claim,(Alves et al. 2011)_EXCLUDE_0_Opinion claim_NA_NA,(Doherty et al. 2016) core source_claim,Pterodroma arminjoniana,2,(Alves et al. 2011),"",Not relevant,Opinion claim,"",no,2014
Pterodroma arminjoniana (IUCN 2025) core source_claim,(Alves et al. 2011)_EXCLUDE_0_Opinion claim_NA_NA,(IUCN 2025) core source_claim,Pterodroma arminjoniana,1,(Alves et al. 2011),"",Not relevant,Opinion claim,"",no,2017
Pterodroma arminjoniana (Medina et al. 2011) core source_claim,(Williams 1984)_EXCLUDE_0_Inaccessible_NA_NA,(Medina et al. 2011) core source_claim,Pterodroma arminjoniana,1,(Williams 1984),0,Not relevant,Inaccessible,"",no,2009
Pterodroma atrata (IUCN 2025) core source_claim,NOTHING_EXCLUDE_NA_No citation given_NA_NA Pterodroma atrata,(IUCN 2025) core source_claim,Pterodroma atrata,1,NOTHING NA Pterodroma atrata,"",Not relevant,No citation given,"",no,2017
Pterodroma atrata (Medina et al. 2011) core source_claim,(BirdLife International 2000)_EXCLUDE_0_Inaccessible_NA_NA,(Medina et al. 2011) core source_claim,Pterodroma atrata,1,(BirdLife International 2000),0,Not relevant,Inaccessible,"",no,2009
Pterodroma axillaris (Doherty et al. 2016) core source_claim,(Taylor 2000)_EXCLUDE_0_Opinion claim_NA_NA,(Doherty et al. 2016) core source_claim,Pterodroma axillaris,1,(Taylor 2000),"",Not relevant,Opinion claim,"",no,2014
Pterodroma axillaris (IUCN 2025) core source_claim,NOTHING_EXCLUDE_NA_No citation given_NA_NA Pterodroma axillaris,(IUCN 2025) core source_claim,Pterodroma axillaris,1,NOTHING NA Pterodroma axillaris,"",Not relevant,No citation given,"",no,2017
Pterodroma axillaris (Medina et al. 2011) core source_claim,(Taylor 2000)_EXCLUDE_0_Opinion claim_NA_NA,(Medina et al. 2011) core source_claim,Pterodroma axillaris,1,(Taylor 2000),"",Not relevant,Opinion claim,"",no,2009
Pterodroma baraui (Doherty et al. 2016) core source_claim,(Faulquier et al. 2009)_INCLUDE_NA_Predation in support_no_no,(Doherty et al. 2016) core source_claim,Pterodroma baraui,1,(Faulquier et al. 2009),"",Yes,Predation in support without data,no,no,2014
Pterodroma baraui (Doherty et al. 2016) core source_claim,(Russell et al. 2009)_EXCLUDE_1_Opinion claim_NA_NA,(Doherty et al. 2016) core source_claim,Pterodroma baraui,2,(Russell et al. 2009),"",Not relevant,Opinion claim,"",no,2014
Pterodroma baraui (IUCN 2025) core source_claim,(Russell et al. 2009)_EXCLUDE_1_Opinion claim_NA_NA,(IUCN 2025) core source_claim,Pterodroma baraui,1,(Russell et al. 2009),"",Not relevant,Opinion claim,"",no,2017
Pterodroma baraui (Medina et al. 2011) core source_claim,(Faulquier et al. 2009)_INCLUDE_NA_Predation in support_no_no,(Medina et al. 2011) core source_claim,Pterodroma baraui,1,(Faulquier et al. 2009),"",Yes,Predation in support without data,no,no,2009
Pterodroma baraui Web of Science_Systematic external review,(Danckwerts et al. 2016)_EXCLUDE_1_No claim_NA_NA,Web of Science_Systematic external review,Pterodroma baraui,1,(Danckwerts et al. 2016),"",Not relevant,No claim,"",no,2025
Pterodroma baraui Web of Science_Systematic external review,(Dumont et al. 2010)_EXCLUDE_1_Opinion claim_NA_NA,Web of Science_Systematic external review,Pterodroma baraui,1,(Dumont et al. 2010),"",Not relevant,Opinion claim,"",no,2025
Pterodroma baraui Web of Science_Systematic external review,(Faulquier et al. 2009)_INCLUDE_NA_Predation in support_no_no,Web of Science_Systematic external review,Pterodroma baraui,1,(Faulquier et al. 2009),"",Yes,Predation in support without data,no,no,2025
Pterodroma baraui Web of Science_Systematic external review,(Gineste et al. 2017)_EXCLUDE_1_No claim_NA_NA,Web of Science_Systematic external review,Pterodroma baraui,1,(Gineste et al. 2017),"",Not relevant,No claim,"",no,2025
Pterodroma baraui Web of Science_Systematic external review,(Juhasz et al. 2022a)_EXCLUDE_1_No claim_NA_NA,Web of Science_Systematic external review,Pterodroma baraui,1,(Juhasz et al. 2022a),"",Not relevant,No claim,"",no,2025
Pterodroma brevipes (Doherty et al. 2016) core source_claim,(Tennyson et al. 2012)_INCLUDE_NA_Predation not in support_no_no,(Doherty et al. 2016) core source_claim,Pterodroma brevipes,2,(Tennyson et al. 2012),"",No,Predation not in support without data,no,no,2014
Pterodroma brevipes (IUCN 2025) core source_claim,(Tennyson et al. 2012)_INCLUDE_NA_Predation not in support_no_no,(IUCN 2025) core source_claim,Pterodroma brevipes,1,(Tennyson et al. 2012),"",No,Predation not in support without data,no,no,2017
Pterodroma brevipes Web of Science_Systematic external review,(Bretagnolle et al. 2025)_INCLUDE_NA_Predation in support_no_no,Web of Science_Systematic external review,Pterodroma brevipes,1,(Bretagnolle et al. 2025),"",Yes,Predation in support without data,no,no,2025
Pterodroma cahow (Doherty et al. 2016) core source_claim,(Madeiros et al. 2012)_EXCLUDE_1_Opinion claim_NA_NA,(Doherty et al. 2016) core source_claim,Pterodroma cahow,1,(Madeiros et al. 2012),"",Not relevant,Opinion claim,"",no,2014
Pterodroma cahow (Doherty et al. 2016) core source_claim,(USFWS 2013a)_EXCLUDE_0_Opinion claim_NA_NA,(Doherty et al. 2016) core source_claim,Pterodroma cahow,2,(USFWS 2013a),"",Not relevant,Opinion claim,"",no,2014
Pterodroma cahow (IUCN 2025) core source_claim,NOTHING_EXCLUDE_NA_No citation given_NA_NA Pterodroma cahow,(IUCN 2025) core source_claim,Pterodroma cahow,1,NOTHING NA Pterodroma cahow,"",Not relevant,No citation given,"",no,2017
Pterodroma cahow Web of Science_Systematic external review,(Madeiros et al. 2012)_EXCLUDE_1_Opinion claim_NA_NA,Web of Science_Systematic external review,Pterodroma cahow,1,(Madeiros et al. 2012),"",Not relevant,Opinion claim,"",no,2025
Pterodroma cervicalis (Doherty et al. 2016) core source_claim,(Oliver 1930)_EXCLUDE_0_Inaccessible_NA_NA,(Doherty et al. 2016) core source_claim,Pterodroma cervicalis,2,(Oliver 1930),0,Not relevant,Inaccessible,"",no,2014
Pterodroma cervicalis (Doherty et al. 2016) core source_claim,(Taylor 2000)_EXCLUDE_0_Opinion claim_NA_NA,(Doherty et al. 2016) core source_claim,Pterodroma cervicalis,1,(Taylor 2000),"",Not relevant,Opinion claim,"",no,2014
Pterodroma cervicalis (Garnett & Baker 2021) core source_claim,(Oliver 1930)_EXCLUDE_0_Inaccessible_NA_NA,(Garnett & Baker 2021) core source_claim,Pterodroma cervicalis,2,(Oliver 1930),0,Not relevant,Inaccessible,"",no,2020
Pterodroma cervicalis (IUCN 2025) core source_claim,NOTHING_EXCLUDE_NA_No citation given_NA_NA Pterodroma cervicalis,(IUCN 2025) core source_claim,Pterodroma cervicalis,1,NOTHING NA Pterodroma cervicalis,"",Not relevant,No citation given,"",no,2017
Pterodroma cervicalis (Medina et al. 2011) core source_claim,(Taylor 2000)_EXCLUDE_0_Opinion claim_NA_NA,(Medina et al. 2011) core source_claim,Pterodroma cervicalis,1,(Taylor 2000),"",Not relevant,Opinion claim,"",no,2009
Pterodroma cookii (Campolina et al. 2024) core source_claim,(Rayner et al. 2007)_INCLUDE_NA_Population not in support_yes_no,(Campolina et al. 2024) core source_claim,Pterodroma cookii,1,(Rayner et al. 2007),"",No,Population not in support with data,yes,no,2021
Pterodroma cookii (Doherty et al. 2016) core source_claim,(Imber et al. 2003)_INCLUDE_NA_Predation in support_no_no,(Doherty et al. 2016) core source_claim,Pterodroma cookii,1,(Imber et al. 2003),"",Yes,Predation in support without data,no,no,2014
Pterodroma cookii (Doherty et al. 2016) core source_claim,(Rayner et al. 2007)_INCLUDE_NA_Population not in support_yes_no,(Doherty et al. 2016) core source_claim,Pterodroma cookii,1,(Rayner et al. 2007),"",No,Population not in support with data,yes,no,2014
Pterodroma cookii (Doherty et al. 2016) core source_claim,(Rayner et al. 2008)_EXCLUDE_1_No claim_NA_NA,(Doherty et al. 2016) core source_claim,Pterodroma cookii,1,(Rayner et al. 2008),"",Not relevant,No claim,"",no,2014
Pterodroma cookii (IUCN 2025) core source_claim,NOTHING_EXCLUDE_NA_No citation given_NA_NA Pterodroma cookii,(IUCN 2025) core source_claim,Pterodroma cookii,1,NOTHING NA Pterodroma cookii,"",Not relevant,No citation given,"",no,2017
Pterodroma cookii (Medina et al. 2011) core source_claim,(Girardet et al. 2001)_INCLUDE_NA_Predation in support_no_no,(Medina et al. 2011) core source_claim,Pterodroma cookii,1,(Girardet et al. 2001),"",Yes,Predation in support without data,no,no,2009
Pterodroma cookii (Medina et al. 2011) core source_claim,(Imber 1975)_EXCLUDE_0_Inaccessible_NA_NA,(Medina et al. 2011) core source_claim,Pterodroma cookii,1,(Imber 1975),0,Not relevant,Inaccessible,"",no,2009
Pterodroma cookii (Medina et al. 2011) core source_claim,(Rayner et al. 2008)_EXCLUDE_1_No claim_NA_NA,(Medina et al. 2011) core source_claim,Pterodroma cookii,1,(Rayner et al. 2008),"",Not relevant,No claim,"",no,2009
Pterodroma cookii Web of Science_Systematic external review,(Imber 1975)_EXCLUDE_0_Inaccessible_NA_NA,Web of Science_Systematic external review,Pterodroma cookii,2,(Imber 1975),0,Not relevant,Inaccessible,"",no,2025
Pterodroma defilippiana (Doherty et al. 2016) core source_claim,NOTHING_EXCLUDE_NA_No citation given_NA_NA Pterodroma defilippiana,(Doherty et al. 2016) core source_claim,Pterodroma defilippiana,2,NOTHING NA Pterodroma defilippiana,"",Not relevant,No citation given,"",no,2014
Pterodroma defilippiana (IUCN 2025) core source_claim,NOTHING_EXCLUDE_NA_No citation given_NA_NA Pterodroma defilippiana,(IUCN 2025) core source_claim,Pterodroma defilippiana,1,NOTHING NA Pterodroma defilippiana,"",Not relevant,No citation given,"",no,2017
Pterodroma defilippiana (Medina et al. 2011) core source_claim,(BirdLife International 2000)_EXCLUDE_0_Inaccessible_NA_NA,(Medina et al. 2011) core source_claim,Pterodroma defilippiana,1,(BirdLife International 2000),0,Not relevant,Inaccessible,"",no,2009
Pterodroma deserta (IUCN 2025) core source_claim,NOTHING_EXCLUDE_NA_No citation given_NA_NA Pterodroma deserta,(IUCN 2025) core source_claim,Pterodroma deserta,1,NOTHING NA Pterodroma deserta,"",Not relevant,No citation given,"",no,2017
Pterodroma externa (Doherty et al. 2016) core source_claim,(Brooke 1987b)_INCLUDE_NA_Predation in support_no_no,(Doherty et al. 2016) core source_claim,Pterodroma externa,1,(Brooke 1987b),"",Yes,Predation in support without data,no,no,2014
Pterodroma externa (Doherty et al. 2016) core source_claim,(Hodum 2009)_EXCLUDE_0_Inaccessible_NA_NA,(Doherty et al. 2016) core source_claim,Pterodroma externa,2,(Hodum 2009),0,Not relevant,Inaccessible,"",no,2014
Pterodroma externa (IUCN 2025) core source_claim,(Hodum 2009)_EXCLUDE_0_Inaccessible_NA_NA,(IUCN 2025) core source_claim,Pterodroma externa,1,(Hodum 2009),0,Not relevant,Inaccessible,"",no,2017
Pterodroma externa (Medina et al. 2011) core source_claim,(BirdLife International 2000)_EXCLUDE_0_Inaccessible_NA_NA,(Medina et al. 2011) core source_claim,Pterodroma externa,1,(BirdLife International 2000),0,Not relevant,Inaccessible,"",no,2009
Pterodroma externa Web of Science_Systematic external review,(Brooke 1987b)_INCLUDE_NA_Predation in support_no_no,Web of Science_Systematic external review,Pterodroma externa,1,(Brooke 1987b),"",Yes,Predation in support without data,no,no,2025
Pterodroma externa Web of Science_Systematic external review,(Reyes-Arriagada et al. 2012)_EXCLUDE_1_Opinion claim_NA_NA,Web of Science_Systematic external review,Pterodroma externa,1,(Reyes-Arriagada et al. 2012),"",Not relevant,Opinion claim,"",no,2025
Pterodroma feae Web of Science_Systematic external review,(González-Solís et al. 2024)_INCLUDE_NA_Predation in support_no_no,Web of Science_Systematic external review,Pterodroma feae,1,(González-Solís et al. 2024),"",Yes,Predation in support without data,no,no,2025
Pterodroma feae Web of Science_Systematic external review,(Medina et al. 2010)_INCLUDE_NA_Predation in support_no_no,Web of Science_Systematic external review,Pterodroma feae,2,(Medina et al. 2010),"",Yes,Predation in support without data,no,no,2025
Pterodroma feae Web of Science_Systematic external review,(Medina et al. 2010)_INCLUDE_NA_Predation not in support_no_no,Web of Science_Systematic external review,Pterodroma feae,2,(Medina et al. 2010),"",No,Predation not in support without data,no,no,2025
Pterodroma feae Web of Science_Systematic external review,(Militao et al. 2017)_INCLUDE_NA_Predation in support_no_no,Web of Science_Systematic external review,Pterodroma feae,1,(Militao et al. 2017),"",Yes,Predation in support without data,no,no,2025
Pterodroma feae Web of Science_Systematic external review,(Semedo et al. 2021)_EXCLUDE_1_No claim_NA_NA,Web of Science_Systematic external review,Pterodroma feae,1,(Semedo et al. 2021),"",Not relevant,No claim,"",no,2025
Pterodroma incerta (IUCN 2025) core source_claim,NOTHING_EXCLUDE_NA_No citation given_NA_NA Pterodroma incerta,(IUCN 2025) core source_claim,Pterodroma incerta,1,NOTHING NA Pterodroma incerta,"",Not relevant,No citation given,"",no,2018
Pterodroma leucoptera (Doherty et al. 2016) core source_claim,(Palmas et al. 2017)_INCLUDE_NA_Predation in support_no_no,(Doherty et al. 2016) core source_claim,Pterodroma leucoptera,2,(Palmas et al. 2017),"",Yes,Predation in support without data,no,no,2014
Pterodroma leucoptera (Garnett & Baker 2021) core source_claim,NOTHING_EXCLUDE_NA_No citation given_NA_NA Pterodroma leucoptera,(Garnett & Baker 2021) core source_claim,Pterodroma leucoptera,1,NOTHING NA Pterodroma leucoptera,"",Not relevant,No citation given,"",no,2020
Pterodroma leucoptera (IUCN 2025) core source_claim,(Palmas et al. 2017)_INCLUDE_NA_Predation in support_no_no,(IUCN 2025) core source_claim,Pterodroma leucoptera,1,(Palmas et al. 2017),"",Yes,Predation in support without data,no,no,2017
Pterodroma leucoptera Web of Science_Systematic external review,(Bretagnolle et al. 2021)_INCLUDE_NA_Predation in support_no_no,Web of Science_Systematic external review,Pterodroma leucoptera,1,(Bretagnolle et al. 2021),"",Yes,Predation in support without data,no,no,2025
Pterodroma longirostris (Doherty et al. 2016) core source_claim,(Brooke 1987b)_INCLUDE_NA_Predation in support_no_no,(Doherty et al. 2016) core source_claim,Pterodroma longirostris,1,(Brooke 1987b),"",Yes,Predation in support without data,no,no,2014
Pterodroma longirostris (Doherty et al. 2016) core source_claim,(Hodum & Wainstein 2003)_EXCLUDE_0_Opinion claim_NA_NA,(Doherty et al. 2016) core source_claim,Pterodroma longirostris,1,(Hodum & Wainstein 2003),"",Not relevant,Opinion claim,"",no,2014
Pterodroma longirostris (Doherty et al. 2016) core source_claim,(Hodum & Wainstein 2004)_EXCLUDE_0_Inaccessible_NA_NA,(Doherty et al. 2016) core source_claim,Pterodroma longirostris,2,(Hodum & Wainstein 2004),0,Not relevant,Inaccessible,"",no,2014
Pterodroma longirostris (Doherty et al. 2016) core source_claim,(Hodum 2009)_EXCLUDE_0_Inaccessible_NA_NA,(Doherty et al. 2016) core source_claim,Pterodroma longirostris,2,(Hodum 2009),0,Not relevant,Inaccessible,"",no,2014
Pterodroma longirostris (Doherty et al. 2016) core source_claim,J. C. Torres-Mura in litt.1999_EXCLUDE_0_Inaccessible_NA_NA,(Doherty et al. 2016) core source_claim,Pterodroma longirostris,2,J. C. Torres-Mura in litt.1999,0,Not relevant,Inaccessible,"",no,2014
Pterodroma longirostris (IUCN 2025) core source_claim,(Hodum & Wainstein 2003)_EXCLUDE_0_Opinion claim_NA_NA,(IUCN 2025) core source_claim,Pterodroma longirostris,1,(Hodum & Wainstein 2003),"",Not relevant,Opinion claim,"",no,2018
Pterodroma longirostris (IUCN 2025) core source_claim,(Hodum & Wainstein 2004)_EXCLUDE_0_Inaccessible_NA_NA,(IUCN 2025) core source_claim,Pterodroma longirostris,1,(Hodum & Wainstein 2004),0,Not relevant,Inaccessible,"",no,2018
Pterodroma longirostris (IUCN 2025) core source_claim,(Hodum 2009)_EXCLUDE_0_Inaccessible_NA_NA,(IUCN 2025) core source_claim,Pterodroma longirostris,1,(Hodum 2009),0,Not relevant,Inaccessible,"",no,2018
Pterodroma longirostris (IUCN 2025) core source_claim,J. C. Torres-Mura in litt.1999_EXCLUDE_0_Inaccessible_NA_NA,(IUCN 2025) core source_claim,Pterodroma longirostris,1,J. C. Torres-Mura in litt.1999,0,Not relevant,Inaccessible,"",no,2018
Pterodroma longirostris Web of Science_Systematic external review,(Brooke 1987b)_INCLUDE_NA_Predation in support_no_no,Web of Science_Systematic external review,Pterodroma longirostris,1,(Brooke 1987b),"",Yes,Predation in support without data,no,no,2025
Pterodroma longirostris Web of Science_Systematic external review,(Reyes-Arriagada et al. 2012)_EXCLUDE_1_Opinion claim_NA_NA,Web of Science_Systematic external review,Pterodroma longirostris,1,(Reyes-Arriagada et al. 2012),"",Not relevant,Opinion claim,"",no,2025
Pterodroma madeira (Doherty et al. 2016) core source_claim,(Zino 1991)_EXCLUDE_?_Inaccessible_NA_NA,(Doherty et al. 2016) core source_claim,Pterodroma madeira,2,(Zino 1991),?,Not relevant,Inaccessible,"",no,2014
Pterodroma madeira (Doherty et al. 2016) core source_claim,(Zino 1992)_INCLUDE_NA_Predation in support_no_no,(Doherty et al. 2016) core source_claim,Pterodroma madeira,2,(Zino 1992),"",Yes,Predation in support without data,no,no,2014
Pterodroma madeira (Doherty et al. 2016) core source_claim,(Zino et al. 1995)_INCLUDE_NA_Predation in support_no_no,(Doherty et al. 2016) core source_claim,Pterodroma madeira,2,(Zino et al. 1995),"",Yes,Predation in support without data,no,no,2014
Pterodroma madeira (Doherty et al. 2016) core source_claim,(Zino et al. 2001)_INCLUDE_NA_Predation in support_no_no,(Doherty et al. 2016) core source_claim,Pterodroma madeira,1,(Zino et al. 2001),"",Yes,Predation in support without data,no,no,2014
Pterodroma madeira (IUCN 2025) core source_claim,NOTHING_EXCLUDE_NA_No citation given_NA_NA Pterodroma madeira,(IUCN 2025) core source_claim,Pterodroma madeira,1,NOTHING NA Pterodroma madeira,"",Not relevant,No citation given,"",no,2017
Pterodroma madeira (Medina et al. 2011) core source_claim,(BirdLife International 2000)_EXCLUDE_0_Inaccessible_NA_NA,(Medina et al. 2011) core source_claim,Pterodroma madeira,1,(BirdLife International 2000),0,Not relevant,Inaccessible,"",no,2009
Pterodroma madeira Web of Science_Systematic external review,(Semedo et al. 2021)_EXCLUDE_1_Opinion claim_NA_NA,Web of Science_Systematic external review,Pterodroma madeira,1,(Semedo et al. 2021),"",Not relevant,Opinion claim,"",no,2025
Pterodroma madeira Web of Science_Systematic external review,(Zino 1991)_EXCLUDE_?_Inaccessible_NA_NA,Web of Science_Systematic external review,Pterodroma madeira,2,(Zino 1991),?,Not relevant,Inaccessible,"",no,2025
Pterodroma madeira Web of Science_Systematic external review,(Zino 1992)_INCLUDE_NA_Predation in support_no_no,Web of Science_Systematic external review,Pterodroma madeira,2,(Zino 1992),"",Yes,Predation in support without data,no,no,2025
Pterodroma madeira Web of Science_Systematic external review,(Zino et al. 1995)_INCLUDE_NA_Predation in support_no_no,Web of Science_Systematic external review,Pterodroma madeira,2,(Zino et al. 1995),"",Yes,Predation in support without data,no,no,2025
Pterodroma madeira Web of Science_Systematic external review,(Zino et al. 2001)_INCLUDE_NA_Predation in support_no_no,Web of Science_Systematic external review,Pterodroma madeira,1,(Zino et al. 2001),"",Yes,Predation in support without data,no,no,2025
Pterodroma magentae (Doherty et al. 2016) core source_claim,(Conservation 2001b)_EXCLUDE_0_Opinion claim_NA_NA,(Doherty et al. 2016) core source_claim,Pterodroma magentae,1,(Conservation 2001b),"",Not relevant,Opinion claim,"",no,2014
Pterodroma magentae (Doherty et al. 2016) core source_claim,(Taylor 2000)_EXCLUDE_0_No claim_NA_NA,(Doherty et al. 2016) core source_claim,Pterodroma magentae,1,(Taylor 2000),"",Not relevant,No claim,"",no,2014
Pterodroma magentae (IUCN 2025) core source_claim,NOTHING_EXCLUDE_NA_No citation given_NA_NA Pterodroma magentae,(IUCN 2025) core source_claim,Pterodroma magentae,1,NOTHING NA Pterodroma magentae,"",Not relevant,No citation given,"",no,2017
Pterodroma magentae (Medina et al. 2011) core source_claim,(Bell & Robertson 1994)_EXCLUDE_0_Inaccessible_NA_NA,(Medina et al. 2011) core source_claim,Pterodroma magentae,1,(Bell & Robertson 1994),0,Not relevant,Inaccessible,"",no,2009
Pterodroma magentae (Medina et al. 2011) core source_claim,(Crockett 1994)_EXCLUDE_1_Opinion claim_NA_NA,(Medina et al. 2011) core source_claim,Pterodroma magentae,1,(Crockett 1994),"",Not relevant,Opinion claim,"",no,2009
Pterodroma phaeopygia (Doherty et al. 2016) core source_claim,(Coulter 1984)_EXCLUDE_0_Inaccessible_NA_NA,(Doherty et al. 2016) core source_claim,Pterodroma phaeopygia,2,(Coulter 1984),0,Not relevant,Inaccessible,"",no,2014
Pterodroma phaeopygia (Doherty et al. 2016) core source_claim,(Cruz & Cruz 1987)_INCLUDE_NA_Predation in support_no_no,(Doherty et al. 2016) core source_claim,Pterodroma phaeopygia,1,(Cruz & Cruz 1987),"",Yes,Predation in support without data,no,no,2014
Pterodroma phaeopygia (Doherty et al. 2016) core source_claim,(Cruz & Cruz 1996)_INCLUDE_NA_Predation in support_no_no,(Doherty et al. 2016) core source_claim,Pterodroma phaeopygia,1,(Cruz & Cruz 1996),"",Yes,Predation in support without data,no,no,2014
Pterodroma phaeopygia (Doherty et al. 2016) core source_claim,(Cruz-Delgado et al. 2010)_INCLUDE_NA_Predation not in support_no_no,(Doherty et al. 2016) core source_claim,Pterodroma phaeopygia,1,(Cruz-Delgado et al. 2010),"",No,Predation not in support without data,no,no,2014
Pterodroma phaeopygia (IUCN 2025) core source_claim,NOTHING_EXCLUDE_NA_No citation given_NA_NA Pterodroma phaeopygia,(IUCN 2025) core source_claim,Pterodroma phaeopygia,1,NOTHING NA Pterodroma phaeopygia,"",Not relevant,No citation given,"",no,2017
Pterodroma phaeopygia (Medina et al. 2011) core source_claim,(Coulter 1984)_EXCLUDE_0_Inaccessible_NA_NA,(Medina et al. 2011) core source_claim,Pterodroma phaeopygia,1,(Coulter 1984),0,Not relevant,Inaccessible,"",no,2009
Pterodroma phaeopygia (Medina et al. 2011) core source_claim,(Coulter et al. 1985)_EXCLUDE_0_Inaccessible_NA_NA,(Medina et al. 2011) core source_claim,Pterodroma phaeopygia,1,(Coulter et al. 1985),0,Not relevant,Inaccessible,"",no,2009
Pterodroma phaeopygia (Medina et al. 2011) core source_claim,(Cruz & Cruz 1987)_INCLUDE_NA_Predation in support_no_no,(Medina et al. 2011) core source_claim,Pterodroma phaeopygia,1,(Cruz & Cruz 1987),"",Yes,Predation in support without data,no,no,2009
Pterodroma phaeopygia (Medina et al. 2011) core source_claim,(Tomkins 1985)_EXCLUDE_0_Inaccessible_NA_NA,(Medina et al. 2011) core source_claim,Pterodroma phaeopygia,1,(Tomkins 1985),0,Not relevant,Inaccessible,"",no,2009
Pterodroma phaeopygia Web of Science_Systematic external review,(Coulter 1984)_EXCLUDE_0_Inaccessible_NA_NA,Web of Science_Systematic external review,Pterodroma phaeopygia,2,(Coulter 1984),0,Not relevant,Inaccessible,"",no,2025
Pterodroma phaeopygia Web of Science_Systematic external review,(Cruz & Cruz 1987)_INCLUDE_NA_Predation in support_no_no,Web of Science_Systematic external review,Pterodroma phaeopygia,1,(Cruz & Cruz 1987),"",Yes,Predation in support without data,no,no,2025
Pterodroma phaeopygia Web of Science_Systematic external review,(Phillips et al. 2012)_EXCLUDE_1_No claim_NA_NA,Web of Science_Systematic external review,Pterodroma phaeopygia,1,(Phillips et al. 2012),"",Not relevant,No claim,"",no,2025
Pterodroma sandwichensis (Campolina et al. 2024) core source_claim,(Raine et al. 2020)_INCLUDE_NA_Predation in support_no_no,(Campolina et al. 2024) core source_claim,Pterodroma sandwichensis,1,(Raine et al. 2020),"",Yes,Predation in support without data,no,no,2021
Pterodroma sandwichensis (Doherty et al. 2016) core source_claim,(Carlile et al. 2003)_EXCLUDE_1_Opinion claim_NA_NA,(Doherty et al. 2016) core source_claim,Pterodroma sandwichensis,1,(Carlile et al. 2003),"",Not relevant,Opinion claim,"",no,2014
Pterodroma sandwichensis (Doherty et al. 2016) core source_claim,(Duffy & Capece 2014)_INCLUDE_NA_Predation in support_no_no,(Doherty et al. 2016) core source_claim,Pterodroma sandwichensis,1,(Duffy & Capece 2014),"",Yes,Predation in support without data,no,no,2014
Pterodroma sandwichensis (Doherty et al. 2016) core source_claim,(Hodges & Nagata Sr 2001)_INCLUDE_NA_Population in support_yes_yes,(Doherty et al. 2016) core source_claim,Pterodroma sandwichensis,1,(Hodges & Nagata Sr 2001),"",Yes,Population in support with data of quality,yes,yes,2014
Pterodroma sandwichensis (Doherty et al. 2016) core source_claim,(Hodges & Nagata Sr 2001)_INCLUDE_NA_Predation in support_no_no,(Doherty et al. 2016) core source_claim,Pterodroma sandwichensis,1,(Hodges & Nagata Sr 2001),"",Yes,Predation in support without data,no,no,2014
Pterodroma sandwichensis (Doherty et al. 2016) core source_claim,(Judge et al. 2012)_INCLUDE_NA_Predation in support_no_no,(Doherty et al. 2016) core source_claim,Pterodroma sandwichensis,1,(Judge et al. 2012),"",Yes,Predation in support without data,no,no,2014
Pterodroma sandwichensis (Doherty et al. 2016) core source_claim,(Simons 1983)_INCLUDE_NA_Predation in support_no_no,(Doherty et al. 2016) core source_claim,Pterodroma sandwichensis,1,(Simons 1983),"",Yes,Predation in support without data,no,no,2014
Pterodroma sandwichensis (Doherty et al. 2016) core source_claim,(Simons 1985)_INCLUDE_NA_Predation in support_no_no,(Doherty et al. 2016) core source_claim,Pterodroma sandwichensis,1,(Simons 1985),"",Yes,Predation in support without data,no,no,2014
Pterodroma sandwichensis (Doherty et al. 2016) core source_claim,NOTHING_EXCLUDE_NA_No citation given_NA_NA Pterodroma sandwichensis,(Doherty et al. 2016) core source_claim,Pterodroma sandwichensis,2,NOTHING NA Pterodroma sandwichensis,"",Not relevant,No citation given,"",no,2014
Pterodroma sandwichensis (IUCN 2025) core source_claim,NOTHING_EXCLUDE_NA_No citation given_NA_NA Pterodroma sandwichensis,(IUCN 2025) core source_claim,Pterodroma sandwichensis,1,NOTHING NA Pterodroma sandwichensis,"",Not relevant,No citation given,"",no,2017
Pterodroma sandwichensis (Medina et al. 2011) core source_claim,(Hu et al. 2001)_EXCLUDE_1_Inaccessible_NA_NA,(Medina et al. 2011) core source_claim,Pterodroma sandwichensis,1,(Hu et al. 2001),1,Not relevant,Inaccessible,"",no,2009
Pterodroma sandwichensis (Medina et al. 2011) core source_claim,(Winter & Wallace 2006)_EXCLUDE_0_Opinion claim_NA_NA,(Medina et al. 2011) core source_claim,Pterodroma sandwichensis,1,(Winter & Wallace 2006),"",Not relevant,Opinion claim,"",no,2009
Pterodroma sandwichensis Web of Science_Systematic external review,(Raine et al. 2020)_INCLUDE_NA_Predation in support_no_no,Web of Science_Systematic external review,Pterodroma sandwichensis,1,(Raine et al. 2020),"",Yes,Predation in support without data,no,no,2025
Pteropus dasymallus (IUCN 2025) core source_claim,NOTHING_EXCLUDE_NA_No citation given_NA_NA Pteropus dasymallus,(IUCN 2025) core source_claim,Pteropus dasymallus,1,NOTHING NA Pteropus dasymallus,"",Not relevant,No citation given,"",no,2015
Pteropus dasymallus (Oedin et al. 2021) core source_claim,NOTHING_EXCLUDE_NA_No citation given_NA_NA Pteropus dasymallus,(Oedin et al. 2021) core source_claim,Pteropus dasymallus,1,NOTHING NA Pteropus dasymallus,"",Not relevant,No citation given,"",no,2019
Pteropus dasymallus (Welch & Leppanen 2017) core source_claim,(Matayoshi 2014)_EXCLUDE_0_Not in English or Spanish_NA_NA,(Welch & Leppanen 2017) core source_claim,Pteropus dasymallus,2,(Matayoshi 2014),"",Not relevant,Not in English or Spanish,"",no,2015
Pteropus dasymallus (Welch & Leppanen 2017) core source_claim,(Vincenot et al. 2015)_INCLUDE_NA_Predation in support_no_no,(Welch & Leppanen 2017) core source_claim,Pteropus dasymallus,1,(Vincenot et al. 2015),"",Yes,Predation in support without data,no,no,2015
Pteropus dasymallus (Welch & Leppanen 2017) core source_claim,(Vincenot et al. 2017)_INCLUDE_NA_Predation in support_no_no,(Welch & Leppanen 2017) core source_claim,Pteropus dasymallus,1,(Vincenot et al. 2017),"",Yes,Predation in support without data,no,no,2015
Pteropus melanotus (Dickman 1996b) core source_claim,(Tidemann et al. 1994)_INCLUDE_NA_Predation in support_no_no,(Dickman 1996b) core source_claim,Pteropus melanotus,1,(Tidemann et al. 1994),"",Yes,Predation in support without data,no,no,1994
Pteropus melanotus (Doherty et al. 2016) core source_claim,(James et al. 2007)_EXCLUDE_0_Inaccessible_NA_NA,(Doherty et al. 2016) core source_claim,Pteropus melanotus,1,(James et al. 2007),0,Not relevant,Inaccessible,"",no,2014
Pteropus melanotus (Doherty et al. 2016) core source_claim,(Tidemann et al. 1994)_INCLUDE_NA_Predation in support_no_no,(Doherty et al. 2016) core source_claim,Pteropus melanotus,2,(Tidemann et al. 1994),"",Yes,Predation in support without data,no,no,2014
Pteropus melanotus (Doherty et al. 2016) core source_claim,D. Algars pers. comm._EXCLUDE_0_Inaccessible_NA_NA,(Doherty et al. 2016) core source_claim,Pteropus melanotus,2,D. Algars pers. comm.,0,Not relevant,Inaccessible,"",no,2014
Pteropus melanotus (Oedin et al. 2021) core source_claim,(Tidemann et al. 1994)_INCLUDE_NA_Predation in support_no_no,(Oedin et al. 2021) core source_claim,Pteropus melanotus,1,(Tidemann et al. 1994),"",Yes,Predation in support without data,no,no,2019
Pteropus melanotus (Wallach & Lundgren 2025)_external review without claim,(Doherty et al. 2015)_INCLUDE_NA_Predation in support_no_no,(Wallach & Lundgren 2025)_external review without claim,Pteropus melanotus,1,(Doherty et al. 2015),"",Yes,Predation in support without data,no,no,2022
Pteropus melanotus (Welch & Leppanen 2017) core source_claim,(IUCN 2025) core source_EXCLUDE_NA_No claim,(Welch & Leppanen 2017) core source_claim,Pteropus melanotus,1,(IUCN 2025) core source,,Not relevant,No claim,"",no,2015
Pteropus melanotus (Woinarski et al. 2014) core source_claim,(Tidemann et al. 1994)_INCLUDE_NA_Predation in support_no_no,(Woinarski et al. 2014) core source_claim,Pteropus melanotus,1,(Tidemann et al. 1994),"",Yes,Predation in support without data,no,no,2013
Pteropus melanotus (Woinarski et al. 2014) core source_claim,D. Algars pers. comm._EXCLUDE_0_Inaccessible_NA_NA,(Woinarski et al. 2014) core source_claim,Pteropus melanotus,1,D. Algars pers. comm.,0,Not relevant,Inaccessible,"",no,2013
Pteropus ornatus (IUCN 2025) core source_claim,(Palmas et al. 2017)_INCLUDE_NA_Predation in support_no_no,(IUCN 2025) core source_claim,Pteropus ornatus,1,(Palmas et al. 2017),"",Yes,Predation in support without data,no,no,2018
Pteropus ornatus (Oedin et al. 2021) core source_claim,(Palmas et al. 2017)_INCLUDE_NA_Predation in support_no_no,(Oedin et al. 2021) core source_claim,Pteropus ornatus,1,(Palmas et al. 2017),"",Yes,Predation in support without data,no,no,2019
Pteropus pselaphon (IUCN 2025) core source_claim,NOTHING_EXCLUDE_NA_No citation given_NA_NA Pteropus pselaphon,(IUCN 2025) core source_claim,Pteropus pselaphon,1,NOTHING NA Pteropus pselaphon,"",Not relevant,No citation given,"",no,2016
Pteropus pselaphon (Oedin et al. 2021) core source_claim,NOTHING_EXCLUDE_NA_No citation given_NA_NA Pteropus pselaphon,(Oedin et al. 2021) core source_claim,Pteropus pselaphon,1,NOTHING NA Pteropus pselaphon,"",Not relevant,No citation given,"",no,2019
Pteropus vetula (IUCN 2025) core source_claim,(Palmas et al. 2017)_INCLUDE_NA_Predation in support_no_no,(IUCN 2025) core source_claim,Pteropus vetula,1,(Palmas et al. 2017),"",Yes,Predation in support without data,no,no,2018
Pteropus vetula (Oedin et al. 2021) core source_claim,NOTHING_EXCLUDE_NA_No citation given_NA_NA Pteropus vetula,(Oedin et al. 2021) core source_claim,Pteropus vetula,1,NOTHING NA Pteropus vetula,"",Not relevant,No citation given,"",no,2019
Ptilinopus chrysogaster (IUCN 2025) core source_claim,(S.O.P. & Manu 2015)_EXCLUDE_0_Not in English or Spanish_NA_NA,(IUCN 2025) core source_claim,Ptilinopus chrysogaster,1,(S.O.P. & Manu 2015),"",Not relevant,Not in English or Spanish,"",no,2017
Ptilinopus huttoni (Doherty et al. 2016) core source_claim,(Thibault & Varney 1991)_EXCLUDE_1_Opinion claim_NA_NA,(Doherty et al. 2016) core source_claim,Ptilinopus huttoni,1,(Thibault & Varney 1991),"",Not relevant,Opinion claim,"",no,2014
Ptilinopus huttoni (IUCN 2025) core source_claim,NOTHING_EXCLUDE_NA_No citation given_NA_NA Ptilinopus huttoni,(IUCN 2025) core source_claim,Ptilinopus huttoni,1,NOTHING NA Ptilinopus huttoni,"",Not relevant,No citation given,"",no,2017
Ptilinopus mercierii (Doherty et al. 2016) core source_claim,(Collar et al. 1994)_EXCLUDE_0_Inaccessible_NA_NA,(Doherty et al. 2016) core source_claim,Ptilinopus mercierii,2,(Collar et al. 1994),0,Not relevant,Inaccessible,"",no,2014
Ptilinopus mercierii (Doherty et al. 2016) core source_claim,(Gibbs et al. 2001)_EXCLUDE_0_Inaccessible_NA_NA,(Doherty et al. 2016) core source_claim,Ptilinopus mercierii,3,(Gibbs et al. 2001),0,Not relevant,Inaccessible,"",no,2014
Ptilinopus mercierii (Hume 2017) core source_claim,(Gibbs et al. 2001)_EXCLUDE_0_Inaccessible_NA_NA,(Hume 2017) core source_claim,Ptilinopus mercierii,1,(Gibbs et al. 2001),0,Not relevant,Inaccessible,"",no,2016
Ptilinopus mercierii (IUCN 2025) core source_claim,(Collar et al. 1994)_EXCLUDE_0_Inaccessible_NA_NA,(IUCN 2025) core source_claim,Ptilinopus mercierii,1,(Collar et al. 1994),0,Not relevant,Inaccessible,"",no,2022
Ptilinopus mercierii (IUCN 2025) core source_claim,(Gibbs et al. 2001)_EXCLUDE_0_Inaccessible_NA_NA,(IUCN 2025) core source_claim,Ptilinopus mercierii,2,(Gibbs et al. 2001),0,Not relevant,Inaccessible,"",no,2022
Ptychoramphus aleuticus (Hess 2014) core source_claim,(Jehl 1977)_EXCLUDE_?_No claim_NA_NA,(Hess 2014) core source_claim,Ptychoramphus aleuticus,2,(Jehl 1977),"",Not relevant,No claim,"",no,2012
Ptychoramphus aleuticus (Hess 2014) core source_claim,(Wolf 2002)_EXCLUDE_0_Inaccessible_NA_NA,(Hess 2014) core source_claim,Ptychoramphus aleuticus,2,(Wolf 2002),0,Not relevant,Inaccessible,"",no,2012
Ptychoramphus aleuticus (IUCN 2025) core source_claim,(Howell 1917)_INCLUDE_NA_Population in support_no_no,(IUCN 2025) core source_claim,Ptychoramphus aleuticus,2,(Howell 1917),"",Yes,Population in support without data,no,no,2019
Ptychoramphus aleuticus (IUCN 2025) core source_claim,(McChesney & Tershy 1998)_INCLUDE_NA_Predation in support_no_no,(IUCN 2025) core source_claim,Ptychoramphus aleuticus,1,(McChesney & Tershy 1998),"",Yes,Predation in support without data,no,no,2019
Ptychoramphus aleuticus (IUCN 2025) core source_claim,(Willett 1912)_INCLUDE_NA_Predation in support_no_no,(IUCN 2025) core source_claim,Ptychoramphus aleuticus,2,(Willett 1912),"",Yes,Predation in support without data,no,no,2019
Ptychoramphus aleuticus (IUCN 2025) core source_claim,(Wolf et al. 2006)_EXCLUDE_1_Opinion claim_NA_NA,(IUCN 2025) core source_claim,Ptychoramphus aleuticus,1,(Wolf et al. 2006),"",Not relevant,Opinion claim,"",no,2019
Ptychoramphus aleuticus Web of Science_Systematic external review,(Howell 1917)_INCLUDE_NA_Population in support_no_no,Web of Science_Systematic external review,Ptychoramphus aleuticus,2,(Howell 1917),"",Yes,Population in support without data,no,no,2025
Ptychoramphus aleuticus Web of Science_Systematic external review,(McChesney & Tershy 1998)_INCLUDE_NA_Predation in support_no_no,Web of Science_Systematic external review,Ptychoramphus aleuticus,1,(McChesney & Tershy 1998),"",Yes,Predation in support without data,no,no,2025
Ptychoramphus aleuticus Web of Science_Systematic external review,(Willett 1912)_INCLUDE_NA_Predation in support_no_no,Web of Science_Systematic external review,Ptychoramphus aleuticus,2,(Willett 1912),"",Yes,Predation in support without data,no,no,2025
Puffinus auricularis (Doherty et al. 2016) core source_claim,(Martınez-Gomez & Jacobsen 2004)_INCLUDE_NA_Predation in support_no_no,(Doherty et al. 2016) core source_claim,Puffinus auricularis,1,(Martınez-Gomez & Jacobsen 2004),"",Yes,Predation in support without data,no,no,2014
Puffinus auricularis (IUCN 2025) core source_claim,(Martınez-Gomez & Jacobsen 2004)_INCLUDE_NA_Predation in support_no_no,(IUCN 2025) core source_claim,Puffinus auricularis,1,(Martınez-Gomez & Jacobsen 2004),"",Yes,Predation in support without data,no,no,2017
Puffinus auricularis (IUCN 2025) core source_claim,J. Martínez Gómez in litt. 1998_EXCLUDE_?_Inaccessible_NA_NA,(IUCN 2025) core source_claim,Puffinus auricularis,1,J. Martínez Gómez in litt. 1998,?,Not relevant,Inaccessible,"",no,2017
Puffinus auricularis (IUCN 2025) core source_claim,J. Martínez Gómez in litt. 1999_EXCLUDE_?_Inaccessible_NA_NA,(IUCN 2025) core source_claim,Puffinus auricularis,1,J. Martínez Gómez in litt. 1999,?,Not relevant,Inaccessible,"",no,2017
Puffinus auricularis (IUCN 2025) core source_claim,J. Martínez Gómez in litt. 2000_EXCLUDE_?_Inaccessible_NA_NA,(IUCN 2025) core source_claim,Puffinus auricularis,1,J. Martínez Gómez in litt. 2000,?,Not relevant,Inaccessible,"",no,2017
Puffinus auricularis (Medina et al. 2011) core source_claim,(Jehl & Parkes 1982)_INCLUDE_NA_Predation in support_no_no,(Medina et al. 2011) core source_claim,Puffinus auricularis,2,(Jehl & Parkes 1982),"",Yes,Predation in support without data,no,no,2009
Puffinus auricularis (Medina et al. 2011) core source_claim,(Martínez-Gómez & Curry 1996)_INCLUDE_NA_Predation in support_no_no,(Medina et al. 2011) core source_claim,Puffinus auricularis,1,(Martínez-Gómez & Curry 1996),"",Yes,Predation in support without data,no,no,2009
Puffinus auricularis (Medina et al. 2011) core source_claim,(Martınez-Gomez & Jacobsen 2004)_INCLUDE_NA_Predation in support_no_no,(Medina et al. 2011) core source_claim,Puffinus auricularis,1,(Martınez-Gomez & Jacobsen 2004),"",Yes,Predation in support without data,no,no,2009
Puffinus auricularis Web of Science_Systematic external review,(Martınez-Gomez & Jacobsen 2004)_INCLUDE_NA_Predation in support_no_no,Web of Science_Systematic external review,Puffinus auricularis,1,(Martınez-Gomez & Jacobsen 2004),"",Yes,Predation in support without data,no,no,2025
Puffinus heinrothi (Doherty et al. 2016) core source_claim,G. Dutson in litt. 2007_EXCLUDE_?_Inaccessible_NA_NA,(Doherty et al. 2016) core source_claim,Puffinus heinrothi,2,G. Dutson in litt. 2007,?,Not relevant,Inaccessible,"",no,2014
Puffinus heinrothi (IUCN 2025) core source_claim,G. Dutson in litt. 2007_EXCLUDE_?_Inaccessible_NA_NA,(IUCN 2025) core source_claim,Puffinus heinrothi,1,G. Dutson in litt. 2007,?,Not relevant,Inaccessible,"",no,2017
Puffinus huttoni (IUCN 2025) core source_claim,(Cuthbert 1999)_EXCLUDE_0_Inaccessible_NA_NA,(IUCN 2025) core source_claim,Puffinus huttoni,1,(Cuthbert 1999),0,Not relevant,Inaccessible,"",no,2018
Puffinus huttoni (IUCN 2025) core source_claim,(Cuthbert 2002)_EXCLUDE_1_No claim_NA_NA,(IUCN 2025) core source_claim,Puffinus huttoni,1,(Cuthbert 2002),"",Not relevant,No claim,"",no,2018
Puffinus huttoni (IUCN 2025) core source_claim,(Taylor 2000)_EXCLUDE_0_No claim_NA_NA,(IUCN 2025) core source_claim,Puffinus huttoni,1,(Taylor 2000),"",Not relevant,No claim,"",no,2018
Puffinus mauretanicus (Doherty et al. 2016) core source_claim,(Ruiz & Martí 2004)_EXCLUDE_0_Not in English or Spanish_NA_NA,(Doherty et al. 2016) core source_claim,Puffinus mauretanicus,2,(Ruiz & Martí 2004),"",Not relevant,Not in English or Spanish,"",no,2014
Puffinus mauretanicus (IUCN 2025) core source_claim,(Arcos & Oro 2004)_INCLUDE_NA_Predation in support_no_no,(IUCN 2025) core source_claim,Puffinus mauretanicus,1,(Arcos & Oro 2004),"",Yes,Predation in support without data,no,no,2017
Puffinus mauretanicus (IUCN 2025) core source_claim,(Arcos et al. 2012)_EXCLUDE_0_Inaccessible_NA_NA,(IUCN 2025) core source_claim,Puffinus mauretanicus,1,(Arcos et al. 2012),0,Not relevant,Inaccessible,"",no,2017
Puffinus mauretanicus (IUCN 2025) core source_claim,(Ruiz & Martí 2004)_EXCLUDE_0_Not in English or Spanish_NA_NA,(IUCN 2025) core source_claim,Puffinus mauretanicus,1,(Ruiz & Martí 2004),"",Not relevant,Not in English or Spanish,"",no,2017
Puffinus mauretanicus (Medina et al. 2011) core source_claim,(Arcos & Oro 2004)_INCLUDE_NA_Predation in support_no_no,(Medina et al. 2011) core source_claim,Puffinus mauretanicus,1,(Arcos & Oro 2004),"",Yes,Predation in support without data,no,no,2009
Puffinus mauretanicus (Medina et al. 2011) core source_claim,(Ruiz & Martí 2004)_EXCLUDE_0_Not in English or Spanish_NA_NA,(Medina et al. 2011) core source_claim,Puffinus mauretanicus,2,(Ruiz & Martí 2004),"",Not relevant,Not in English or Spanish,"",no,2009
Puffinus mauretanicus Opportunistic_Systematic external review,(Aguilar 1999)_EXCLUDE_0_Opinion claim_NA_NA,Opportunistic_Systematic external review,Puffinus mauretanicus,1,(Aguilar 1999),"",Not relevant,Opinion claim,"",no,2025
Puffinus mauretanicus Web of Science_Systematic external review,(Aguilar 2000)_EXCLUDE_0_Inaccessible_NA_NA,Web of Science_Systematic external review,Puffinus mauretanicus,2,(Aguilar 2000),0,Not relevant,Inaccessible,"",no,2025
Puffinus mauretanicus Web of Science_Systematic external review,(Cortés & González-Solís 2018)_EXCLUDE_1_No claim_NA_NA,Web of Science_Systematic external review,Puffinus mauretanicus,1,(Cortés & González-Solís 2018),"",Not relevant,No claim,"",no,2025
Puffinus mauretanicus Web of Science_Systematic external review,(Mayol-Serra 2000)_EXCLUDE_0_Inaccessible_NA_NA,Web of Science_Systematic external review,Puffinus mauretanicus,2,(Mayol-Serra 2000),0,Not relevant,Inaccessible,"",no,2025
Puffinus newelli (Campolina et al. 2024) core source_claim,(Raine et al. 2020)_INCLUDE_NA_Predation in support_no_no,(Campolina et al. 2024) core source_claim,Puffinus newelli,1,(Raine et al. 2020),"",Yes,Predation in support without data,no,no,2021
Puffinus newelli (Doherty et al. 2016) core source_claim,(Ainley et al. 1995)_EXCLUDE_0_Inaccessible_NA_NA,(Doherty et al. 2016) core source_claim,Puffinus newelli,3,(Ainley et al. 1995),0,Not relevant,Inaccessible,"",no,2014
Puffinus newelli (Doherty et al. 2016) core source_claim,(Ainley et al. 2001)_INCLUDE_NA_Predation in support_no_no,(Doherty et al. 2016) core source_claim,Puffinus newelli,3,(Ainley et al. 2001),"",Yes,Predation in support without data,no,no,2014
Puffinus newelli (Doherty et al. 2016) core source_claim,(Day et al. 2003)_EXCLUDE_0_Opinion claim_NA_NA,(Doherty et al. 2016) core source_claim,Puffinus newelli,1,(Day et al. 2003),"",Not relevant,Opinion claim,"",no,2014
Puffinus newelli (Doherty et al. 2016) core source_claim,(Griesemer & Holmes 2011)_INCLUDE_NA_Predation in support_no_no,(Doherty et al. 2016) core source_claim,Puffinus newelli,2,(Griesemer & Holmes 2011),"",Yes,Predation in support without data,no,no,2014
Puffinus newelli (Doherty et al. 2016) core source_claim,(Mitchell et al. 2005)_EXCLUDE_0_Opinion claim_NA_NA,(Doherty et al. 2016) core source_claim,Puffinus newelli,2,(Mitchell et al. 2005),"",Not relevant,Opinion claim,"",no,2014
Puffinus newelli (Doherty et al. 2016) core source_claim,(Telfer 1986)_EXCLUDE_0_Inaccessible_NA_NA,(Doherty et al. 2016) core source_claim,Puffinus newelli,3,(Telfer 1986),0,Not relevant,Inaccessible,"",no,2014
Puffinus newelli (Doherty et al. 2016) core source_claim,D. Ainley in litt. 1999_EXCLUDE_0_Inaccessible_NA_NA,(Doherty et al. 2016) core source_claim,Puffinus newelli,2,D. Ainley in litt. 1999,0,Not relevant,Inaccessible,"",no,2014
Puffinus newelli (Doherty et al. 2016) core source_claim,NSWG 2005_EXCLUDE_0_Inaccessible_NA_NA,(Doherty et al. 2016) core source_claim,Puffinus newelli,2,NSWG 2005,0,Not relevant,Inaccessible,"",no,2014
Puffinus newelli (IUCN 2025) core source_claim,(Ainley et al. 1995)_EXCLUDE_0_Inaccessible_NA_NA,(IUCN 2025) core source_claim,Puffinus newelli,2,(Ainley et al. 1995),0,Not relevant,Inaccessible,"",no,2018
Puffinus newelli (IUCN 2025) core source_claim,(Ainley et al. 2001)_INCLUDE_NA_Predation in support_no_no,(IUCN 2025) core source_claim,Puffinus newelli,2,(Ainley et al. 2001),"",Yes,Predation in support without data,no,no,2018
Puffinus newelli (IUCN 2025) core source_claim,(Griesemer & Holmes 2011)_INCLUDE_NA_Predation in support_no_no,(IUCN 2025) core source_claim,Puffinus newelli,1,(Griesemer & Holmes 2011),"",Yes,Predation in support without data,no,no,2018
Puffinus newelli (IUCN 2025) core source_claim,(Mitchell et al. 2005)_EXCLUDE_0_Opinion claim_NA_NA,(IUCN 2025) core source_claim,Puffinus newelli,1,(Mitchell et al. 2005),"",Not relevant,Opinion claim,"",no,2018
Puffinus newelli (IUCN 2025) core source_claim,(Telfer 1986)_EXCLUDE_0_Inaccessible_NA_NA,(IUCN 2025) core source_claim,Puffinus newelli,2,(Telfer 1986),0,Not relevant,Inaccessible,"",no,2018
Puffinus newelli (IUCN 2025) core source_claim,D. Ainley in litt. 1999_EXCLUDE_0_Inaccessible_NA_NA,(IUCN 2025) core source_claim,Puffinus newelli,1,D. Ainley in litt. 1999,0,Not relevant,Inaccessible,"",no,2018
Puffinus newelli (IUCN 2025) core source_claim,NSWG 2005_EXCLUDE_0_Inaccessible_NA_NA,(IUCN 2025) core source_claim,Puffinus newelli,1,NSWG 2005,0,Not relevant,Inaccessible,"",no,2018
Puffinus newelli (Medina et al. 2011) core source_claim,(Ainley et al. 2001)_INCLUDE_NA_Predation in support_no_no,(Medina et al. 2011) core source_claim,Puffinus newelli,1,(Ainley et al. 2001),"",Yes,Predation in support without data,no,no,2009
Puffinus newelli (Medina et al. 2011) core source_claim,(Winter & Wallace 2006)_EXCLUDE_0_No claim_NA_NA,(Medina et al. 2011) core source_claim,Puffinus newelli,1,(Winter & Wallace 2006),"",Not relevant,No claim,"",no,2009
Puffinus opisthomelas (Campolina et al. 2024) core source_claim,(Anthony 1925)_INCLUDE_NA_Predation in support_no_no,(Campolina et al. 2024) core source_claim,Puffinus opisthomelas,2,(Anthony 1925),"",Yes,Predation in support without data,no,no,2021
Puffinus opisthomelas (Campolina et al. 2024) core source_claim,(Hanna 1925)_INCLUDE_NA_Predation in support_no_no,(Campolina et al. 2024) core source_claim,Puffinus opisthomelas,2,(Hanna 1925),"",Yes,Predation in support without data,no,no,2021
Puffinus opisthomelas (Campolina et al. 2024) core source_claim,(McChesney & Tershy 1998)_INCLUDE_NA_Predation in support_no_no,(Campolina et al. 2024) core source_claim,Puffinus opisthomelas,1,(McChesney & Tershy 1998),"",Yes,Predation in support without data,no,no,2021
Puffinus opisthomelas (Hess 2014) core source_claim,(Keitt & Tershy 2003)_INCLUDE_NA_Predation in support_no_no,(Hess 2014) core source_claim,Puffinus opisthomelas,2,(Keitt & Tershy 2003),"",Yes,Predation in support without data,no,no,2012
Puffinus opisthomelas (Hess 2014) core source_claim,(Wood et al. 2002)_EXCLUDE_0_No claim_NA_NA,(Hess 2014) core source_claim,Puffinus opisthomelas,2,(Wood et al. 2002),"",Not relevant,No claim,"",no,2012
Puffinus opisthomelas (IUCN 2025) core source_claim,(Keitt & Tershy 2003)_INCLUDE_NA_Predation in support_no_no,(IUCN 2025) core source_claim,Puffinus opisthomelas,1,(Keitt & Tershy 2003),"",Yes,Predation in support without data,no,no,2020
Puffinus opisthomelas (IUCN 2025) core source_claim,(Keitt 1998)_EXCLUDE_0_Inaccessible_NA_NA,(IUCN 2025) core source_claim,Puffinus opisthomelas,1,(Keitt 1998),0,Not relevant,Inaccessible,"",no,2020
Puffinus opisthomelas (IUCN 2025) core source_claim,(Keitt et al. 2006)_EXCLUDE_0_Inaccessible_NA_NA,(IUCN 2025) core source_claim,Puffinus opisthomelas,1,(Keitt et al. 2006),0,Not relevant,Inaccessible,"",no,2020
Puffinus opisthomelas Web of Science_Systematic external review,(Anthony 1925)_INCLUDE_NA_Predation in support_no_no,Web of Science_Systematic external review,Puffinus opisthomelas,2,(Anthony 1925),"",Yes,Predation in support without data,no,no,2025
Puffinus opisthomelas Web of Science_Systematic external review,(Hanna 1925)_INCLUDE_NA_Predation in support_no_no,Web of Science_Systematic external review,Puffinus opisthomelas,2,(Hanna 1925),"",Yes,Predation in support without data,no,no,2025
Puffinus opisthomelas Web of Science_Systematic external review,(Keitt et al. 2002)_EXCLUDE_?_Opinion claim_NA_NA,Web of Science_Systematic external review,Puffinus opisthomelas,1,(Keitt et al. 2002),"",Not relevant,Opinion claim,"",no,2025
Puffinus opisthomelas Web of Science_Systematic external review,(McChesney & Tershy 1998)_INCLUDE_NA_Predation in support_no_no,Web of Science_Systematic external review,Puffinus opisthomelas,1,(McChesney & Tershy 1998),"",Yes,Predation in support without data,no,no,2025
Puffinus yelkouan (Campolina et al. 2024) core source_claim,(Bonnaud et al. 2009)_INCLUDE_NA_Predation in support_no_no,(Campolina et al. 2024) core source_claim,Puffinus yelkouan,1,(Bonnaud et al. 2009),"",Yes,Predation in support without data,no,no,2021
Puffinus yelkouan (Campolina et al. 2024) core source_claim,(Bonnaud et al. 2010b)_INCLUDE_NA_Population in support_yes_no,(Campolina et al. 2024) core source_claim,Puffinus yelkouan,1,(Bonnaud et al. 2010b),"",Yes,Population in support with data,yes,no,2021
Puffinus yelkouan (Doherty et al. 2016) core source_claim,(Bonnaud et al. 2009)_INCLUDE_NA_Predation in support_no_no,(Doherty et al. 2016) core source_claim,Puffinus yelkouan,1,(Bonnaud et al. 2009),"",Yes,Predation in support without data,no,no,2014
Puffinus yelkouan (Doherty et al. 2016) core source_claim,(Bonnaud et al. 2010b)_INCLUDE_NA_Population in support_yes_no,(Doherty et al. 2016) core source_claim,Puffinus yelkouan,1,(Bonnaud et al. 2010b),"",Yes,Population in support with data,yes,no,2014
Puffinus yelkouan (Doherty et al. 2016) core source_claim,(Bonnaud et al. 2012)_INCLUDE_NA_Predation in support_no_no,(Doherty et al. 2016) core source_claim,Puffinus yelkouan,1,(Bonnaud et al. 2012),"",Yes,Predation in support without data,no,no,2014
Puffinus yelkouan (Doherty et al. 2016) core source_claim,(Oppel et al. 2011)_INCLUDE_NA_Population not in support_yes_yes,(Doherty et al. 2016) core source_claim,Puffinus yelkouan,1,(Oppel et al. 2011),"",No,Population not in support with data of quality,yes,yes,2014
Puffinus yelkouan (IUCN 2025) core source_claim,(Bonnaud et al. 2012)_INCLUDE_NA_Predation in support_no_no,(IUCN 2025) core source_claim,Puffinus yelkouan,1,(Bonnaud et al. 2012),"",Yes,Predation in support without data,no,no,2017
Puffinus yelkouan Web of Science_Systematic external review,(Bonnaud et al. 2007)_INCLUDE_NA_Predation in support_no_no,Web of Science_Systematic external review,Puffinus yelkouan,2,(Bonnaud et al. 2007),"",Yes,Predation in support without data,no,no,2025
Puffinus yelkouan Web of Science_Systematic external review,(Bonnaud et al. 2009)_INCLUDE_NA_Predation in support_no_no,Web of Science_Systematic external review,Puffinus yelkouan,1,(Bonnaud et al. 2009),"",Yes,Predation in support without data,no,no,2025
Puffinus yelkouan Web of Science_Systematic external review,(Bonnaud et al. 2010b)_INCLUDE_NA_Population in support_yes_no,Web of Science_Systematic external review,Puffinus yelkouan,1,(Bonnaud et al. 2010b),"",Yes,Population in support with data,yes,no,2025
Puffinus yelkouan Web of Science_Systematic external review,(Bonnaud et al. 2012)_INCLUDE_NA_Predation in support_no_no,Web of Science_Systematic external review,Puffinus yelkouan,1,(Bonnaud et al. 2012),"",Yes,Predation in support without data,no,no,2025
Puffinus yelkouan Web of Science_Systematic external review,(Bonnaud et al. 2015)_INCLUDE_NA_Predation in support_no_no,Web of Science_Systematic external review,Puffinus yelkouan,1,(Bonnaud et al. 2015),"",Yes,Predation in support without data,no,no,2025
Puffinus yelkouan Web of Science_Systematic external review,(Tranchant et al. 2003)_INCLUDE_NA_Predation in support_no_no,Web of Science_Systematic external review,Puffinus yelkouan,1,(Tranchant et al. 2003),"",Yes,Predation in support without data,no,no,2025
Pyrrhula murina (IUCN 2025) core source_claim,(Ceia 2008)_EXCLUDE_0_Not in English or Spanish_NA_NA,(IUCN 2025) core source_claim,Pyrrhula murina,1,(Ceia 2008),"",Not relevant,Not in English or Spanish,"",no,2020
Pyrrhula murina (IUCN 2025) core source_claim,(Teodosio et al. 2009)_EXCLUDE_0_Inaccessible_NA_NA,(IUCN 2025) core source_claim,Pyrrhula murina,1,(Teodosio et al. 2009),0,Not relevant,Inaccessible,"",no,2020
Pyrrhula murina (IUCN 2025) core source_claim,G. Hilton in litt. 2006_EXCLUDE_0_Inaccessible_NA_NA,(IUCN 2025) core source_claim,Pyrrhula murina,1,G. Hilton in litt. 2006,0,Not relevant,Inaccessible,"",no,2020
Pyrrhula murina Opportunistic_Systematic external review,(Ramos 1994)_INCLUDE_NA_Predation in support_no_no,Opportunistic_Systematic external review,Pyrrhula murina,2,(Ramos 1994),"",Yes,Predation in support without data,no,no,2025
Ramphocinclus brachyurus (IUCN 2025) core source_claim,(Felix et al. 2014)_EXCLUDE_0_Inaccessible_NA_NA,(IUCN 2025) core source_claim,Ramphocinclus brachyurus,1,(Felix et al. 2014),0,Not relevant,Inaccessible,"",no,2019
Raorchestes tinniens (IUCN 2025) core source_claim,S.R. Ganesh and S.R. Chandramouli pers. comm. October 2020_EXCLUDE_0_Inaccessible_NA_NA,(IUCN 2025) core source_claim,Raorchestes tinniens,1,S.R. Ganesh and S.R. Chandramouli pers. comm. October 2020,0,Not relevant,Inaccessible,"",no,2019
Rattus detentus (IUCN 2025) core source_claim,"D. Fisher, N. Whitmore and A. Gazzard pers. comm. 2024_EXCLUDE_0_Inaccessible_NA_NA",(IUCN 2025) core source_claim,Rattus detentus,1,"D. Fisher, N. Whitmore and A. Gazzard pers. comm. 2024",0,Not relevant,Inaccessible,"",no,2023
Reithrodontomys musseri (IUCN 2025) core source_claim,NOTHING_EXCLUDE_NA_No citation given_NA_NA Reithrodontomys musseri,(IUCN 2025) core source_claim,Reithrodontomys musseri,1,NOTHING NA Reithrodontomys musseri,"",Not relevant,No citation given,"",no,2023
Reithrodontomys raviventris (Doherty et al. 2016) core source_claim,(Meckstroth et al. 2007)_EXCLUDE_1_No claim_NA_NA,(Doherty et al. 2016) core source_claim,Reithrodontomys raviventris,1,(Meckstroth et al. 2007),"",Not relevant,No claim,"",no,2014
Reithrodontomys raviventris (IUCN 2025) core source_claim,NOTHING_EXCLUDE_NA_No citation given_NA_NA Reithrodontomys raviventris,(IUCN 2025) core source_claim,Reithrodontomys raviventris,1,NOTHING NA Reithrodontomys raviventris,"",Not relevant,No citation given,"",no,2016
Reithrodontomys spectabilis (Doherty et al. 2016) core source_claim,NOTHING_EXCLUDE_NA_No citation given_NA_NA Reithrodontomys spectabilis,(Doherty et al. 2016) core source_claim,Reithrodontomys spectabilis,2,NOTHING NA Reithrodontomys spectabilis,"",Not relevant,No citation given,"",no,2014
Reithrodontomys spectabilis (IUCN 2025) core source_claim,NOTHING_EXCLUDE_NA_No citation given_NA_NA Reithrodontomys spectabilis,(IUCN 2025) core source_claim,Reithrodontomys spectabilis,1,NOTHING NA Reithrodontomys spectabilis,"",Not relevant,No citation given,"",no,2016
Rhynchortyx cinctus (IUCN 2025) core source_claim,D. F. Cisneros-Heredia in litt. 2022_EXCLUDE_0_Inaccessible_NA_NA,(IUCN 2025) core source_claim,Rhynchortyx cinctus,1,D. F. Cisneros-Heredia in litt. 2022,0,Not relevant,Inaccessible,"",no,2020
Rhynochetos jubatus (Doherty et al. 2016) core source_claim,(Ekstrom et al. 2002)_EXCLUDE_1_No claim_NA_NA,(Doherty et al. 2016) core source_claim,Rhynochetos jubatus,1,(Ekstrom et al. 2002),"",Not relevant,No claim,"",no,2014
Rhynochetos jubatus (Doherty et al. 2016) core source_claim,(Hunt 1997)_INCLUDE_NA_Predation in support_no_no,(Doherty et al. 2016) core source_claim,Rhynochetos jubatus,1,(Hunt 1997),"",Yes,Predation in support without data,no,no,2014
Rhynochetos jubatus (IUCN 2025) core source_claim,NOTHING_EXCLUDE_NA_No citation given_NA_NA Rhynochetos jubatus,(IUCN 2025) core source_claim,Rhynochetos jubatus,1,NOTHING NA Rhynochetos jubatus,"",Not relevant,No citation given,"",no,2018
Rhynochetos jubatus Web of Science_Systematic external review,(Palmas et al. 2020)_INCLUDE_NA_Predation not in support_no_no,Web of Science_Systematic external review,Rhynochetos jubatus,1,(Palmas et al. 2020),"",No,Predation not in support without data,no,no,2025
Ristella rurkii (IUCN 2025) core source_claim,NOTHING_EXCLUDE_NA_No citation given_NA_NA Ristella rurkii,(IUCN 2025) core source_claim,Ristella rurkii,1,NOTHING NA Ristella rurkii,"",Not relevant,No citation given,"",no,2018
Salanoia concolor (IUCN 2025) core source_claim,(Farris & Kelly 2011)_EXCLUDE_0_No claim_NA_NA,(IUCN 2025) core source_claim,Salanoia concolor,1,(Farris & Kelly 2011),"",Not relevant,No claim,"",no,2014
Salanoia concolor (IUCN 2025) core source_claim,(Farris et al. 2012)_EXCLUDE_NA_Does not test claim_NA_NA,(IUCN 2025) core source_claim,Salanoia concolor,1,(Farris et al. 2012),"",Not relevant,Does not test claim,"",no,2014
Salanoia concolor (IUCN 2025) core source_claim,(Farris et al. 2015b)_EXCLUDE_0_Inaccessible_NA_NA,(IUCN 2025) core source_claim,Salanoia concolor,1,(Farris et al. 2015b),0,Not relevant,Inaccessible,"",no,2014
Salanoia concolor Web of Science_Systematic external review,(Farris et al. 2015a)_EXCLUDE_1_Does not test claim_NA_NA,Web of Science_Systematic external review,Salanoia concolor,1,(Farris et al. 2015a),"",Not relevant,Does not test claim,"",no,2025
Salanoia concolor Web of Science_Systematic external review,(Farris et al. 2016)_EXCLUDE_NA_Does not test claim_NA_NA,Web of Science_Systematic external review,Salanoia concolor,1,(Farris et al. 2016),"",Not relevant,Does not test claim,"",no,2025
Salanoia concolor Web of Science_Systematic external review,(Farris et al. 2017)_INCLUDE_NA_Population in support_yes_no,Web of Science_Systematic external review,Salanoia concolor,1,(Farris et al. 2017),"",Yes,Population in support with data,yes,no,2025
Sauromalus hispidus (IUCN 2025) core source_claim,NOTHING_EXCLUDE_NA_No citation given_NA_NA Sauromalus hispidus,(IUCN 2025) core source_claim,Sauromalus hispidus,1,NOTHING NA Sauromalus hispidus,"",Not relevant,No citation given,"",no,2017
Sauromalus klauberi (IUCN 2025) core source_claim,(Case 1982)_EXCLUDE_?_Opinion claim_NA_NA,(IUCN 2025) core source_claim,Sauromalus klauberi,1,(Case 1982),"",Not relevant,Opinion claim,"",no,2017
Sauromalus klauberi (IUCN 2025) core source_claim,(IUCN 2025) core source_INCLUDE_NA_Population not in support_no_no,(IUCN 2025) core source_claim,Sauromalus klauberi,1,(IUCN 2025) core source,"",No,Population not in support without data,no,no,2017
Sauromalus klauberi (IUCN 2025) core source_claim,V. Reynoso and Y. Gadar pers. obs. 2016_EXCLUDE_0_Inaccessible_NA_NA,(IUCN 2025) core source_claim,Sauromalus klauberi,1,V. Reynoso and Y. Gadar pers. obs. 2016,0,Not relevant,Inaccessible,"",no,2017
Sauromalus slevini (IUCN 2025) core source_claim,NOTHING_EXCLUDE_NA_No citation given_NA_NA Sauromalus slevini,(IUCN 2025) core source_claim,Sauromalus slevini,1,NOTHING NA Sauromalus slevini,"",Not relevant,No citation given,"",no,2017
Saxicola dacotiae (IUCN 2025) core source_claim,(Ardura & Calabuig 1993)_EXCLUDE_0_Inaccessible_NA_NA,(IUCN 2025) core source_claim,Saxicola dacotiae,2,(Ardura & Calabuig 1993),0,Not relevant,Inaccessible,"",no,2021
Saxicola dacotiae (IUCN 2025) core source_claim,(Illera & Díaz 2006)_EXCLUDE_1_Opinion claim_NA_NA,(IUCN 2025) core source_claim,Saxicola dacotiae,1,(Illera & Díaz 2006),"",Not relevant,Opinion claim,"",no,2021
Saxicola dacotiae (IUCN 2025) core source_claim,(Lorenzo et al. 2002)_EXCLUDE_0_Inaccessible_NA_NA,(IUCN 2025) core source_claim,Saxicola dacotiae,2,(Lorenzo et al. 2002),0,Not relevant,Inaccessible,"",no,2021
Saxicola dacotiae Web of Science_Systematic external review,(Ardura & Calabuig 1993)_EXCLUDE_0_Inaccessible_NA_NA,Web of Science_Systematic external review,Saxicola dacotiae,2,(Ardura & Calabuig 1993),0,Not relevant,Inaccessible,"",no,2025
Saxicola dacotiae Web of Science_Systematic external review,(Illera & Díaz 2006)_EXCLUDE_1_Opinion claim_NA_NA,Web of Science_Systematic external review,Saxicola dacotiae,1,(Illera & Díaz 2006),"",Not relevant,Opinion claim,"",no,2025
Saxicola dacotiae Web of Science_Systematic external review,(Lorenzo et al. 2002)_EXCLUDE_0_Inaccessible_NA_NA,Web of Science_Systematic external review,Saxicola dacotiae,2,(Lorenzo et al. 2002),0,Not relevant,Inaccessible,"",no,2025
Scolopax mira (Doherty et al. 2016) core source_claim,NOTHING_EXCLUDE_NA_No citation given_NA_NA Scolopax mira,(Doherty et al. 2016) core source_claim,Scolopax mira,2,NOTHING NA Scolopax mira,"",Not relevant,No citation given,"",no,2014
Scolopax mira (IUCN 2025) core source_claim,NOTHING_EXCLUDE_NA_No citation given_NA_NA Scolopax mira,(IUCN 2025) core source_claim,Scolopax mira,1,NOTHING NA Scolopax mira,"",Not relevant,No citation given,"",no,2015
Scolopax mira Web of Science_Systematic external review,(Ishida et al. 2015)_EXCLUDE_1_No claim_NA_NA,Web of Science_Systematic external review,Scolopax mira,1,(Ishida et al. 2015),"",Not relevant,No claim,"",no,2025
Sephanoides fernandensis (Doherty et al. 2016) core source_claim,(Hahn & Römer 2002)_INCLUDE_NA_Predation in support_no_no,(Doherty et al. 2016) core source_claim,Sephanoides fernandensis,1,(Hahn & Römer 2002),"",Yes,Predation in support without data,no,no,2014
Sephanoides fernandensis (Hume 2017) core source_claim,NOTHING_EXCLUDE_NA_No citation given_NA_NA Sephanoides fernandensis,(Hume 2017) core source_claim,Sephanoides fernandensis,1,NOTHING NA Sephanoides fernandensis,"",Not relevant,No citation given,"",no,2016
Sephanoides fernandensis (IUCN 2025) core source_claim,(Roy et al. 1999)_INCLUDE_NA_Predation in support_no_no,(IUCN 2025) core source_claim,Sephanoides fernandensis,1,(Roy et al. 1999),"",Yes,Predation in support without data,no,no,2019
Sephanoides fernandensis (IUCN 2025) core source_claim,E. Hagen in litt. 2020_EXCLUDE_0_Inaccessible_NA_NA,(IUCN 2025) core source_claim,Sephanoides fernandensis,1,E. Hagen in litt. 2020,0,Not relevant,Inaccessible,"",no,2019
Sephanoides fernandensis (IUCN 2025) core source_claim,Hodum in litt. 2007_EXCLUDE_0_Inaccessible_NA_NA,(IUCN 2025) core source_claim,Sephanoides fernandensis,1,Hodum in litt. 2007,0,Not relevant,Inaccessible,"",no,2019
Sephanoides fernandensis (IUCN 2025) core source_claim,Hodum in litt. 2008_EXCLUDE_0_Inaccessible_NA_NA,(IUCN 2025) core source_claim,Sephanoides fernandensis,1,Hodum in litt. 2008,0,Not relevant,Inaccessible,"",no,2019
Sephanoides fernandensis (IUCN 2025) core source_claim,P. Hodum in litt. 2020_EXCLUDE_0_Inaccessible_NA_NA,(IUCN 2025) core source_claim,Sephanoides fernandensis,1,P. Hodum in litt. 2020,0,Not relevant,Inaccessible,"",no,2019
Sephanoides fernandensis (Medina et al. 2011) core source_claim,(BirdLife International 2000)_EXCLUDE_0_Inaccessible_NA_NA,(Medina et al. 2011) core source_claim,Sephanoides fernandensis,1,(BirdLife International 2000),0,Not relevant,Inaccessible,"",no,2009
Setonix brachyurus (Dickman 1996b) core source_claim,(Burbidge & McKenzie 1989)_EXCLUDE_1_No claim_NA_NA,(Dickman 1996b) core source_claim,Setonix brachyurus,1,(Burbidge & McKenzie 1989),"",Not relevant,No claim,"",no,1994
Setonix brachyurus (Doherty et al. 2016) core source_claim,(Abbott 2002)_EXCLUDE_1_No claim_NA_NA,(Doherty et al. 2016) core source_claim,Setonix brachyurus,2,(Abbott 2002),"",Not relevant,No claim,"",no,2014
Setonix brachyurus (Doherty et al. 2016) core source_claim,(De Tores et al. 2007)_EXCLUDE_1_Opinion claim_NA_NA,(Doherty et al. 2016) core source_claim,Setonix brachyurus,1,(De Tores et al. 2007),"",Not relevant,Opinion claim,"",no,2014
Setonix brachyurus (Doherty et al. 2016) core source_claim,(Short et al. 1992)_EXCLUDE_1_Opinion claim_NA_NA,(Doherty et al. 2016) core source_claim,Setonix brachyurus,1,(Short et al. 1992),"",Not relevant,Opinion claim,"",no,2014
Setonix brachyurus (IUCN 2025) core source_claim,(Abbott 2002)_EXCLUDE_1_No claim_NA_NA,(IUCN 2025) core source_claim,Setonix brachyurus,1,(Abbott 2002),"",Not relevant,No claim,"",no,2011
Setonix brachyurus (IUCN 2025) core source_claim,(Abbott 2008)_EXCLUDE_1_No claim_NA_NA,(IUCN 2025) core source_claim,Setonix brachyurus,1,(Abbott 2008),"",Not relevant,No claim,"",no,2011
Setonix brachyurus (IUCN 2025) core source_claim,(Bain et al. 2015)_INCLUDE_NA_Population not in support_yes_yes,(IUCN 2025) core source_claim,Setonix brachyurus,1,(Bain et al. 2015),"",No,Population not in support with data of quality,yes,yes,2011
Setonix brachyurus (IUCN 2025) core source_claim,(Bain et al. 2023)_EXCLUDE_1_No claim_NA_NA,(IUCN 2025) core source_claim,Setonix brachyurus,1,(Bain et al. 2023),"",Not relevant,No claim,"",no,2011
Setonix brachyurus (IUCN 2025) core source_claim,(Burbidge & McKenzie 1989)_EXCLUDE_1_No claim_NA_NA,(IUCN 2025) core source_claim,Setonix brachyurus,2,(Burbidge & McKenzie 1989),"",Not relevant,No claim,"",no,2011
Setonix brachyurus (IUCN 2025) core source_claim,(Christensen & Kimber 1975)_EXCLUDE_1_Inaccessible_NA_NA,(IUCN 2025) core source_claim,Setonix brachyurus,2,(Christensen & Kimber 1975),1,Not relevant,Inaccessible,"",no,2011
Setonix brachyurus (IUCN 2025) core source_claim,(Hayward et al. 2003)_EXCLUDE_1_No claim_NA_NA,(IUCN 2025) core source_claim,Setonix brachyurus,2,(Hayward et al. 2003),"",Not relevant,No claim,"",no,2011
Setonix brachyurus (IUCN 2025) core source_claim,(Hayward et al. 2004)_EXCLUDE_1_Opinion claim_NA_NA,(IUCN 2025) core source_claim,Setonix brachyurus,2,(Hayward et al. 2004),"",Not relevant,Opinion claim,"",no,2011
Setonix brachyurus (Radford et al. 2018) core source_claim,(De Tores et al. 2007)_EXCLUDE_1_Opinion claim_NA_NA,(Radford et al. 2018) core source_claim,Setonix brachyurus,1,(De Tores et al. 2007),"",Not relevant,Opinion claim,"",no,2016
Setonix brachyurus (Radford et al. 2018) core source_claim,(Short et al. 1992)_EXCLUDE_1_Opinion claim_NA_NA,(Radford et al. 2018) core source_claim,Setonix brachyurus,1,(Short et al. 1992),"",Not relevant,Opinion claim,"",no,2016
Setonix brachyurus (Wallach & Lundgren 2025)_external review without claim,(Bain 2015)_INCLUDE_NA_Predation in support_no_no,(Wallach & Lundgren 2025)_external review without claim,Setonix brachyurus,1,(Bain 2015),"",Yes,Predation in support without data,no,no,2022
Setonix brachyurus (Wallach & Lundgren 2025)_external review without claim,(Doherty et al. 2015)_INCLUDE_NA_Predation in support_no_no,(Wallach & Lundgren 2025)_external review without claim,Setonix brachyurus,1,(Doherty et al. 2015),"",Yes,Predation in support without data,no,no,2022
Setonix brachyurus (Wallach & Lundgren 2025)_external review without claim,(Hayward et al. 2005)_INCLUDE_NA_Predation in support_no_no,(Wallach & Lundgren 2025)_external review without claim,Setonix brachyurus,1,(Hayward et al. 2005),"",Yes,Predation in support without data,no,no,2022
Setonix brachyurus (Woinarski et al. 2014) core source_claim,(Abbott 2002)_EXCLUDE_1_No claim_NA_NA,(Woinarski et al. 2014) core source_claim,Setonix brachyurus,1,(Abbott 2002),"",Not relevant,No claim,"",no,2013
Setonix brachyurus Web of Science_Systematic external review,(Bain et al. 2015)_INCLUDE_NA_Predation in support_no_no,Web of Science_Systematic external review,Setonix brachyurus,1,(Bain et al. 2015),"",Yes,Predation in support without data,no,no,2025
Setonix brachyurus Web of Science_Systematic external review,(Gaschk & Clemente 2022)_EXCLUDE_1_No claim_NA_NA,Web of Science_Systematic external review,Setonix brachyurus,1,(Gaschk & Clemente 2022),"",Not relevant,No claim,"",no,2025
Setonix brachyurus Web of Science_Systematic external review,(Hearn et al. 1998)_EXCLUDE_1_No claim_NA_NA,Web of Science_Systematic external review,Setonix brachyurus,1,(Hearn et al. 1998),"",Not relevant,No claim,"",no,2025
Setophaga graysoni (IUCN 2025) core source_claim,NOTHING_EXCLUDE_NA_No citation given_NA_NA Setophaga graysoni,(IUCN 2025) core source_claim,Setophaga graysoni,1,NOTHING NA Setophaga graysoni,"",Not relevant,No citation given,"",no,2019
Sigaloseps balios (IUCN 2025) core source_claim,(Palmas et al. In preparation)_EXCLUDE_0_Inaccessible_NA_NA,(IUCN 2025) core source_claim,Sigaloseps balios,1,(Palmas et al. In preparation),0,Not relevant,Inaccessible,"",no,2016
Sigaloseps conditus (IUCN 2025) core source_claim,(Palmas et al. In preparation)_EXCLUDE_0_Inaccessible_NA_NA,(IUCN 2025) core source_claim,Sigaloseps conditus,1,(Palmas et al. In preparation),0,Not relevant,Inaccessible,"",no,2016
Sigaloseps ruficauda (Doherty et al. 2016) core source_claim,(Palmas et al. In preparation)_EXCLUDE_0_Inaccessible_NA_NA,(Doherty et al. 2016) core source_claim,Sigaloseps ruficauda,2,(Palmas et al. In preparation),0,Not relevant,Inaccessible,"",no,2014
Sigaloseps ruficauda (IUCN 2025) core source_claim,(Palmas et al. In preparation)_EXCLUDE_0_Inaccessible_NA_NA,(IUCN 2025) core source_claim,Sigaloseps ruficauda,1,(Palmas et al. In preparation),0,Not relevant,Inaccessible,"",no,2016
Sittiparus owstoni (IUCN 2025) core source_claim,NOTHING_EXCLUDE_NA_No citation given_NA_NA Sittiparus owstoni,(IUCN 2025) core source_claim,Sittiparus owstoni,1,NOTHING NA Sittiparus owstoni,"",Not relevant,No citation given,"",no,2016
Sminthopsis bindi (IUCN 2025) core source_claim,NOTHING_EXCLUDE_NA_No citation given_NA_NA Sminthopsis bindi,(IUCN 2025) core source_claim,Sminthopsis bindi,1,NOTHING NA Sminthopsis bindi,"",Not relevant,No citation given,"",no,2013
Sminthopsis bindi (Wallach & Lundgren 2025)_external review without claim,(Stokeld et al. 2016)_INCLUDE_NA_Predation in support_no_no,(Wallach & Lundgren 2025)_external review without claim,Sminthopsis bindi,1,(Stokeld et al. 2016),"",Yes,Predation in support without data,no,no,2022
Sminthopsis bindi (Woinarski et al. 2014) core source_claim,S. Legge pers.comm._EXCLUDE_0_Inaccessible_NA_NA,(Woinarski et al. 2014) core source_claim,Sminthopsis bindi,1,S. Legge pers.comm.,0,Not relevant,Inaccessible,"",no,2013
Sminthopsis butleri (Dickman 1996b) core source_claim,NOTHING_EXCLUDE_NA_No citation given_NA_NA Sminthopsis butleri,(Dickman 1996b) core source_claim,Sminthopsis butleri,1,NOTHING NA Sminthopsis butleri,"",Not relevant,No citation given,"",no,1994
Sminthopsis butleri (Doherty et al. 2016) core source_claim,(Woinarski 2004)_EXCLUDE_0_Opinion claim_NA_NA,(Doherty et al. 2016) core source_claim,Sminthopsis butleri,1,(Woinarski 2004),"",Not relevant,Opinion claim,"",no,2014
Sminthopsis butleri (Doherty et al. 2016) core source_claim,NOTHING_EXCLUDE_NA_No citation given_NA_NA Sminthopsis butleri,(Doherty et al. 2016) core source_claim,Sminthopsis butleri,2,NOTHING NA Sminthopsis butleri,"",Not relevant,No citation given,"",no,2014
Sminthopsis butleri (IUCN 2025) core source_claim,(Woinarski 2004)_EXCLUDE_0_Opinion claim_NA_NA,(IUCN 2025) core source_claim,Sminthopsis butleri,1,(Woinarski 2004),"",Not relevant,Opinion claim,"",no,2014
Sminthopsis butleri (Wallach & Lundgren 2025)_external review without claim,(Stobo-Wilson et al. 2020)_INCLUDE_NA_Population in support_yes_yes,(Wallach & Lundgren 2025)_external review without claim,Sminthopsis butleri,1,(Stobo-Wilson et al. 2020),"",Yes,Population in support with data of quality,yes,yes,2022
Sminthopsis butleri (Woinarski et al. 2014) core source_claim,NOTHING_EXCLUDE_NA_No citation given_NA_NA Sminthopsis butleri,(Woinarski et al. 2014) core source_claim,Sminthopsis butleri,1,NOTHING NA Sminthopsis butleri,"",Not relevant,No citation given,"",no,2013
Sminthopsis douglasi (Dickman 1996b) core source_claim,NOTHING_EXCLUDE_NA_No citation given_NA_NA Sminthopsis douglasi,(Dickman 1996b) core source_claim,Sminthopsis douglasi,1,NOTHING NA Sminthopsis douglasi,"",Not relevant,No citation given,"",no,1994
Sminthopsis douglasi (IUCN 2025) core source_claim,(Lundie-Jenkins & Payne 2000)_EXCLUDE_0_Inaccessible_NA_NA,(IUCN 2025) core source_claim,Sminthopsis douglasi,1,(Lundie-Jenkins & Payne 2000),0,Not relevant,Inaccessible,"",no,2014
Sminthopsis douglasi (Wallach & Lundgren 2025)_external review without claim,(Doherty et al. 2015)_INCLUDE_NA_Predation in support_no_no,(Wallach & Lundgren 2025)_external review without claim,Sminthopsis douglasi,1,(Doherty et al. 2015),"",Yes,Predation in support without data,no,no,2022
Sminthopsis douglasi (Wallach & Lundgren 2025)_external review without claim,(Doherty et al. 2015)_INCLUDE_NA_Predation not in support_no_no,(Wallach & Lundgren 2025)_external review without claim,Sminthopsis douglasi,1,(Doherty et al. 2015),"",No,Predation not in support without data,no,no,2022
Sminthopsis douglasi (Wallach & Lundgren 2025)_external review without claim,(Kutt & Kitchener 2012)_INCLUDE_NA_Predation in support_no_no,(Wallach & Lundgren 2025)_external review without claim,Sminthopsis douglasi,1,(Kutt & Kitchener 2012),"",Yes,Predation in support without data,no,no,2022
Sminthopsis douglasi (Wallach & Lundgren 2025)_external review without claim,(Kutt & Kitchener 2012)_INCLUDE_NA_Predation not in support_no_no,(Wallach & Lundgren 2025)_external review without claim,Sminthopsis douglasi,1,(Kutt & Kitchener 2012),"",No,Predation not in support without data,no,no,2022
Sminthopsis douglasi (Wallach & Lundgren 2025)_external review without claim,(Kutt 2003)_INCLUDE_NA_Predation in support_no_no,(Wallach & Lundgren 2025)_external review without claim,Sminthopsis douglasi,1,(Kutt 2003),"",Yes,Predation in support without data,no,no,2022
Sminthopsis douglasi (Wallach & Lundgren 2025)_external review without claim,(Kutt 2011)_INCLUDE_NA_Predation in support_no_no,(Wallach & Lundgren 2025)_external review without claim,Sminthopsis douglasi,1,(Kutt 2011),"",Yes,Predation in support without data,no,no,2022
Sminthopsis douglasi (Wallach & Lundgren 2025)_external review without claim,(Mifsud & Woolley 2012)_INCLUDE_NA_Predation in support_no_no,(Wallach & Lundgren 2025)_external review without claim,Sminthopsis douglasi,1,(Mifsud & Woolley 2012),"",Yes,Predation in support without data,no,no,2022
Sminthopsis douglasi (Woinarski et al. 2014) core source_claim,(Kutt 2003)_INCLUDE_NA_Predation in support_no_no,(Woinarski et al. 2014) core source_claim,Sminthopsis douglasi,1,(Kutt 2003),"",Yes,Predation in support without data,no,no,2013
Sminthopsis douglasi (Woinarski et al. 2014) core source_claim,(Lundie-Jenkins & Payne 2000)_EXCLUDE_0_Inaccessible_NA_NA,(Woinarski et al. 2014) core source_claim,Sminthopsis douglasi,1,(Lundie-Jenkins & Payne 2000),0,Not relevant,Inaccessible,"",no,2013
Sminthopsis douglasi (Woinarski et al. 2014) core source_claim,(Mifsud & Woolley 2012)_INCLUDE_NA_Predation in support_no_no,(Woinarski et al. 2014) core source_claim,Sminthopsis douglasi,1,(Mifsud & Woolley 2012),"",Yes,Predation in support without data,no,no,2013
Sminthopsis douglasi (Woinarski et al. 2014) core source_claim,(Mifsud 1999)_EXCLUDE_0_Inaccessible_NA_NA,(Woinarski et al. 2014) core source_claim,Sminthopsis douglasi,1,(Mifsud 1999),0,Not relevant,Inaccessible,"",no,2013
Sminthopsis douglasi Web of Science_Systematic external review,(Mifsud & Woolley 2012)_INCLUDE_NA_Predation in support_no_no,Web of Science_Systematic external review,Sminthopsis douglasi,1,(Mifsud & Woolley 2012),"",Yes,Predation in support without data,no,no,2025
Sminthopsis psammophila (Dickman 1996b) core source_claim,NOTHING_EXCLUDE_NA_No citation given_NA_NA Sminthopsis psammophila,(Dickman 1996b) core source_claim,Sminthopsis psammophila,1,NOTHING NA Sminthopsis psammophila,"",Not relevant,No citation given,"",no,1994
Sminthopsis psammophila (Doherty et al. 2016) core source_claim,(Churchill 2001)_EXCLUDE_0_Opinion claim_NA_NA,(Doherty et al. 2016) core source_claim,Sminthopsis psammophila,1,(Churchill 2001),"",Not relevant,Opinion claim,"",no,2014
Sminthopsis psammophila (Doherty et al. 2016) core source_claim,(Kinnear et al. 2002)_EXCLUDE_1_No claim_NA_NA,(Doherty et al. 2016) core source_claim,Sminthopsis psammophila,2,(Kinnear et al. 2002),"",Not relevant,No claim,"",no,2014
Sminthopsis psammophila (IUCN 2025) core source_claim,NOTHING_EXCLUDE_NA_No citation given_NA_NA Sminthopsis psammophila,(IUCN 2025) core source_claim,Sminthopsis psammophila,1,NOTHING NA Sminthopsis psammophila,"",Not relevant,No citation given,"",no,2013
Sminthopsis psammophila (Woinarski et al. 2014) core source_claim,(Kinnear et al. 2002)_EXCLUDE_1_No claim_NA_NA,(Woinarski et al. 2014) core source_claim,Sminthopsis psammophila,1,(Kinnear et al. 2002),"",Not relevant,No claim,"",no,2013
Solenodon marcanoi (Doherty et al. 2016) core source_claim,NOTHING_EXCLUDE_NA_No citation given_NA_NA Solenodon marcanoi,(Doherty et al. 2016) core source_claim,Solenodon marcanoi,2,NOTHING NA Solenodon marcanoi,"",Not relevant,No citation given,"",no,2014
Solenodon marcanoi (IUCN 2025) core source_claim,NOTHING_EXCLUDE_NA_No citation given_NA_NA Solenodon marcanoi,(IUCN 2025) core source_claim,Solenodon marcanoi,1,NOTHING NA Solenodon marcanoi,"",Not relevant,No citation given,"",no,2017
Sphaerodactylus beattyi (IUCN 2025) core source_claim,"J. Valiulis, pers. comm. 2015_EXCLUDE_0_Inaccessible_NA_NA",(IUCN 2025) core source_claim,Sphaerodactylus beattyi,1,"J. Valiulis, pers. comm. 2015",0,Not relevant,Inaccessible,"",no,2014
Sphaerodactylus inaguae (IUCN 2025) core source_claim,S.D. Buckner pers. comm. 2015_EXCLUDE_0_Inaccessible_NA_NA,(IUCN 2025) core source_claim,Sphaerodactylus inaguae,1,S.D. Buckner pers. comm. 2015,0,Not relevant,Inaccessible,"",no,2014
Sphaerodactylus kirbyi (Doherty et al. 2016) core source_claim,(Bentz et al. 2011)_EXCLUDE_1_Opinion claim_NA_NA,(Doherty et al. 2016) core source_claim,Sphaerodactylus kirbyi,1,(Bentz et al. 2011),"",Not relevant,Opinion claim,"",no,2014
Sphaerodactylus kirbyi (IUCN 2025) core source_claim,(Bentz et al. 2011)_EXCLUDE_1_Opinion claim_NA_NA,(IUCN 2025) core source_claim,Sphaerodactylus kirbyi,1,(Bentz et al. 2011),"",Not relevant,Opinion claim,"",no,2010
Sphaerodactylus kirbyi (IUCN 2025) core source_claim,NOTHING_EXCLUDE_NA_No citation given_NA_NA Sphaerodactylus kirbyi,(IUCN 2025) core source_claim,Sphaerodactylus kirbyi,1,NOTHING NA Sphaerodactylus kirbyi,"",Not relevant,No citation given,"",no,2010
Sphaerodactylus mariguanae (IUCN 2025) core source_claim,S.B. Hedges pers. comm. 2016_EXCLUDE_0_Inaccessible_NA_NA,(IUCN 2025) core source_claim,Sphaerodactylus mariguanae,1,S.B. Hedges pers. comm. 2016,0,Not relevant,Inaccessible,"",no,2014
Sphaerodactylus mariguanae (IUCN 2025) core source_claim,S.D. Buckner pers. comm. 2015_EXCLUDE_0_Inaccessible_NA_NA,(IUCN 2025) core source_claim,Sphaerodactylus mariguanae,1,S.D. Buckner pers. comm. 2015,0,Not relevant,Inaccessible,"",no,2014
Sphaerodactylus mariguanae (IUCN 2025) core source_claim,S.D. Buckner pers. comm. 2016_EXCLUDE_0_Inaccessible_NA_NA,(IUCN 2025) core source_claim,Sphaerodactylus mariguanae,1,S.D. Buckner pers. comm. 2016,0,Not relevant,Inaccessible,"",no,2014
Spheniscus demersus (Doherty et al. 2016) core source_claim,(Pichegru 2013)_EXCLUDE_0_No claim_NA_NA,(Doherty et al. 2016) core source_claim,Spheniscus demersus,2,(Pichegru 2013),"",Not relevant,No claim,"",no,2014
Spheniscus demersus (Doherty et al. 2016) core source_claim,(Underhill et al. 2006)_EXCLUDE_1_Opinion claim_NA_NA,(Doherty et al. 2016) core source_claim,Spheniscus demersus,2,(Underhill et al. 2006),"",Not relevant,Opinion claim,"",no,2014
Spheniscus demersus (Doherty et al. 2016) core source_claim,(Weller et al. 2016)_EXCLUDE_1_No claim_NA_NA,(Doherty et al. 2016) core source_claim,Spheniscus demersus,2,(Weller et al. 2016),"",Not relevant,No claim,"",no,2014
Spheniscus demersus (Doherty et al. 2016) core source_claim,Weller 2014_EXCLUDE_?_Inaccessible_NA_NA,(Doherty et al. 2016) core source_claim,Spheniscus demersus,2,Weller 2014,?,Not relevant,Inaccessible,"",no,2014
Spheniscus demersus (IUCN 2025) core source_claim,(Pichegru 2013)_EXCLUDE_0_No claim_NA_NA,(IUCN 2025) core source_claim,Spheniscus demersus,1,(Pichegru 2013),"",Not relevant,No claim,"",no,2023
Spheniscus demersus (IUCN 2025) core source_claim,(Underhill et al. 2006)_EXCLUDE_1_Opinion claim_NA_NA,(IUCN 2025) core source_claim,Spheniscus demersus,1,(Underhill et al. 2006),"",Not relevant,Opinion claim,"",no,2023
Spheniscus demersus (IUCN 2025) core source_claim,(Weller et al. 2016)_EXCLUDE_1_No claim_NA_NA,(IUCN 2025) core source_claim,Spheniscus demersus,1,(Weller et al. 2016),"",Not relevant,No claim,"",no,2023
Spheniscus demersus (IUCN 2025) core source_claim,Weller 2014_EXCLUDE_?_Inaccessible_NA_NA,(IUCN 2025) core source_claim,Spheniscus demersus,1,Weller 2014,?,Not relevant,Inaccessible,"",no,2023
Spheniscus demersus (Medina et al. 2011) core source_claim,(Apps 1983)_INCLUDE_NA_Predation in support_no_no,(Medina et al. 2011) core source_claim,Spheniscus demersus,1,(Apps 1983),"",Yes,Predation in support without data,no,no,2009
Spheniscus demersus (Medina et al. 2011) core source_claim,(Berruti 1986)_INCLUDE_NA_Predation in support_no_no,(Medina et al. 2011) core source_claim,Spheniscus demersus,1,(Berruti 1986),"",Yes,Predation in support without data,no,no,2009
Spheniscus demersus (Medina et al. 2011) core source_claim,(Cooper 1977)_INCLUDE_NA_Predation in support_no_no,(Medina et al. 2011) core source_claim,Spheniscus demersus,1,(Cooper 1977),"",Yes,Predation in support without data,no,no,2009
Spheniscus demersus Web of Science_Systematic external review,(Vanstreels et al. 2019)_EXCLUDE_1_No claim_NA_NA,Web of Science_Systematic external review,Spheniscus demersus,1,(Vanstreels et al. 2019),"",Not relevant,No claim,"",no,2025
Spheniscus demersus Web of Science_Systematic external review,(Yabsley et al. 2017)_EXCLUDE_1_No claim_NA_NA,Web of Science_Systematic external review,Spheniscus demersus,1,(Yabsley et al. 2017),"",Not relevant,No claim,"",no,2025
Spheniscus humboldti (Doherty et al. 2016) core source_claim,(Araya et al. 2000)_EXCLUDE_0_Inaccessible_NA_NA,(Doherty et al. 2016) core source_claim,Spheniscus humboldti,1,(Araya et al. 2000),0,Not relevant,Inaccessible,"",no,2014
Spheniscus humboldti (Doherty et al. 2016) core source_claim,(UNEP World Conservation Monitoring Centre 2004)_EXCLUDE_0_Inaccessible_NA_NA,(Doherty et al. 2016) core source_claim,Spheniscus humboldti,1,(UNEP World Conservation Monitoring Centre 2004),0,Not relevant,Inaccessible,"",no,2014
Spheniscus humboldti (IUCN 2025) core source_claim,NOTHING_EXCLUDE_NA_No citation given_NA_NA Spheniscus humboldti,(IUCN 2025) core source_claim,Spheniscus humboldti,1,NOTHING NA Spheniscus humboldti,"",Not relevant,No citation given,"",no,2019
Spheniscus humboldti Web of Science_Systematic external review,(Simeone et al. 2003)_EXCLUDE_1_No claim_NA_NA,Web of Science_Systematic external review,Spheniscus humboldti,1,(Simeone et al. 2003),"",Not relevant,No claim,"",no,2025
Spheniscus mendiculus (Doherty et al. 2016) core source_claim,(Berruti 1986)_EXCLUDE_1_No claim_NA_NA,(Doherty et al. 2016) core source_claim,Spheniscus mendiculus,2,(Berruti 1986),"",Not relevant,No claim,"",no,2014
Spheniscus mendiculus (Doherty et al. 2016) core source_claim,(Deem et al. 2010)_EXCLUDE_NA_Does not test claim_NA_NA,(Doherty et al. 2016) core source_claim,Spheniscus mendiculus,1,(Deem et al. 2010),"",Not relevant,Does not test claim,"",no,2014
Spheniscus mendiculus (Doherty et al. 2016) core source_claim,(Ellis et al. 1998)_EXCLUDE_0_Inaccessible_NA_NA,(Doherty et al. 2016) core source_claim,Spheniscus mendiculus,1,(Ellis et al. 1998),0,Not relevant,Inaccessible,"",no,2014
Spheniscus mendiculus (Doherty et al. 2016) core source_claim,(Steinfurth 2007)_INCLUDE_NA_Predation in support_no_no,(Doherty et al. 2016) core source_claim,Spheniscus mendiculus,1,(Steinfurth 2007),"",Yes,Predation in support without data,no,no,2014
Spheniscus mendiculus (Doherty et al. 2016) core source_claim,(Yorio & Boersma 1994)_EXCLUDE_1_No claim_NA_NA,(Doherty et al. 2016) core source_claim,Spheniscus mendiculus,2,(Yorio & Boersma 1994),"",Not relevant,No claim,"",no,2014
Spheniscus mendiculus (IUCN 2025) core source_claim,(Barnett 1986)_EXCLUDE_0_No claim_NA_NA,(IUCN 2025) core source_claim,Spheniscus mendiculus,2,(Barnett 1986),"",Not relevant,No claim,"",no,2019
Spheniscus mendiculus (IUCN 2025) core source_claim,(Berruti 1986)_EXCLUDE_1_No claim_NA_NA,(IUCN 2025) core source_claim,Spheniscus mendiculus,2,(Berruti 1986),"",Not relevant,No claim,"",no,2019
Spheniscus mendiculus (IUCN 2025) core source_claim,(Boersma 1976)_EXCLUDE_?_No claim_NA_NA,(IUCN 2025) core source_claim,Spheniscus mendiculus,2,(Boersma 1976),"",Not relevant,No claim,"",no,2019
Spheniscus mendiculus (IUCN 2025) core source_claim,(Boersma et al. 2015)_EXCLUDE_0_Inaccessible_NA_NA,(IUCN 2025) core source_claim,Spheniscus mendiculus,1,(Boersma et al. 2015),0,Not relevant,Inaccessible,"",no,2019
Spheniscus mendiculus (IUCN 2025) core source_claim,(Deem et al. 2010)_EXCLUDE_NA_Does not test claim_NA_NA,(IUCN 2025) core source_claim,Spheniscus mendiculus,1,(Deem et al. 2010),"",Not relevant,Does not test claim,"",no,2019
Spheniscus mendiculus (IUCN 2025) core source_claim,(Steinfurth & Merlen 2005)_EXCLUDE_0_Inaccessible_NA_NA,(IUCN 2025) core source_claim,Spheniscus mendiculus,2,(Steinfurth & Merlen 2005),0,Not relevant,Inaccessible,"",no,2019
Spheniscus mendiculus (IUCN 2025) core source_claim,(Steinfurth 2007)_INCLUDE_NA_Predation in support_no_no,(IUCN 2025) core source_claim,Spheniscus mendiculus,1,(Steinfurth 2007),"",Yes,Predation in support without data,no,no,2019
Spheniscus mendiculus (IUCN 2025) core source_claim,(Yorio & Boersma 1994)_EXCLUDE_1_No claim_NA_NA,(IUCN 2025) core source_claim,Spheniscus mendiculus,2,(Yorio & Boersma 1994),"",Not relevant,No claim,"",no,2019
Spheniscus mendiculus (Medina et al. 2011) core source_claim,(BirdLife International 2000)_EXCLUDE_0_Inaccessible_NA_NA,(Medina et al. 2011) core source_claim,Spheniscus mendiculus,1,(BirdLife International 2000),0,Not relevant,Inaccessible,"",no,2009
Spheniscus mendiculus Web of Science_Systematic external review,(Deem et al. 2010)_EXCLUDE_NA_Does not test claim_NA_NA,Web of Science_Systematic external review,Spheniscus mendiculus,1,(Deem et al. 2010),"",Not relevant,Does not test claim,"",no,2025
Spilogale pygmaea (Doherty et al. 2016) core source_claim,NOTHING_EXCLUDE_NA_No citation given_NA_NA Spilogale pygmaea,(Doherty et al. 2016) core source_claim,Spilogale pygmaea,2,NOTHING NA Spilogale pygmaea,"",Not relevant,No citation given,"",no,2014
Spilogale pygmaea (IUCN 2025) core source_claim,NOTHING_EXCLUDE_NA_No citation given_NA_NA Spilogale pygmaea,(IUCN 2025) core source_claim,Spilogale pygmaea,1,NOTHING NA Spilogale pygmaea,"",Not relevant,No citation given,"",no,2014
Spizocorys fringillaris (IUCN 2025) core source_claim,D. Maphisa in litt. 2016_EXCLUDE_0_Inaccessible_NA_NA,(IUCN 2025) core source_claim,Spizocorys fringillaris,1,D. Maphisa in litt. 2016,0,Not relevant,Inaccessible,"",no,2019
Spondylurus anegadae (IUCN 2025) core source_claim,(Bradley & Gerber 2005)_EXCLUDE_1_No claim_NA_NA,(IUCN 2025) core source_claim,Spondylurus anegadae,1,(Bradley & Gerber 2005),"",Not relevant,No claim,"",no,2014
Spondylurus anegadae Web of Science_Systematic external review,(Hedges & Conn 2012)_EXCLUDE_1_Opinion claim_NA_NA,Web of Science_Systematic external review,Spondylurus anegadae,1,(Hedges & Conn 2012),"",Not relevant,Opinion claim,"",no,2025
Spondylurus caicosae (IUCN 2025) core source_claim,(Hedges & Conn 2012)_EXCLUDE_1_No claim_NA_NA,(IUCN 2025) core source_claim,Spondylurus caicosae,1,(Hedges & Conn 2012),"",Not relevant,No claim,"",no,2014
Spondylurus caicosae Web of Science_Systematic external review,(Hedges & Conn 2012)_EXCLUDE_1_No claim_NA_NA,Web of Science_Systematic external review,Spondylurus caicosae,1,(Hedges & Conn 2012),"",Not relevant,No claim,"",no,2025
Spondylurus fulgidus (IUCN 2025) core source_claim,NOTHING_EXCLUDE_NA_No citation given_NA_NA Spondylurus fulgidus,(IUCN 2025) core source_claim,Spondylurus fulgidus,1,NOTHING NA Spondylurus fulgidus,"",Not relevant,No citation given,"",no,2014
Spondylurus fulgidus Web of Science_Systematic external review,(Hedges & Conn 2012)_EXCLUDE_1_No claim_NA_NA,Web of Science_Systematic external review,Spondylurus fulgidus,1,(Hedges & Conn 2012),"",Not relevant,No claim,"",no,2025
Spondylurus monae (Doherty et al. 2016) core source_claim,(Hedges & Conn 2012)_EXCLUDE_1_Opinion claim_NA_NA,(Doherty et al. 2016) core source_claim,Spondylurus monae,1,(Hedges & Conn 2012),"",Not relevant,Opinion claim,"",no,2014
Spondylurus monae (Doherty et al. 2016) core source_claim,NOTHING_EXCLUDE_NA_No citation given_NA_NA Spondylurus monae,(Doherty et al. 2016) core source_claim,Spondylurus monae,2,NOTHING NA Spondylurus monae,"",Not relevant,No citation given,"",no,2014
Spondylurus monae (IUCN 2025) core source_claim,NOTHING_EXCLUDE_NA_No citation given_NA_NA Spondylurus monae,(IUCN 2025) core source_claim,Spondylurus monae,1,NOTHING NA Spondylurus monae,"",Not relevant,No citation given,"",no,2012
Spondylurus monae Web of Science_Systematic external review,(Hedges & Conn 2012)_EXCLUDE_1_Opinion claim_NA_NA,Web of Science_Systematic external review,Spondylurus monae,1,(Hedges & Conn 2012),"",Not relevant,Opinion claim,"",no,2025
Sterna striata (Garnett & Baker 2021) core source_claim,NOTHING_EXCLUDE_NA_No citation given_NA_NA Sterna striata,(Garnett & Baker 2021) core source_claim,Sterna striata,1,NOTHING NA Sterna striata,"",Not relevant,No citation given,"",no,2020
Sterna striata (Garnett et al. 2011) core source_claim,NOTHING_EXCLUDE_NA_No citation given_NA_NA Sterna striata,(Garnett et al. 2011) core source_claim,Sterna striata,1,NOTHING NA Sterna striata,"",Not relevant,No citation given,"",no,2010
Sterna striata (IUCN 2025) core source_claim,(Mills 2013)_EXCLUDE_0_Opinion claim_NA_NA,(IUCN 2025) core source_claim,Sterna striata,1,(Mills 2013),"",Not relevant,Opinion claim,"",no,2017
Sterna virgata (IUCN 2025) core source_claim,(Ryan et al. 2003)_EXCLUDE_1_No claim_NA_NA,(IUCN 2025) core source_claim,Sterna virgata,1,(Ryan et al. 2003),"",Not relevant,No claim,"",no,2017
Sterna virgata (IUCN 2025) core source_claim,(Ryan et al. 2009)_EXCLUDE_1_No claim_NA_NA,(IUCN 2025) core source_claim,Sterna virgata,1,(Ryan et al. 2009),"",Not relevant,No claim,"",no,2017
Sterna virgata Web of Science_Systematic external review,(Crawford et al. 2003)_EXCLUDE_1_No claim_NA_NA,Web of Science_Systematic external review,Sterna virgata,1,(Crawford et al. 2003),"",Not relevant,No claim,"",no,2025
Sternula lorata (IUCN 2025) core source_claim,(Zavalaga et al. 2008b)_EXCLUDE_1_No claim_NA_NA,(IUCN 2025) core source_claim,Sternula lorata,2,(Zavalaga et al. 2008b),"",Not relevant,No claim,"",no,2017
Sternula lorata (IUCN 2025) core source_claim,(Zavalaga et al. 2009)_EXCLUDE_1_Opinion claim_NA_NA,(IUCN 2025) core source_claim,Sternula lorata,1,(Zavalaga et al. 2009),"",Not relevant,Opinion claim,"",no,2017
Sternula lorata Web of Science_Systematic external review,(Zavalaga et al. 2009)_EXCLUDE_1_Opinion claim_NA_NA,Web of Science_Systematic external review,Sternula lorata,1,(Zavalaga et al. 2009),"",Not relevant,Opinion claim,"",no,2025
Sternula nereis (Doherty et al. 2016) core source_claim,(Cumming 1991)_EXCLUDE_0_Inaccessible_NA_NA,(Doherty et al. 2016) core source_claim,Sternula nereis,2,(Cumming 1991),0,Not relevant,Inaccessible,"",no,2014
Sternula nereis (Doherty et al. 2016) core source_claim,(Dowding & Murphy 2001)_EXCLUDE_1_No claim_NA_NA,(Doherty et al. 2016) core source_claim,Sternula nereis,2,(Dowding & Murphy 2001),"",Not relevant,No claim,"",no,2014
Sternula nereis (Doherty et al. 2016) core source_claim,(Ferreira et al. 2005)_EXCLUDE_1_No claim_NA_NA,(Doherty et al. 2016) core source_claim,Sternula nereis,1,(Ferreira et al. 2005),"",Not relevant,No claim,"",no,2014
Sternula nereis (Doherty et al. 2016) core source_claim,(Taylor 2000)_EXCLUDE_0_No claim_NA_NA,(Doherty et al. 2016) core source_claim,Sternula nereis,1,(Taylor 2000),"",Not relevant,No claim,"",no,2014
Sternula nereis (Doherty et al. 2016) core source_claim,(Wilson & Hansen 2005)_EXCLUDE_1_Does not test claim_NA_NA,(Doherty et al. 2016) core source_claim,Sternula nereis,1,(Wilson & Hansen 2005),"",Not relevant,Does not test claim,"",no,2014
Sternula nereis (Garnett & Baker 2021) core source_claim,NOTHING_EXCLUDE_NA_No citation given_NA_NA Sternula nereis,(Garnett & Baker 2021) core source_claim,Sternula nereis,1,NOTHING NA Sternula nereis,"",Not relevant,No citation given,"",no,2020
Sternula nereis (IUCN 2025) core source_claim,(Dunlop 2018)_EXCLUDE_0_Opinion claim_NA_NA,(IUCN 2025) core source_claim,Sternula nereis,1,(Dunlop 2018),"",Not relevant,Opinion claim,"",no,2017
Sternula nereis (IUCN 2025) core source_claim,(Lacey & O'Brien 2015)_EXCLUDE_1_Inaccessible_NA_NA,(IUCN 2025) core source_claim,Sternula nereis,1,(Lacey & O'Brien 2015),1,Not relevant,Inaccessible,"",no,2017
Sternula nereis Web of Science_Systematic external review,(Greenwell et al. 2019)_INCLUDE_NA_Predation in support_no_no,Web of Science_Systematic external review,Sternula nereis,1,(Greenwell et al. 2019),"",Yes,Predation in support without data,no,no,2025
Strigops habroptilus (IUCN 2025) core source_claim,(Clout & Merton 1998)_INCLUDE_NA_Predation in support_no_no,(IUCN 2025) core source_claim,Strigops habroptilus,1,(Clout & Merton 1998),"",Yes,Predation in support without data,no,no,2017
Strigops habroptilus (Medina et al. 2011) core source_claim,(BirdLife International 2000)_EXCLUDE_0_Inaccessible_NA_NA,(Medina et al. 2011) core source_claim,Strigops habroptilus,1,(BirdLife International 2000),0,Not relevant,Inaccessible,"",no,2009
Strigops habroptilus Opportunistic_Systematic external review,(Best & Powlesland 1985)_EXCLUDE_0_Inaccessible_NA_NA,Opportunistic_Systematic external review,Strigops habroptilus,1,(Best & Powlesland 1985),0,Not relevant,Inaccessible,"",no,2025
Strigops habroptilus Opportunistic_Systematic external review,(Butler 1989)_EXCLUDE_0_Inaccessible_NA_NA,Opportunistic_Systematic external review,Strigops habroptilus,1,(Butler 1989),0,Not relevant,Inaccessible,"",no,2025
Strigops habroptilus Opportunistic_Systematic external review,(Karl & Best 1982)_INCLUDE_NA_Predation in support_no_no,Opportunistic_Systematic external review,Strigops habroptilus,1,(Karl & Best 1982),"",Yes,Predation in support without data,no,no,2025
Strigops habroptilus Opportunistic_Systematic external review,(Moorhouse & Powlesland 1991)_INCLUDE_NA_Predation in support_no_no,Opportunistic_Systematic external review,Strigops habroptilus,1,(Moorhouse & Powlesland 1991),"",Yes,Predation in support without data,no,no,2025
Strigops habroptilus Web of Science_Systematic external review,(Powlesland et al. 1995)_INCLUDE_NA_Predation in support_no_no,Web of Science_Systematic external review,Strigops habroptilus,1,(Powlesland et al. 1995),"",Yes,Predation in support without data,no,no,2025
Sylvilagus dicei (IUCN 2025) core source_claim,NOTHING_EXCLUDE_NA_No citation given_NA_NA Sylvilagus dicei,(IUCN 2025) core source_claim,Sylvilagus dicei,1,NOTHING NA Sylvilagus dicei,"",Not relevant,No citation given,"",no,2015
Sylvilagus mansuetus (Doherty et al. 2016) core source_claim,(Bonnaud et al. 2010a)_INCLUDE_NA_Predation in support_no_no,(Doherty et al. 2016) core source_claim,Sylvilagus mansuetus,1,(Bonnaud et al. 2010a),"",Yes,Predation in support without data,no,no,2014
Sylvilagus mansuetus (Doherty et al. 2016) core source_claim,(Lorenzo et al. 2011)_EXCLUDE_1_Opinion claim_NA_NA,(Doherty et al. 2016) core source_claim,Sylvilagus mansuetus,1,(Lorenzo et al. 2011),"",Not relevant,Opinion claim,"",no,2014
Sylvilagus mansuetus (IUCN 2025) core source_claim,(Espinosa-Gayosso & Álvarez-Castañeda 2006)_INCLUDE_NA_Predation in support_no_no,(IUCN 2025) core source_claim,Sylvilagus mansuetus,1,(Espinosa-Gayosso & Álvarez-Castañeda 2006),"",Yes,Predation in support without data,no,no,2015
Sylvilagus mansuetus (IUCN 2025) core source_claim,(Lorenzo et al. 2011)_EXCLUDE_1_Opinion claim_NA_NA,(IUCN 2025) core source_claim,Sylvilagus mansuetus,1,(Lorenzo et al. 2011),"",Not relevant,Opinion claim,"",no,2015
Sylvilagus mansuetus (IUCN 2025) core source_claim,(Lorenzo et al. 2014)_EXCLUDE_0_Inaccessible_NA_NA,(IUCN 2025) core source_claim,Sylvilagus mansuetus,1,(Lorenzo et al. 2014),0,Not relevant,Inaccessible,"",no,2015
Sylvilagus mansuetus (IUCN 2025) core source_claim,(Lorenzo et al. 2015)_EXCLUDE_1_Opinion claim_NA_NA,(IUCN 2025) core source_claim,Sylvilagus mansuetus,1,(Lorenzo et al. 2015),"",Not relevant,Opinion claim,"",no,2015
Sylvilagus mansuetus (IUCN 2025) core source_claim,(Lorenzo et al. 2018a)_EXCLUDE_?_Inaccessible_NA_NA,(IUCN 2025) core source_claim,Sylvilagus mansuetus,1,(Lorenzo et al. 2018a),?,Not relevant,Inaccessible,"",no,2015
Sylvilagus mansuetus (IUCN 2025) core source_claim,(Lorenzo et al. 2018b)_EXCLUDE_0_Inaccessible_NA_NA,(IUCN 2025) core source_claim,Sylvilagus mansuetus,1,(Lorenzo et al. 2018b),0,Not relevant,Inaccessible,"",no,2015
Sylvilagus mansuetus Web of Science_Systematic external review,(Lorenzo et al. 2011)_EXCLUDE_1_Opinion claim_NA_NA,Web of Science_Systematic external review,Sylvilagus mansuetus,1,(Lorenzo et al. 2011),"",Not relevant,Opinion claim,"",no,2025
Synthliboramphus craveri (Doherty et al. 2016) core source_claim,(DeWeese & Anderson 1976)_INCLUDE_NA_Predation not in support_no_no,(Doherty et al. 2016) core source_claim,Synthliboramphus craveri,1,(DeWeese & Anderson 1976),"",No,Predation not in support without data,no,no,2014
Synthliboramphus craveri (IUCN 2025) core source_claim,(Aguirre-Muñoz et al. 2018)_EXCLUDE_0_No claim_NA_NA,(IUCN 2025) core source_claim,Synthliboramphus craveri,1,(Aguirre-Muñoz et al. 2018),"",Not relevant,No claim,"",no,2019
Synthliboramphus craveri (IUCN 2025) core source_claim,(BirdLife International 2000)_EXCLUDE_0_Inaccessible_NA_NA,(IUCN 2025) core source_claim,Synthliboramphus craveri,2,(BirdLife International 2000),0,Not relevant,Inaccessible,"",no,2019
Synthliboramphus craveri (IUCN 2025) core source_claim,(DeWeese & Anderson 1976)_INCLUDE_NA_Predation not in support_no_no,(IUCN 2025) core source_claim,Synthliboramphus craveri,2,(DeWeese & Anderson 1976),"",No,Predation not in support without data,no,no,2019
Synthliboramphus craveri (IUCN 2025) core source_claim,(Mellink 2002)_EXCLUDE_0_No claim_NA_NA,(IUCN 2025) core source_claim,Synthliboramphus craveri,2,(Mellink 2002),"",Not relevant,No claim,"",no,2019
Synthliboramphus craveri Web of Science_Systematic external review,(Whitworth et al. 2021)_EXCLUDE_1_No claim_NA_NA,Web of Science_Systematic external review,Synthliboramphus craveri,1,(Whitworth et al. 2021),"",Not relevant,No claim,"",no,2025
Synthliboramphus hypoleucus (Campolina et al. 2024) core source_claim,(McChesney & Tershy 1998)_INCLUDE_NA_Predation in support_no_no,(Campolina et al. 2024) core source_claim,Synthliboramphus hypoleucus,1,(McChesney & Tershy 1998),"",Yes,Predation in support without data,no,no,2021
Synthliboramphus hypoleucus (Campolina et al. 2024) core source_claim,(Sumner & Bond 1939)_EXCLUDE_0_Inaccessible_NA_NA,(Campolina et al. 2024) core source_claim,Synthliboramphus hypoleucus,2,(Sumner & Bond 1939),0,Not relevant,Inaccessible,"",no,2021
Synthliboramphus hypoleucus (Doherty et al. 2016) core source_claim,(Howell 1912)_EXCLUDE_1_No claim_NA_NA,(Doherty et al. 2016) core source_claim,Synthliboramphus hypoleucus,3,(Howell 1912),"",Not relevant,No claim,"",no,2014
Synthliboramphus hypoleucus (Doherty et al. 2016) core source_claim,(Keitt 2005)_INCLUDE_NA_Predation in support_no_no,(Doherty et al. 2016) core source_claim,Synthliboramphus hypoleucus,1,(Keitt 2005),"",Yes,Predation in support without data,no,no,2014
Synthliboramphus hypoleucus (Doherty et al. 2016) core source_claim,(McChesney & Tershy 1998)_INCLUDE_NA_Predation in support_no_no,(Doherty et al. 2016) core source_claim,Synthliboramphus hypoleucus,1,(McChesney & Tershy 1998),"",Yes,Predation in support without data,no,no,2014
Synthliboramphus hypoleucus (Doherty et al. 2016) core source_claim,(Sumner & Bond 1939)_EXCLUDE_0_Inaccessible_NA_NA,(Doherty et al. 2016) core source_claim,Synthliboramphus hypoleucus,2,(Sumner & Bond 1939),0,Not relevant,Inaccessible,"",no,2014
Synthliboramphus hypoleucus (Doherty et al. 2016) core source_claim,(Van Denburgh 1924)_INCLUDE_NA_Predation in support_no_no,(Doherty et al. 2016) core source_claim,Synthliboramphus hypoleucus,3,(Van Denburgh 1924),"",Yes,Predation in support without data,no,no,2014
Synthliboramphus hypoleucus (IUCN 2025) core source_claim,(Howell 1912)_EXCLUDE_1_No claim_NA_NA,(IUCN 2025) core source_claim,Synthliboramphus hypoleucus,3,(Howell 1912),"",Not relevant,No claim,"",no,2017
Synthliboramphus hypoleucus (IUCN 2025) core source_claim,(Keitt 2005)_INCLUDE_NA_Predation in support_no_no,(IUCN 2025) core source_claim,Synthliboramphus hypoleucus,1,(Keitt 2005),"",Yes,Predation in support without data,no,no,2017
Synthliboramphus hypoleucus (IUCN 2025) core source_claim,(Van Denburgh 1924)_INCLUDE_NA_Predation in support_no_no,(IUCN 2025) core source_claim,Synthliboramphus hypoleucus,3,(Van Denburgh 1924),"",Yes,Predation in support without data,no,no,2017
Synthliboramphus hypoleucus (IUCN 2025) core source_claim,B. Tershy in litt. 2007_EXCLUDE_0_Inaccessible_NA_NA,(IUCN 2025) core source_claim,Synthliboramphus hypoleucus,1,B. Tershy in litt. 2007,0,Not relevant,Inaccessible,"",no,2017
Synthliboramphus hypoleucus (Medina et al. 2011) core source_claim,(McChesney & Tershy 1998)_INCLUDE_NA_Predation in support_no_no,(Medina et al. 2011) core source_claim,Synthliboramphus hypoleucus,1,(McChesney & Tershy 1998),"",Yes,Predation in support without data,no,no,2009
Synthliboramphus hypoleucus (Medina et al. 2011) core source_claim,(Sumner & Bond 1939)_EXCLUDE_0_Inaccessible_NA_NA,(Medina et al. 2011) core source_claim,Synthliboramphus hypoleucus,2,(Sumner & Bond 1939),0,Not relevant,Inaccessible,"",no,2009
Synthliboramphus hypoleucus Web of Science_Systematic external review,(Whitworth et al. 2021)_EXCLUDE_1_Opinion claim_NA_NA,Web of Science_Systematic external review,Synthliboramphus hypoleucus,1,(Whitworth et al. 2021),"",Not relevant,Opinion claim,"",no,2025
Synthliboramphus scrippsi (Doherty et al. 2016) core source_claim,(Drost & Lewis 1995)_EXCLUDE_0_Inaccessible_NA_NA,(Doherty et al. 2016) core source_claim,Synthliboramphus scrippsi,2,(Drost & Lewis 1995),0,Not relevant,Inaccessible,"",no,2014
Synthliboramphus scrippsi (Doherty et al. 2016) core source_claim,(Jehl & SI 1975)_EXCLUDE_?_No claim_NA_NA,(Doherty et al. 2016) core source_claim,Synthliboramphus scrippsi,2,(Jehl & SI 1975),"",Not relevant,No claim,"",no,2014
Synthliboramphus scrippsi (Doherty et al. 2016) core source_claim,(Keitt 2005)_EXCLUDE_1_No claim_NA_NA,(Doherty et al. 2016) core source_claim,Synthliboramphus scrippsi,1,(Keitt 2005),"",Not relevant,No claim,"",no,2014
Synthliboramphus scrippsi (IUCN 2025) core source_claim,(Drost & Lewis 1995)_EXCLUDE_0_Inaccessible_NA_NA,(IUCN 2025) core source_claim,Synthliboramphus scrippsi,1,(Drost & Lewis 1995),0,Not relevant,Inaccessible,"",no,2019
Synthliboramphus scrippsi (IUCN 2025) core source_claim,(Jehl & SI 1975)_EXCLUDE_?_No claim_NA_NA,(IUCN 2025) core source_claim,Synthliboramphus scrippsi,1,(Jehl & SI 1975),"",Not relevant,No claim,"",no,2019
Synthliboramphus scrippsi Web of Science_Systematic external review,(Jehl & SI 1975)_EXCLUDE_?_No claim_NA_NA,Web of Science_Systematic external review,Synthliboramphus scrippsi,2,(Jehl & SI 1975),"",Not relevant,No claim,"",no,2025
Synthliboramphus scrippsi Web of Science_Systematic external review,(Keitt 2005)_EXCLUDE_1_No claim_NA_NA,Web of Science_Systematic external review,Synthliboramphus scrippsi,2,(Keitt 2005),"",Not relevant,No claim,"",no,2025
Synthliboramphus scrippsi Web of Science_Systematic external review,(McChesney & Tershy 1998)_EXCLUDE_1_No claim_NA_NA,Web of Science_Systematic external review,Synthliboramphus scrippsi,2,(McChesney & Tershy 1998),"",Not relevant,No claim,"",no,2025
Synthliboramphus scrippsi Web of Science_Systematic external review,(Van Denburgh 1924)_EXCLUDE_1_No claim_NA_NA,Web of Science_Systematic external review,Synthliboramphus scrippsi,2,(Van Denburgh 1924),"",Not relevant,No claim,"",no,2025
Synthliboramphus scrippsi Web of Science_Systematic external review,(Whitworth et al. 2018)_INCLUDE_NA_Predation not in support_no_no,Web of Science_Systematic external review,Synthliboramphus scrippsi,1,(Whitworth et al. 2018),"",No,Predation not in support without data,no,no,2025
Synthliboramphus wumizusume (Doherty et al. 2016) core source_claim,(Hasegawa et al. 2002)_EXCLUDE_1_Opinion claim_NA_NA,(Doherty et al. 2016) core source_claim,Synthliboramphus wumizusume,1,(Hasegawa et al. 2002),"",Not relevant,Opinion claim,"",no,2014
Synthliboramphus wumizusume (Doherty et al. 2016) core source_claim,K. Otsuki pers comm. 2015_EXCLUDE_0_Inaccessible_NA_NA,(Doherty et al. 2016) core source_claim,Synthliboramphus wumizusume,2,K. Otsuki pers comm. 2015,0,Not relevant,Inaccessible,"",no,2014
Synthliboramphus wumizusume (Doherty et al. 2016) core source_claim,S. Chan pers. comm. 2015_EXCLUDE_0_Inaccessible_NA_NA,(Doherty et al. 2016) core source_claim,Synthliboramphus wumizusume,2,S. Chan pers. comm. 2015,0,Not relevant,Inaccessible,"",no,2014
Synthliboramphus wumizusume (IUCN 2025) core source_claim,K. Otsuki pers comm. 2015_EXCLUDE_0_Inaccessible_NA_NA,(IUCN 2025) core source_claim,Synthliboramphus wumizusume,1,K. Otsuki pers comm. 2015,0,Not relevant,Inaccessible,"",no,2017
Synthliboramphus wumizusume (IUCN 2025) core source_claim,S. Chan pers. comm. 2015_EXCLUDE_0_Inaccessible_NA_NA,(IUCN 2025) core source_claim,Synthliboramphus wumizusume,1,S. Chan pers. comm. 2015,0,Not relevant,Inaccessible,"",no,2017
Syrmaticus soemmerringii (IUCN 2025) core source_claim,NOTHING_EXCLUDE_NA_No citation given_NA_NA Syrmaticus soemmerringii,(IUCN 2025) core source_claim,Syrmaticus soemmerringii,1,NOTHING NA Syrmaticus soemmerringii,"",Not relevant,No citation given,"",no,2015
Tarentola raziana (IUCN 2025) core source_claim,NOTHING_EXCLUDE_NA_No citation given_NA_NA Tarentola raziana,(IUCN 2025) core source_claim,Tarentola raziana,1,NOTHING NA Tarentola raziana,"",Not relevant,No citation given,"",no,2011
Tarsius dentatus (Doherty et al. 2016) core source_claim,NOTHING_EXCLUDE_NA_No citation given_NA_NA Tarsius dentatus,(Doherty et al. 2016) core source_claim,Tarsius dentatus,2,NOTHING NA Tarsius dentatus,"",Not relevant,No citation given,"",no,2014
Tarsius dentatus (IUCN 2025) core source_claim,NOTHING_EXCLUDE_NA_No citation given_NA_NA Tarsius dentatus,(IUCN 2025) core source_claim,Tarsius dentatus,1,NOTHING NA Tarsius dentatus,"",Not relevant,No citation given,"",no,2014
Tarsius fuscus (IUCN 2025) core source_claim,NOTHING_EXCLUDE_NA_No citation given_NA_NA Tarsius fuscus,(IUCN 2025) core source_claim,Tarsius fuscus,1,NOTHING NA Tarsius fuscus,"",Not relevant,No citation given,"",no,2019
Tarsius niemitzi (IUCN 2025) core source_claim,NOTHING_EXCLUDE_NA_No citation given_NA_NA Tarsius niemitzi,(IUCN 2025) core source_claim,Tarsius niemitzi,1,NOTHING NA Tarsius niemitzi,"",Not relevant,No citation given,"",no,2019
Tarsius pelengensis (Doherty et al. 2016) core source_claim,NOTHING_EXCLUDE_NA_No citation given_NA_NA Tarsius pelengensis,(Doherty et al. 2016) core source_claim,Tarsius pelengensis,2,NOTHING NA Tarsius pelengensis,"",Not relevant,No citation given,"",no,2014
Tarsius pelengensis (IUCN 2025) core source_claim,NOTHING_EXCLUDE_NA_No citation given_NA_NA Tarsius pelengensis,(IUCN 2025) core source_claim,Tarsius pelengensis,1,NOTHING NA Tarsius pelengensis,"",Not relevant,No citation given,"",no,2014
Tarsius spectrumgurskyae (IUCN 2025) core source_claim,NOTHING_EXCLUDE_NA_No citation given_NA_NA Tarsius spectrumgurskyae,(IUCN 2025) core source_claim,Tarsius spectrumgurskyae,1,NOTHING NA Tarsius spectrumgurskyae,"",Not relevant,No citation given,"",no,2019
Tarsius supriatnai (IUCN 2025) core source_claim,NOTHING_EXCLUDE_NA_No citation given_NA_NA Tarsius supriatnai,(IUCN 2025) core source_claim,Tarsius supriatnai,1,NOTHING NA Tarsius supriatnai,"",Not relevant,No citation given,"",no,2019
Tarsius tarsier (Doherty et al. 2016) core source_claim,NOTHING_EXCLUDE_NA_No citation given_NA_NA Tarsius tarsier,(Doherty et al. 2016) core source_claim,Tarsius tarsier,2,NOTHING NA Tarsius tarsier,"",Not relevant,No citation given,"",no,2014
Tarsius tarsier (IUCN 2025) core source_claim,NOTHING_EXCLUDE_NA_No citation given_NA_NA Tarsius tarsier,(IUCN 2025) core source_claim,Tarsius tarsier,1,NOTHING NA Tarsius tarsier,"",Not relevant,No citation given,"",no,2014
Thalassarche steadi (Garnett & Baker 2021) core source_claim,(Croxall & Gales 1998)_EXCLUDE_0_Inaccessible_NA_NA,(Garnett & Baker 2021) core source_claim,Thalassarche steadi,2,(Croxall & Gales 1998),0,Not relevant,Inaccessible,"",no,2020
Thalassarche steadi (Garnett & Baker 2021) core source_claim,(Taylor 2000)_EXCLUDE_0_No claim_NA_NA,(Garnett & Baker 2021) core source_claim,Thalassarche steadi,2,(Taylor 2000),"",Not relevant,No claim,"",no,2020
Thalassarche steadi (Garnett & Baker 2021) core source_claim,(Thompson et al. 2007)_EXCLUDE_0_Inaccessible_NA_NA,(Garnett & Baker 2021) core source_claim,Thalassarche steadi,2,(Thompson et al. 2007),0,Not relevant,Inaccessible,"",no,2020
Thalassarche steadi (Garnett et al. 2011) core source_claim,NOTHING_EXCLUDE_NA_No citation given_NA_NA Thalassarche steadi,(Garnett et al. 2011) core source_claim,Thalassarche steadi,1,NOTHING NA Thalassarche steadi,"",Not relevant,No citation given,"",no,2010
Thalassarche steadi (IUCN 2025) core source_claim,(Croxall & Gales 1998)_EXCLUDE_0_Inaccessible_NA_NA,(IUCN 2025) core source_claim,Thalassarche steadi,1,(Croxall & Gales 1998),0,Not relevant,Inaccessible,"",no,2017
Thalassarche steadi (IUCN 2025) core source_claim,(Taylor 2000)_EXCLUDE_0_No claim_NA_NA,(IUCN 2025) core source_claim,Thalassarche steadi,1,(Taylor 2000),"",Not relevant,No claim,"",no,2017
Thalassarche steadi (IUCN 2025) core source_claim,(Thompson et al. 2007)_EXCLUDE_0_Inaccessible_NA_NA,(IUCN 2025) core source_claim,Thalassarche steadi,1,(Thompson et al. 2007),0,Not relevant,Inaccessible,"",no,2017
Thamnophis gigas (Doherty et al. 2016) core source_claim,(USFWS 1993)_EXCLUDE_0_Inaccessible_NA_NA,(Doherty et al. 2016) core source_claim,Thamnophis gigas,1,(USFWS 1993),0,Not relevant,Inaccessible,"",no,2014
Thamnophis gigas (Doherty et al. 2016) core source_claim,USFWS (1993)_EXCLUDE_0_Inaccessible_NA_NA,(Doherty et al. 2016) core source_claim,Thamnophis gigas,2,USFWS (1993),0,Not relevant,Inaccessible,"",no,2014
Thamnophis gigas (IUCN 2025) core source_claim,USFWS (1993)_EXCLUDE_0_Inaccessible_NA_NA,(IUCN 2025) core source_claim,Thamnophis gigas,1,USFWS (1993),0,Not relevant,Inaccessible,"",no,2006
Thinornis cucullatus (Doherty et al. 2016) core source_claim,(Weston 2003)_INCLUDE_NA_Predation in support_no_no,(Doherty et al. 2016) core source_claim,Thinornis cucullatus,1,(Weston 2003),"",Yes,Predation in support without data,no,no,2014
Thinornis cucullatus (Garnett & Baker 2021) core source_claim,(Baird & Dann 2003)_EXCLUDE_1_Opinion claim_NA_NA,(Garnett & Baker 2021) core source_claim,Thinornis cucullatus,1,(Baird & Dann 2003),"",Not relevant,Opinion claim,"",no,2020
Thinornis cucullatus (Garnett & Baker 2021) core source_claim,(Hanisch 1998)_EXCLUDE_0_Inaccessible_NA_NA,(Garnett & Baker 2021) core source_claim,Thinornis cucullatus,1,(Hanisch 1998),0,Not relevant,Inaccessible,"",no,2020
Thinornis cucullatus (Garnett & Baker 2021) core source_claim,(Maguire et al. 2013)_EXCLUDE_0_Opinion claim_NA_NA,(Garnett & Baker 2021) core source_claim,Thinornis cucullatus,1,(Maguire et al. 2013),"",Not relevant,Opinion claim,"",no,2020
Thinornis cucullatus (Garnett & Baker 2021) core source_claim,(Weston 2003)_INCLUDE_NA_Predation in support_no_no,(Garnett & Baker 2021) core source_claim,Thinornis cucullatus,1,(Weston 2003),"",Yes,Predation in support without data,no,no,2020
Thinornis cucullatus (IUCN 2025) core source_claim,(Baird & Dann 2003)_EXCLUDE_1_Opinion claim_NA_NA,(IUCN 2025) core source_claim,Thinornis cucullatus,1,(Baird & Dann 2003),"",Not relevant,Opinion claim,"",no,2015
Thinornis cucullatus (IUCN 2025) core source_claim,(Schulz & Bamford 1987)_EXCLUDE_0_Inaccessible_NA_NA,(IUCN 2025) core source_claim,Thinornis cucullatus,1,(Schulz & Bamford 1987),0,Not relevant,Inaccessible,"",no,2015
Thinornis novaeseelandiae (Doherty et al. 2016) core source_claim,(Dowding & Murphy 2001)_EXCLUDE_1_Opinion claim_NA_NA,(Doherty et al. 2016) core source_claim,Thinornis novaeseelandiae,1,(Dowding & Murphy 2001),"",Not relevant,Opinion claim,"",no,2014
Thinornis novaeseelandiae (IUCN 2025) core source_claim,(Davis 1994)_EXCLUDE_1_Opinion claim_NA_NA,(IUCN 2025) core source_claim,Thinornis novaeseelandiae,1,(Davis 1994),"",Not relevant,Opinion claim,"",no,2021
Thinornis novaeseelandiae (IUCN 2025) core source_claim,(Dowding & Murphy 2001)_EXCLUDE_1_Opinion claim_NA_NA,(IUCN 2025) core source_claim,Thinornis novaeseelandiae,1,(Dowding & Murphy 2001),"",Not relevant,Opinion claim,"",no,2021
Thinornis novaeseelandiae (IUCN 2025) core source_claim,(Fleming 1939)_EXCLUDE_?_No claim_NA_NA,(IUCN 2025) core source_claim,Thinornis novaeseelandiae,2,(Fleming 1939),"",Not relevant,No claim,"",no,2021
Thinornis novaeseelandiae (Medina et al. 2011) core source_claim,(Dowding & Murphy 2001)_EXCLUDE_1_Opinion claim_NA_NA,(Medina et al. 2011) core source_claim,Thinornis novaeseelandiae,1,(Dowding & Murphy 2001),"",Not relevant,Opinion claim,"",no,2009
Thinornis novaeseelandiae Opportunistic_Systematic external review,(Fleming 1939)_EXCLUDE_?_No claim_NA_NA,Opportunistic_Systematic external review,Thinornis novaeseelandiae,2,(Fleming 1939),"",Not relevant,No claim,"",no,2025
Threskiornis solitarius (Hume 2017) core source_claim,NOTHING_EXCLUDE_NA_No citation given_NA_NA Threskiornis solitarius,(Hume 2017) core source_claim,Threskiornis solitarius,1,NOTHING NA Threskiornis solitarius,"",Not relevant,No citation given,"",no,2016
Threskiornis solitarius (IUCN 2025) core source_claim,NOTHING_EXCLUDE_NA_No citation given_NA_NA Threskiornis solitarius,(IUCN 2025) core source_claim,Threskiornis solitarius,2,NOTHING NA Threskiornis solitarius,"",Not relevant,No citation given,"",no,2023
Todiramphus cinnamominus (Doherty et al. 2016) core source_claim,NOTHING_EXCLUDE_NA_No citation given_NA_NA Todiramphus cinnamominus,(Doherty et al. 2016) core source_claim,Todiramphus cinnamominus,2,NOTHING NA Todiramphus cinnamominus,"",Not relevant,No citation given,"",no,2014
Todiramphus cinnamominus (IUCN 2025) core source_claim,NOTHING_EXCLUDE_NA_No citation given_NA_NA Todiramphus cinnamominus,(IUCN 2025) core source_claim,Todiramphus cinnamominus,1,NOTHING NA Todiramphus cinnamominus,"",Not relevant,No citation given,"",no,2023
Todiramphus gambieri (Doherty et al. 2016) core source_claim,(Kesler et al. 2012)_EXCLUDE_1_Opinion claim_NA_NA,(Doherty et al. 2016) core source_claim,Todiramphus gambieri,1,(Kesler et al. 2012),"",Not relevant,Opinion claim,"",no,2014
Todiramphus gambieri (IUCN 2025) core source_claim,(BEST 2016)_EXCLUDE_0_Opinion claim_NA_NA,(IUCN 2025) core source_claim,Todiramphus gambieri,1,(BEST 2016),"",Not relevant,Opinion claim,"",no,2023
Todiramphus gambieri (IUCN 2025) core source_claim,(Gouni et al. 2006)_EXCLUDE_0_Inaccessible_NA_NA,(IUCN 2025) core source_claim,Todiramphus gambieri,1,(Gouni et al. 2006),0,Not relevant,Inaccessible,"",no,2023
Todiramphus gambieri Web of Science_Systematic external review,(Kesler et al. 2012)_EXCLUDE_1_Opinion claim_NA_NA,Web of Science_Systematic external review,Todiramphus gambieri,1,(Kesler et al. 2012),"",Not relevant,Opinion claim,"",no,2025
Todiramphus godeffroyi (Doherty et al. 2016) core source_claim,(Autai et al. 2012)_EXCLUDE_0_Inaccessible_NA_NA,(Doherty et al. 2016) core source_claim,Todiramphus godeffroyi,1,(Autai et al. 2012),0,Not relevant,Inaccessible,"",no,2014
Todiramphus godeffroyi (IUCN 2025) core source_claim,NOTHING_EXCLUDE_NA_No citation given_NA_NA Todiramphus godeffroyi,(IUCN 2025) core source_claim,Todiramphus godeffroyi,1,NOTHING NA Todiramphus godeffroyi,"",Not relevant,No citation given,"",no,2018
Todiramphus pelewensis (IUCN 2025) core source_claim,NOTHING_EXCLUDE_NA_No citation given_NA_NA Todiramphus pelewensis,(IUCN 2025) core source_claim,Todiramphus pelewensis,1,NOTHING NA Todiramphus pelewensis,"",Not relevant,No citation given,"",no,2021
Todiramphus tutus (IUCN 2025) core source_claim,(Woodall & Kirwan 2019)_EXCLUDE_0_Inaccessible_NA_NA,(IUCN 2025) core source_claim,Todiramphus tutus,1,(Woodall & Kirwan 2019),0,Not relevant,Inaccessible,"",no,2018
Todiramphus tutus (IUCN 2025) core source_claim,(del Hoyo et al. 2001)_EXCLUDE_0_No claim_NA_NA,(IUCN 2025) core source_claim,Todiramphus tutus,1,(del Hoyo et al. 2001),"",Not relevant,No claim,"",no,2018
Tokudaia muenninki (Doherty et al. 2016) core source_claim,(Yamada et al. 2010)_INCLUDE_NA_Predation in support_no_no,(Doherty et al. 2016) core source_claim,Tokudaia muenninki,1,(Yamada et al. 2010),"",Yes,Predation in support without data,no,no,2014
Tokudaia muenninki (IUCN 2025) core source_claim,(Abe et al. 2005)_EXCLUDE_?_Inaccessible_NA_NA,(IUCN 2025) core source_claim,Tokudaia muenninki,1,(Abe et al. 2005),?,Not relevant,Inaccessible,"",no,2014
Tokudaia muenninki (IUCN 2025) core source_claim,(Yamada et al. 2010)_INCLUDE_NA_Predation in support_no_no,(IUCN 2025) core source_claim,Tokudaia muenninki,1,(Yamada et al. 2010),"",Yes,Predation in support without data,no,no,2014
Tokudaia osimensis (Doherty et al. 2016) core source_claim,(Abe et al. 2005)_EXCLUDE_?_Inaccessible_NA_NA,(Doherty et al. 2016) core source_claim,Tokudaia osimensis,2,(Abe et al. 2005),?,Not relevant,Inaccessible,"",no,2014
Tokudaia osimensis (Doherty et al. 2016) core source_claim,(Shionosaki et al. 2015)_INCLUDE_NA_Predation in support_no_no,(Doherty et al. 2016) core source_claim,Tokudaia osimensis,1,(Shionosaki et al. 2015),"",Yes,Predation in support without data,no,no,2014
Tokudaia osimensis (IUCN 2025) core source_claim,(Abe et al. 2005)_EXCLUDE_?_Inaccessible_NA_NA,(IUCN 2025) core source_claim,Tokudaia osimensis,1,(Abe et al. 2005),?,Not relevant,Inaccessible,"",no,2014
Tokudaia osimensis Web of Science_Systematic external review,(Shionosaki et al. 2015)_INCLUDE_NA_Predation in support_no_no,Web of Science_Systematic external review,Tokudaia osimensis,1,(Shionosaki et al. 2015),"",Yes,Predation in support without data,no,no,2025
Tokudaia tokunoshimensis (Doherty et al. 2016) core source_claim,(Abe et al. 2005)_EXCLUDE_?_Inaccessible_NA_NA,(Doherty et al. 2016) core source_claim,Tokudaia tokunoshimensis,2,(Abe et al. 2005),?,Not relevant,Inaccessible,"",no,2014
Tokudaia tokunoshimensis (IUCN 2025) core source_claim,(Abe et al. 2005)_EXCLUDE_?_Inaccessible_NA_NA,(IUCN 2025) core source_claim,Tokudaia tokunoshimensis,1,(Abe et al. 2005),?,Not relevant,Inaccessible,"",no,2014
Toxostoma guttatum (Doherty et al. 2016) core source_claim,(Curry et al. 2006)_EXCLUDE_0_Inaccessible_NA_NA,(Doherty et al. 2016) core source_claim,Toxostoma guttatum,2,(Curry et al. 2006),0,Not relevant,Inaccessible,"",no,2014
Toxostoma guttatum (Doherty et al. 2016) core source_claim,J. E. Martínez-Gómez in litt. 2016_EXCLUDE_0_Inaccessible_NA_NA,(Doherty et al. 2016) core source_claim,Toxostoma guttatum,2,J. E. Martínez-Gómez in litt. 2016,0,Not relevant,Inaccessible,"",no,2014
Toxostoma guttatum (Hume 2017) core source_claim,NOTHING_EXCLUDE_NA_No citation given_NA_NA Toxostoma guttatum,(Hume 2017) core source_claim,Toxostoma guttatum,1,NOTHING NA Toxostoma guttatum,"",Not relevant,No citation given,"",no,2016
Toxostoma guttatum (IUCN 2025) core source_claim,(Curry et al. 2006)_EXCLUDE_0_Inaccessible_NA_NA,(IUCN 2025) core source_claim,Toxostoma guttatum,1,(Curry et al. 2006),0,Not relevant,Inaccessible,"",no,2019
Toxostoma guttatum (IUCN 2025) core source_claim,J. E. Martínez-Gómez in litt. 2016_EXCLUDE_0_Inaccessible_NA_NA,(IUCN 2025) core source_claim,Toxostoma guttatum,1,J. E. Martínez-Gómez in litt. 2016,0,Not relevant,Inaccessible,"",no,2019
Traversia lyalli (Doherty et al. 2016) core source_claim,(Buller & Keulemans 1905)_INCLUDE_NA_Population in support_no_no,(Doherty et al. 2016) core source_claim,Traversia lyalli,1,(Buller & Keulemans 1905),"",Yes,Population in support without data,no,no,2014
Traversia lyalli (Doherty et al. 2016) core source_claim,(Buller & Keulemans 1905)_INCLUDE_NA_Predation in support_no_no,(Doherty et al. 2016) core source_claim,Traversia lyalli,1,(Buller & Keulemans 1905),"",Yes,Predation in support without data,no,no,2014
Traversia lyalli (Doherty et al. 2016) core source_claim,(Galbreath & Brown 2004)_INCLUDE_NA_Population in support_no_no,(Doherty et al. 2016) core source_claim,Traversia lyalli,1,(Galbreath & Brown 2004),"",Yes,Population in support without data,no,no,2014
Traversia lyalli (Doherty et al. 2016) core source_claim,(Galbreath & Brown 2004)_INCLUDE_NA_Predation in support_no_no,(Doherty et al. 2016) core source_claim,Traversia lyalli,1,(Galbreath & Brown 2004),"",Yes,Predation in support without data,no,no,2014
Traversia lyalli (Doherty et al. 2016) core source_claim,(Holdaway 1996)_EXCLUDE_?_Inaccessible_NA_NA,(Doherty et al. 2016) core source_claim,Traversia lyalli,2,(Holdaway 1996),?,Not relevant,Inaccessible,"",no,2014
Traversia lyalli (Doherty et al. 2016) core source_claim,(Hutton 1904)_EXCLUDE_0_Inaccessible_NA_NA,(Doherty et al. 2016) core source_claim,Traversia lyalli,2,(Hutton 1904),0,Not relevant,Inaccessible,"",no,2014
Traversia lyalli (Doherty et al. 2016) core source_claim,(Medway 1972)_EXCLUDE_0_Inaccessible_NA_NA,(Doherty et al. 2016) core source_claim,Traversia lyalli,2,(Medway 1972),0,Not relevant,Inaccessible,"",no,2014
Traversia lyalli (Doherty et al. 2016) core source_claim,(Thomson 1992)_EXCLUDE_?_Opinion claim_NA_NA,(Doherty et al. 2016) core source_claim,Traversia lyalli,2,(Thomson 1992),"",Not relevant,Opinion claim,"",no,2014
Traversia lyalli (Doherty et al. 2016) core source_claim,(Worthy & Holdaway 2002)_EXCLUDE_?_Inaccessible_NA_NA,(Doherty et al. 2016) core source_claim,Traversia lyalli,2,(Worthy & Holdaway 2002),?,Not relevant,Inaccessible,"",no,2014
Traversia lyalli (Hume 2017) core source_claim,(Buller & Keulemans 1905)_INCLUDE_NA_Population in support_no_no,(Hume 2017) core source_claim,Traversia lyalli,1,(Buller & Keulemans 1905),"",Yes,Population in support without data,no,no,2016
Traversia lyalli (Hume 2017) core source_claim,(Buller & Keulemans 1905)_INCLUDE_NA_Predation in support_no_no,(Hume 2017) core source_claim,Traversia lyalli,1,(Buller & Keulemans 1905),"",Yes,Predation in support without data,no,no,2016
Traversia lyalli (Hume 2017) core source_claim,(Galbreath & Brown 2004)_INCLUDE_NA_Population in support_no_no,(Hume 2017) core source_claim,Traversia lyalli,1,(Galbreath & Brown 2004),"",Yes,Population in support without data,no,no,2016
Traversia lyalli (Hume 2017) core source_claim,(Galbreath & Brown 2004)_INCLUDE_NA_Predation in support_no_no,(Hume 2017) core source_claim,Traversia lyalli,1,(Galbreath & Brown 2004),"",Yes,Predation in support without data,no,no,2016
Traversia lyalli (Hume 2017) core source_claim,(Holdaway 1996)_EXCLUDE_?_Inaccessible_NA_NA,(Hume 2017) core source_claim,Traversia lyalli,2,(Holdaway 1996),?,Not relevant,Inaccessible,"",no,2016
Traversia lyalli (Hume 2017) core source_claim,(Hutton 1904)_EXCLUDE_0_Inaccessible_NA_NA,(Hume 2017) core source_claim,Traversia lyalli,2,(Hutton 1904),0,Not relevant,Inaccessible,"",no,2016
Traversia lyalli (Hume 2017) core source_claim,(Medway 1972)_EXCLUDE_0_Inaccessible_NA_NA,(Hume 2017) core source_claim,Traversia lyalli,2,(Medway 1972),0,Not relevant,Inaccessible,"",no,2016
Traversia lyalli (Hume 2017) core source_claim,(Rothschild 1894)_EXCLUDE_0_Inaccessible_NA_NA,(Hume 2017) core source_claim,Traversia lyalli,1,(Rothschild 1894),0,Not relevant,Inaccessible,"",no,2016
Traversia lyalli (Hume 2017) core source_claim,(Thomson 1992)_EXCLUDE_?_Opinion claim_NA_NA,(Hume 2017) core source_claim,Traversia lyalli,2,(Thomson 1992),"",Not relevant,Opinion claim,"",no,2016
Traversia lyalli (Hume 2017) core source_claim,(Worthy & Holdaway 2002)_EXCLUDE_?_Inaccessible_NA_NA,(Hume 2017) core source_claim,Traversia lyalli,2,(Worthy & Holdaway 2002),?,Not relevant,Inaccessible,"",no,2016
Traversia lyalli (Hume 2017) core source_claim,Galbreath 1989_EXCLUDE_0_Inaccessible_NA_NA,(Hume 2017) core source_claim,Traversia lyalli,1,Galbreath 1989,0,Not relevant,Inaccessible,"",no,2016
Traversia lyalli (Hume 2017) core source_claim,Travers in Medway 2004a_EXCLUDE_0_Inaccessible_NA_NA,(Hume 2017) core source_claim,Traversia lyalli,1,Travers in Medway 2004a,0,Not relevant,Inaccessible,"",no,2016
Traversia lyalli (IUCN 2025) core source_claim,(Tyrberg & Milberg 1991)_EXCLUDE_?_Not in English or Spanish_NA_NA,(IUCN 2025) core source_claim,Traversia lyalli,1,(Tyrberg & Milberg 1991),"",Not relevant,Not in English or Spanish,"",no,2022
Traversia lyalli (Medina et al. 2011) core source_claim,(Buller & Keulemans 1905)_INCLUDE_NA_Population in support_no_no,(Medina et al. 2011) core source_claim,Traversia lyalli,1,(Buller & Keulemans 1905),"",Yes,Population in support without data,no,no,2009
Traversia lyalli (Medina et al. 2011) core source_claim,(Buller & Keulemans 1905)_INCLUDE_NA_Predation in support_no_no,(Medina et al. 2011) core source_claim,Traversia lyalli,1,(Buller & Keulemans 1905),"",Yes,Predation in support without data,no,no,2009
Traversia lyalli (Medina et al. 2011) core source_claim,(Galbreath & Brown 2004)_INCLUDE_NA_Population in support_no_no,(Medina et al. 2011) core source_claim,Traversia lyalli,1,(Galbreath & Brown 2004),"",Yes,Population in support without data,no,no,2009
Traversia lyalli (Medina et al. 2011) core source_claim,(Galbreath & Brown 2004)_INCLUDE_NA_Predation in support_no_no,(Medina et al. 2011) core source_claim,Traversia lyalli,1,(Galbreath & Brown 2004),"",Yes,Predation in support without data,no,no,2009
Traversia lyalli (Medina et al. 2011) core source_claim,(Holdaway 1996)_EXCLUDE_?_Inaccessible_NA_NA,(Medina et al. 2011) core source_claim,Traversia lyalli,2,(Holdaway 1996),?,Not relevant,Inaccessible,"",no,2009
Traversia lyalli (Medina et al. 2011) core source_claim,(Hutton 1904)_EXCLUDE_0_Inaccessible_NA_NA,(Medina et al. 2011) core source_claim,Traversia lyalli,2,(Hutton 1904),0,Not relevant,Inaccessible,"",no,2009
Traversia lyalli (Medina et al. 2011) core source_claim,(Medway 1972)_EXCLUDE_0_Inaccessible_NA_NA,(Medina et al. 2011) core source_claim,Traversia lyalli,2,(Medway 1972),0,Not relevant,Inaccessible,"",no,2009
Traversia lyalli (Medina et al. 2011) core source_claim,(Thomson 1992)_EXCLUDE_?_Opinion claim_NA_NA,(Medina et al. 2011) core source_claim,Traversia lyalli,2,(Thomson 1992),"",Not relevant,Opinion claim,"",no,2009
Traversia lyalli (Medina et al. 2011) core source_claim,(Veitch 1985)_EXCLUDE_0_Inaccessible_NA_NA,(Medina et al. 2011) core source_claim,Traversia lyalli,1,(Veitch 1985),0,Not relevant,Inaccessible,"",no,2009
Traversia lyalli (Medina et al. 2011) core source_claim,(Worthy & Holdaway 2002)_EXCLUDE_?_Inaccessible_NA_NA,(Medina et al. 2011) core source_claim,Traversia lyalli,2,(Worthy & Holdaway 2002),?,Not relevant,Inaccessible,"",no,2009
Troglodytes sissonii (IUCN 2025) core source_claim,NOTHING_EXCLUDE_NA_No citation given_NA_NA Troglodytes sissonii,(IUCN 2025) core source_claim,Troglodytes sissonii,1,NOTHING NA Troglodytes sissonii,"",Not relevant,No citation given,"",no,2019
Tropidophis bucculentus (IUCN 2025) core source_claim,NOTHING_EXCLUDE_NA_No citation given_NA_NA Tropidophis bucculentus,(IUCN 2025) core source_claim,Tropidophis bucculentus,1,NOTHING NA Tropidophis bucculentus,"",Not relevant,No citation given,"",no,2014
Tropidophis jamaicensis (IUCN 2025) core source_claim,(Powell 1999)_EXCLUDE_1_Opinion claim_NA_NA,(IUCN 2025) core source_claim,Tropidophis jamaicensis,1,(Powell 1999),"",Not relevant,Opinion claim,"",no,2014
Tropidophis jamaicensis (IUCN 2025) core source_claim,(Tolson & Henderson 2011)_EXCLUDE_1_Opinion claim_NA_NA,(IUCN 2025) core source_claim,Tropidophis jamaicensis,1,(Tolson & Henderson 2011),"",Not relevant,Opinion claim,"",no,2014
Tropidophis schwartzi (IUCN 2025) core source_claim,(Echternacht et al. 2011)_INCLUDE_NA_Predation in support_no_no,(IUCN 2025) core source_claim,Tropidophis schwartzi,1,(Echternacht et al. 2011),"",Yes,Predation in support without data,no,no,2014
Tropidophis stejnegeri (IUCN 2025) core source_claim,NOTHING_EXCLUDE_NA_No citation given_NA_NA Tropidophis stejnegeri,(IUCN 2025) core source_claim,Tropidophis stejnegeri,1,NOTHING NA Tropidophis stejnegeri,"",Not relevant,No citation given,"",no,2014
Tropidophis stullae (IUCN 2025) core source_claim,B. Wilson pers. comm. 2015_EXCLUDE_0_Inaccessible_NA_NA,(IUCN 2025) core source_claim,Tropidophis stullae,1,B. Wilson pers. comm. 2015,0,Not relevant,Inaccessible,"",no,2013
Tropidophis stullae (IUCN 2025) core source_claim,S.B. Hedges pers. comm. 2016_EXCLUDE_0_Inaccessible_NA_NA,(IUCN 2025) core source_claim,Tropidophis stullae,1,S.B. Hedges pers. comm. 2016,0,Not relevant,Inaccessible,"",no,2013
Tropidoscincus aubrianus (Doherty et al. 2016) core source_claim,(Palmas et al. In preparation)_EXCLUDE_0_Inaccessible_NA_NA,(Doherty et al. 2016) core source_claim,Tropidoscincus aubrianus,2,(Palmas et al. In preparation),0,Not relevant,Inaccessible,"",no,2014
Tropidoscincus aubrianus (IUCN 2025) core source_claim,(Palmas et al. In preparation)_EXCLUDE_0_Inaccessible_NA_NA,(IUCN 2025) core source_claim,Tropidoscincus aubrianus,1,(Palmas et al. In preparation),0,Not relevant,Inaccessible,"",no,2016
Tukutuku rakiurae (IUCN 2025) core source_claim,(Thomas 1981)_EXCLUDE_1_Opinion claim_NA_NA,(IUCN 2025) core source_claim,Tukutuku rakiurae,1,(Thomas 1981),"",Not relevant,Opinion claim,"",no,2017
Tupaia nicobarica (Doherty et al. 2016) core source_claim,(Molur et al. 2005)_EXCLUDE_0_Opinion claim_NA_NA,(Doherty et al. 2016) core source_claim,Tupaia nicobarica,1,(Molur et al. 2005),"",Not relevant,Opinion claim,"",no,2014
Tupaia nicobarica (IUCN 2025) core source_claim,(Molur et al. 2005)_EXCLUDE_0_Opinion claim_NA_NA,(IUCN 2025) core source_claim,Tupaia nicobarica,1,(Molur et al. 2005),"",Not relevant,Opinion claim,"",no,2015
Turdus celaenops (Doherty et al. 2016) core source_claim,NOTHING_EXCLUDE_NA_No citation given_NA_NA Turdus celaenops,(Doherty et al. 2016) core source_claim,Turdus celaenops,2,NOTHING NA Turdus celaenops,"",Not relevant,No citation given,"",no,2014
Turdus celaenops (IUCN 2025) core source_claim,NOTHING_EXCLUDE_NA_No citation given_NA_NA Turdus celaenops,(IUCN 2025) core source_claim,Turdus celaenops,1,NOTHING NA Turdus celaenops,"",Not relevant,No citation given,"",no,2017
Turdus celaenops (Medina et al. 2011) core source_claim,(BirdLife International 2000)_EXCLUDE_0_Inaccessible_NA_NA,(Medina et al. 2011) core source_claim,Turdus celaenops,1,(BirdLife International 2000),0,Not relevant,Inaccessible,"",no,2009
Turdus ravidus (IUCN 2025) core source_claim,(Larsen 2020)_EXCLUDE_0_Inaccessible_NA_NA,(IUCN 2025) core source_claim,Turdus ravidus,1,(Larsen 2020),0,Not relevant,Inaccessible,"",no,2022
Turdus xanthorhynchus (IUCN 2025) core source_claim,(Fundação Príncipe 2019)_EXCLUDE_0_Inaccessible_NA_NA,(IUCN 2025) core source_claim,Turdus xanthorhynchus,1,(Fundação Príncipe 2019),0,Not relevant,Inaccessible,"",no,2019
Turnagra tanagra (Doherty et al. 2016) core source_claim,(Greenway 1967)_EXCLUDE_0_Inaccessible_NA_NA,(Doherty et al. 2016) core source_claim,Turnagra tanagra,1,(Greenway 1967),0,Not relevant,Inaccessible,"",no,2014
Turnagra tanagra (Hume 2017) core source_claim,NOTHING_EXCLUDE_NA_No citation given_NA_NA Turnagra tanagra,(Hume 2017) core source_claim,Turnagra tanagra,1,NOTHING NA Turnagra tanagra,"",Not relevant,No citation given,"",no,2016
Turnagra tanagra (IUCN 2025) core source_claim,(Greenway 1967)_EXCLUDE_0_Inaccessible_NA_NA,(IUCN 2025) core source_claim,Turnagra tanagra,1,(Greenway 1967),0,Not relevant,Inaccessible,"",no,2022
Turnix melanogaster (Garnett et al. 2011) core source_claim,(Mathieson & Smith 2009b)_EXCLUDE_0_No claim_NA_NA,(Garnett et al. 2011) core source_claim,Turnix melanogaster,1,(Mathieson & Smith 2009b),"",Not relevant,No claim,"",no,2010
Turnix melanogaster (IUCN 2025) core source_claim,(Mathieson & Smith 2009a)_EXCLUDE_0_Opinion claim_NA_NA,(IUCN 2025) core source_claim,Turnix melanogaster,1,(Mathieson & Smith 2009a),"",Not relevant,Opinion claim,"",no,2020
Turnix olivii (Doherty et al. 2016) core source_claim,NOTHING_EXCLUDE_NA_No citation given_NA_NA Turnix olivii,(Doherty et al. 2016) core source_claim,Turnix olivii,2,NOTHING NA Turnix olivii,"",Not relevant,No citation given,"",no,2014
Turnix olivii (Garnett & Baker 2021) core source_claim,(White 1922)_EXCLUDE_0_Inaccessible_NA_NA,(Garnett & Baker 2021) core source_claim,Turnix olivii,1,(White 1922),0,Not relevant,Inaccessible,"",no,2020
Turnix olivii (Garnett et al. 2011) core source_claim,NOTHING_EXCLUDE_NA_No citation given_NA_NA Turnix olivii,(Garnett et al. 2011) core source_claim,Turnix olivii,1,NOTHING NA Turnix olivii,"",Not relevant,No citation given,"",no,2010
Turnix olivii (IUCN 2025) core source_claim,NOTHING_EXCLUDE_NA_No citation given_NA_NA Turnix olivii,(IUCN 2025) core source_claim,Turnix olivii,2,NOTHING NA Turnix olivii,"",Not relevant,No citation given,"",no,2020
Tylomys bullaris (IUCN 2025) core source_claim,Álvarez-Castañeda pers. Comm_EXCLUDE_0_Inaccessible_NA_NA,(IUCN 2025) core source_claim,Tylomys bullaris,1,Álvarez-Castañeda pers. Comm,0,Not relevant,Inaccessible,"",no,2016
Tympanocryptis condaminensis (IUCN 2025) core source_claim,(Threatened Species Scientific Committee 2016c)_EXCLUDE_0_Opinion claim_NA_NA,(IUCN 2025) core source_claim,Tympanocryptis condaminensis,1,(Threatened Species Scientific Committee 2016c),"",Not relevant,Opinion claim,"",no,2016
Uperoleia mahonyi (IUCN 2025) core source_claim,(Clemann 2015)_EXCLUDE_0_No claim_NA_NA,(IUCN 2025) core source_claim,Uperoleia mahonyi,1,(Clemann 2015),"",Not relevant,No claim,"",no,2019
Urosaurus auriculatus (Doherty et al. 2016) core source_claim,(Arnaud et al. 1993)_INCLUDE_NA_Predation in support_no_no,(Doherty et al. 2016) core source_claim,Urosaurus auriculatus,1,(Arnaud et al. 1993),"",Yes,Predation in support without data,no,no,2014
Urosaurus auriculatus (IUCN 2025) core source_claim,(Arnaud et al. 1993)_INCLUDE_NA_Predation in support_no_no,(IUCN 2025) core source_claim,Urosaurus auriculatus,1,(Arnaud et al. 1993),"",Yes,Predation in support without data,no,no,2006
Urosaurus auriculatus (Medina et al. 2011) core source_claim,(Arnaud et al. 1993)_INCLUDE_NA_Predation in support_no_no,(Medina et al. 2011) core source_claim,Urosaurus auriculatus,1,(Arnaud et al. 1993),"",Yes,Predation in support without data,no,no,2009
Urosaurus auriculatus (Medina et al. 2011) core source_claim,(Arnaud et al. 1994)_INCLUDE_NA_Predation in support_no_no,(Medina et al. 2011) core source_claim,Urosaurus auriculatus,1,(Arnaud et al. 1994),"",Yes,Predation in support without data,no,no,2009
Urosaurus auriculatus (Medina et al. 2011) core source_claim,(Rodríguez-Estrella et al. 1991)_INCLUDE_NA_Predation in support_no_no,(Medina et al. 2011) core source_claim,Urosaurus auriculatus,1,(Rodríguez-Estrella et al. 1991),"",Yes,Predation in support without data,no,no,2009
Urosaurus auriculatus Web of Science_Systematic external review,(Arnaud et al. 1993)_INCLUDE_NA_Predation in support_no_no,Web of Science_Systematic external review,Urosaurus auriculatus,1,(Arnaud et al. 1993),"",Yes,Predation in support without data,no,no,2025
Varanus komodoensis Web of Science_Systematic external review,(Fleming & Frahm 1997)_EXCLUDE_1_No claim_NA_NA,Web of Science_Systematic external review,Varanus komodoensis,1,(Fleming & Frahm 1997),"",Not relevant,No claim,"",no,2025
Varanus komodoensis Web of Science_Systematic external review,(Jessop et al. In prep)_EXCLUDE_0_Inaccessible_NA_NA,Web of Science_Systematic external review,Varanus komodoensis,1,(Jessop et al. In prep),0,Not relevant,Inaccessible,"",no,2025
Varanus komodoensis Web of Science_Systematic external review,(Moreno et al. 2008)_EXCLUDE_1_No claim_NA_NA,Web of Science_Systematic external review,Varanus komodoensis,1,(Moreno et al. 2008),"",Not relevant,No claim,"",no,2025
Vini kuhlii (Doherty et al. 2016) core source_claim,NOTHING_EXCLUDE_NA_No citation given_NA_NA Vini kuhlii,(Doherty et al. 2016) core source_claim,Vini kuhlii,2,NOTHING NA Vini kuhlii,"",Not relevant,No citation given,"",no,2014
Vini kuhlii (IUCN 2025) core source_claim,NOTHING_EXCLUDE_NA_No citation given_NA_NA Vini kuhlii,(IUCN 2025) core source_claim,Vini kuhlii,1,NOTHING NA Vini kuhlii,"",Not relevant,No citation given,"",no,2022
Vini kuhlii Opportunistic_Systematic external review,(McCormack & Künzlè 1996)_EXCLUDE_1_No claim_NA_NA,Opportunistic_Systematic external review,Vini kuhlii,1,(McCormack & Künzlè 1996),"",Not relevant,No claim,"",no,2025
Vini kuhlii Opportunistic_Systematic external review,(Watling 1995)_EXCLUDE_1_No claim_NA_NA,Opportunistic_Systematic external review,Vini kuhlii,1,(Watling 1995),"",Not relevant,No claim,"",no,2025
Vini peruviana (Doherty et al. 2016) core source_claim,(Lovegrove et al. 1989)_EXCLUDE_0_Inaccessible_NA_NA,(Doherty et al. 2016) core source_claim,Vini peruviana,2,(Lovegrove et al. 1989),0,Not relevant,Inaccessible,"",no,2014
Vini peruviana (IUCN 2025) core source_claim,(Lovegrove et al. 1989)_EXCLUDE_0_Inaccessible_NA_NA,(IUCN 2025) core source_claim,Vini peruviana,1,(Lovegrove et al. 1989),0,Not relevant,Inaccessible,"",no,2020
Vini peruviana Web of Science_Systematic external review,(Russell et al. 2025)_INCLUDE_NA_Population not in support_yes_yes,Web of Science_Systematic external review,Vini peruviana,1,(Russell et al. 2025),"",No,Population not in support with data of quality,yes,yes,2025
Vini ultramarina (IUCN 2025) core source_claim,C. Blanvillain in litt. 2016_EXCLUDE_0_Inaccessible_NA_NA,(IUCN 2025) core source_claim,Vini ultramarina,1,C. Blanvillain in litt. 2016,0,Not relevant,Inaccessible,"",no,2017
Vireo gracilirostris (IUCN 2025) core source_claim,C. Licarião in litt. 2024_EXCLUDE_0_Inaccessible_NA_NA,(IUCN 2025) core source_claim,Vireo gracilirostris,1,C. Licarião in litt. 2024,0,Not relevant,Inaccessible,"",no,2023
Vireo gracilirostris (IUCN 2025) core source_claim,R. Subirá in litt. 2024_EXCLUDE_0_Inaccessible_NA_NA,(IUCN 2025) core source_claim,Vireo gracilirostris,1,R. Subirá in litt. 2024,0,Not relevant,Inaccessible,"",no,2023
Wyulda squamicaudata (IUCN 2025) core source_claim,NOTHING_EXCLUDE_NA_No citation given_NA_NA Wyulda squamicaudata,(IUCN 2025) core source_claim,Wyulda squamicaudata,1,NOTHING NA Wyulda squamicaudata,"",Not relevant,No citation given,"",no,2013
Wyulda squamicaudata (Radford et al. 2018) core source_claim,(Hohnen 2015)_EXCLUDE_0_No claim_NA_NA,(Radford et al. 2018) core source_claim,Wyulda squamicaudata,1,(Hohnen 2015),"",Not relevant,No claim,"",no,2016
Wyulda squamicaudata (Radford et al. 2018) core source_claim,(Woinarski et al. 2011b)_EXCLUDE_1_No claim_NA_NA,(Radford et al. 2018) core source_claim,Wyulda squamicaudata,2,(Woinarski et al. 2011b),"",Not relevant,No claim,"",no,2016
Wyulda squamicaudata (Woinarski et al. 2014) core source_claim,NOTHING_EXCLUDE_NA_No citation given_NA_NA Wyulda squamicaudata,(Woinarski et al. 2014) core source_claim,Wyulda squamicaudata,1,NOTHING NA Wyulda squamicaudata,"",Not relevant,No citation given,"",no,2013
Xenosaurus platyceps (Doherty et al. 2016) core source_claim,NOTHING_EXCLUDE_NA_No citation given_NA_NA Xenosaurus platyceps,(Doherty et al. 2016) core source_claim,Xenosaurus platyceps,2,NOTHING NA Xenosaurus platyceps,"",Not relevant,No citation given,"",no,2014
Xenosaurus platyceps (IUCN 2025) core source_claim,NOTHING_EXCLUDE_NA_No citation given_NA_NA Xenosaurus platyceps,(IUCN 2025) core source_claim,Xenosaurus platyceps,1,NOTHING NA Xenosaurus platyceps,"",Not relevant,No citation given,"",no,2006
Xeromys myoides (Dickman 1996b) core source_claim,NOTHING_EXCLUDE_NA_No citation given_NA_NA Xeromys myoides,(Dickman 1996b) core source_claim,Xeromys myoides,1,NOTHING NA Xeromys myoides,"",Not relevant,No citation given,"",no,1994
Xeromys myoides (Doherty et al. 2016) core source_claim,(Management 2010)_EXCLUDE_0_Opinion claim_NA_NA,(Doherty et al. 2016) core source_claim,Xeromys myoides,1,(Management 2010),"",Not relevant,Opinion claim,"",no,2014
Xeromys myoides (Doherty et al. 2016) core source_claim,(Traill et al. 2011)_EXCLUDE_1_Opinion claim_NA_NA,(Doherty et al. 2016) core source_claim,Xeromys myoides,1,(Traill et al. 2011),"",Not relevant,Opinion claim,"",no,2014
Xeromys myoides (Doherty et al. 2016) core source_claim,(Van Dyck & Gynther 2012)_EXCLUDE_?_Inaccessible_NA_NA,(Doherty et al. 2016) core source_claim,Xeromys myoides,2,(Van Dyck & Gynther 2012),?,Not relevant,Inaccessible,"",no,2014
Xeromys myoides (IUCN 2025) core source_claim,(Traill et al. 2011)_EXCLUDE_1_Opinion claim_NA_NA,(IUCN 2025) core source_claim,Xeromys myoides,1,(Traill et al. 2011),"",Not relevant,Opinion claim,"",no,2014
Xeromys myoides (Woinarski et al. 2014) core source_claim,(Management 2010)_EXCLUDE_0_Opinion claim_NA_NA,(Woinarski et al. 2014) core source_claim,Xeromys myoides,1,(Management 2010),"",Not relevant,Opinion claim,"",no,2013
Xeromys myoides (Woinarski et al. 2014) core source_claim,(Traill et al. 2011)_EXCLUDE_1_Opinion claim_NA_NA,(Woinarski et al. 2014) core source_claim,Xeromys myoides,1,(Traill et al. 2011),"",Not relevant,Opinion claim,"",no,2013
Xeromys myoides (Woinarski et al. 2014) core source_claim,(Van Dyck & Gynther 2012)_EXCLUDE_?_Inaccessible_NA_NA,(Woinarski et al. 2014) core source_claim,Xeromys myoides,1,(Van Dyck & Gynther 2012),?,Not relevant,Inaccessible,"",no,2013
Xeromys myoides Web of Science_Systematic external review,(Traill et al. 2011)_EXCLUDE_1_Opinion claim_NA_NA,Web of Science_Systematic external review,Xeromys myoides,1,(Traill et al. 2011),"",Not relevant,Opinion claim,"",no,2025
Zapornia sandwichensis (Doherty et al. 2016) core source_claim,(Taylor & van Perlo 1998)_EXCLUDE_0_Inaccessible_NA_NA,(Doherty et al. 2016) core source_claim,Zapornia sandwichensis,2,(Taylor & van Perlo 1998),0,Not relevant,Inaccessible,"",no,2014
Zapornia sandwichensis (Hume 2017) core source_claim,NOTHING_EXCLUDE_NA_No citation given_NA_NA Zapornia sandwichensis,(Hume 2017) core source_claim,Zapornia sandwichensis,1,NOTHING NA Zapornia sandwichensis,"",Not relevant,No citation given,"",no,2016
Zapornia sandwichensis (IUCN 2025) core source_claim,(Taylor & van Perlo 1998)_EXCLUDE_0_Inaccessible_NA_NA,(IUCN 2025) core source_claim,Zapornia sandwichensis,1,(Taylor & van Perlo 1998),0,Not relevant,Inaccessible,"",no,2022
Zenaida galapagoensis (IUCN 2025) core source_claim,J. Freile in litt. 2018_EXCLUDE_0_Inaccessible_NA_NA,(IUCN 2025) core source_claim,Zenaida galapagoensis,1,J. Freile in litt. 2018,0,Not relevant,Inaccessible,"",no,2019
Zenaida graysoni (IUCN 2025) core source_claim,J. E. Martínez-Gómez in litt. 1999_EXCLUDE_0_Inaccessible_NA_NA,(IUCN 2025) core source_claim,Zenaida graysoni,1,J. E. Martínez-Gómez in litt. 1999,0,Not relevant,Inaccessible,"",no,2019
Zenaida graysoni (IUCN 2025) core source_claim,J. E. Martínez-Gómez in litt. 2000_EXCLUDE_0_Inaccessible_NA_NA,(IUCN 2025) core source_claim,Zenaida graysoni,1,J. E. Martínez-Gómez in litt. 2000,0,Not relevant,Inaccessible,"",no,2019
Zenaida graysoni (Medina et al. 2011) core source_claim,(Jehl & Parkes 1983)_INCLUDE_NA_Population not in support_yes_no,(Medina et al. 2011) core source_claim,Zenaida graysoni,1,(Jehl & Parkes 1983),"",No,Population not in support with data,yes,no,2009
Zenaida graysoni (Medina et al. 2011) core source_claim,(Martınez-Gomez et al. 2001)_INCLUDE_NA_Population not in support_yes_no,(Medina et al. 2011) core source_claim,Zenaida graysoni,1,(Martınez-Gomez et al. 2001),"",No,Population not in support with data,yes,no,2009
Zenaida graysoni Web of Science_Systematic external review,(Jehl & Parkes 1983)_INCLUDE_NA_Population not in support_yes_no,Web of Science_Systematic external review,Zenaida graysoni,1,(Jehl & Parkes 1983),"",No,Population not in support with data,yes,no,2025
Zenaida graysoni Web of Science_Systematic external review,(Martınez-Gomez et al. 2001)_INCLUDE_NA_Population not in support_yes_no,Web of Science_Systematic external review,Zenaida graysoni,1,(Martınez-Gomez et al. 2001),"",No,Population not in support with data,yes,no,2025
Zoothera terrestris (Doherty et al. 2016) core source_claim,(Greenway 1967)_EXCLUDE_0_Inaccessible_NA_NA,(Doherty et al. 2016) core source_claim,Zoothera terrestris,1,(Greenway 1967),0,Not relevant,Inaccessible,"",no,2014
Zoothera terrestris (Doherty et al. 2016) core source_claim,NOTHING_EXCLUDE_NA_No citation given_NA_NA Zoothera terrestris,(Doherty et al. 2016) core source_claim,Zoothera terrestris,3,NOTHING NA Zoothera terrestris,"",Not relevant,No citation given,"",no,2014
Zoothera terrestris (Hume 2017) core source_claim,NOTHING_EXCLUDE_NA_No citation given_NA_NA Zoothera terrestris,(Hume 2017) core source_claim,Zoothera terrestris,1,NOTHING NA Zoothera terrestris,"",Not relevant,No citation given,"",no,2016
Zoothera terrestris (IUCN 2025) core source_claim,(Greenway 1967)_EXCLUDE_0_Inaccessible_NA_NA,(IUCN 2025) core source_claim,Zoothera terrestris,1,(Greenway 1967),0,Not relevant,Inaccessible,"",no,2022
Zoothera terrestris (IUCN 2025) core source_claim,NOTHING_EXCLUDE_NA_No citation given_NA_NA Zoothera terrestris,(IUCN 2025) core source_claim,Zoothera terrestris,2,NOTHING NA Zoothera terrestris,"",Not relevant,No citation given,"",no,2022
Zoothera terrestris (Medina et al. 2011) core source_claim,(Flannery 2001)_EXCLUDE_0_Inaccessible_NA_NA,(Medina et al. 2011) core source_claim,Zoothera terrestris,1,(Flannery 2001),0,Not relevant,Inaccessible,"",no,2009
Zoothera turipavae (Doherty et al. 2016) core source_claim,NOTHING_EXCLUDE_NA_No citation given_NA_NA Zoothera turipavae,(Doherty et al. 2016) core source_claim,Zoothera turipavae,2,NOTHING NA Zoothera turipavae,"",Not relevant,No citation given,"",no,2014
Zoothera turipavae (IUCN 2025) core source_claim,NOTHING_EXCLUDE_NA_No citation given_NA_NA Zoothera turipavae,(IUCN 2025) core source_claim,Zoothera turipavae,1,NOTHING NA Zoothera turipavae,"",Not relevant,No citation given,"",no,2023
Zoothera turipavae (Medina et al. 2011) core source_claim,(BirdLife International 2000)_EXCLUDE_0_Inaccessible_NA_NA,(Medina et al. 2011) core source_claim,Zoothera turipavae,1,(BirdLife International 2000),0,Not relevant,Inaccessible,"",no,2009
Zosterops albogularis (Doherty et al. 2016) core source_claim,(Dutson 2013)_EXCLUDE_1_Opinion claim_NA_NA,(Doherty et al. 2016) core source_claim,Zosterops albogularis,1,(Dutson 2013),"",Not relevant,Opinion claim,"",no,2014
Zosterops albogularis (Garnett & Baker 2021) core source_claim,NOTHING_EXCLUDE_NA_No citation given_NA_NA Zosterops albogularis,(Garnett & Baker 2021) core source_claim,Zosterops albogularis,1,NOTHING NA Zosterops albogularis,"",Not relevant,No citation given,"",no,2020
Zosterops albogularis (Garnett et al. 2011) core source_claim,NOTHING_EXCLUDE_NA_No citation given_NA_NA Zosterops albogularis,(Garnett et al. 2011) core source_claim,Zosterops albogularis,1,NOTHING NA Zosterops albogularis,"",Not relevant,No citation given,"",no,2010
Zosterops albogularis (IUCN 2025) core source_claim,NOTHING_EXCLUDE_NA_No citation given_NA_NA Zosterops albogularis,(IUCN 2025) core source_claim,Zosterops albogularis,2,NOTHING NA Zosterops albogularis,"",Not relevant,No citation given,"",no,2023
Zosterops albogularis Web of Science_Systematic external review,(Dutson 2013)_EXCLUDE_1_Opinion claim_NA_NA,Web of Science_Systematic external review,Zosterops albogularis,1,(Dutson 2013),"",Not relevant,Opinion claim,"",no,2025
Zosterops tenuirostris (Garnett & Baker 2021) core source_claim,(Bell 1990)_EXCLUDE_0_Inaccessible_NA_NA,(Garnett & Baker 2021) core source_claim,Zosterops tenuirostris,1,(Bell 1990),0,Not relevant,Inaccessible,"",no,2020
Zosterops tenuirostris (Garnett & Baker 2021) core source_claim,Director of National Parks unpublished_EXCLUDE_0_Inaccessible_NA_NA,(Garnett & Baker 2021) core source_claim,Zosterops tenuirostris,1,Director of National Parks unpublished,0,Not relevant,Inaccessible,"",no,2020
Zosterops tenuirostris (Garnett et al. 2011) core source_claim,(Bell 1990)_EXCLUDE_0_Inaccessible_NA_NA,(Garnett et al. 2011) core source_claim,Zosterops tenuirostris,1,(Bell 1990),0,Not relevant,Inaccessible,"",no,2010
Zosterops tenuirostris (IUCN 2025) core source_claim,(Bell 1990)_EXCLUDE_0_Inaccessible_NA_NA,(IUCN 2025) core source_claim,Zosterops tenuirostris,1,(Bell 1990),0,Not relevant,Inaccessible,"",no,2020
Zosterops tenuirostris (IUCN 2025) core source_claim,Director of National Parks unpublished_EXCLUDE_0_Inaccessible_NA_NA,(IUCN 2025) core source_claim,Zosterops tenuirostris,2,Director of National Parks unpublished,0,Not relevant,Inaccessible,"",no,2020
Zyzomys maini (IUCN 2025) core source_claim,NOTHING_EXCLUDE_NA_No citation given_NA_NA Zyzomys maini,(IUCN 2025) core source_claim,Zyzomys maini,2,NOTHING NA Zyzomys maini,"",Not relevant,No citation given,"",no,2014
Zyzomys maini (Wallach & Lundgren 2025)_external review without claim,(Stobo-Wilson et al. 2020)_INCLUDE_NA_Population in support_yes_yes,(Wallach & Lundgren 2025)_external review without claim,Zyzomys maini,1,(Stobo-Wilson et al. 2020),"",Yes,Population in support with data of quality,yes,yes,2022
Zyzomys maini (Woinarski et al. 2014) core source_claim,NOTHING_EXCLUDE_NA_No citation given_NA_NA Zyzomys maini,(Woinarski et al. 2014) core source_claim,Zyzomys maini,1,NOTHING NA Zyzomys maini,"",Not relevant,No citation given,"",no,2013
Zyzomys palatalis (Doherty et al. 2016) core source_claim,NOTHING_EXCLUDE_NA_No citation given_NA_NA Zyzomys palatalis,(Doherty et al. 2016) core source_claim,Zyzomys palatalis,2,NOTHING NA Zyzomys palatalis,"",Not relevant,No citation given,"",no,2014
Zyzomys palatalis (IUCN 2025) core source_claim,(Puckey et al. 2023)_EXCLUDE_0_Opinion claim_NA_NA,(IUCN 2025) core source_claim,Zyzomys palatalis,1,(Puckey et al. 2023),"",Not relevant,Opinion claim,"",no,2014
Zyzomys palatalis (IUCN 2025) core source_claim,NOTHING_EXCLUDE_NA_No citation given_NA_NA Zyzomys palatalis,(IUCN 2025) core source_claim,Zyzomys palatalis,2,NOTHING NA Zyzomys palatalis,"",Not relevant,No citation given,"",no,2014
Zyzomys palatalis (Woinarski et al. 2014) core source_claim,NOTHING_EXCLUDE_NA_No citation given_NA_NA Zyzomys palatalis,(Woinarski et al. 2014) core source_claim,Zyzomys palatalis,1,NOTHING NA Zyzomys palatalis,"",Not relevant,No citation given,"",no,2013
Zyzomys pedunculatus (Dickman 1996b) core source_claim,NOTHING_EXCLUDE_NA_No citation given_NA_NA Zyzomys pedunculatus,(Dickman 1996b) core source_claim,Zyzomys pedunculatus,1,NOTHING NA Zyzomys pedunculatus,"",Not relevant,No citation given,"",no,1994
Zyzomys pedunculatus (Wallach & Lundgren 2025)_external review without claim,(McDonald et al. 2014)_INCLUDE_NA_Predation in support_no_no,(Wallach & Lundgren 2025)_external review without claim,Zyzomys pedunculatus,1,(McDonald et al. 2014),"",Yes,Predation in support without data,no,no,2022
Zyzomys pedunculatus (Woinarski et al. 2014) core source_claim,NOTHING_EXCLUDE_NA_No citation given_NA_NA Zyzomys pedunculatus,(Woinarski et al. 2014) core source_claim,Zyzomys pedunculatus,1,NOTHING NA Zyzomys pedunculatus,"",Not relevant,No citation given,"",no,2013
Zyzomys pedunculatus Opportunistic_Systematic external review,(Geyle et al. 2018)_EXCLUDE_1_No claim_NA_NA,Opportunistic_Systematic external review,Zyzomys pedunculatus,1,(Geyle et al. 2018),"",Not relevant,No claim,"",no,2025
Zyzomys pedunculatus Web of Science_Systematic external review,(Legge et al. 2018)_EXCLUDE_1_No claim_NA_NA,Web of Science_Systematic external review,Zyzomys pedunculatus,1,(Legge et al. 2018),"",Not relevant,No claim,"",no,2025
Zyzomys pedunculatus Web of Science_Systematic external review,(McDonald et al. 2016)_EXCLUDE_1_No claim_NA_NA,Web of Science_Systematic external review,Zyzomys pedunculatus,1,(McDonald et al. 2016),"",Not relevant,No claim,"",no,2025
