scientificName,value,pub_year,Note
Mimus graysoni,(Jehl & Parkes 1983),1983,
Mimus graysoni,(Jehl & Parkes 1982),1982,
Dierogekko poumensis,(Whitaker et al. 2004),2004,
Dierogekko nehoueensis,(Whitaker Consultants Limited 2002),2002,
Dierogekko inexpectatus,(Whitaker et al. 2004),2004,
Dierogekko nehoueensis,(Whitaker et al. 2004),2004,
Diomedea epomophora,(Taylor 2000),2000,
Cyclura carinata,(Iverson 1978),1978,
Cyclura collei,NOTHING,"",
Cyclura cornuta,NOTHING,"",
Cyclura lewisi,NOTHING,"",
Cyclura pinguis,NOTHING,"",
Cyclura ricordii,NOTHING,"",
Iguana delicatissima,NOTHING,"",
Megadyptes antipodes,(Darby et al. 1990),1990,
Megadyptes antipodes,(Fechney et al. 1993),1993,
Megadyptes antipodes,(Moller et al. 1995),1995,
Megadyptes antipodes,(Ratz et al. 1992),1992,
Loxioides bailleui,(Pletschet & Kelly 1990),1990,
Puffinus opisthomelas,(McChesney & Tershy 1998),1998,
Puffinus mauretanicus,(Ruiz & Martí 2004),2004,
Urosaurus auriculatus,(Arnaud et al. 1993),1993,
Procellaria parkinsoni,(Imber 1975),1975,
Lagostrophus fasciatus,(Hardman et al. 2016),2016,
Setonix brachyurus,(Christensen & Kimber 1975),1975,
Setonix brachyurus,(Hayward et al. 2004),2004,
Setonix brachyurus,(Hayward et al. 2003),2003,
Setonix brachyurus,(Bain 2015),2015,
Loxioides bailleui,(Pratt et al. 1997),1997,
Branta sandvicensis,(Hoshide et al. 1990),1990,
Branta sandvicensis,(Kear & Berger 1980),1980,
Loxioides bailleui,(Banko et al. 2009),2009,
Loxioides bailleui,(Hess et al. 2004),2004,
Loxioides bailleui,(Banko et al. 2002b),2002,
Chasiempis sandwichensis,(Sarr et al. 1998),1998,
Anas chlorotis,(Barker 1998),1998,
Anas chlorotis,(Barker 1999),1999,
Anas chlorotis,(Williams 2001),2001,
Thinornis novaeseelandiae,(Fleming 1939),1939,
Procellaria aequinoctialis,(Van Aarde 1981),1981,
Procellaria aequinoctialis,(Van Rensburg 1985),1985,
Thalassarche steadi,(Croxall & Gales 1998),1998,
Thalassarche steadi,(Taylor 2000),2000,
Thalassarche steadi,(Thompson et al. 2007),2007,
Eurostopodus nigripennis,(Guo et al. 2020),2020,
Eurostopodus nigripennis,J. Read in litt. 2016,2016,
Spheniscus mendiculus,(Barnett 1986),1986,
Spheniscus mendiculus,(Boersma 1976),1976,
Spheniscus mendiculus,(Steinfurth 2007),2007,
Spheniscus mendiculus,(Steinfurth & Merlen 2005),2005,
Sylvilagus mansuetus,(Espinosa-Gayosso & Álvarez-Castañeda 2006),2006,
Gallotia simonyi,(García Márquez et al. 1999),1999,
Diplothrix legata,(Shionosaki et al. 2015),2015,
Pentalagus furnessi,(Shionosaki et al. 2015),2015,
Chalinolobus tuberculatus,(Daniel & Williams 1984),1984,
Puffinus yelkouan,(Bonnaud et al. 2007),2007,
Puffinus yelkouan,(Tranchant et al. 2003),2003,
Diomedea exulans,(Barbraud et al. 2021),2021,
Diomedea exulans,(Barbraud et al. 2021),2021,
Diomedea exulans,(Blanchard et al. 2024),2024,
Diomedea exulans,(Blanchard et al. 2024),2024,
Pterodroma cervicalis,(Oliver 1930),1930,
Calonectris leucomelas,(Azumi et al. 2021),2021,
Procellaria aequinoctialis,(Dilley et al. 2017),2017,
Puffinus yelkouan,(Bonnaud et al. 2010b),2010,
Puffinus yelkouan,(Bonnaud et al. 2009),2009,
Pterodroma cookii,(Rayner et al. 2007),2007,
Puffinus opisthomelas,(McChesney & Tershy 1998),1998,
Synthliboramphus hypoleucus,(McChesney & Tershy 1998),1998,
Procellaria cinerea,(Newton & Fugler 1989),1989,
Calonectris leucomelas,(Oka 2019),2019,
Calonectris leucomelas,(Oka et al. 2002),2002,
Pterodroma sandwichensis,(Raine et al. 2020),2020,
Puffinus newelli,(Raine et al. 2020),2020,
Calonectris leucomelas,(Shiozaki et al. 2014),2014,
Charadrius bicinctus,(Sanders & Maloney 2002),2002,
Chlidonias albostriatus,(Sanders & Maloney 2002),2002,
Himantopus novaezelandiae,(Sanders & Maloney 2002),2002,
Procellaria aequinoctialis,(Van Rensburg 1985),1985,
Procellaria cinerea,(Newton & Fugler 1989),1989,
Antrostomus noctitherus,(Oberle 2018),2018,
Antrostomus noctitherus,(Raffaele et al. 1998),1998,
Amblyrhynchus cristatus,(Konecny 1983),1983,
Amblyrhynchus cristatus,(Laurie 1983),1983,
Didunculus strigirostris,(Becke 1908),1908,
Didunculus strigirostris,(Bennett 1862),1862,
Didunculus strigirostris,(Bennett 1863),1863,
Didunculus strigirostris,(Bennett 1864),1864,
Didunculus strigirostris,(Dorner 1872),1872,
Didunculus strigirostris,(Ramsay 1864),1864,
Didunculus strigirostris,(Whitmee 1874),1874,
Didunculus strigirostris,(Whitmee 1875),1875,
Didunculus strigirostris,(Williams 1863),1863,
Lanius ludovicianus,(Gawlik & Bildstein 1990),1990,
Lanius ludovicianus,(Gawlik & Bildstein 1990),1990,
Lanius ludovicianus,(Luukkonen 1987),1987,
Lanius ludovicianus,(Tyler 1992),1992,
Leporillus conditor,(Copley 1999a),1999,
Pseudobulweria macgillivrayi,(Watling & Lewanavanua 1985),1985,
Chalinolobus tuberculatus,(Daniel & Williams 1981),1981,
Megadyptes antipodes,(ODT 2001),2001,
Megadyptes antipodes,(Mayston 2001),2001,
Conilurus penicillatus,(Davies et al. 2017),2017,
Bettongia lesueur,(Burbidge 2001),2001,
Dasyurus geoffroii,(Burbidge 2001),2001,
Leporillus conditor,(Burbidge 2001),2001,
Parantechinus apicalis,(Burbidge 2001),2001,
Perameles bougainville,(Burbidge 2001),2001,
Pseudomys fieldi,(Burbidge 2001),2001,
Bettongia lesueur,(Burbidge & Manly 2002),2002,
Dasyurus geoffroii,(Burbidge & Manly 2002),2002,
Leporillus conditor,(Burbidge & Manly 2002),2002,
Parantechinus apicalis,(Burbidge & Manly 2002),2002,
Perameles bougainville,(Burbidge & Manly 2002),2002,
Petroica traversi,(Nilsson et al. 1994),1994,
Burramys parvus,(Mount Buller and Mount Stirling Alpine Resort Management Board 2005),2005,
Burramys parvus,(Broome & Ford 2005),2005,
Burramys parvus,(Broome 1992),1992,
Burramys parvus,(Broome et al. 2012),2012,
Burramys parvus,(Heinze et al. 2004),2004,
Burramys parvus,(Mansergh 1991),1991,
Burramys parvus,(Mansergh & Broome 1994),1994,
Burramys parvus,(Mansergh 1988),1988,
Burramys parvus,(McDougall & Broome 2007),2007,
Burramys parvus,(NSW National Parks and Wildlife Service 2002b),2002,
Burramys parvus,(Watson 2006),2006,
Parantechinus apicalis,(Baynes 1979),1979,
Dasycercus cristicauda,(Baynes 1990),1990,
Setonix brachyurus,(Burbidge & McKenzie 1989),1989,
Bettongia lesueur,(Christensen & Burrows 1995),1995,
Isoodon auratus,(Christensen & Burrows 1995),1995,
Leporillus conditor,(Copley 1994),1994,
Pseudomys australis,(Copley 1994),1994,
Phascogale tapoatafa,(Ford 1979),1979,
Myrmecobius fasciatus,(Friend 1990),1990,
Onychogalea fraenata,(Horsup & Evans 1993),1993,
Dasyurus maculatus,(Inns et al. 1979),1979,
Burramys parvus,NOTHING,"",
Chaeropus ecaudatus,NOTHING,"",
Conilurus albipes,NOTHING,"",
Dasyurus hallucatus,NOTHING,"",
Dasyurus viverrinus,NOTHING,"",
Lagostrophus fasciatus,NOTHING,"",
Macrotis lagotis,NOTHING,"",
Mesembriomys macrurus,NOTHING,"",
Notomys aquilo,NOTHING,"",
Notomys fuscus,NOTHING,"",
Ornithorhynchus anatinus,NOTHING,"",
Perameles bougainville,NOTHING,"",
Petrogale penicillata,NOTHING,"",
Potorous tridactylus,NOTHING,"",
Pseudocheirus occidentalis,NOTHING,"",
Pseudomys fieldi,NOTHING,"",
Pseudomys gouldii,NOTHING,"",
Pseudomys oralis,NOTHING,"",
Pseudomys shortridgei,NOTHING,"",
Sminthopsis butleri,NOTHING,"",
Sminthopsis douglasi,NOTHING,"",
Sminthopsis psammophila,NOTHING,"",
Xeromys myoides,NOTHING,"",
Zyzomys pedunculatus,NOTHING,"",
Petrogale lateralis,(Pearson 1992),1992,
Pseudomys novaehollandiae,(Pye 1991),1991,
Pseudomys novaehollandiae,(Pye 1991),1991,
Bettongia penicillata,(Robinson & Smyth 1976),1976,
Leporillus conditor,(Robinson 1989),1989,
Dasyurus geoffroii,(Serena et al. 1991),1991,
Phascogale tapoatafa,(Soderquist 1994),1994,
Pteropus melanotus,(Tidemann et al. 1994),1994,
Isoodon auratus,(Burbidge & Johnson 1983),1983,
Dasyurus geoffroii,(McKenzie 1984),1984,
Isoodon auratus,(McKenzie 1984),1984,
Dasyurus geoffroii,(Serena et al. 1991),1991,
Isoodon auratus,(Serena et al. 1991),1991,
Procellaria cinerea,(Dilley et al. 2017),2017,
Procellaria cinerea,(Dilley et al. 2018),2018,
Mimus graysoni,(Castellanos & Rodriguez-Estrella 1993),1993,
Anas wyvilliana,(Engilis Jr & Pratt 1993),1993,
Bavayia exsuccida,(Whitaker et al. 2005),2005,
Bavayia goroensis,(Whitaker et al. 2005),2005,
Bavayia ornata,(Whitaker et al. 2005),2005,
Dierogekko kaalaensis,(Bauer et al. 2006a),2006,
Dierogekko koniambo,(Bauer et al. 2006a),2006,
Dierogekko poumensis,(Bauer et al. 2006a),2006,
Dierogekko validiclavis,(Bauer et al. 2006a),2006,
Eurydactylodes occidentalis,(Bauer et al. 2006a),2006,
Oedodera marmorata,(Bauer et al. 2006a),2006,
Dierogekko inexpectatus,(Bauer et al. 2006b),2006,
Dierogekko nehoueensis,(Bauer et al. 2006b),2006,
Dierogekko thomaswhitei,(Bauer et al. 2006b),2006,
Reithrodontomys raviventris,(Meckstroth et al. 2007),2007,
Amazona barbadensis,(Rodríguez-Ferraro & Sanz 2007),2007,
Aphanapteryx bonasia,(Cheke 1987),1987,
Pezophaps solitaria,(Cheke 1987),1987,
Gallotia bravoana,(Valido et al. 2000),2000,
Todiramphus godeffroyi,(Autai et al. 2012),2012,
Diomedea antipodensis,(ACAP 2009a),2009,
Diomedea amsterdamensis,(ACAP 2010a),2010,
Phoebetria fusca,(ACAP 2010c),2010,
Chioninia coctei,(Andreone & Guarino 2003),2003,
Puffinus mauretanicus,(Arcos 2011),2011,
Urosaurus auriculatus,(Arnaud et al. 1993),1993,
Spheniscus humboldti,(Araya et al. 2000),2000,
Mystacina tuberculata,(Lloyd 2001),2001,
Pterodroma alba,(Gangloff et al. 2009),2009,
Lagostrophus fasciatus,(Hardman 2006),2006,
Hypotaenidia sylvestris,(Miller & Mullette 1985),1985,
Hydrobates macrodactylus,(Keitt et al. 2005),2005,
Cyclura collei,(Wilson & van Veen 2005),2005,
Gonatodes daudini,(Bentz et al. 2011),2011,
Sphaerodactylus kirbyi,(Bentz et al. 2011),2011,
Puffinus yelkouan,(Bonnaud et al. 2012),2012,
Diplothrix legata,(Bonnaud et al. 2010a),2010,
Pentalagus furnessi,(Bonnaud et al. 2010a),2010,
Sylvilagus mansuetus,(Bonnaud et al. 2010a),2010,
Traversia lyalli,(Buller & Keulemans 1905),1905,
Traversia lyalli,(Buller & Keulemans 1905),1905,
Dasyornis longirostris,(Burbidge et al. 2010),2010,
Charadrius sanctaehelenae,(Burns et al. 2013),2013,
Charadrius sanctaehelenae,(Burns et al. 2013),2013,
Chlidonias albostriatus,(O'Donnell & Hoare 2011),2011,
Falco punctatus,(Jones et al. 1995),1995,
Chelonoidis niger,(MacFarland et al. 1974a),1974,
Chelonoidis niger,(MacFarland et al. 1974a),1974,
Chelonoidis niger,(MacFarland et al. 1974b),1974,
Diomedea sanfordi,(Robertson 2001),2001,
Sylvilagus mansuetus,(Lorenzo et al. 2011),2011,
Isoodon auratus,(Palmer et al. 2003),2003,
Pterodroma cervicalis,(Veitch et al. 2004),2004,
Falco punctatus,(Cade & Jones 1993),1993,
Geocapromys thoracatus,(Clough 1976),1976,
Didunculus strigirostris,(Collar 2015),2015,
Leporillus conditor,(Copley 1999a),1999,
Pterodroma sandwichensis,(Duffy & Capece 2014),2014,
Todiramphus gambieri,(Kesler et al. 2012),2012,
Charadrius obscurus,(Wills et al. 2003),2003,
Charadrius obscurus,(Wills et al. 2003),2003,
Pteropus melanotus,(James et al. 2007),2007,
Pseudobulweria macgillivrayi,(Priddel et al. 2008),2008,
Leipoa ocellata,(Priddel & Wheeler 1996),1996,
Leipoa ocellata,(Priddel & Wheeler 1997),1997,
Leipoa ocellata,(Priddel & Wheeler 1994),1994,
Megadyptes antipodes,(Darby et al. 1990),1990,
Megadyptes antipodes,(Darby et al. 1990),1990,
Megadyptes antipodes,(Darby et al. 1990),1990,
Megadyptes antipodes,(Darby et al. 1990),1990,
Megadyptes antipodes,(Darby et al. 1990),1990,
Megadyptes antipodes,(Darby et al. 1990),1990,
Megadyptes antipodes,(Darby et al. 1990),1990,
Puffinus newelli,(Day et al. 2003),2003,
Spheniscus mendiculus,(Deem et al. 2010),2010,
Petroica traversi,(Conservation 2001a),2001,
Pterodroma magentae,(Conservation 2001b),2001,
Dasyornis longirostris,(Wildlife 2014),2014,
Atrichornis clamosus,(Wildlife 2014),2014,
Xeromys myoides,(Management 2010),2010,
Coenocorypha pusilla,(Dowding & Murphy 2001),2001,
Coenocorypha pusilla,(Dowding & Murphy 2001),2001,
Haematopus chathamensis,(Dowding & Murphy 2001),2001,
Thinornis novaeseelandiae,(Dowding & Murphy 2001),2001,
Zosterops albogularis,(Dutson 2013),2013,
Puffinus yelkouan,(Bonnaud et al. 2010b),2010,
Puffinus yelkouan,(Bonnaud et al. 2009),2009,
Branta sandvicensis,(Rave et al. 2005),2005,
Peromyscus guardia,(Mellink et al. 2002),2002,
Petroica traversi,(Kennedy 2009),2009,
Amazona vittata,(Engeman et al. 2006),2006,
Chioninia coctei,(Andreone & Gavetti 1998),1998,
Pterodroma phaeopygia,(Cruz-Delgado et al. 2010),2010,
Antrostomus noctitherus,(Vilella 1995),1995,
Pterodroma baraui,(Faulquier et al. 2009),2009,
Onychogalea fraenata,(Fisher et al. 2001),2001,
Myrmecobius fasciatus,(Friend & Thomas 1994),1994,
Myrmecobius fasciatus,(Friend 1990),1990,
Diomedea epomophora,(Taylor 2000),2000,
Eudyptes pachyrhynchus,(Taylor 2000),2000,
Megadyptes antipodes,(Taylor 2000),2000,
Phalacrocorax featherstoni,(Taylor 2000),2000,
Procellaria westlandica,(Taylor 2000),2000,
Pterodroma axillaris,(Taylor 2000),2000,
Pterodroma cervicalis,(Taylor 2000),2000,
Pterodroma magentae,(Taylor 2000),2000,
Sternula nereis,(Taylor 2000),2000,
Nestor notabilis,(Elliott & Kemp 2004),2004,
Hypotaenidia owstoni,(Witteman et al. 1990),1990,
Traversia lyalli,(Galbreath & Brown 2004),2004,
Traversia lyalli,(Galbreath & Brown 2004),2004,
Brachylophus bulabula,(Gibbons 1984),1984,
Brachylophus fasciatus,(Gibbons 1984),1984,
Brachylophus vitiensis,(Gibbons 1984),1984,
Apteryx australis,(Gillies et al. 2003),2003,
Apteryx australis,(Gillies et al. 2003),2003,
Apteryx mantelli,(Gillies et al. 2003),2003,
Notomys fuscus,(Gordon et al. 2015),2015,
Hemiphaga chathamensis,(Grant et al. 1997),1997,
Anas eatoni,(Green 1992),1992,
Anthornis melanocephala,(Greenway 1967),1967,
Turnagra tanagra,(Greenway 1967),1967,
Zoothera terrestris,(Greenway 1967),1967,
Synthliboramphus wumizusume,(Hasegawa et al. 2002),2002,
Megadyptes antipodes,(Ratz & Murphy 1999),1999,
Sephanoides fernandensis,(Hahn & Römer 2002),2002,
Aphrastura masafuerae,(Hahn & Römer 2002),2002,
Aphrastura masafuerae,(Hahn et al. 2004),2004,
Spondylurus monae,(Hedges & Conn 2012),2012,
Gallotia intermedia,(Efraín et al. 2000),2000,
Pterodroma longirostris,(Hodum & Wainstein 2003),2003,
Branta sandvicensis,(Hoshide et al. 1990),1990,
Nesoenas duboisi,(Hume 2011),2011,
Rhynochetos jubatus,(Hunt 1997),1997,
Cyclura carinata,(Iverson 1978),1978,
Hymenolaimus malacorhynchos,(Adams et al. 1997),1997,
Pterodroma phaeopygia,(Cruz & Cruz 1987),1987,
Pterodroma phaeopygia,(Cruz & Cruz 1996),1996,
Leipoa ocellata,(Benshemesh 2007),2007,
Notomys aquilo,(Woinarski 2004),2004,
Notomys fuscus,(Woinarski 2004),2004,
Pseudantechinus mimulus,(Woinarski 2004),2004,
Sminthopsis butleri,(Woinarski 2004),2004,
Potorous gilbertii,(Courtenay & Friend 2004),2004,
Charadrius obscurus,(Dowding & Davis 2007),2007,
Charadrius obscurus,(Dowding & Murphy 1993),1993,
Charadrius obscurus,(Dowding 1999),1999,
Coleura seychellensis,(Gerlach 2011),2011,
Pelecanoides garnotii,(Jahncke & Goya 1998),1998,
Anas aucklandica,(Kear & Williams 1978),1978,
Aegotheles savesi,(Ekstrom et al. 2002),2002,
Gallirallus lafresnayanus,(Ekstrom et al. 2002),2002,
Gymnomyza aubryana,(Ekstrom et al. 2002),2002,
Rhynochetos jubatus,(Ekstrom et al. 2002),2002,
Chlidonias albostriatus,(Monks et al. 2013),2013,
Pterodroma cahow,(Madeiros et al. 2012),2012,
Setonix brachyurus,(Short et al. 1992),1992,
Oligosoma otagense,(Reardon et al. 2012),2012,
Ptilinopus huttoni,(Thibault & Varney 1991),1991,
Lagostrophus fasciatus,(Morris 2000),2000,
Sternula nereis,(Hansen 2006),2006,
Megapodius nicobariensis,(Sivakumar 2010),2010,
Burramys parvus,(Watson 2006),2006,
Synthliboramphus hypoleucus,(Keitt 2005),2005,
Synthliboramphus scrippsi,(Keitt 2005),2005,
Pterodroma externa,(Brooke 1987b),1987,
Pterodroma longirostris,(Brooke 1987b),1987,
Synthliboramphus craveri,(DeWeese & Anderson 1976),1976,
Corvus kubaryi,(Zarones et al. 2015),2015,
Anas chlorotis,(Alley et al. 2007),2007,
Phalacrocorax featherstoni,(Bell & Bell 2000b),2000,
Pterodroma cookii,(Imber et al. 2003),2003,
Pterodroma cookii,(Rayner et al. 2008),2008,
Pterodroma cookii,(Rayner et al. 2007),2007,
Macrotis lagotis,(Rich et al. 2014),2014,
Crocidura trichura,(Schulz 2004),2004,
Didunculus strigirostris,(MNRE 2006),2006,
Numenius tahitiensis,(Marks & Redmond 1994),1994,
Mimus graysoni,(Martínez-Gómez & Curry 1996),1996,
Mimus graysoni,(Martınez-Gomez et al. 2001),2001,
Puffinus auricularis,(Martınez-Gomez & Jacobsen 2004),2004,
Megadyptes antipodes,(Massaro & Blair 2003),2003,
Synthliboramphus hypoleucus,(McChesney & Tershy 1998),1998,
Apteryx australis,(McLennan et al. 2004),2004,
Apteryx mantelli,(McLennan et al. 2004),2004,
Apteryx australis,(McLennan et al. 1996),1996,
Apteryx mantelli,(McLennan et al. 1996),1996,
Gallotia bravoana,(Medina & Nogales 2009),2009,
Gallotia simonyi,(Medina & Nogales 2009),2009,
Cyclura carinata,(Mitchell et al. 2002),2002,
Tupaia nicobarica,(Molur et al. 2005),2005,
Macrotis lagotis,(Moseby et al. 2015),2015,
Macrotis lagotis,(Moseby et al. 2015),2015,
Macrotis lagotis,(Moseby et al. 2015),2015,
Leporillus conditor,(Moseby et al. 2011),2011,
Macrotis lagotis,(Moseby et al. 2011),2011,
Pterodroma sandwichensis,(Carlile et al. 2003),2003,
Charadrius sanctaehelenae,(McCulloch 1991),1991,
Fregata aquila,(Ashmole et al. 1994),1994,
Burramys parvus,(NSW National Parks and Wildlife Service 2002b),2002,
Pterodroma sandwichensis,(Hodges & Nagata Sr 2001),2001,
Pterodroma sandwichensis,(Hodges & Nagata Sr 2001),2001,
Anas chlorotis,(O'Connor et al. 2007),2007,
Dasyurus hallucatus,(Oakwood 2000),2000,
Dasyornis brachypterus,(Office of Environment & Heritage 2012),2012,
Charadrius sanctaehelenae,(Oppel et al. 2014),2014,
Neophema chrysogaster,(Orange Bellied Parrot Recovery Team 2006),2006,
Anas chlorotis,(O’Donnell et al. 2015),2015,
Cabalus modestus,(O’Donnell et al. 2015),2015,
Chlidonias albostriatus,(O’Donnell et al. 2010),2010,
Loxioides bailleui,(Banko et al. 2002b),2002,
Crocidura trichura,(Meek 2000),2000,
Isoodon auratus,(Montague 1914),1914,
Anarhynchus frontalis,(Battley & Moore 2004),2004,
Anas aucklandica,(Moore & Walker 1991),1991,
Haematopus chathamensis,(Moore 2008),2008,
Haematopus chathamensis,(Moore 2009),2009,
Chilabothrus monensis,(Tolson 1988),1988,
Setonix brachyurus,(De Tores et al. 2007),2007,
Mimus trifasciatus,(Grant et al. 2000),2000,
Brachylophus vitiensis,(Harlow et al. 2007),2007,
Dierogekko inexpectatus,(Skipwith et al. 2014),2014,
Macrotis lagotis,(Paltridge 2002),2002,
Pseudomys australis,(Pavey et al. 2014),2014,
Pseudomys australis,(Pavey et al. 2014),2014,
Pseudomys australis,(Pavey et al. 2008b),2008,
Loxioides bailleui,(Pletschet & Kelly 1990),1990,
Loxioides bailleui,(Pletschet & Kelly 1990),1990,
Loxioides bailleui,(Pletschet & Kelly 1990),1990,
Loxioides bailleui,(Pletschet & Kelly 1990),1990,
Dasyurus hallucatus,(Pollock 1999),1999,
Loxioides bailleui,(Pratt et al. 1997),1997,
Loxioides bailleui,(Pratt et al. 1997),1997,
Chilabothrus subflavus,(Mittermeier 1972),1972,
Alsophis rufiventris,(Sajdak & Henderson 1991),1991,
Leiocephalus eremitus,(Honegger 1981),1981,
Chlidonias albostriatus,(Keedwell et al. 2002a),2002,
Prosobonia cancellata,(Pierce & Blanvillain 2004),2004,
Prosobonia parvirostris,(Pierce & Blanvillain 2004),2004,
Himantopus novaezelandiae,(Pierce 1986),1986,
Mimus trifasciatus,(Curry 1986),1986,
Cyclura cornuta,(Powell et al. 2000),2000,
Caribicus warreni,(Powell & Henderson 2003),2003,
Pseudomys australis,(Read & Cunningham 2010),2010,
Perameles bougainville,(Richards 2012b),2012,
Perameles bougainville,(Richards & Short 2003),2003,
Anas chlorotis,(Rickett 2010),2010,
Apteryx mantelli,(Robertson et al. 2011),2011,
Phalacrocorax nigrogularis,(Muzaffar et al. 2013),2013,
Loxioides bailleui,(Hess & Banko 2006),2006,
Sminthopsis psammophila,(Churchill 2001),2001,
Eudyptes pachyrhynchus,(Ellis et al. 1998),1998,
Spheniscus mendiculus,(Ellis et al. 1998),1998,
Pterodroma sandwichensis,(Judge et al. 2012),2012,
Sternula nereis,(Ferreira et al. 2005),2005,
Mus mayori,(Molur et al. 2005),2005,
Melamprosops phaeosoma,(Mountainspring et al. 1990),1990,
Puffinus yelkouan,(Oppel et al. 2011),2011,
Peromyscus caniceps,(Alvarez-Castañeda et al. 1998),1998,
Peromyscus pseudocrinitus,(Alvarez-Castañeda 1998),1998,
Peromyscus sejugis,(Alvarez-Castañeda 2001),2001,
Chlidonias albostriatus,(Sanders & Maloney 2002),2002,
Himantopus novaezelandiae,(Sanders & Maloney 2002),2002,
Mystacina tuberculata,(Scrimgeour et al. 2012),2012,
Pomarea mendozae,(Seitre 1992),1992,
Diplothrix legata,(Shionosaki et al. 2015),2015,
Tokudaia osimensis,(Shionosaki et al. 2015),2015,
Spheniscus mendiculus,(Steinfurth 2007),2007,
Pentalagus furnessi,(Sugimura et al. 2000),2000,
Pentalagus furnessi,(Sugimura et al. 2000),2000,
Hymenolaimus malacorhynchos,(Holmes & Caskey 2001),2001,
Pterodroma sandwichensis,(Simons 1983),1983,
Pterodroma sandwichensis,(Simons 1984),1984,
Pterodroma sandwichensis,(Simons 1985),1985,
Sternula nereis,(Wilson & Hansen 2005),2005,
Microgoura meeki,(Tennent 2009),2009,
Diomedea amsterdamensis,(Thiebot et al. 2014),2014,
Ducula galeata,(Thorsen et al. 2002),2002,
Oligosoma otagense,(Tocher 2006),2006,
Xeromys myoides,(Traill et al. 2011),2011,
Branta sandvicensis,(USFWS 2004),2004,
Spheniscus humboldti,(UNEP World Conservation Monitoring Centre 2004),2004,
Thamnophis gigas,(USFWS 1993),1993,
Pterodroma cahow,(USFWS 2013b),2013,
Anas wyvilliana,(USFWS 2005),2005,
Fulica alai,(USFWS 2005),2005,
Megapodius laperouse,(USFWS 1998a),1998,
Corvus hawaiiensis,(USFWS 2009),2009,
Podarcis lilfordi,(Mellado et al. 1997),1997,
Procellaria aequinoctialis,(Van Rensburg & Bester 1988),1988,
Petroica traversi,(Veitch 1985),1985,
Peromyscus guardia,(Vázquez-Domínguez et al. 2004),2004,
Thinornis cucullatus,(Weston 2003),2003,
Larus fuliginosus,(Wiedenfeld & Jiménez-Uzcátegui 2008),2008,
Phascogale pirata,(Woinarski et al. 2011a),2011,
Phascogale pirata,(Woinarski et al. 2011a),2011,
Tokudaia muenninki,(Yamada et al. 2010),2010,
Pterodroma madeira,(Zino et al. 2001),2001,
Onychogalea fraenata,(Augusteyn et al. 2022),2022,
Setonix brachyurus,(Bain 2015),2015,
Bettongia lesueur,(Christensen & Burrows 1995),1995,
Dasyurus hallucatus,(Cowan et al. 2020),2020,
Dasyurus hallucatus,(Cowan et al. 2020),2020,
Onychogalea fraenata,(Fisher 1999),1999,
Onychogalea fraenata,(Fisher et al. 2001),2001,
Myrmecobius fasciatus,(Friend & Thomas 1994),1994,
Dasyurus geoffroii,(Glen et al. 2010),2010,
Lagostrophus fasciatus,(Hardman et al. 2016),2016,
Setonix brachyurus,(Hayward et al. 2005),2005,
Onychogalea fraenata,(Horsup & Evans 1993),1993,
Sminthopsis douglasi,(Kutt 2003),2003,
Sminthopsis douglasi,(Kutt 2011),2011,
Sminthopsis douglasi,(Kutt & Kitchener 2012),2012,
Sminthopsis douglasi,(Kutt & Kitchener 2012),2012,
Dasycercus cristicauda,(Mahon 1999),1999,
Bettongia penicillata,(Marlow et al. 2015a),2015,
Bettongia penicillata,(Marlow et al. 2015a),2015,
Bettongia penicillata,(Marlow et al. 2015a),2015,
Bettongia penicillata,(Marlow et al. 2015a),2015,
Sminthopsis douglasi,(Mifsud & Woolley 2012),2012,
Bettongia lesueur,(Moseby et al. 2018),2018,
Bettongia lesueur,(Moseby et al. 2019),2019,
Macrotis lagotis,(Moseby et al. 2015),2015,
Bettongia lesueur,(Moyses et al. 2020),2020,
Macrotis lagotis,(Murphy et al. 2019),2019,
Dasyurus hallucatus,(Oakwood 2000),2000,
Dasycercus cristicauda,(Paltridge 2002),2002,
Macrotis lagotis,(Paltridge 2002),2002,
Petrogale lateralis,(Paltridge et al. 1997),1997,
Dasycercus cristicauda,(Paltridge 2005),2005,
Dasyurus hallucatus,(Peacock & Abbott 2014),2014,
Dasycercus cristicauda,(Pedler et al. 2016),2016,
Dasyurus hallucatus,(Pollock 1999),1999,
Phascogale tapoatafa,(Soderquist & Serena 1994),1994,
Dasyurus hallucatus,(Stokeld et al. 2018),2018,
Pteropus melanotus,(Tidemann et al. 1994),1994,
Dasycercus cristicauda,(Vernes et al. 2021b),2021,
Haematopus chathamensis,(Collar et al. 1994),1994,
Coenocorypha pusilla,(Higgins & Davies 1996),1996,
Coenocorypha barrierensis,(Miskelly 1988),1988,
Coenocorypha barrierensis,(Miskelly 1988),1988,
Coenocorypha aucklandica,(Miskelly 1987),1987,
Coenocorypha aucklandica,(Miskelly 1987),1987,
Coenocorypha aucklandica,(Miskelly 1987),1987,
Coenocorypha aucklandica,(Miskelly 1987),1987,
Coenocorypha pusilla,(Miskelly 1987),1987,
Coenocorypha aucklandica,(Veitch 1985),1985,
Thinornis novaeseelandiae,(Fleming 1939),1939,
Procellaria parkinsoni,(Bell 2013),2013,
Traversia lyalli,(Fuller 2001),2001,
Pteropus melanotus,(Tidemann et al. 1994),1994,
Peromyscus guardia,(Vázquez-Domínguez et al. 2004),2004,
Corvus kubaryi,(Zarones et al. 2015),2015,
Salanoia concolor,(Farris et al. 2016),2016,
Anas chlorotis,(Barker 1999),1999,
Anas chlorotis,(Barker 1999),1999,
Anas chlorotis,"D. Barker, pers. Comm.",.,
Anas chlorotis,"D. Barker, pers. comm.",.,
Gallotia intermedia,(Ginovés et al. 2005),2005,
Megadyptes antipodes,(Darby et al. 1990),1990,
Diomedea epomophora,(Taylor 1986),1986,
Traversia lyalli,(Holdaway 1996),1996,
Traversia lyalli,(Hutton 1904),1904,
Traversia lyalli,(Medway 1972),1972,
Traversia lyalli,(Thomson 1992),1992,
Traversia lyalli,(Worthy & Holdaway 2002),2002,
Pezoporus occidentalis,(Ashby 1924),1924,
Zosterops tenuirostris,(Bell 1990),1990,
Dasyornis longirostris,(Burbidge et al. 2010),2010,
Atrichornis clamosus,(Comer & Danks 2000),2000,
Atrichornis clamosus,(Danks 1997),1997,
Dasyornis longirostris,(Gilfillan et al. 2009),2009,
Dasyornis brachypterus,(Lindenmayer et al. 2009),2009,
Turnix melanogaster,(Mathieson & Smith 2009b),2009,
Diomedea antipodensis,NOTHING,"",
Diomedea epomophora,NOTHING,"",
Diomedea exulans,NOTHING,"",
Leipoa ocellata,NOTHING,"",
Petroica multicolor,NOTHING,"",
Phoebetria fusca,NOTHING,"",
Phoebetria palpebrata,NOTHING,"",
Sterna striata,NOTHING,"",
Thalassarche steadi,NOTHING,"",
Turnix olivii,NOTHING,"",
Zosterops albogularis,NOTHING,"",
Elanus scriptus,(Pavey et al. 2008b),2008,
Elanus scriptus,(Pavey et al. 2008a),2008,
Procellaria cinerea,(Rounsevell & Brothers 1984),1984,
Pseudobulweria rostrata,(Villard et al. 2006),2006,
Pezoporus occidentalis,(Whitlock 1924),1924,
Thinornis cucullatus,(Baird & Dann 2003),2003,
Petroica multicolor,(Bell 1990),1990,
Zosterops tenuirostris,(Bell 1990),1990,
Thalassarche steadi,(BirdLife International 2018),2018,
Dasyornis longirostris,(Burbidge et al. 2010),2010,
Pterodroma cervicalis,(Veitch et al. 2004),2004,
Atrichornis clamosus,(Comer & Danks 2000),2000,
Atrichornis clamosus,(Danks 1997),1997,
Petroica multicolor,Director of National Parks unpublished,"",
Zosterops tenuirostris,Director of National Parks unpublished,"",
Procellaria parkinsoni,(Bell et al. 2018),2018,
Dasyornis longirostris,(Gilfillan et al. 2009),2009,
Thinornis cucullatus,(Hanisch 1998),1998,
Dasyornis brachypterus,(Lindenmayer et al. 2009),2009,
Thinornis cucullatus,(Maguire et al. 2013),2013,
Dasyornis brachypterus,N Dexter unpublished,"",
Botaurus poiciloptilus,NOTHING,"",
Diomedea antipodensis,NOTHING,"",
Leipoa ocellata,NOTHING,"",
Neophema chrysogaster,NOTHING,"",
Procellaria aequinoctialis,NOTHING,"",
Procellaria parkinsoni,NOTHING,"",
Pterodroma leucoptera,NOTHING,"",
Sterna striata,NOTHING,"",
Sternula nereis,NOTHING,"",
Zosterops albogularis,NOTHING,"",
Amytornis woodwardi,(National Environmental Science Program Threatened Species Research Hub 2019),2019,
Pseudobulweria rostrata,(Palmas et al. 2017),2017,
Elanus scriptus,(Pavey et al. 2008b),2008,
Elanus scriptus,(Pavey et al. 2008a),2008,
Falco hypoleucos,(Schoenjahn et al. 2020),2020,
Amytornis dorotheae,(Threatened Species Scientific Committee 2016a),2016,
Thinornis cucullatus,(Weston 2003),2003,
Turnix olivii,(White 1922),1922,
Dasyornis brachypterus,(Woinarski et al. 2017),2017,
Conolophus subcristatus,(Cayot 2008),2008,
Conolophus subcristatus,(Woram 1991),1991,
Cyclura carinata,(Iverson 1979),1979,
Melopyrrha grandis,(Olson 1984),1984,
Dasyurus geoffroii,(Glen et al. 2010),2010,
Dasyurus geoffroii,(Mathew 1996),1996,
Dasyurus geoffroii,(Morris et al. 2003),2003,
Aphrastura masafuerae,(Hahn et al. 2004),2004,
Aphrastura masafuerae,(Tomasevic et al. 2010),2010,
Hemiphaga chathamensis,(Powlesland et al. 1994),1994,
Anas eatoni,(Stahl et al. 1984),1984,
Puffinus newelli,(Ainley et al. 2001),2001,
Puffinus newelli,(Ainley et al. 1995),1995,
Procellaria parkinsoni,(Bell et al. 2007),2007,
Procellaria aequinoctialis,(Cooper et al. 1995),1995,
Puffinus yelkouan,(Bonnaud et al. 2009),2009,
Procellaria parkinsoni,(Imber 1987),1987,
Pterodroma phaeopygia,(Cruz & Cruz 1987),1987,
Puffinus opisthomelas,(Keitt et al. 2002),2002,
Pterodroma cookii,(Imber et al. 2003),2003,
Pterodroma sandwichensis,(Hodges & Nagata Sr 2001),2001,
Pterodroma sandwichensis,(Hodges & Nagata Sr 2001),2001,
Procellaria cinerea,(Newton & Fugler 1989),1989,
Puffinus mauretanicus,(Oro et al. 2004),2004,
Pterodroma sandwichensis,(Simons 1985),1985,
Puffinus newelli,(Telfer 1986),1986,
Procellaria westlandica,(Cooper et al. 2006),2006,
Charadrius bicinctus,(Gunby et al. 2025),2025,
Eurostopodus nigripennis,(BirdLife International 2023),2023,
Eurostopodus nigripennis,(Read 2013),2013,
Lanius ludovicianus,(Biteman et al. 2015),2015,
Megadyptes antipodes,(Darby et al. 1990),1990,
Megadyptes antipodes,(Conservation 1991),1991,
Megadyptes antipodes,(Moller et al. 1995),1995,
Anairetes fernandezianus,(Brooke 1987a),1987,
Hydrobates macrodactylus,(Anthony 1925),1925,
Puffinus opisthomelas,(McChesney & Tershy 1998),1998,
Cyclura carinata,(Iverson 1978),1978,
Ptychoramphus aleuticus,(Nogales et al. 2004),2004,
Puffinus opisthomelas,(Nogales et al. 2004),2004,
Phoebastria immutabilis,(Young et al. 2013),2013,
Wyulda squamicaudata,(Woinarski et al. 2011b),2011,
Philoria frosti,(Malone 1985),1985,
Apteryx mantelli,(McLennan et al. 2004),2004,
Apteryx mantelli,(Robertson et al. 2011),2011,
Traversia lyalli,(Buller & Keulemans 1905),1905,
Traversia lyalli,(Buller & Keulemans 1905),1905,
Aphanapteryx bonasia,(Cheke & Hume 2008),2008,
Traversia lyalli,Galbreath 1989,1989,
Traversia lyalli,(Galbreath & Brown 2004),2004,
Traversia lyalli,(Galbreath & Brown 2004),2004,
Ptilinopus mercierii,(Gibbs et al. 2001),2001,
Gallirallus lafresnayanus,(Greenway 1967),1967,
Pareudiastes pacificus,(Greenway 1967),1967,
Acrocephalus longirostris,NOTHING,"",
Acrocephalus yamashinae,NOTHING,"",
Alopochen mauritiana,NOTHING,"",
Anthornis melanocephala,NOTHING,"",
Cabalus modestus,NOTHING,"",
Carpodacus ferreorostris,NOTHING,"",
Coturnix novaezelandiae,NOTHING,"",
Dryolimnas augusti,NOTHING,"",
Hypotaenidia pacifica,NOTHING,"",
Hypotaenidia poeciloptera,NOTHING,"",
Mascarenotus murivorus,NOTHING,"",
Melamprosops phaeosoma,NOTHING,"",
Mergus australis,NOTHING,"",
Microgoura meeki,NOTHING,"",
Mundia elpenor,NOTHING,"",
Necropsittacus rodricanus,NOTHING,"",
Nesoenas duboisi,NOTHING,"",
Nyctanassa carcinocatactes,NOTHING,"",
Nycticorax mauritianus,NOTHING,"",
Nycticorax megacephalus,NOTHING,"",
Pareudiastes silvestris,NOTHING,"",
Pomarea fluxa,NOTHING,"",
Sephanoides fernandensis,NOTHING,"",
Threskiornis solitarius,NOTHING,"",
Toxostoma guttatum,NOTHING,"",
Turnagra tanagra,NOTHING,"",
Zapornia sandwichensis,NOTHING,"",
Zoothera terrestris,NOTHING,"",
Dysmorodrepanis munroi,(Perkins 1919),1919,
Traversia lyalli,(Rothschild 1894),1894,
Poodytes rufescens,(Rothschild 1907),1907,
Traversia lyalli,Travers in Medway 2004a,2004,
Coenocorypha barrierensis,(Turbott 1990),1990,
Anolis brunneus,A. Buckner pers. comm. 2015,2015,
Bettongia lesueur,A. Burbidge pers. comm.,.,
Acrocephalus musae,A. Gouni in litt. 2012,2012,
Hypotaenidia owstoni,A. Kroner in litt. 2019,2019,
Conolophus subcristatus,A. Llerena pers. comm. 2018,2018,
Falco araeus,A. Skerrett in litt. 1999,1999,
Otus insularis,A. Skerrett in litt. 1999,1999,
Cylindrophis isolepis,A.A.T. Amarasinghe pers. comm. 2019,2019,
Phoebetria fusca,(ACAP 2010c),2010,
Phoebetria palpebrata,(ACAP 2010b),2010,
Diomedea epomophora,(ACAP 2009b),2009,
Chaeropus ecaudatus,(Abbott 2008),2008,
Perameles eremiana,(Abbott 2008),2008,
Setonix brachyurus,(Abbott 2008),2008,
Chaeropus ecaudatus,(Abbott 2002),2002,
Perameles eremiana,(Abbott 2002),2002,
Setonix brachyurus,(Abbott 2002),2002,
Tokudaia muenninki,(Abe et al. 2005),2005,
Tokudaia osimensis,(Abe et al. 2005),2005,
Tokudaia tokunoshimensis,(Abe et al. 2005),2005,
Synthliboramphus craveri,(Aguirre-Muñoz et al. 2018),2018,
Hydrobates socorroensis,(Aguirre-Muñoz et al. 2011),2011,
Bulweria fallax,(Al-Saghier et al. 2000),2000,
Pterodroma arminjoniana,(Alves et al. 2011),2011,
Chioninia coctei,(Andreone & Guarino 2003),2003,
Cryptoblepharus egeriae,(Andrew et al. 2018),2018,
Lepidodactylus listeri,(Andrew et al. 2018),2018,
Lontra felina,(Apaza et al. 2003),2003,
Puffinus mauretanicus,(Arcos & Oro 2004),2004,
Puffinus mauretanicus,(Arcos et al. 2012),2012,
Urosaurus auriculatus,(Arnaud et al. 1993),1993,
Leiolopisma telfairii,Arnold 2000,2000,
Nactus serpensinsula,(Arnold 1980),1980,
Nactus serpensinsula,(Arnold 2000),2000,
Nactus serpensinsula,(Arnold & Jones 1994),1994,
Pezoporus occidentalis,(Ashby 1924),1924,
Liophidium mayottensis,(Augros & Hawlitschek 2019),2019,
Lycodryas cococola,(Augros & Hawlitschek 2019),2019,
Lycodryas maculatus,(Augros & Hawlitschek 2019),2019,
Synthliboramphus hypoleucus,B. Tershy in litt. 2007,2007,
Celestus duquesneyi,B. Wilson pers. comm. 2015,2015,
Celestus hewardi,B. Wilson pers. comm. 2015,2015,
Celestus microblepharis,B. Wilson pers. comm. 2015,2015,
Pholidoscelis dorsalis,B. Wilson pers. comm. 2015,2015,
Tropidophis stullae,B. Wilson pers. comm. 2015,2015,
Todiramphus gambieri,(BEST 2016),2016,
Setonix brachyurus,(Bain et al. 2023),2023,
Setonix brachyurus,(Bain et al. 2020),2020,
Setonix brachyurus,(Bain et al. 2015),2015,
Thinornis cucullatus,(Baird & Dann 2003),2003,
Corvus hawaiiensis,Banko 2009,2009,
Branta sandvicensis,(Banko 1992),1992,
Loxioides bailleui,(Banko et al. 2014a),2014,
Corvus hawaiiensis,(Banko et al. 2002a),2002,
Loxioides bailleui,(Banko et al. 2013),2013,
Chasiempis ibidis,(Banko et al. 2019),2019,
Loxioides bailleui,(Banko et al. 2014b),2014,
Branta sandvicensis,(Banko & Elder 1990),1990,
Procellaria aequinoctialis,(Barbraud et al. 2009),2009,
Apteryx mantelli,(Basse et al. 1999),1999,
Petroica multicolor,(Bell 1990),1990,
Zosterops tenuirostris,(Bell 1990),1990,
Oligosoma toka,(Bell et al. 2012),2012,
Gonatodes daudini,(Bentz et al. 2011),2011,
Amerotyphlops tasymicris,(Bentz et al. 2011),2011,
Sphaerodactylus kirbyi,(Bentz et al. 2011),2011,
Palmeria dolei,(Berlin & Vangelder 1999),1999,
Pseudobulweria becki,(Bird et al. 2014),2014,
Megapodius bernsteinii,(BirdLife International 2001),2001,
Melopyrrha grandis,(Birds Caribbean 2021),2021,
Gongylomorphus fontenayi,(Bissessur & Florens 2018),2018,
Larus bulleri,(Biswell 2006),2006,
Ducula galeata,(Blanvillain & Thorsen 2003),2003,
Lanius ludovicianus,(Blumton 1989),1989,
Spheniscus mendiculus,(Boersma et al. 2013),2013,
Spheniscus mendiculus,(Boersma et al. 2015),2015,
Puffinus yelkouan,(Bonnaud et al. 2012),2012,
Mysateles prehensilis,(Borroto-Páez et al. 2011),2011,
Mysateles prehensilis,(Borroto-Páez & Mancina 2017),2017,
Mysateles prehensilis,(Borroto-Páez & Ramos 2012),2012,
Trichechus manatus,(Bossart et al. 2002),2002,
Trichechus manatus,(Bossart et al. 2003),2003,
Spondylurus anegadae,(Bradley & Gerber 2005),2005,
Cyclura pinguis,(Bradley & Gerber 2006),2006,
Nesofregetta fuliginosa,(Brooke 2004),2004,
Hypotaenidia pacifica,(Bruner 1972),1972,
Pampusana kubaryi,(Buden 2000),2000,
Leporillus conditor,(Burbidge & Manly 2002),2002,
Pseudomys oralis,(Burbidge & McKenzie 1989),1989,
Bettongia lesueur,(Burbidge & Short 2008),2008,
Charadrius sanctaehelenae,(Burns et al. 2013),2013,
Charadrius sanctaehelenae,(Burns et al. 2013),2013,
Petroica traversi,(Butler 1992),1992,
Vini ultramarina,C. Blanvillain in litt. 2016,2016,
Falco punctatus,(Jones et al. 1995),1995,
Vireo gracilirostris,C. Licarião in litt. 2024,2024,
Sylvilagus mansuetus,(Lorenzo et al. 2011),2011,
Microlophus bivittatus,C. Marquez and D. Cisneros-Heredia pers. comm. 2014,2014,
Isoodon auratus,(Palmer et al. 2003),2003,
Crocidura canariensis,C. Schuster pers. comm. 2022,2022,
Sylvilagus mansuetus,(Espinosa-Gayosso & Álvarez-Castañeda 2006),2006,
Contomastix charrua,(Cabrera & Carreira 2009),2009,
Falco punctatus,(Cade & Jones 1993),1993,
Acrocephalus hiwae,(Camp et al. 2009),2009,
Procellaria aequinoctialis,(Carboneras et al. 2014),2014,
Microlophus bivittatus,(Carrión Avilés 2012),2012,
Antrostomus noctitherus,(Castro-Prieto et al. 2021),2021,
Conolophus subcristatus,(Cayot 2008),2008,
Amblyrhynchus cristatus,(Cayot et al. 1994),1994,
Peromyscus stephani,(Ceballos & Ceballos 2014),2014,
Pyrrhula murina,(Ceia 2008),2008,
Larus fuliginosus,(Cepeda & Cruz 1994),1994,
Nactus serpensinsula,Cheke and Hume 2008,2008,
Aphanapteryx bonasia,(Cheke & Hume 2008),2008,
Leiolopisma telfairii,(Cheke & Hume 2008),2008,
Phelsuma guentheri,(Cheke & Hume 2008),2008,
Gongylomorphus fontenayi,(Cheke & Hume 2008),2008,
Phelsuma edwardnewtonii,(Cheke & Hume 2008),2008,
Geokichla guttata,(Chittenden 2003),2003,
Bettongia anhydra,(Christensen & Burrows 1995),1995,
Isoodon auratus,(Christensen & Burrows 1995),1995,
Antrostomus noctitherus,(Cleere & Nurney 1998),1998,
Uperoleia mahonyi,(Clemann 2015),2015,
Geocapromys ingrahami,(Clough 1972),1972,
Geocapromys brownii,(Clough 1976),1976,
Strigops habroptilus,(Clout & Merton 1998),1998,
Cryptoblepharus boutonii,(Cole 2005),2005,
Nactus serpensinsula,(Cole 2005),2005,
Nactus serpensinsula,(Cole 2011),2011,
Nactus serpensinsula,(Cole et al. 2009),2009,
Ptilinopus mercierii,(Collar et al. 1994),1994,
Haematopus meadewaldoi,(Collar & Stuart 1985),1985,
Didunculus strigirostris,(Collar 2015),2015,
Hypotaenidia poeciloptera,(Collar et al. 1994),1994,
Lanius ludovicianus,(Collister 1994),1994,
Atrichornis clamosus,(Comer & Danks 2000),2000,
Leporillus conditor,(Copley 1999b),1999,
Leporillus conditor,(Copley 1999a),1999,
Diploglossus montisserrati,(Corry et al. 2010),2010,
Aphelocoma coerulescens,(Cox 1987),1987,
Thalassarche steadi,(Croxall & Gales 1998),1998,
Chlidonias albostriatus,(Cruz et al. 2014),2014,
Otus insularis,(Currie et al. 2004),2004,
Toxostoma guttatum,(Curry et al. 2006),2006,
Mimus melanotis,(Curry 1989),1989,
Puffinus huttoni,(Cuthbert 2002),2002,
Puffinus huttoni,(Cuthbert 1999),1999,
Puffinus newelli,D. Ainley in litt. 1999,1999,
Rhynchortyx cinctus,D. F. Cisneros-Heredia in litt. 2022,2022,
Rattus detentus,"D. Fisher, N. Whitmore and A. Gazzard pers. comm. 2024",2024,
Spizocorys fringillaris,D. Maphisa in litt. 2016,2016,
Leipoa ocellata,(Priddel & Wheeler 1997),1997,
Leipoa ocellata,(Priddel & Wheeler 1994),1994,
Atrichornis clamosus,(Danks 1997),1997,
Thinornis novaeseelandiae,(Davis 1994),1994,
Cyclura ricordii,(De La Rosa & Carreras De León 2016),2016,
Spheniscus mendiculus,(Deem et al. 2010),2010,
Bettongia tropica,(Dennis 2001),2001,
Delma impar,(Threatened Species Scientific Committee 2016b),2016,
Atrichornis clamosus,(Wildlife 2014),2014,
Liopholis guthega,(Environment 2025),2025,
Nangura spinosa,(Department of the Environment 2007),2007,
Notomys mordax,(Dickman et al. 2000),2000,
Lerista lineata,(Doherty et al. 2015),2015,
Thinornis novaeseelandiae,(Dowding & Murphy 2001),2001,
Charadrius obscurus,(Dowding 2006),2006,
Thinornis novaeseelandiae,(Dowding & Kennedy 1993),1993,
Synthliboramphus scrippsi,(Drost & Lewis 1995),1995,
Phoniscus papuensis,(Duncan et al. 1999),1999,
Sternula nereis,(Dunlop 2018),2018,
Bostrychia bocagei,(Dutton 1994),1994,
Crithagra concolor,(Dutton 1994),1994,
Lanius newtoni,(Dutton 1994),1994,
Ploceus grandis,(Dutton 1994),1994,
Mimus melanotis,(Dvorak et al. 2020),2020,
Pterodroma alba,E. A. Schreiber in litt. 1999,1999,
Sephanoides fernandensis,E. Hagen in litt. 2020,2020,
Palmeria dolei,E. VanGelder in litt. 1999,1999,
Tropidophis schwartzi,(Echternacht et al. 2011),2011,
Fulica alai,(Engilis Jr & Pratt 1993),1993,
Charadrius sanctaehelenae,F. Burns in litt. 2008,2008,
Charadrius sanctaehelenae,F. Burns in litt. 2010,2010,
Fringilla teydea,F. Rodríguez in litt. 2016,2016,
Eliomys quercinus,(Famira-Parcsetich et al. 2024),2024,
Bettongia gaimardi,(Fancourt 2014),2014,
Salanoia concolor,(Farris & Kelly 2011),2011,
Salanoia concolor,(Farris et al. 2012),2012,
Cryptoprocta ferox,(Farris et al. 2015a),2015,
Salanoia concolor,(Farris et al. 2015b),2015,
Fossa fossana,(Farris et al. 2015b),2015,
Eupleres goudotii,(Farris et al. 2016),2016,
Ramphocinclus brachyurus,(Felix et al. 2014),2014,
Anas chlorotis,(Ferreira & Taylor 2003),2003,
Onychogalea fraenata,(Fisher et al. 2000),2000,
Brachylophus gau,(Fisher et al. 2019),2019,
Hoplocephalus stephensii,(Fitzgerald et al. 2002),2002,
Poodytes rufescens,(Fleming 1939),1939,
Gallotia intermedia,(Flores Ravelo & Rando Reyes 2021),2021,
Litoria raniformis,(Flux 2007),2007,
Parantechinus apicalis,(Friend 2003),2003,
Myrmecobius fasciatus,(Friend 2008),2008,
Myrmecobius fasciatus,(Friend & Thomas 1994),1994,
Myrmecobius fasciatus,(Friend 1990),1990,
Turdus xanthorhynchus,(Fundação Príncipe 2019),2019,
Leucocarbo colensoi,G. A. Taylor in litt. 1994,1994,
Diomedea antipodensis,(Taylor 2000),2000,
Leucocarbo colensoi,(Taylor 2000),2000,
Puffinus huttoni,(Taylor 2000),2000,
Thalassarche steadi,(Taylor 2000),2000,
Neotamias palmeri,G. Clemmer pers. comm. 1995,1995,
Puffinus heinrothi,G. Dutson in litt. 2007,2007,
Pyrrhula murina,G. Hilton in litt. 2006,2006,
Eupsophus insularis,"G. Lobos, A. Charrier and M. Vidal pers. comm. May 2018",2018,
Pampusana canifrons,G. McKinlay in litt. 2018,2018,
Cnemidophorus rostralis,G. Rivas pers. comm. 2018,2018,
Chilabothrus monensis,(Garcia et al. 2001),2001,
Conolophus subcristatus,(Gentile et al. 2015),2015,
Fossa fossana,(Gerber et al. 2012),2012,
Cyclura carinata,(Gerber 1995),1995,
Cyclura pinguis,Gerber 2000 Unpublished report,"",
Melopyrrha grandis,(Gerbracht 2021),2021,
Pomarea nigra,(Ghestemme 2009),2009,
Nactus serpensinsula,(Goder et al. 2015),2015,
Todiramphus gambieri,(Gouni et al. 2006),2006,
Anas eatoni,(Green 1992),1992,
Anthornis melanocephala,(Greenway 1967),1967,
Turnagra tanagra,(Greenway 1967),1967,
Zoothera terrestris,(Greenway 1967),1967,
Puffinus newelli,(Griesemer & Holmes 2011),2011,
Falco araeus,(Groombridge et al. 2004),2004,
Ardenna creatopus,(Guicking 1999),1999,
Eurostopodus nigripennis,(Guo et al. 2020),2020,
Lanius ludovicianus,(Gustafson 2020),2020,
Loxioides bailleui,H. Baker and P. Baker in litt. 1999,1999,
Fulica alai,H. C. Baker and P. E. Baker in litt. 1999,1999,
Diomedea exulans,H. Weimerskirch in litt. 2008,2008,
Corvus kubaryi,(Ha et al. 2010),2010,
Sephanoides fernandensis,(Hahn & Römer 2002),2002,
Anairetes fernandezianus,(Hahn & Römer 2002),2002,
Aphrastura masafuerae,(Hahn & Römer 2002),2002,
Magumma parva,(Hammond et al. 2016),2016,
Amytornis ballarae,(Harrington et al. 2017),2017,
Mimus trifasciatus,(Harris 1973),1973,
Liophidium mayottensis,(Hawlitschek et al. 2011),2011,
Lycodryas cococola,(Hawlitschek et al. 2011),2011,
Lycodryas maculatus,(Hawlitschek et al. 2011),2011,
Anas chlorotis,(Hayes 2006),2006,
Anas chlorotis,(Heather & Robertson 1997),1997,
Cyanoramphus auriceps,(Heather & Robertson 1997),1997,
Spondylurus caicosae,(Hedges & Conn 2012),2012,
Columba junoniae,(Hernández et al. 1999),1999,
Columba junoniae,(Hernández 2005),2005,
Cyanoramphus auriceps,(Higgins 1999),1999,
Cyanoramphus forbesi,(Higgins 1999),1999,
Coenocorypha iredalei,(Higgins & Davies 1996),1996,
Coenocorypha pusilla,(Higgins & Davies 1996),1996,
Litoria kroombitensis,Hines pers. comm. 2017,2017,
Sephanoides fernandensis,Hodum in litt. 2007,2007,
Sephanoides fernandensis,Hodum in litt. 2008,2008,
Pterodroma externa,(Hodum 2009),2009,
Pterodroma longirostris,(Hodum 2009),2009,
Pterodroma longirostris,(Hodum & Wainstein 2003),2003,
Pterodroma longirostris,(Hodum & Wainstein 2004),2004,
Philoria frosti,(Hollis 2011),2011,
Apteryx mantelli,(Holzapfel et al. 2008),2008,
Apteryx mantelli,(Holzapfel et al. 2008),2008,
Cryptoblepharus boutonii,(Honsterette & Probst 1999),1999,
Nesillas aldabrana,Hume 2017,2017,
Heleioporus australiacus,(Hunter et al. 2018),2018,
Diomedea epomophora,I. Debski in litt. 2018,2018,
Saxicola dacotiae,(Illera & Díaz 2006),2006,
Procellaria parkinsoni,(Imber 1987),1987,
Cyclura carinata,(Iverson 1978),1978,
Cyclura lewisi,(Iverson 1978),1978,
Leiocephalus psammodromus,(Iverson 1978),1978,
Leipoa ocellata,(Benshemesh 2007),2007,
Corvus hawaiiensis,J. Burgett in litt. 2007,2007,
Palmeria dolei,J. C. Simon in litt. 1999,1999,
Pterodroma longirostris,J. C. Torres-Mura in litt.1999,.1999,
Sminthopsis butleri,(Woinarski 2004),2004,
Charadrius obscurus,(Dowding 1999),1999,
Zenaida graysoni,J. E. Martínez-Gómez in litt. 1999,1999,
Zenaida graysoni,J. E. Martínez-Gómez in litt. 2000,2000,
Mimus graysoni,J. E. Martínez-Gómez in litt. 2007,2007,
Toxostoma guttatum,J. E. Martínez-Gómez in litt. 2016,2016,
Zenaida galapagoensis,J. Freile in litt. 2018,2018,
Myrmecobius fasciatus,J. Friend pers. comm.,.,
Chlorodrepanis stejnegeri,J. M. Scott in litt. 1999,1999,
Palmeria dolei,J. M. Scott in litt. 1999,1999,
Puffinus auricularis,J. Martínez Gómez in litt. 1998,1998,
Puffinus auricularis,J. Martínez Gómez in litt. 1999,1999,
Puffinus auricularis,J. Martínez Gómez in litt. 2000,2000,
Phyllodactylus sentosus,J. Pérez pers. comm. 2016,2016,
Eurostopodus nigripennis,J. Read in litt. 2016,2016,
Cubophis brooksi,J. Townsend pers. comm. 2020,2020,
Sphaerodactylus beattyi,"J. Valiulis, pers. comm. 2015",2015,
Lerista puncticauda,J. Woinarski pers. comm. 2017,2017,
Eupsophus insularis,J.C. Ortiz pers. comm. July 2015,2015,
Synthliboramphus scrippsi,(Jehl & SI 1975),1975,
Geospiza psittacula,(Jiménez-Uzcátegui et al. 2019),2019,
Gongylomorphus fontenayi,(Jones 1988),1988,
Cryptoblepharus boutonii,(Jones 1993),1993,
Gongylomorphus bojerii,(Jones 1993),1993,
Gongylomorphus fontenayi,(Jones 1993),1993,
Dasyurus viverrinus,(Jones et al. 2004),2004,
Pseudocheirus occidentalis,K. Morris pers. Comm,"",
Synthliboramphus wumizusume,K. Otsuki pers comm. 2015,2015,
Megapodius nicobariensis,K. Sivakumar in litt. 2004,2004,
Mergus australis,(Kear & Scarlett 1970),1970,
Chlidonias albostriatus,(Keedwell 2005),2005,
Phoebastria immutabilis,(Keitt et al. 2005),2005,
Synthliboramphus hypoleucus,(Keitt 2005),2005,
Puffinus opisthomelas,(Keitt 1998),1998,
Puffinus opisthomelas,(Keitt et al. 2006),2006,
Puffinus opisthomelas,(Keitt & Tershy 2003),2003,
Puffinus opisthomelas,(Keitt & Tershy 2003),2003,
Falco araeus,(Kemp & Kirwan 2020),2020,
Colaptes fernandinae,Kirkconnell 2013,2013,
Conolophus subcristatus,(Kumar 2019),2019,
Melopyrrha grandis,L. Bonaparte in litt. 2022,2022,
Mastacomys fuscus,L. Broome pers. comm.,.,
Macrotarsomys ingens,L. Dollar pers. comm.,.,
Sternula nereis,(Lacey & O'Brien 2015),2015,
Turdus ravidus,(Larsen 2020),2020,
Amblyrhynchus cristatus,(Laurie 1983),1983,
Pseudomys glaucus,(Lavery et al. 2022),2022,
Ctenotus kurnbudj,(Leahy et al. 2015),2015,
Ctenotus stuarti,(Leahy et al. 2015),2015,
Lucasium occultum,(Leahy et al. 2015),2015,
Cincloramphus turipavae,(Leary 1992),1992,
Magumma parva,(Lepson 2020),2020,
Loxops coccineus,(Lepson & Freed 2020),2020,
Pezoporus occidentalis,(Leseberg et al. 2021),2021,
Hemignathus hanapepe,(Lindsey et al. 2009),2009,
Loxops ochraceus,(Lindsey et al. 2009),2009,
Psittirostra psittacea,(Lindsey et al. 2009),2009,
Hemignathus affinis,(Lindsey et al. 2009),2009,
Chlorodrepanis stejnegeri,(Lindsey et al. 1998),1998,
Mergus australis,(Livezey 1989),1989,
Sylvilagus mansuetus,(Lorenzo et al. 2014),2014,
Sylvilagus mansuetus,(Lorenzo et al. 2018a),2018,
Sylvilagus mansuetus,(Lorenzo et al. 2015),2015,
Sylvilagus mansuetus,(Lorenzo et al. 2018b),2018,
Falco araeus,(Loustau-Lalanne 1962),1962,
Vini peruviana,(Lovegrove et al. 1989),1989,
Sminthopsis douglasi,(Lundie-Jenkins & Payne 2000),2000,
Chilabothrus subflavus,(Lynn & Grant 1940),1940,
Acrocephalus vaughani,M. Brooke in litt. 2012,2012,
Metabolus rugensis,M. O'Brien in litt. 2023,2023,
Pterodroma alba,M. Rauzon in litt. 1999,1999,
Fulica alai,M. Reed in litt. 2007,2007,
Melopyrrha grandis,M. Ryan in litt. 2022,2022,
Cyrtodactylus khelangensis,M. Sumontha pers. comm. 2017,2017,
Gongylomorphus fontenayi,(MRRP 2010),2010,
Amblyrhynchus cristatus,(MacLeod & Steinfartz 2016),2016,
Lontra felina,(Mangel et al. 2011),2011,
Cabalus modestus,(Marchant & Higgins 1993),1993,
Coturnix novaezelandiae,(Marchant & Higgins 1993),1993,
Hypotaenidia dieffenbachii,(Marchant & Higgins 1993),1993,
Columba junoniae,(Martin et al. 2000),2000,
Mimus graysoni,(Martínez-Gómez & Curry 1996),1996,
Mimus graysoni,(Martınez-Gomez et al. 2001),2001,
Mimus graysoni,(Martınez-Gomez et al. 2001),2001,
Puffinus auricularis,(Martınez-Gomez & Jacobsen 2004),2004,
Charmosyna amabilis,(Masibalavu & Mucklow 2008),2008,
Turnix melanogaster,(Mathieson & Smith 2009a),2009,
Eudyptes pachyrhynchus,(Mattern & Ellenberg 2016),2016,
Nactus serpensinsula,Mauritius Reptile Recovery Programme unpubl. Data,"",
Perameles bougainville,(Maxwell et al. 1996),1996,
Liopholis kintorei,(McAlpin 2001),2001,
Ptychoramphus aleuticus,(McChesney & Tershy 1998),1998,
Procyon pygmaeus,(McFadden et al. 2005),2005,
Ctenotus kurnbudj,(McGregor et al. 2015),2015,
Ctenotus stuarti,(McGregor et al. 2015),2015,
Lerista puncticauda,(McGregor et al. 2015),2015,
Lucasium occultum,(McGregor et al. 2015),2015,
Ctenotus kurnbudj,(McGregor et al. 2014),2014,
Ctenotus stuarti,(McGregor et al. 2014),2014,
Lucasium occultum,(McGregor et al. 2014),2014,
Ctenotus kurnbudj,(McGregor et al. 2016),2016,
Ctenotus stuarti,(McGregor et al. 2016),2016,
Lucasium occultum,(McGregor et al. 2016),2016,
Apteryx australis,(McLennan et al. 2004),2004,
Apteryx australis,(McLennan et al. 1996),1996,
Apteryx mantelli,(McLennan et al. 1996),1996,
Saxicola dacotiae,(Medina & Nogales 2009),2009,
Peromyscus dickeyi,(Mellink et al. 2002),2002,
Sterna striata,(Mills 2013),2013,
Mastacomys fuscus,(Milner et al. 2015),2015,
Pristidactylus volcanensis,(Ministerio del Medio Ambiente 2014),2014,
Coenocorypha barrierensis,(Miskelly 1988),1988,
Coenocorypha aucklandica,(Miskelly 2000),2000,
Coenocorypha aucklandica,(Miskelly et al. 2020),2020,
Puffinus newelli,(Mitchell et al. 2005),2005,
Tupaia nicobarica,(Molur et al. 2005),2005,
Ducula aurorae,(Monnet et al. 1993),1993,
Passer italiae,(Mori et al. 2019),2019,
Acrocephalus hiwae,(Mosher 2006),2006,
Lophotibis cristata,(Murphy et al. 2018),2018,
Conolophus subcristatus,(Márquez B et al. 2010),2010,
Cryptoblepharus boutonii,N. Cole pers. obs.,.,
Gongylomorphus fontenayi,N. Cole pers. obs.,.,
Bettongia penicillata,"N. Marlow, P. de Tores and K. Morris et al., pers. comm.",.,
Galvarinus chilensis,N. Sallaberry pers comm. 2015,2015,
Acrocephalus aequinoctialis,NOTHING,"",
Aegotheles savesi,NOTHING,"",
Agelaius xanthomus,NOTHING,"",
Algyroides marchi,NOTHING,"",
Alsophis rijgersmaei,NOTHING,"",
Alsophis rufiventris,NOTHING,"",
Ameiva provitaae,NOTHING,"",
Anadia bogotensis,NOTHING,"",
Anolis bicaorum,NOTHING,"",
Anolis gorgonae,NOTHING,"",
Anolis lividus,NOTHING,"",
Anolis nelsoni,NOTHING,"",
Anolis pigmaequestris,NOTHING,"",
Antillotyphlops monastus,NOTHING,"",
Antillotyphlops richardii,NOTHING,"",
Aplonis santovestris,NOTHING,"",
Apteryx haastii,NOTHING,"",
Aspidoscelis catalinensis,NOTHING,"",
Atelopus guanujo,NOTHING,"",
Atopogale cubana,NOTHING,"",
Bavayia exsuccida,NOTHING,"",
Bavayia montana,NOTHING,"",
Bavayia ornata,NOTHING,"",
Bavayia robusta,NOTHING,"",
Bavayia sauvagii,NOTHING,"",
Boa orophias,NOTHING,"",
Bolyeria multocarinata,NOTHING,"",
Botaurus poiciloptilus,NOTHING,"",
Brachylophus bulabula,NOTHING,"",
Brachylophus fasciatus,NOTHING,"",
Brachylophus vitiensis,NOTHING,"",
Burramys parvus,NOTHING,"",
Caloenas nicobarica,NOTHING,"",
Calonectris leucomelas,NOTHING,"",
Caloprymnus campestris,NOTHING,"",
Caribicus anelpistus,NOTHING,"",
Caribicus warreni,NOTHING,"",
Casarea dussumieri,NOTHING,"",
Chalinolobus picatus,NOTHING,"",
Chasiempis ibidis,NOTHING,"",
Chasiempis sclateri,NOTHING,"",
Chelonoidis becki,NOTHING,"",
Chelonoidis chathamensis,NOTHING,"",
Chelonoidis donfaustoi,NOTHING,"",
Chelonoidis guntheri,NOTHING,"",
Chelonoidis microphyes,NOTHING,"",
Chelonoidis niger,NOTHING,"",
Chelonoidis porteri,NOTHING,"",
Chelonoidis vicina,NOTHING,"",
Chilabothrus exsul,NOTHING,"",
Cincloramphus llaneae,NOTHING,"",
Cnemaspis anslemi,NOTHING,"",
Cnemaspis latha,NOTHING,"",
Cnemaspis nilgala,NOTHING,"",
Cnemaspis rammalensis,NOTHING,"",
Cnemidophorus flavissimus,NOTHING,"",
Coccyzus bahamensis,NOTHING,"",
Coccyzus ferrugineus,NOTHING,"",
Coleura seychellensis,NOTHING,"",
Conilurus albipes,NOTHING,"",
Conilurus capricornensis,NOTHING,"",
Conilurus penicillatus,NOTHING,"",
Conolophus marthae,NOTHING,"",
Coracopsis barklyi,NOTHING,"",
Cornufer vitianus,NOTHING,"",
Crocidura trichura,NOTHING,"",
Cryptoblepharus caudatus,NOTHING,"",
Ctenosaura bakeri,NOTHING,"",
Ctenosaura flavidorsalis,NOTHING,"",
Ctenosaura melanosterna,NOTHING,"",
Ctenosaura oedirhina,NOTHING,"",
Cyclodomorphus praealtus,NOTHING,"",
Cyclura cornuta,NOTHING,"",
Cyclura cychlura,NOTHING,"",
Cyrtodactylus sadleiri,NOTHING,"",
Cyrtodactylus soba,NOTHING,"",
Cyrtodactylus thirakhupti,NOTHING,"",
Cyrtodactylus yakhuna,NOTHING,"",
Dasia haliana,NOTHING,"",
Dasyurus albopunctatus,NOTHING,"",
Dasyurus geoffroii,NOTHING,"",
Dasyurus hallucatus,NOTHING,"",
Dasyurus maculatus,NOTHING,"",
Diomedea dabbenena,NOTHING,"",
Diomedea sanfordi,NOTHING,"",
Diplothrix legata,NOTHING,"",
Dipodomys stephensi,NOTHING,"",
Diporiphora vescus,NOTHING,"",
Eleutherodactylus barlagnei,NOTHING,"",
Eleutherodactylus cavernicola,NOTHING,"",
Eleutherodactylus pinchoni,NOTHING,"",
Emberiza socotrana,NOTHING,"",
Emoia lawesi,NOTHING,"",
Emoia samoensis,NOTHING,"",
Erythrolamprus juliae,NOTHING,"",
Erythrolamprus perfuscus,NOTHING,"",
Euleptes europaea,NOTHING,"",
Eupleres major,NOTHING,"",
Eupsittula nana,NOTHING,"",
Eurostopodus exul,NOTHING,"",
Falsistrellus tasmaniensis,NOTHING,"",
Flexiseps valhallae,NOTHING,"",
Foudia aldabrana,NOTHING,"",
Foudia flavicans,NOTHING,"",
Fregata aquila,NOTHING,"",
Fregetta maoriana,NOTHING,"",
Galemys pyrenaicus,NOTHING,"",
Gallirallus lafresnayanus,NOTHING,"",
Gallotia bravoana,NOTHING,"",
Galvarinus chilensis,NOTHING,"",
Gastrotheca lojana,NOTHING,"",
Geocapromys thoracatus,NOTHING,"",
Geospiza heliobates,NOTHING,"",
Geospiza pauper,NOTHING,"",
Gonatodes naufragus,NOTHING,"",
Goniurosaurus kuroiwae,NOTHING,"",
Haematopus chathamensis,NOTHING,"",
Haitiophis anomalus,NOTHING,"",
Hemidactylus bouvieri,NOTHING,"",
Hemiphaga chathamensis,NOTHING,"",
Henicophaps foersteri,NOTHING,"",
Hipposideros demissus,NOTHING,"",
Hipposideros dinops,NOTHING,"",
Holcosus orcesi,NOTHING,"",
Horornis haddeni,NOTHING,"",
Hydrobates leucorhous,NOTHING,"",
Hydrobates macrodactylus,NOTHING,"",
Hymenolaimus malacorhynchos,NOTHING,"",
Hypogeomys antimena,NOTHING,"",
Hypotaenidia okinawae,NOTHING,"",
Hypotaenidia sylvestris,NOTHING,"",
Icterus northropi,NOTHING,"",
Iguana delicatissima,NOTHING,"",
Junco insularis,NOTHING,"",
Kanakysaurus viviparus,NOTHING,"",
Lagorchestes asomatus,NOTHING,"",
Lalage newtoni,NOTHING,"",
Larosterna inca,NOTHING,"",
Larvivora tanensis,NOTHING,"",
Laterallus spilonota,NOTHING,"",
Leiocephalus varius,NOTHING,"",
Leiolopisma alazon,NOTHING,"",
Leipoa ocellata,NOTHING,"",
Leporillus apicalis,NOTHING,"",
Leptotila wellsi,NOTHING,"",
Leucocarbo campbelli,NOTHING,"",
Leucocarbo onslowi,NOTHING,"",
Lewinia muelleri,NOTHING,"",
Liolaemus martorii,NOTHING,"",
Litoria littlejohni,NOTHING,"",
Litoria raniformis,NOTHING,"",
Lyriocephalus scutatus,NOTHING,"",
Mabuya montserratae,NOTHING,"",
Macrotis lagotis,NOTHING,"",
Marmorosphax kaala,NOTHING,"",
Megadyptes antipodes,NOTHING,"",
Melamprosops phaeosoma,NOTHING,"",
Merulaxis stresemanni,NOTHING,"",
Mesembriomys macrurus,NOTHING,"",
Mesocapromys sanfelipensis,NOTHING,"",
Microlophus grayii,NOTHING,"",
Micrurus meridensis,NOTHING,"",
Myotis vivesi,NOTHING,"",
Nactus durrellorum,NOTHING,"",
Nannopterum harrisi,NOTHING,"",
Neophema chrysogaster,NOTHING,"",
Neotamias palmeri,NOTHING,"",
Nesoenas mayeri,NOTHING,"",
Nesoryzomys darwini,NOTHING,"",
Nesoryzomys indefessus,NOTHING,"",
Nestor notabilis,NOTHING,"",
Notomys amplus,NOTHING,"",
Notomys cervinus,NOTHING,"",
Notomys longicaudatus,NOTHING,"",
Notomys macrotis,NOTHING,"",
Notomys robustus,NOTHING,"",
Nyctanassa carcinocatactes,NOTHING,"",
Oligosoma burganae,NOTHING,"",
Oligosoma lineoocellatum,NOTHING,"",
Oligosoma salmo,NOTHING,"",
Ornithorhynchus anatinus,NOTHING,"",
Otus bikegila,NOTHING,"",
Pampusana erythroptera,NOTHING,"",
Pampusana rubescens,NOTHING,"",
Pampusana salamonis,NOTHING,"",
Pampusana sanctaecrucis,NOTHING,"",
Parantechinus apicalis,NOTHING,"",
Pareudiastes pacificus,NOTHING,"",
Pareudiastes silvestris,NOTHING,"",
Pelecanoides garnotii,NOTHING,"",
Perochirus ateles,NOTHING,"",
Peromyscus caniceps,NOTHING,"",
Peromyscus madrensis,NOTHING,"",
Peromyscus pseudocrinitus,NOTHING,"",
Peromyscus sejugis,NOTHING,"",
Petrogale burbidgei,NOTHING,"",
Petrogale concinna,NOTHING,"",
Petrogale lateralis,NOTHING,"",
Petrogale penicillata,NOTHING,"",
Phalacrocorax featherstoni,NOTHING,"",
Phascogale calura,NOTHING,"",
Phascogale tapoatafa,NOTHING,"",
Phasmasaurus maruia,NOTHING,"",
Phasmasaurus tillieri,NOTHING,"",
Phelsuma guimbeaui,NOTHING,"",
Phelsuma rosagularis,NOTHING,"",
Pholidoscelis griswoldi,NOTHING,"",
Phyllodactylus darwini,NOTHING,"",
Phyllodactylus leei,NOTHING,"",
Phyllodactylus pulcher,NOTHING,"",
Phyllodactylus rutteni,NOTHING,"",
Phyllomys thomasi,NOTHING,"",
Phyllonycteris aphylla,NOTHING,"",
Pitta superba,NOTHING,"",
Plestiodon barbouri,NOTHING,"",
Plestiodon kishinouyei,NOTHING,"",
Plestiodon longirostris,NOTHING,"",
Podarcis lilfordi,NOTHING,"",
Podarcis pityusensis,NOTHING,"",
Podomys floridanus,NOTHING,"",
Pomarea dimidiata,NOTHING,"",
Pomarea fluxa,NOTHING,"",
Pomarea iphis,NOTHING,"",
Pomarea mira,NOTHING,"",
Pomarea whitneyi,NOTHING,"",
Porphyrio paepae,NOTHING,"",
Potorous gilbertii,NOTHING,"",
Potorous tridactylus,NOTHING,"",
Procellaria cinerea,NOTHING,"",
Prosobonia cancellata,NOTHING,"",
Pseudalsophis biserialis,NOTHING,"",
Pseudalsophis steindachneri,NOTHING,"",
Pseudemoia cryodroma,NOTHING,"",
Pseudomys auritus,NOTHING,"",
Pseudomys calabyi,NOTHING,"",
Pseudomys fumeus,NOTHING,"",
Pseudomys gouldii,NOTHING,"",
Pseudomys novaehollandiae,NOTHING,"",
Pseudomys occidentalis,NOTHING,"",
Pseudomys shortridgei,NOTHING,"",
Pterodroma atrata,NOTHING,"",
Pterodroma axillaris,NOTHING,"",
Pterodroma cahow,NOTHING,"",
Pterodroma cervicalis,NOTHING,"",
Pterodroma cookii,NOTHING,"",
Pterodroma defilippiana,NOTHING,"",
Pterodroma deserta,NOTHING,"",
Pterodroma incerta,NOTHING,"",
Pterodroma madeira,NOTHING,"",
Pterodroma magentae,NOTHING,"",
Pterodroma phaeopygia,NOTHING,"",
Pterodroma sandwichensis,NOTHING,"",
Pteropus dasymallus,NOTHING,"",
Pteropus pselaphon,NOTHING,"",
Ptilinopus huttoni,NOTHING,"",
Reithrodontomys musseri,NOTHING,"",
Reithrodontomys raviventris,NOTHING,"",
Reithrodontomys spectabilis,NOTHING,"",
Rhynochetos jubatus,NOTHING,"",
Ristella rurkii,NOTHING,"",
Sauromalus hispidus,NOTHING,"",
Sauromalus slevini,NOTHING,"",
Scolopax mira,NOTHING,"",
Setophaga graysoni,NOTHING,"",
Sittiparus owstoni,NOTHING,"",
Sminthopsis bindi,NOTHING,"",
Sminthopsis psammophila,NOTHING,"",
Solenodon marcanoi,NOTHING,"",
Sphaerodactylus kirbyi,NOTHING,"",
Spheniscus humboldti,NOTHING,"",
Spilogale pygmaea,NOTHING,"",
Spondylurus fulgidus,NOTHING,"",
Spondylurus monae,NOTHING,"",
Sylvilagus dicei,NOTHING,"",
Syrmaticus soemmerringii,NOTHING,"",
Tarentola raziana,NOTHING,"",
Tarsius dentatus,NOTHING,"",
Tarsius fuscus,NOTHING,"",
Tarsius niemitzi,NOTHING,"",
Tarsius pelengensis,NOTHING,"",
Tarsius spectrumgurskyae,NOTHING,"",
Tarsius supriatnai,NOTHING,"",
Tarsius tarsier,NOTHING,"",
Todiramphus cinnamominus,NOTHING,"",
Todiramphus godeffroyi,NOTHING,"",
Todiramphus pelewensis,NOTHING,"",
Troglodytes sissonii,NOTHING,"",
Tropidophis bucculentus,NOTHING,"",
Tropidophis stejnegeri,NOTHING,"",
Turdus celaenops,NOTHING,"",
Urocyon littoralis,NOTHING,"",
Vini kuhlii,NOTHING,"",
Wyulda squamicaudata,NOTHING,"",
Xenosaurus platyceps,NOTHING,"",
Zoothera turipavae,NOTHING,"",
Puffinus newelli,NSWG 2005,2005,
Geokichla guttata,(Ndang'ang'a et al. 2004),2004,
Oligosoma homalonotum,(Neilson et al. 2006),2006,
Oligosoma striatum,(Neilson et al. 2004),2004,
Naultinus gemmeus,(New Zealand Department of Conservation 2006),2006,
Naultinus manukanus,(New Zealand Department of Conservation 2006),2006,
Aphelocoma coerulescens,(Niederhauser & Bowman 2014),2014,
Calonectris edwardsii,(Nunes & Hazevoet 2001),2001,
Anas chlorotis,(O'Connor et al. 2007),2007,
Chalinolobus tuberculatus,(O'Donnell et al. 2010),2010,
Aphrastura masafuerae,Oikonos undated,"",
Elanus scriptus,(Olsen 1995),1995,
Charadrius sanctaehelenae,(Oppel et al. 2014),2014,
Pipilo socorroensis,(Ortiz-Alcaraz et al. 2016),2016,
Mimus graysoni,(Ortiz-Alcaraz et al. 2017),2017,
Pipilo socorroensis,(Ortiz-Alcaraz et al. 2017),2017,
Chalinolobus tuberculatus,(O’Donnell 2000),2000,
Chlorodrepanis stejnegeri,P. Baker in litt. 1999,1999,
Loxioides bailleui,P. Banko in litt. 2007,2007,
Loxioides bailleui,(Banko et al. 2002b),2002,
Anarhynchus frontalis,(Battley & Moore 2004),2004,
Melopyrrha grandis,P. Feldmann in litt. 2022,2022,
Sephanoides fernandensis,P. Hodum in litt. 2020,2020,
Mimus trifasciatus,(Grant et al. 2000),2000,
Numenius tahitiensis,P. Raust in litt. 2020,2020,
Chlorodrepanis stejnegeri,P. Roberts in litt. 2007,2007,
Hypotaenidia owstoni,P. Wenninger in litt. 2007,2007,
Chilabothrus granti,P.J. Tolson pers. comm.,.,
Gallotia intermedia,(Padilla et al. 2019),2019,
Bavayia goroensis,(Palmas et al. In preparation),"",
Bavayia nubila,(Palmas et al. In preparation),"",
Bavayia septuiclavis,(Palmas et al. In preparation),"",
Caledoniscincus aquilonius,(Palmas et al. In preparation),"",
Caledoniscincus auratus,(Palmas et al. In preparation),"",
Caledoniscincus chazeaui,(Palmas et al. In preparation),"",
Caledoniscincus constellatus,(Palmas et al. In preparation),"",
Caledoniscincus pelletieri,(Palmas et al. In preparation),"",
Caledoniscincus renevieri,(Palmas et al. In preparation),"",
Celatiscincus euryotis,(Palmas et al. In preparation),"",
Correlophus belepensis,(Palmas et al. In preparation),"",
Correlophus ciliatus,(Palmas et al. In preparation),"",
Correlophus sarasinorum,(Palmas et al. In preparation),"",
Dierogekko inexpectatus,(Palmas et al. In preparation),"",
Dierogekko insularis,(Palmas et al. In preparation),"",
Dierogekko kaalaensis,(Palmas et al. In preparation),"",
Dierogekko koniambo,(Palmas et al. In preparation),"",
Dierogekko nehoueensis,(Palmas et al. In preparation),"",
Dierogekko thomaswhitei,(Palmas et al. In preparation),"",
Dierogekko validiclavis,(Palmas et al. In preparation),"",
Epibator greeri,(Palmas et al. In preparation),"",
Eurydactylodes agricolae,(Palmas et al. In preparation),"",
Eurydactylodes occidentalis,(Palmas et al. In preparation),"",
Eurydactylodes symmetricus,(Palmas et al. In preparation),"",
Eurydactylodes vieillardi,(Palmas et al. In preparation),"",
Lacertoides pardalis,(Palmas et al. In preparation),"",
Marmorosphax montana,(Palmas et al. In preparation),"",
Miniopterus robustior,(Palmas et al. In preparation),"",
Mniarogekko jalu,(Palmas et al. In preparation),"",
Nannoscincus gracilis,(Palmas et al. In preparation),"",
Notopteris neocaledonicus,(Palmas et al. In preparation),"",
Oedodera marmorata,(Palmas et al. In preparation),"",
Paniegekko madjo,(Palmas et al. In preparation),"",
Sigaloseps balios,(Palmas et al. In preparation),"",
Sigaloseps conditus,(Palmas et al. In preparation),"",
Sigaloseps ruficauda,(Palmas et al. In preparation),"",
Tropidoscincus aubrianus,(Palmas et al. In preparation),"",
Dierogekko poumensis,(Palmas et al. 2017),2017,
Nannoscincus hanchisteus,(Palmas et al. 2017),2017,
Pseudobulweria rostrata,(Palmas et al. 2017),2017,
Pterodroma leucoptera,(Palmas et al. 2017),2017,
Pteropus ornatus,(Palmas et al. 2017),2017,
Pteropus vetula,(Palmas et al. 2017),2017,
Crocidura canariensis,Palomo et al. 2007,2007,
Crocidura canariensis,(Palomo & Gisbert 2002),2002,
Petrogale lateralis,(Paltridge et al. 1997),1997,
Gekko lauhachindai,(Panitvong et al. 2010),2010,
Elanus scriptus,(Pavey et al. 2008b),2008,
Elanus scriptus,(Pavey et al. 2008a),2008,
Chlorodrepanis stejnegeri,(Paxton et al. 2018),2018,
Dasyurus viverrinus,(Peacock & Abbott 2014),2014,
Dasyurus viverrinus,(Peacock & Abbott 2014),2014,
Dasycercus cristicauda,(Pedler et al. 2016),2016,
Diomedea epomophora,(Phillips et al. 2016),2016,
Conolophus subcristatus,(Phillips et al. 2005),2005,
Spheniscus demersus,(Pichegru 2013),2013,
Pterodroma alba,(Pierce et al. 2015),2015,
Tropidophis jamaicensis,(Powell 1999),1999,
Megapodius laperouse,(Pratt & Etpison 2008),2008,
Prosobonia parvirostris,(Berrett et al. 1987),1987,
Loxioides bailleui,(Pratt et al. 1997),1997,
Loxioides bailleui,(Pratt et al. 1997),1997,
Leiolopisma ceciliae,(Probst 1998),1998,
Amazona barbadensis,Provita in litt. 2020,2020,
Chalinolobus tuberculatus,(Pryde et al. 2005),2005,
Zyzomys palatalis,(Puckey et al. 2023),2023,
Mysateles prehensilis,(Páez & García 2003),2003,
Cyclura stejnegeri,(Pérez-Buitrago & Sabat 2007),2007,
Emoia adspersa,R. Fisher pers. comm. 2012,2012,
Emoia tuitarere,R. Fisher pers. comm. 2012,2012,
Emoia concolor,R. Fisher pers. comm. 2013,2013,
Lepidodactylus euaensis,R. Fisher pers. comm. 2020,2020,
Bettongia gaimardi,R. Gardiner and R. Hamer pers. comm. 2015,2015,
Bettongia gaimardi,R. Gardiner pers. comm. 2015,2015,
Mabuya cochonae,R. Gomès pers. comm. 2018,2018,
Mokopirirakau nebulosus,R. Hitchmough pers. comm. 2019,2019,
Oligosoma homalonotum,R. Hitchmough pers. comm. 2019,2019,
Prosobonia parvirostris,(Pierce & Blanvillain 2004),2004,
Himantopus novaezelandiae,(Pierce 1986),1986,
Mimus trifasciatus,(Curry 1986),1986,
Amazona vittata,R. M. Engeman in litt. 2012,2012,
Liopholis kintorei,R. Paltridge pers. comm. 2017,2017,
Leiocephalus eremitus,R. Powell pers. comm. 2015,2015,
Leiocephalus eremitus,R. Powell pers. comm. 2016,2016,
Vireo gracilirostris,R. Subirá in litt. 2024,2024,
Chioninia stangeri,R. Vasconcelos pers. comm. 2012,2012,
Gongylomorphus fontenayi,R. Vasconcelos pers. comm. 2012,2012,
Megapodius laperouse,(Radley et al. 2021),2021,
Hemignathus wilsoni,(Ralph & Fancy 1996),1996,
Nesofregetta fuliginosa,(Rauzon et al. 2011),2011,
Pseudomys australis,(Read & Cunningham 2010),2010,
Oligosoma grande,(Reardon et al. 2012),2012,
Cinclodes antarcticus,(Remsen Jr & Bonan 2016),2016,
Aristelliger hechti,(Reynolds 2011),2011,
Chilabothrus chrysogaster,(Reynolds & Gerber 2012),2012,
Megapodius bernsteinii,(Rheindt 2010),2010,
Phascogale pirata,(Rhind et al. 2008),2008,
Bettongia lesueur,Richards 2005,2005,
Perameles bougainville,(Richards & Short 2003),2003,
Pseudobulweria aterrima,(Riethmuller et al. 2012),2012,
Calyptophilus tertius,(Rimmer et al. 2008),2008,
Coenocorypha pusilla,(Roberts & Miskelly 2003),2003,
Otus insularis,(Rocamora 1997),1997,
Falco araeus,(Rocamora 2013),2013,
Pipistrellus maderensis,(Rocha 2015),2015,
Chilabothrus monensis,(Rodríguez-Robles et al. 2015),2015,
Oligosoma otagense,(Roughton & Seddon 2006),2006,
Sephanoides fernandensis,(Roy et al. 1999),1999,
Sephanoides fernandensis,(Roy et al. 1999),1999,
Puffinus mauretanicus,(Ruiz & Martí 2004),2004,
Cyclura ricordii,(Rupp et al. 2008),2008,
Pterodroma baraui,(Russell et al. 2009),2009,
Peromyscus interparietalis,(Ruíz & Flores 2014),2014,
Melopyrrha grandis,(Ryan 2021),2021,
Sterna virgata,(Ryan et al. 2003),2003,
Sterna virgata,(Ryan et al. 2009),2009,
Phalacrocorax nigrogularis,(Muzaffar et al. 2013),2013,
Loxioides bailleui,(Hess & Banko 2006),2006,
Synthliboramphus wumizusume,S. Chan pers. comm. 2015,2015,
Mus mayori,(Molur et al. 2005),2005,
Celestus molesworthi,S.B. Hedges and B. Wilson pers. comm. 2015,2015,
Hypsirhynchus polylepis,S.B. Hedges pers. comm. 2015,2015,
Sphaerodactylus mariguanae,S.B. Hedges pers. comm. 2016,2016,
Tropidophis stullae,S.B. Hedges pers. comm. 2016,2016,
Sphaerodactylus inaguae,S.D. Buckner pers. comm. 2015,2015,
Sphaerodactylus mariguanae,S.D. Buckner pers. comm. 2015,2015,
Sphaerodactylus mariguanae,S.D. Buckner pers. comm. 2016,2016,
Ptilinopus chrysogaster,(S.O.P. & Manu 2015),2015,
Raorchestes tinniens,S.R. Ganesh and S.R. Chandramouli pers. comm. October 2020,2020,
Metabolus rugensis,(SPREP 2000),2000,
Lygodactylus insularis,(Sanchez 2015),2015,
Charadrius bicinctus,(Sanders & Maloney 2002),2002,
Himantopus novaezelandiae,(Sanders & Maloney 2002),2002,
Thinornis cucullatus,(Schulz & Bamford 1987),1987,
Cyclura onchiopsis,(Schwartz & Carey 1977),1977,
Ducula galeata,Seitre and Seitre 1991,1991,
Pomarea mendozae,Seitre and Seitre 1991,1991,
Ducula galeata,(Seitre 1992),1992,
Pomarea mendozae,(Seitre 1992),1992,
Acrocephalus longirostris,(Seitre & Seitre 1989),1989,
Didunculus strigirostris,(Serra et al. 2018),2018,
Peromyscus guardia,(Servín et al. 2014),2014,
Diplothrix legata,(Shionosaki et al. 2015),2015,
Pentalagus furnessi,(Shionosaki et al. 2015),2015,
Anairetes fernandezianus,(Shirihai et al. 2015),2015,
Leporillus conditor,(Short et al. 2019),2019,
Perameles bougainville,(Short et al. 1999),1999,
Acrocephalus rodericanus,(Showler et al. 2002),2002,
Anas chlorotis,(Sim & Roxburgh 2007),2007,
Pseudonestor xanthophrys,(Simon et al. 1997),1997,
Notomys fuscus,(Smith & Quin 1996),1996,
Delma impar,(Smith & Robertson 1999),1999,
Conolophus subcristatus,(Snell et al. 1984),1984,
Myadestes palmeri,(Snetsinger et al. 1999),1999,
Dysmorodrepanis munroi,(Snetsinger et al. 1998),1998,
Myadestes palmeri,(Snetsinger et al. 2005),2005,
Carpodacus ferreorostris,(Stattersfield 1998),1998,
Columba jouyi,(Stattersfield 1998),1998,
Columba versicolor,(Stattersfield 1998),1998,
Dasyornis longirostris,(Stattersfield 1998),1998,
Dendrocygna arborea,(Staus 1997),1997,
Dendrocygna arborea,(Staus 1998),1998,
Chlidonias albostriatus,(Steffens et al. 2012),2012,
Spheniscus mendiculus,(Steinfurth 2007),2007,
Gymnomyza aubryana,(Stirnemann 2015),2015,
Gymnomyza samoensis,(Stirnemann 2015),2015,
Pentalagus furnessi,(Sugimura et al. 2000),2000,
Pentalagus furnessi,(Sugimura et al. 2000),2000,
Papagomys armandvillei,(Suyanto 1998),1998,
Megapodius laperouse,"T. Hall, pers. comm. 2020",2020,
Loxioides bailleui,T. Pratt in litt. 1999,1999,
Gallinula nesiotis,(Taylor & van Perlo 1998),1998,
Zapornia sandwichensis,(Taylor & van Perlo 1998),1998,
Microgoura meeki,(Tennent 2009),2009,
Coenocorypha barrierensis,(Tennyson & Martinson 2006),2006,
Pterodroma brevipes,(Tennyson et al. 2012),2012,
Pyrrhula murina,(Teodosio et al. 2009),2009,
Acrocephalus rimitarae,(Thibault & Cibois 2006a),2006,
Acrocephalus longirostris,(Thibault 1988),1988,
Prosobonia parvirostris,(Thibault & Cibois 2017),2017,
Acrocephalus rimitarae,(Thibault & Cibois 2006b),2006,
Caledoniscincus aquilonius,(Thibault et al. 2017),2017,
Caledoniscincus auratus,(Thibault et al. 2017),2017,
Caledoniscincus renevieri,(Thibault et al. 2017),2017,
Celatiscincus euryotis,(Thibault et al. 2017),2017,
Dierogekko kaalaensis,(Thibault et al. 2017),2017,
Dierogekko koniambo,(Thibault et al. 2017),2017,
Dierogekko nehoueensis,(Thibault et al. 2017),2017,
Dierogekko thomaswhitei,(Thibault et al. 2017),2017,
Eurydactylodes occidentalis,(Thibault et al. 2017),2017,
Oedodera marmorata,(Thibault et al. 2017),2017,
Diomedea amsterdamensis,(Thiebot et al. 2014),2014,
Tukutuku rakiurae,(Thomas 1981),1981,
Oligosoma acrinasum,(Thomas 1985),1985,
Thalassarche steadi,(Thompson et al. 2007),2007,
Notomys fuscus,(Threatened Species Scientific Committee 2008a),2008,
Bellatorias obiri,(Threatened Species Scientific Committee 2008b),2008,
Tympanocryptis condaminensis,(Threatened Species Scientific Committee 2016c),2016,
Amytornis dorotheae,(Threatened Species Scientific Committee 2016a),2016,
Litoria watsoni,(Threatened Species Scientific Committee 2021),2021,
Oligosoma acrinasum,(Tocher 2006),2006,
Oligosoma otagense,(Tocher 2006),2006,
Chilabothrus monensis,(Tolson 1996),1996,
Tropidophis jamaicensis,(Tolson & Henderson 2011),2011,
Aphrastura masafuerae,(Tomasevic et al. 2010),2010,
Oligosoma oliveri,(Towns 1994),1994,
Xeromys myoides,(Traill et al. 2011),2011,
Pristidactylus volcanensis,(Troncoso 2010),2010,
Traversia lyalli,(Tyrberg & Milberg 1991),1991,
Acrocephalus hiwae,(USFWS 1998b),1998,
Anas wyvilliana,(USFWS 2011),2011,
Loxioides bailleui,(USFWS 2020),2020,
Leptonycteris nivalis,(USFWS 2000),2000,
Corvus hawaiiensis,(USFWS 2009),2009,
Megapodius laperouse,(USFWS 1998a),1998,
Thamnophis gigas,USFWS (1993),1993,
Spheniscus demersus,(Underhill et al. 2006),2006,
Lontra felina,(Valqui 2012),2012,
Chasiempis sandwichensis,(VanderWerf 2020),2020,
Mimus melanotis,(Vargas 1996),1996,
Synthliboramphus craveri,(Velarde et al. 2011),2011,
Ctenotus serotinus,(Chapple et al. 2024),2024,
Cryptoblepharus boutonii,(Vinson & Vinson 1969),1969,
Leiolopisma telfairii,(Vinson & Vinson 1969),1969,
Phelsuma edwardnewtonii,(Vinson & Vinson 1969),1969,
Peromyscus guardia,(Vázquez-Domínguez et al. 2004),2004,
Myadestes obscurus,(Wakelee & Fancy 1999),1999,
Charadrius bicinctus,(Walker et al. 1991),1991,
Charmosyna amabilis,(Watling 2013),2013,
Pseudobulweria macgillivrayi,(Watling & Lewanavanua 1985),1985,
Falco araeus,(Watson 1992),1992,
Pseudocheirus occidentalis,(Wayne et al. 2011),2011,
Pseudocheirus occidentalis,(Wayne et al. 2005),2005,
Spheniscus demersus,Weller 2014,2014,
Spheniscus demersus,(Weller et al. 2016),2016,
Oligosoma hoparatea,(Whitaker et al. 2018),2018,
Bettongia tropica,(Whitehead et al. 2018),2018,
Pezoporus occidentalis,(Whitlock 1924),1924,
Larus fuliginosus,(Wiedenfeld & Jiménez-Uzcátegui 2008),2008,
Charadrius thoracicus,(Wiersma & Kirwan 2020),2020,
Lanius ludovicianus,(Wiggins 2004),2004,
Anas aucklandica,(Williams 1986),1986,
Anas aucklandica,(Williams & Robertson 2013),2013,
Charadrius obscurus,Wilson 2005,2005,
Procellaria westlandica,(Wilson & Coast 2016),2016,
Amytornis merrotsyi,Woinarski et al. 2018,2018,
Atrichornis rufescens,(Woinarski et al. 2017),2017,
Dasyornis brachypterus,(Woinarski et al. 2017),2017,
Melanodryas vittata,(Woinarski et al. 2017),2017,
Neophema chrysostoma,(Woinarski et al. 2017),2017,
Antechinus bellus,(Woinarski et al. 2011a),2011,
Ptychoramphus aleuticus,(Wolf et al. 2006),2006,
Todiramphus tutus,(Woodall & Kirwan 2019),2019,
Pentalagus furnessi,(Yamada & Cervantes 2005),2005,
Tokudaia muenninki,(Yamada et al. 2010),2010,
Sternula lorata,(Zavalaga et al. 2008a),2008,
Sternula lorata,(Zavalaga et al. 2009),2009,
Cinclodes maculirostris,(del Hoyo et al. 2020),2020,
Todiramphus tutus,(del Hoyo et al. 2001),2001,
Cyclura collei,(van Veen & Wilson 2017),2017,
Podomys floridanus,Álvarez-Castañeda pers. Comm,"",
Tylomys bullaris,Álvarez-Castañeda pers. Comm,"",
Hymenolaimus malacorhynchos,(Williams 1991),1991,
Pterodroma phaeopygia,(Coulter 1984),1984,
Pterodroma externa,(Coulter et al. 1981),1981,
Pterodroma phaeopygia,(Cruz & Cruz 1987),1987,
Leipoa ocellata,(Benshemesh 1992),1992,
Parantechinus apicalis,(Friend 2003),2003,
Pelecanoides garnotii,G. Aridito pers. com.,.,
Pelecanoides garnotii,(Rivadeneira et al. 1986),1986,
Gallirallus lafresnayanus,(Steadman 1995),1995,
Mimus graysoni,(Jehl & Parkes 1982),1982,
Synthliboramphus hypoleucus,(Howell 1912),1912,
Synthliboramphus hypoleucus,(Van Denburgh 1924),1924,
Pseudobulweria aterrima,(Virion et al. 2021),2021,
Sternula nereis,(Cumming 1991),1991,
Sternula nereis,(Dowding & Murphy 2001),2001,
Chlidonias albostriatus,(Sanders & Maloney 2002),2002,
Synthliboramphus hypoleucus,(Jehl & SI 1975),1975,
Puffinus opisthomelas,(Keitt & Tershy 2003),2003,
Puffinus opisthomelas,(Keitt et al. 2002),2002,
Ptychoramphus aleuticus,(McChesney & Tershy 1998),1998,
Megadyptes antipodes,(Darby 2003),2003,
Megadyptes antipodes,(Darby et al. 1990),1990,
Megadyptes antipodes,(Ratz et al. 1992),1992,
Cyclura carinata,(Harlow & Biciloa 2001),2001,
Pseudomys glaucus,(Dickman 2008),2008,
Podarcis lilfordi,(Mellado et al. 1997),1997,
Anas wyvilliana,(Swedberg 1967),1967,
Anas wyvilliana,(USFWS 2011),2011,
Anas wyvilliana,(Engilis Jr et al. 2020),2020,
Anas wyvilliana,(Malachowski et al. 2018),2018,
Anas wyvilliana,(USFWS 2011),2011,
Mimus graysoni,(Jehl & Parkes 1983),1983,
Mimus graysoni,(Jehl & Parkes 1982),1982,
Mimus graysoni,R. Rodriguez-Estrella in litt. 1995).,1995.,
Mimus graysoni,(Rodríguez-Estrella et al. 1991),1991,
Mimus graysoni,(Wehtje et al. 1993),1993,
Puffinus auricularis,(Jehl & Parkes 1982),1982,
Liopholis kintorei,(Moore et al. 2018),2018,
Hydrobates macrodactylus,(Anthony 1925),1925,
Puffinus opisthomelas,(Anthony 1925),1925,
Hydrobates macrodactylus,(Hanna 1925),1925,
Puffinus opisthomelas,(Hanna 1925),1925,
Synthliboramphus hypoleucus,(Sumner & Bond 1939),1939,
Ptychoramphus aleuticus,(Howell 1917),1917,
Ptychoramphus aleuticus,(Willett 1912),1912,
Potorous tridactylus,(Lazenby 2012),2012,
Potorous tridactylus,(Scott 1994),1994,
Puffinus newelli,(Ainley et al. 2001),2001,
Spheniscus demersus,(Apps 1983),1983,
Puffinus mauretanicus,(Arcos & Oro 2004),2004,
Puffinus mauretanicus,(Arcos 2011),2011,
Mimus graysoni,(Arnaud et al. 1994),1994,
Urosaurus auriculatus,(Arnaud et al. 1994),1994,
Urosaurus auriculatus,(Arnaud et al. 1993),1993,
Procellaria parkinsoni,(Atkinson & Atkinson 2000),2000,
Branta sandvicensis,(Banko et al. 2001),2001,
Corvus hawaiiensis,(Banko et al. 2001),2001,
Loxioides bailleui,(Banko et al. 2001),2001,
Pterodroma magentae,(Bell & Robertson 1994),1994,
Spheniscus demersus,(Berruti 1986),1986,
Acrocephalus rodericanus,(BirdLife International 2000),2000,
Anas aucklandica,(BirdLife International 2000),2000,
Apteryx australis,(BirdLife International 2000),2000,
Charadrius sanctaehelenae,(BirdLife International 2000),2000,
Cyanoramphus forbesi,(BirdLife International 2000),2000,
Diomedea amsterdamensis,(BirdLife International 2000),2000,
Eudyptes pachyrhynchus,(BirdLife International 2000),2000,
Megapodius laperouse,(BirdLife International 2000),2000,
Nesoenas mayeri,(BirdLife International 2000),2000,
Numenius tahitiensis,(BirdLife International 2000),2000,
Palmeria dolei,(BirdLife International 2000),2000,
Pelecanoides garnotii,(BirdLife International 2000),2000,
Pomarea mendozae,(BirdLife International 2000),2000,
Pseudobulweria aterrima,(BirdLife International 2000),2000,
Pseudobulweria macgillivrayi,(BirdLife International 2000),2000,
Pterodroma alba,(BirdLife International 2000),2000,
Pterodroma atrata,(BirdLife International 2000),2000,
Pterodroma defilippiana,(BirdLife International 2000),2000,
Pterodroma externa,(BirdLife International 2000),2000,
Pterodroma madeira,(BirdLife International 2000),2000,
Sephanoides fernandensis,(BirdLife International 2000),2000,
Spheniscus mendiculus,(BirdLife International 2000),2000,
Strigops habroptilus,(BirdLife International 2000),2000,
Turdus celaenops,(BirdLife International 2000),2000,
Zoothera turipavae,(BirdLife International 2000),2000,
Procellaria aequinoctialis,(Bloomer & Bester 1990),1990,
Traversia lyalli,(Buller & Keulemans 1905),1905,
Traversia lyalli,(Buller & Keulemans 1905),1905,
Isoodon auratus,(Burbidge 2004),2004,
Falco punctatus,(Jones et al. 1995),1995,
Falco punctatus,(Cade & Jones 1993),1993,
Podarcis lilfordi,(Clevenger 1995),1995,
Spheniscus demersus,(Cooper 1977),1977,
Neophema chrysogaster,(Copson 1991),1991,
Pterodroma phaeopygia,(Coulter 1984),1984,
Pterodroma phaeopygia,(Coulter et al. 1985),1985,
Pterodroma magentae,(Crockett 1994),1994,
Charadrius obscurus,(Wills et al. 2003),2003,
Charadrius obscurus,(Wills et al. 2003),2003,
Charadrius obscurus,(Dowding & Murphy 2001),2001,
Coenocorypha aucklandica,(Dowding & Murphy 2001),2001,
Coenocorypha aucklandica,(Dowding & Murphy 2001),2001,
Coenocorypha barrierensis,(Dowding & Murphy 2001),2001,
Thinornis novaeseelandiae,(Dowding & Murphy 2001),2001,
Nesoryzomys darwini,(Dowler et al. 2000),2000,
Nesoryzomys indefessus,(Dowler et al. 2000),2000,
Peromyscus guardia,(Mellink et al. 2002),2002,
Amazona vittata,(Engeman et al. 2006),2006,
Pterodroma baraui,(Faulquier et al. 2009),2009,
Cabalus modestus,(Flannery 2001),2001,
Geocapromys thoracatus,(Flannery 2001),2001,
Microgoura meeki,(Flannery 2001),2001,
Zoothera terrestris,(Flannery 2001),2001,
Diomedea epomophora,(Taylor 2000),2000,
Phalacrocorax featherstoni,(Taylor 2000),2000,
Pterodroma axillaris,(Taylor 2000),2000,
Pterodroma cervicalis,(Taylor 2000),2000,
Traversia lyalli,(Galbreath & Brown 2004),2004,
Traversia lyalli,(Galbreath & Brown 2004),2004,
Gallotia simonyi,(García Márquez et al. 1999),1999,
Gallotia simonyi,(García Márquez et al. 1999),1999,
Gallotia simonyi,(García Márquez et al. 1997),1997,
Brachylophus bulabula,(Gibbons 1984),1984,
Brachylophus fasciatus,(Gibbons 1984),1984,
Brachylophus vitiensis,(Gibbons 1984),1984,
Pterodroma cookii,(Girardet et al. 2001),2001,
Gallotia intermedia,(Efraín et al. 2000),2000,
Pterodroma sandwichensis,(Hu et al. 2001),2001,
Procellaria parkinsoni,(Imber 1975),1975,
Pterodroma cookii,(Imber 1975),1975,
Procellaria parkinsoni,(Imber 1987),1987,
Cyclura carinata,(Iverson 1978),1978,
Pterodroma phaeopygia,(Cruz & Cruz 1987),1987,
Charadrius obscurus,(Dowding & Murphy 1993),1993,
Mimus graysoni,(Jehl & Parkes 1983),1983,
Zenaida graysoni,(Jehl & Parkes 1983),1983,
Diomedea amsterdamensis,(Jouventin et al. 1984),1984,
Phoebastria immutabilis,(Keitt et al. 2005),2005,
Amblyrhynchus cristatus,(Konecny 1983),1983,
Amblyrhynchus cristatus,(Laurie 1983),1983,
Atopogale cubana,(Lever 1994),1994,
Pterodroma cookii,(Rayner et al. 2008),2008,
Mimus graysoni,(Martínez-Gómez & Curry 1996),1996,
Puffinus auricularis,(Martínez-Gómez & Curry 1996),1996,
Mimus graysoni,(Martınez-Gomez & Jacobsen 2004),2004,
Zenaida graysoni,(Martınez-Gomez et al. 2001),2001,
Puffinus auricularis,(Martınez-Gomez & Jacobsen 2004),2004,
Megadyptes antipodes,(Massaro & Blair 2003),2003,
Synthliboramphus hypoleucus,(McChesney & Tershy 1998),1998,
Coenocorypha barrierensis,(Miskelly 1988),1988,
Coenocorypha barrierensis,(Miskelly & Baker 2010),2010,
Cyclura carinata,(Mitchell et al. 2002),2002,
Geocapromys thoracatus,(Morgan 1989),1989,
Loxioides bailleui,(Pletschet & Kelly 1990),1990,
Loxioides bailleui,(Pletschet & Kelly 1990),1990,
Loxioides bailleui,(Pletschet & Kelly 1990),1990,
Loxioides bailleui,(Pletschet & Kelly 1990),1990,
Leiocephalus eremitus,(Honegger 1981),1981,
Gallotia simonyi,(Domínguez et al. 1997),1997,
Urosaurus auriculatus,(Rodríguez-Estrella et al. 1991),1991,
Zenaida graysoni,(Rodríguez-Estrella et al. 1991),1991,
Peromyscus pseudocrinitus,(Rodríguez-Moreno et al. 2007),2007,
Peromyscus pseudocrinitus,(Rodríguez-Moreno et al. 2007),2007,
Peromyscus pseudocrinitus,(Rodriguez-Moreno et al. 1999),1999,
Myadestes obscurus,(Smucker et al. 2000),2000,
Chasiempis sandwichensis,(Snetsinger et al. 1994),1994,
Ducula galeata,(Thorsen et al. 2002),2002,
Pterodroma phaeopygia,(Tomkins 1985),1985,
Procellaria aequinoctialis,(Van Rensburg & Bester 1988),1988,
Anthornis melanocephala,(Veitch 1985),1985,
Traversia lyalli,(Veitch 1985),1985,
Myotis vivesi,(Vázquez-Domínguez et al. 2004),2004,
Peromyscus guardia,(Vázquez-Domínguez et al. 2004),2004,
Fregata aquila,(Williams 1984),1984,
Pterodroma arminjoniana,(Williams 1984),1984,
Anas wyvilliana,(Winter & Wallace 2006),2006,
Branta sandvicensis,(Winter & Wallace 2006),2006,
Chasiempis sandwichensis,(Winter & Wallace 2006),2006,
Corvus hawaiiensis,(Winter & Wallace 2006),2006,
Fulica alai,(Winter & Wallace 2006),2006,
Loxioides bailleui,(Winter & Wallace 2006),2006,
Loxops coccineus,(Winter & Wallace 2006),2006,
Myadestes palmeri,(Winter & Wallace 2006),2006,
Pterodroma sandwichensis,(Winter & Wallace 2006),2006,
Puffinus newelli,(Winter & Wallace 2006),2006,
Procellaria aequinoctialis,(Van Aarde 1981),1981,
Procellaria aequinoctialis,(Van Rensburg 1985),1985,
Saxicola dacotiae,(Ardura & Calabuig 1993),1993,
Saxicola dacotiae,(Illera & Díaz 2006),2006,
Saxicola dacotiae,(Lorenzo et al. 2002),2002,
Gallotia simonyi,(García Márquez et al. 1999),1999,
Gallotia simonyi,(García Márquez et al. 1999),1999,
Gallotia intermedia,(Efraín et al. 2000),2000,
Gallotia simonyi,(Domínguez et al. 1997),1997,
Pterodroma feae,(Medina et al. 2010),2010,
Pterodroma feae,(Medina et al. 2010),2010,
Coenocorypha barrierensis,(Turbott 1947),1947,
Coenocorypha barrierensis,(Turbott 1961),1961,
Coenocorypha barrierensis,(Veitch 1985),1985,
Coenocorypha aucklandica,(Miskelly 1987),1987,
Coenocorypha aucklandica,(Miskelly 1987),1987,
Coenocorypha aucklandica,(Miskelly 1987),1987,
Coenocorypha pusilla,(Dowding & Murphy 2001),2001,
Megadyptes antipodes,(Darby et al. 1990),1990,
Megadyptes antipodes,(Moller et al. 1996),1996,
Haematopus chathamensis,(Moore 2009),2009,
Dasyurus geoffroii,(Moseby et al. 2021a),2021,
Dasyurus geoffroii,(Moseby et al. 2021b),2021,
Dasyurus geoffroii,(Moseby et al. 2015),2015,
Bettongia lesueur,(Christensen & Burrows 1995),1995,
Bettongia lesueur,(Moseby et al. 2018),2018,
Bettongia lesueur,(Moseby et al. 2019),2019,
Macrotis lagotis,(Moseby et al. 2019),2019,
Bettongia lesueur,(Moyses et al. 2020),2020,
Perameles bougainville,(Richards & Short 2003),2003,
Perameles bougainville,(Richards & Short 2003),2003,
Hypotaenidia sylvestris,(Fullagar 1985),1985,
Hypotaenidia sylvestris,(Miller & Kingston 1980),1980,
Ptychoramphus aleuticus,(Jehl 1977),1977,
Puffinus opisthomelas,(Keitt & Tershy 2003),2003,
Ptychoramphus aleuticus,(Wolf 2002),2002,
Puffinus opisthomelas,(Wood et al. 2002),2002,
Anas chlorotis,(O'Connor 2004),2004,
Chalinolobus tuberculatus,(Daniel & Williams 1984),1984,
Chalinolobus tuberculatus,(Dwyer 1962),1962,
Chalinolobus tuberculatus,"J. Scrimgeour, pers. comm.",.,
Chalinolobus tuberculatus,(Lloyd 2005),2005,
Chalinolobus tuberculatus,(O'Donnell 2000),2000,
Chalinolobus tuberculatus,(O'Donnell & Sedgeley 1999),1999,
Chalinolobus tuberculatus,(O’Donnell 2000),2000,
Chalinolobus tuberculatus,"P. Webb, Clarke Webb Ecology Ltd, pers. comm.",.,
Chalinolobus tuberculatus,(Pryde et al. 2005),2005,
Chalinolobus tuberculatus,NOTHING,"",
Coleura seychellensis,NOTHING,"",
Falsistrellus tasmaniensis,NOTHING,"",
Leptonycteris nivalis,NOTHING,"",
Myotis vivesi,NOTHING,"",
Phoniscus papuensis,NOTHING,"",
Phyllonycteris aphylla,NOTHING,"",
Pipistrellus maderensis,NOTHING,"",
Pteropus dasymallus,NOTHING,"",
Pteropus pselaphon,NOTHING,"",
Pteropus vetula,NOTHING,"",
Pteropus ornatus,(Palmas et al. 2017),2017,
Mystacina tuberculata,(Scrimgeour et al. 2012),2012,
Pteropus melanotus,(Tidemann et al. 1994),1994,
Dasyornis brachypterus,(Hartley & Kikkawa 1994),1994,
Dasyornis brachypterus,(Mitchell 2001),2001,
Puffinus mauretanicus,(Aguilar 1999),1999,
Hydrobates macrodactylus,(Anthony 1925),1925,
Thinornis novaeseelandiae,(Bell & Bell 2000a),2000,
Strigops habroptilus,(Best & Powlesland 1985),1985,
Cyclura pinguis,(Bradley & Gerber 2005),2005,
Isoodon auratus,(Burbidge et al. 2000),2000,
Strigops habroptilus,(Butler 1989),1989,
Vini kuhlii,(Watling 1995),1995,
Mystacina tuberculata,(Daniel 1990),1990,
Burramys parvus,(Department of Environment Land Water and Planning 2016),2016,
Fossa fossana,(Farris et al. 2017),2017,
Bettongia lesueur,(Finlayson et al. 2010),2010,
Brachylophus vitiensis,(Fisher et al. 2019),2019,
Vini kuhlii,(McCormack & Künzlè 1996),1996,
Zyzomys pedunculatus,(Geyle et al. 2018),2018,
Macrotis lagotis,(Geyle et al. 2025),2025,
Ctenosaura oedirhina,(Goode et al. 2020),2020,
Charadrius bicinctus,(Gunby 2024),2024,
Brachylophus vitiensis,(Harlow & Biciloa 2001),2001,
Macrotis lagotis,(Hill et al. 2004),2004,
Strigops habroptilus,(Karl & Best 1982),1982,
Himantopus novaezelandiae,(Keedwell et al. 2002b),2002,
Oligosoma grande,(Middlemiss 1995),1995,
Oligosoma otagense,(Middlemiss 1995),1995,
Anas aucklandica,(Miskelly et al. 2020),2020,
Cyanoramphus auriceps,(Miskelly et al. 2020),2020,
Lewinia muelleri,(Miskelly et al. 2020),2020,
Strigops habroptilus,(Moorhouse & Powlesland 1991),1991,
Caledoniscincus aquilonius,(Palmas et al. 2017),2017,
Caledoniscincus auratus,(Palmas et al. 2017),2017,
Caledoniscincus orestes,(Palmas et al. 2017),2017,
Celatiscincus similis,(Palmas et al. 2017),2017,
Emoia loyaltiensis,(Palmas et al. 2017),2017,
Kanakysaurus viviparus,(Palmas et al. 2017),2017,
Kanakysaurus zebratus,(Palmas et al. 2017),2017,
Lioscincus steindachneri,(Palmas et al. 2017),2017,
Lioscincus vivae,(Palmas et al. 2017),2017,
Marmorosphax taom,(Palmas et al. 2017),2017,
Phasmasaurus maruia,(Palmas et al. 2017),2017,
Phasmasaurus tillieri,(Palmas et al. 2017),2017,
Bettongia tropica,(Pocknee 2024),2024,
Pyrrhula murina,(Ramos 1996),1996,
Puffinus mauretanicus,(Aguilar 2000),2000,
Puffinus mauretanicus,(Mayol-Serra 2000),2000,
Mimus graysoni,(Castellanos & Rodriguez-Estrella 1993),1993,
Anas chlorotis,(Barker & Williams 2002),2002,
Anas chlorotis,(Hayes & Williams 1982),1982,
Anas chlorotis,(O'Connor et al. 2007),2007,
Anas chlorotis,(Skilton 2009),2009,
Anas chlorotis,(Ward-Smith & Nagakawa 2012),2012,
Loxioides bailleui,(Banko et al. 2020),2020,
Loxioides bailleui,(Pratt et al. 1997),1997,
Loxioides bailleui,(van Riper III 1980b),1980,
Anas aucklandica,(Kear & Williams 1978),1978,
Anas aucklandica,(Williams 1964),1964,
Haematopus chathamensis,(Moore 2009),2009,
Mimus trifasciatus,(Swarth 1931),1931,
Pseudomys australis,(Pavey et al. 2014),2014,
Prosobonia cancellata,(Pierce & Blanvillain 2004),2004,
Hypotaenidia sylvestris,(Miller & Mullette 1985),1985,
Hypotaenidia sylvestris,(NSW National Parks and Wildlife Service 2002a),2002,
Loxioides bailleui,"Biological Resources Division, unpubl.",.,
Loxioides bailleui,(Pletschet & Kelly 1990),1990,
Loxioides bailleui,(van Riper III 1980a),1980,
Leiocephalus eremitus,"A. Schwartz, pers. Comm","",
Prosobonia cancellata,(Pierce et al. 2003),2003,
Bettongia penicillata,(Abbott 2008),2008,
Phascogale calura,"Angela Sanders, pers. comm.",.,
Isoodon auratus,(Burbidge 1971),1971,
Bettongia lesueur,(Burbidge 2001),2001,
Dasyurus geoffroii,(Burbidge 2001),2001,
Leporillus conditor,(Burbidge 2001),2001,
Parantechinus apicalis,(Burbidge 2001),2001,
Perameles bougainville,(Burbidge 2001),2001,
Pseudomys fieldi,(Burbidge 2001),2001,
Bettongia lesueur,(Burbidge & Manly 2002),2002,
Dasyurus geoffroii,(Burbidge & Manly 2002),2002,
Leporillus conditor,(Burbidge & Manly 2002),2002,
Parantechinus apicalis,(Burbidge & Manly 2002),2002,
Perameles bougainville,(Burbidge & Manly 2002),2002,
Pseudomys fieldi,(Burbidge & Manly 2002),2002,
Pseudomys shortridgei,(Burbidge & Manly 2002),2002,
Conilurus penicillatus,(Davies et al. 2017),2017,
Bettongia lesueur,(Deller et al. 2015),2015,
Dasyurus geoffroii,(Deller et al. 2015),2015,
Leporillus conditor,(Deller et al. 2015),2015,
Parantechinus apicalis,(Deller et al. 2015),2015,
Perameles bougainville,(Deller et al. 2015),2015,
Pseudomys fieldi,(Deller et al. 2015),2015,
Pseudomys shortridgei,(Deller et al. 2015),2015,
Bettongia penicillata,(Delroy et al. 1986),1986,
Chaeropus ecaudatus,(Dickman et al. 1993),1993,
Dasyurus geoffroii,(Dickman et al. 1993),1993,
Isoodon auratus,(Dickman et al. 1993),1993,
Leporillus apicalis,(Dickman et al. 1993),1993,
Leporillus conditor,(Dickman et al. 1993),1993,
Notomys longicaudatus,(Dickman et al. 1993),1993,
Perameles bougainville,(Dickman et al. 1993),1993,
Phascogale calura,(Dickman et al. 1993),1993,
Pseudomys australis,(Dickman et al. 1993),1993,
Pseudomys gouldii,(Dickman et al. 1993),1993,
Bettongia gaimardi,(Fancourt 2014),2014,
Mastacomys fuscus,(Green 2002),2002,
Mesembriomys gouldii,(Hohnen 2015),2015,
Wyulda squamicaudata,(Hohnen 2015),2015,
Wyulda squamicaudata,(Hohnen et al. 2016a),2016,
Conilurus penicillatus,(Hohnen et al. 2016b),2016,
Mesembriomys gouldii,(Hohnen et al. 2016b),2016,
Petrogale penicillata,(Short et al. 1992),1992,
Setonix brachyurus,(Short et al. 1992),1992,
Bettongia penicillata,(Marlow et al. 2015a),2015,
Bettongia penicillata,(Marlow et al. 2015a),2015,
Bettongia penicillata,(Marlow et al. 2015a),2015,
Bettongia penicillata,(Marlow et al. 2015a),2015,
Dasyurus hallucatus,(Morris et al. 2015),2015,
Bettongia penicillata,(Morris et al. 2004),2004,
Lagostrophus fasciatus,(Morris et al. 2004),2004,
Perameles bougainville,(Morris et al. 2004),2004,
Dasyurus geoffroii,(Moseby et al. 2015),2015,
Bettongia lesueur,(Moseby et al. 2011),2011,
Bettongia lesueur,(Moseby et al. 2011),2011,
Bettongia lesueur,(Moseby et al. 2011),2011,
Bettongia lesueur,(Moseby et al. 2011),2011,
Leporillus conditor,(Moseby et al. 2011),2011,
Macrotis lagotis,(Moseby et al. 2011),2011,
Perameles bougainville,(Moseby et al. 2011),2011,
Setonix brachyurus,(De Tores et al. 2007),2007,
Perameles bougainville,(Short 2016),2016,
Bettongia penicillata,(Wayne et al. 2017b),2017,
Bettongia lesueur,(West et al. 2018),2018,
Conilurus penicillatus,(Woinarski et al. 2011a),2011,
Dasyurus hallucatus,(Woinarski et al. 2011a),2011,
Phascogale pirata,(Woinarski et al. 2011a),2011,
Phascogale pirata,(Woinarski et al. 2011a),2011,
Pyrrhula murina,(Ramos 1994),1994,
Megadyptes antipodes,(Darby et al. 1990),1990,
Apteryx australis,(Harper 2005),2005,
Apteryx australis,(Karl & Best 1982),1982,
Mimus graysoni,(Jehl & Parkes 1983),1983,
Urosaurus auriculatus,(Arnaud et al. 1993),1993,
Zenaida graysoni,(Jehl & Parkes 1983),1983,
Zenaida graysoni,(Martınez-Gomez et al. 2001),2001,
Phalacrocorax nigrogularis,(Kelly 2000),2000,
Phalacrocorax nigrogularis,(Mudler et al. 2011),2011,
Loxioides bailleui,(Pletschet & Kelly 1990),1990,
Megadyptes antipodes,(Alterio & Moller 1997),1997,
Megadyptes antipodes,(Clapperton 2001),2001,
Megadyptes antipodes,(Darby et al. 1990),1990,
Megadyptes antipodes,(Moller & Alterio 1999),1999,
Megadyptes antipodes,(Ratz 1997),1997,
Megadyptes antipodes,(Ratz et al. 2004),2004,
Megadyptes antipodes,(Ratz 2000),2000,
Megadyptes antipodes,(Ratz et al. 1999),1999,
Bettongia lesueur,"J. Short, unpublished observations","",
Leporillus conditor,(Copley 1999a),1999,
Bettongia lesueur,(Short & Turner 2000),2000,
Spheniscus mendiculus,(Berruti 1986),1986,
Spheniscus mendiculus,(Yorio & Boersma 1994),1994,
Pterodroma sandwichensis,(Simons 1985),1985,
Pterodroma sandwichensis,(Simons 1983),1983,
Acrocephalus rimitarae,(BirdLife International 2000),2000,
Bellatorias obiri,(Threatened Species Scientific Committee 2006),2006,
Bellatorias obiri,(Woinarski 2007),2007,
Oligosoma grande,(Daugherty & Towns 1991),1991,
Branta sandvicensis,"C. Terry, pers. comm. 1999",1999,
Branta sandvicensis,"Telfer, pers. comm 1998",1998,
Loxioides bailleui,(Banko et al. 2004),2004,
Loxioides bailleui,(Pletschet & Kelly 1990),1990,
Loxioides bailleui,(Snetsinger et al. 1994),1994,
Pterodroma cahow,(USFWS 2013a),2013,
Megapodius laperouse,(Dekker 1989),1989,
Megapodius laperouse,(Ludwig 1979),1979,
Pterodroma cookii,(Imber 1975),1975,
Synthliboramphus craveri,(BirdLife International 2000),2000,
Synthliboramphus craveri,(Mellink 2002),2002,
Synthliboramphus craveri,(DeWeese & Anderson 1976),1976,
Pteropus dasymallus,(Matayoshi 2014),2014,
Pteropus dasymallus,(Vincenot et al. 2017),2017,
Onychogalea fraenata,(Augusteyn et al. 2022),2022,
Setonix brachyurus,(Bain 2015),2015,
Isoodon auratus,(Blythman et al. 2020),2020,
Pseudomys novaehollandiae,(Burns 2020),2020,
Dasyurus maculatus,(Catling & Burt 1997),1997,
Bettongia lesueur,(Christensen & Burrows 1995),1995,
Isoodon auratus,(Christensen & Burrows 1995),1995,
Pseudocheirus occidentalis,(Clarke 2011),2011,
Pseudomys fumeus,(Cockburn 1981),1981,
Dasyurus geoffroii,(Comer et al. 2020),2020,
Leporillus conditor,(Copley 1999b),1999,
Leporillus conditor,(Copley 1999a),1999,
Dasyurus hallucatus,(Cowan et al. 2020),2020,
Dasyurus hallucatus,(Cowan et al. 2020),2020,
Conilurus penicillatus,(Davies et al. 2017),2017,
Conilurus penicillatus,(Davies et al. 2018),2018,
Mesembriomys gouldii,(Davies et al. 2018),2018,
Bettongia lesueur,(Doherty et al. 2015),2015,
Bettongia lesueur,(Doherty et al. 2015),2015,
Bettongia lesueur,(Doherty et al. 2015),2015,
Bettongia lesueur,(Doherty et al. 2015),2015,
Bettongia penicillata,(Doherty et al. 2015),2015,
Bettongia penicillata,(Doherty et al. 2015),2015,
Bettongia penicillata,(Doherty et al. 2015),2015,
Bettongia penicillata,(Doherty et al. 2015),2015,
Burramys parvus,(Doherty et al. 2015),2015,
Dasycercus cristicauda,(Doherty et al. 2015),2015,
Dasycercus cristicauda,(Doherty et al. 2015),2015,
Dasycercus cristicauda,(Doherty et al. 2015),2015,
Dasycercus cristicauda,(Doherty et al. 2015),2015,
Dasycercus cristicauda,(Doherty et al. 2015),2015,
Dasyurus geoffroii,(Doherty et al. 2015),2015,
Dasyurus hallucatus,(Doherty et al. 2015),2015,
Dasyurus hallucatus,(Doherty et al. 2015),2015,
Dasyurus hallucatus,(Doherty et al. 2015),2015,
Dasyurus hallucatus,(Doherty et al. 2015),2015,
Dasyurus hallucatus,(Doherty et al. 2015),2015,
Dasyurus hallucatus,(Doherty et al. 2015),2015,
Lagostrophus fasciatus,(Doherty et al. 2015),2015,
Macrotis lagotis,(Doherty et al. 2015),2015,
Macrotis lagotis,(Doherty et al. 2015),2015,
Macrotis lagotis,(Doherty et al. 2015),2015,
Mastacomys fuscus,(Doherty et al. 2015),2015,
Myrmecobius fasciatus,(Doherty et al. 2015),2015,
Onychogalea fraenata,(Doherty et al. 2015),2015,
Onychogalea fraenata,(Doherty et al. 2015),2015,
Onychogalea fraenata,(Doherty et al. 2015),2015,
Onychogalea fraenata,(Doherty et al. 2015),2015,
Perameles bougainville,(Doherty et al. 2015),2015,
Petrogale lateralis,(Doherty et al. 2015),2015,
Petrogale penicillata,(Doherty et al. 2015),2015,
Phascogale tapoatafa,(Doherty et al. 2015),2015,
Pteropus melanotus,(Doherty et al. 2015),2015,
Setonix brachyurus,(Doherty et al. 2015),2015,
Setonix brachyurus,(Doherty et al. 2015),2015,
Sminthopsis douglasi,(Doherty et al. 2015),2015,
Sminthopsis douglasi,(Doherty et al. 2015),2015,
Sminthopsis douglasi,(Doherty et al. 2015),2015,
Sminthopsis douglasi,(Doherty et al. 2015),2015,
Sminthopsis douglasi,(Doherty et al. 2015),2015,
Isoodon auratus,(Doherty et al. 2017),2017,
Bettongia gaimardi,(Evans et al. 2021),2021,
Bettongia gaimardi,(Fancourt 2014),2014,
Dasyurus viverrinus,(Fancourt et al. 2015),2015,
Notomys fuscus,(Feit et al. 2019),2019,
Onychogalea fraenata,(Fisher 1999),1999,
Onychogalea fraenata,(Fisher et al. 2001),2001,
Parantechinus apicalis,(Friend 2003),2003,
Myrmecobius fasciatus,(Friend & Thomas 1994),1994,
Bettongia gaimardi,(Gardiner et al. 2018),2018,
Macrotis lagotis,(Geyle et al. 2024),2024,
Dasyurus geoffroii,(Glen et al. 2010),2010,
Notomys fuscus,(Gordon et al. 2015),2015,
Lagostrophus fasciatus,(Hardman et al. 2016),2016,
Onychogalea fraenata,(Hayward et al. 2012),2012,
Setonix brachyurus,(Hayward et al. 2005),2005,
Dasyurus viverrinus,(Hollings et al. 2014),2014,
Onychogalea fraenata,(Horsup & Evans 1993),1993,
Bettongia penicillata,(James et al. 2002),2002,
Sminthopsis douglasi,(Kutt 2003),2003,
Sminthopsis douglasi,(Kutt 2011),2011,
Sminthopsis douglasi,(Kutt & Kitchener 2012),2012,
Sminthopsis douglasi,(Kutt & Kitchener 2012),2012,
Dasyurus maculatus,(Körtner et al. 2003),2003,
Dasyurus maculatus,(Körtner et al. 2003),2003,
Potorous tridactylus,(Lazenby 2012),2012,
Notomys fuscus,(Letnic & Koch 2010),2010,
Notomys fuscus,(Letnic et al. 2009),2009,
Macrotis lagotis,(Lohr et al. 2021),2021,
Macrotis lagotis,(Lohr et al. 2022),2022,
Dasycercus cristicauda,(Mahon 1999),1999,
Bettongia penicillata,(Marlow et al. 2015a),2015,
Bettongia penicillata,(Marlow et al. 2015a),2015,
Bettongia penicillata,(Marlow et al. 2015a),2015,
Bettongia penicillata,(Marlow et al. 2015a),2015,
Bettongia penicillata,(Martin et al. 2006),2006,
Zyzomys pedunculatus,(McDonald et al. 2014),2014,
Sminthopsis douglasi,(Mifsud & Woolley 2012),2012,
Potorous tridactylus,(Miritis et al. 2020),2020,
Potorous tridactylus,(Miritis et al. 2020),2020,
Macrotis lagotis,(Moore et al. 2024),2024,
Bettongia lesueur,(Moseby et al. 2015),2015,
Dasyurus geoffroii,(Moseby et al. 2021a),2021,
Dasyurus geoffroii,(Moseby et al. 2021a),2021,
Macrotis lagotis,(Moseby et al. 2012),2012,
Dasyurus geoffroii,(Moseby et al. 2021b),2021,
Dasyurus geoffroii,(Moseby et al. 2022),2022,
Dasyurus geoffroii,(Moseby et al. 2022),2022,
Dasyurus geoffroii,(Moseby et al. 2022),2022,
Bettongia lesueur,(Moseby et al. 2018),2018,
Bettongia lesueur,(Moseby et al. 2019),2019,
Bettongia lesueur,(Moseby et al. 2019),2019,
Macrotis lagotis,(Moseby et al. 2019),2019,
Pseudomys australis,(Moseby et al. 2020),2020,
Bettongia penicillata,(Moseby et al. 2015),2015,
Dasyurus geoffroii,(Moseby et al. 2015),2015,
Isoodon auratus,(Moseby et al. 2015),2015,
Macrotis lagotis,(Moseby et al. 2015),2015,
Macrotis lagotis,(Moseby et al. 2015),2015,
Macrotis lagotis,(Moseby et al. 2015),2015,
Bettongia lesueur,(Moseby et al. 2011),2011,
Bettongia lesueur,(Moseby et al. 2011),2011,
Bettongia lesueur,(Moseby et al. 2011),2011,
Bettongia lesueur,(Moseby et al. 2011),2011,
Macrotis lagotis,(Moseby et al. 2011),2011,
Macrotis lagotis,(Moseby et al. 2011),2011,
Bettongia lesueur,(Moyses et al. 2020),2020,
Macrotis lagotis,(Murphy et al. 2019),2019,
Conilurus penicillatus,(Neave et al. 2024),2024,
Potorous tridactylus,(Norton et al. 2015),2015,
Dasyurus hallucatus,(Oakwood 2000),2000,
Dasyurus hallucatus,(Palmer et al. 2021),2021,
Dasycercus cristicauda,(Paltridge 2002),2002,
Macrotis lagotis,(Paltridge 2002),2002,
Petrogale lateralis,(Paltridge et al. 1997),1997,
Macrotis lagotis,(Paltridge et al. 2020),2020,
Macrotis lagotis,(Paltridge et al. 2020),2020,
Dasycercus cristicauda,(Paltridge 2005),2005,
Macrotis lagotis,(Paltridge 2005),2005,
Macrotis lagotis,(Paltridge 2005),2005,
Pseudomys australis,(Pavey et al. 2014),2014,
Pseudomys australis,(Pavey et al. 2014),2014,
Pseudomys australis,(Pavey et al. 2008b),2008,
Dasyurus hallucatus,(Peacock & Abbott 2014),2014,
Dasyurus viverrinus,(Peacock & Abbott 2014),2014,
Dasyurus viverrinus,(Peacock & Abbott 2014),2014,
Dasycercus cristicauda,(Pedler et al. 2016),2016,
Notomys fuscus,(Pedler et al. 2016),2016,
Pseudomys australis,(Pedler et al. 2016),2016,
Conilurus penicillatus,(Penton et al. 2021),2021,
Dasyurus hallucatus,(Pollock 1999),1999,
Bettongia penicillata,(Priddel & Wheeler 2004),2004,
Pseudomys australis,(Read & Cunningham 2010),2010,
Petrogale lateralis,(Read et al. 2019a),2019,
Petrogale lateralis,(Read et al. 2019a),2019,
Potorous tridactylus,(Rees et al. 2024),2024,
Perameles bougainville,(Richards 2012b),2012,
Perameles bougainville,(Richards & Short 2003),2003,
Macrotis lagotis,(Richards 2012a),2012,
Dasyurus viverrinus,(Robinson et al. 2021),2021,
Dasyurus viverrinus,(Robinson et al. 2020),2020,
Potorous tridactylus,(Robley et al. 2022),2022,
Potorous tridactylus,(Schwarz 1995),1995,
Phascogale calura,(Short & Hide 2012),2012,
Bettongia lesueur,(Short & Turner 2000),2000,
Perameles bougainville,(Short 2016),2016,
Leporillus conditor,(Short et al. 2019),2019,
Bettongia lesueur,(Short et al. 2002),2002,
Phascogale tapoatafa,(Soderquist & Serena 1994),1994,
Macrotis lagotis,(Southgate et al. 2007),2007,
Antechinus bellus,(Stobo-Wilson et al. 2020),2020,
Conilurus penicillatus,(Stobo-Wilson et al. 2020),2020,
Dasyurus hallucatus,(Stobo-Wilson et al. 2020),2020,
Mesembriomys gouldii,(Stobo-Wilson et al. 2020),2020,
Sminthopsis butleri,(Stobo-Wilson et al. 2020),2020,
Zyzomys maini,(Stobo-Wilson et al. 2020),2020,
Dasyurus hallucatus,(Stokeld et al. 2018),2018,
Mesembriomys gouldii,(Stokeld et al. 2018),2018,
Sminthopsis bindi,(Stokeld et al. 2016),2016,
Dasyurus hallucatus,(Trewella et al. 2023),2023,
Notomys fuscus,(Vernes et al. 2021a),2021,
Dasycercus cristicauda,(Vernes et al. 2021b),2021,
Notomys fuscus,(Vernes et al. 2021b),2021,
Bettongia penicillata,(Wayne et al. 2011),2011,
Bettongia penicillata,(Wayne et al. 2011),2011,
Dasyurus geoffroii,(Wayne et al. 2011),2011,
Pseudocheirus occidentalis,(Wayne et al. 2011),2011,
Bettongia penicillata,(Wayne et al. 2017b),2017,
Dasyurus geoffroii,(Wayne et al. 2017b),2017,
Phascogale tapoatafa,(Wayne et al. 2017b),2017,
Pseudocheirus occidentalis,(Wayne et al. 2017b),2017,
Bettongia penicillata,(Wayne et al. 2017a),2017,
Dasyurus geoffroii,(Wayne et al. 2017a),2017,
Pseudocheirus occidentalis,(Wayne et al. 2017a),2017,
Bettongia penicillata,(Wheeler & Priddel 2009),2009,
Conilurus penicillatus,(Woinarski et al. 2011a),2011,
Dasyurus hallucatus,(Woinarski et al. 2011a),2011,
Phascogale pirata,(Woinarski et al. 2011a),2011,
Phascogale pirata,(Woinarski et al. 2011a),2011,
Isoodon auratus,(Wysong 2016),2016,
Macrotis lagotis,(Wysong 2016),2016,
Bettongia penicillata,(Wayne et al. 2017b),2017,
Dasyurus geoffroii,(Wayne et al. 2017b),2017,
Pseudocheirus occidentalis,(Wayne et al. 2017b),2017,
Bettongia penicillata,(Wayne et al. 2017b),2017,
Dasyurus geoffroii,(Wayne et al. 2017b),2017,
Pseudocheirus occidentalis,(Wayne et al. 2017b),2017,
Ardenna creatopus,(Adams et al. 2019),2019,
Dasyurus maculatus,(Adams et al. 1929),1929,
Calonectris edwardsii,(Alho et al. 2022),2022,
Megadyptes antipodes,(Alterio & Moller 1997),1997,
Megadyptes antipodes,(Alterio et al. 1998),1998,
Loxioides bailleui,(Amarasekare 1993),1993,
Loxioides bailleui,(Amarasekare 1994),1994,
Dasyurus maculatus,(Andersen et al. 2016),2016,
Urosaurus auriculatus,(Arnaud et al. 1993),1993,
Potorous tridactylus,(Arthur et al. 2012),2012,
Macrotis lagotis,(Augusteyn et al. 2021),2021,
Cryptoprocta ferox,(Axel et al. 2024),2024,
Calonectris leucomelas,(Azumi et al. 2021),2021,
Pterodroma brevipes,(Bretagnolle et al. 2025),2025,
Setonix brachyurus,(Bain et al. 2015),2015,
Dasyurus viverrinus,(Baker & Beveridge 2001),2001,
Chelonoidis niger,(Balasubramanian et al. 2022),2022,
Bettongia lesueur,(Bannister et al. 2021),2021,
Diomedea exulans,(Barbraud et al. 2021),2021,
Diomedea exulans,(Barbraud et al. 2021),2021,
Dasyurus maculatus,(Barrio et al. 2010),2010,
Chlidonias albostriatus,(Bell 2017),2017,
Amerotyphlops tasymicris,(Bentz et al. 2011),2011,
Macrotis lagotis,(Berris et al. 2020),2020,
Procellaria aequinoctialis,(Berruti et al. 1995),1995,
Procellaria cinerea,(Bird et al. 2024),2024,
Amazona barbadensis,(Bisbal 2008),2008,
Diomedea exulans,(Blanchard et al. 2024),2024,
Diomedea exulans,(Blanchard et al. 2024),2024,
Numenius tahitiensis,(Blanvillain et al. 2002),2002,
Pampusana erythroptera,(Blanvillain et al. 2002),2002,
Prosobonia cancellata,(Blanvillain et al. 2002),2002,
Bettongia lesueur,(Blumstein et al. 2019),2019,
Macrotis lagotis,(Blumstein et al. 2019),2019,
Puffinus yelkouan,(Bonnaud et al. 2012),2012,
Puffinus yelkouan,(Bonnaud et al. 2015),2015,
Chalinolobus tuberculatus,(Borkin et al. 2023),2023,
Mystacina tuberculata,(Borkin et al. 2023),2023,
Puffinus yelkouan,(Bourgeois & Vidal 2008),2008,
Diomedea exulans,(Bourgoin et al. 2024),2024,
Pterodroma leucoptera,(Bretagnolle et al. 2021),2021,
Cryptoprocta ferox,(Brockman et al. 2008),2008,
Charadrius sanctaehelenae,(Burns et al. 2013),2013,
Charadrius sanctaehelenae,(Burns et al. 2013),2013,
Pseudomys novaehollandiae,(Burns 2020),2020,
Sylvilagus mansuetus,(Lorenzo et al. 2011),2011,
Lontra felina,(Calvo-Mac et al. 2020),2020,
Himantopus novaezelandiae,(Cameron et al. 2005),2005,
Procellaria cinerea,(Campolina et al. 2024),2024,
Ardenna creatopus,(Carle et al. 2019),2019,
Ardenna creatopus,(Carle et al. 2021),2021,
Ardenna creatopus,(Carle et al. 2024),2024,
Dasyurus maculatus,(Carthey & Banks 2016),2016,
Corvus hawaiiensis,(Chalkowski et al. 2021),2021,
Anas eatoni,(Chapuis et al. 2001),2001,
Trichechus manatus,(Charvet et al. 2016),2016,
Macrotis lagotis,(Chen et al. 2024),2024,
Dasyurus maculatus,(Claridge et al. 2023),2023,
Phoebetria palpebrata,(Cleeland et al. 2020),2020,
Leporillus conditor,(Copley 1999b),1999,
Leporillus apicalis,(Copley 1999a),1999,
Leporillus conditor,(Copley 1999a),1999,
Puffinus mauretanicus,(Cortés & González-Solís 2018),2018,
Phascogale calura,(Cowan et al. 2024),2024,
Diomedea exulans,(Crawford et al. 2003),2003,
Sterna virgata,(Crawford et al. 2003),2003,
Dasyurus geoffroii,(Cruz et al. 2013),2013,
Chlidonias albostriatus,(Cruz et al. 2014),2014,
Nestor notabilis,(Cuthbert 2003),2003,
Todiramphus gambieri,(Kesler et al. 2012),2012,
Charadrius obscurus,(Wills et al. 2003),2003,
Charadrius obscurus,(Wills et al. 2003),2003,
Pseudobulweria macgillivrayi,(Priddel et al. 2008),2008,
Pterodroma baraui,(Danckwerts et al. 2016),2016,
Conilurus penicillatus,(Davies et al. 2018),2018,
Macrotis lagotis,(Dawson et al. 2018),2018,
Nannopterum harrisi,(Deem et al. 2010),2010,
Spheniscus mendiculus,(Deem et al. 2010),2010,
Fringilla teydea,(Delgado et al. 2024),2024,
Dasyurus geoffroii,(Dickman 1992),1992,
Petrogale lateralis,(Dickman 1996a),1996,
Bettongia lesueur,(Dickman 2011),2011,
Dasycercus cristicauda,(Dickman et al. 2001),2001,
Diomedea exulans,(Dilley et al. 2016),2016,
Procellaria aequinoctialis,(Dilley et al. 2018),2018,
Procellaria cinerea,(Dilley et al. 2018),2018,
Procellaria aequinoctialis,(Dilley et al. 2017),2017,
Pterodroma baraui,(Dumont et al. 2010),2010,
Isoodon auratus,(Dunlop et al. 2021),2021,
Eliomys quercinus,(Durette-Desset & Pesson 1987),1987,
Zosterops albogularis,(Dutson 2013),2013,
Petroica multicolor,(Dutson 2013),2013,
Puffinus yelkouan,(Bonnaud et al. 2010b),2010,
Puffinus yelkouan,(Bonnaud et al. 2009),2009,
Liopholis kintorei,(Eifler & Eifler 2025),2025,
Amazona vittata,(Engeman et al. 2006),2006,
Corvus kubaryi,(Faegre et al. 2020),2020,
Eliomys quercinus,(Famira-Parcsetich et al. 2024),2024,
Bettongia gaimardi,(Fancourt 2014),2014,
Bettongia penicillata,(Fancourt 2014),2014,
Dasyurus viverrinus,(Fancourt 2014),2014,
Dasyurus viverrinus,(Fancourt 2016),2016,
Dasyurus viverrinus,(Fancourt et al. 2015),2015,
Eupleres goudotii,(Farris et al. 2015a),2015,
Salanoia concolor,(Farris et al. 2015a),2015,
Cryptoprocta ferox,(Farris et al. 2015b),2015,
Fossa fossana,(Farris et al. 2015b),2015,
Salanoia concolor,(Farris et al. 2016),2016,
Cryptoprocta ferox,(Farris et al. 2017),2017,
Eupleres goudotii,(Farris et al. 2017),2017,
Salanoia concolor,(Farris et al. 2017),2017,
Pterodroma baraui,(Faulquier et al. 2009),2009,
Ardenna creatopus,(Felis et al. 2019),2019,
Bettongia penicillata,(Fernandes et al. 2023),2023,
Dasyurus geoffroii,(Fernandes et al. 2023),2023,
Myrmecobius fasciatus,(Fernandes et al. 2023),2023,
Bettongia penicillata,(Finlayson et al. 2010),2010,
Varanus komodoensis,(Fleming & Frahm 1997),1997,
Myotis vivesi,(Herrera M. et al. 2019),2019,
Litoria raniformis,(Flux 2007),2007,
Aphelocoma coerulescens,(Fokidis et al. 2009),2009,
Apteryx mantelli,(French et al. 2020),2020,
Dasyurus maculatus,(Friend et al. 2020),2020,
Phascogale calura,(Friend et al. 2020),2020,
Hypotaenidia okinawae,(Fujihara & Inoue-Murayama 2024),2024,
Cyanoramphus auriceps,(Funk 1996),1996,
Bettongia gaimardi,(Gardiner et al. 2018),2018,
Setonix brachyurus,(Gaschk & Clemente 2022),2022,
Bavayia septuiclavis,(Gérard et al. 2016),2016,
Cryptoprocta ferox,(Gerber et al. 2012),2012,
Fossa fossana,(Gerber et al. 2012),2012,
Pomarea whitneyi,(Ghestemme et al. 2019),2019,
Anas aucklandica,(Gillies et al. 2003),2003,
Anas chlorotis,(Gillies et al. 2003),2003,
Apteryx australis,(Gillies et al. 2003),2003,
Apteryx australis,(Gillies et al. 2003),2003,
Apteryx mantelli,(Gillies et al. 2003),2003,
Phoebastria immutabilis,(Gilmour et al. 2022),2022,
Pterodroma baraui,(Gineste et al. 2017),2017,
Dasyurus maculatus,(Glen & Dickman 2008),2008,
Dasyurus maculatus,(Glen & Dickman 2008),2008,
Dasyurus geoffroii,(Glen et al. 2010),2010,
Dasyurus geoffroii,(Glen et al. 2009),2009,
Dasyurus maculatus,(Glen et al. 2007),2007,
Dasyurus maculatus,(Glen et al. 2011),2011,
Dasyurus maculatus,(Goldingay 2024),2024,
Potorous tridactylus,(Goldingay 2024),2024,
Aphrastura masafuerae,(Gonzalez 2014),2014,
Pterodroma feae,(González-Solís et al. 2024),2024,
Urocyon littoralis,(Capitolo et al. 2012),2012,
Sternula nereis,(Greenwell et al. 2019),2019,
Charadrius bicinctus,(Gunby et al. 2025),2025,
Aphrastura masafuerae,(Hahn et al. 2010),2010,
Dasyurus viverrinus,(Haines 1946),1946,
Urocyon littoralis,(Hanson et al. 2015),2015,
Bettongia penicillata,(Hardman et al. 2016),2016,
Bettongia penicillata,(Harrison et al. 2025),2025,
Dasyurus geoffroii,(Harrison et al. 2025),2025,
Bettongia penicillata,(Harrison et al. 2023),2023,
Myrmecobius fasciatus,(Hayward et al. 2015),2015,
Setonix brachyurus,(Hearn et al. 1998),1998,
Mabuya cochonae,(Hedges & Conn 2012),2012,
Mabuya montserratae,(Hedges & Conn 2012),2012,
Spondylurus anegadae,(Hedges & Conn 2012),2012,
Spondylurus caicosae,(Hedges & Conn 2012),2012,
Spondylurus fulgidus,(Hedges & Conn 2012),2012,
Spondylurus monae,(Hedges & Conn 2012),2012,
Dasyurus hallucatus,(Heiniger et al. 2018),2018,
Conilurus penicillatus,(Heiniger et al. 2020),2020,
Macrotis lagotis,(Helmstedt et al. 2014),2014,
Gallotia bravoana,(Hernandez-Divers et al. 2003),2003,
Dasyurus geoffroii,(Hetherington et al. 2007),2007,
Dasyurus maculatus,(Hocking & Guiler 1983),1983,
Dasyurus viverrinus,(Hocking & Guiler 1983),1983,
Mastacomys fuscus,(Hocking & Guiler 1983),1983,
Ornithorhynchus anatinus,(Hocking & Guiler 1983),1983,
Dasyurus viverrinus,(Hollings et al. 2014),2014,
Saxicola dacotiae,(Illera & Díaz 2006),2006,
Dasyurus hallucatus,(Indigo et al. 2019),2019,
Scolopax mira,(Ishida et al. 2015),2015,
Pterodroma phaeopygia,(Cruz & Cruz 1987),1987,
Pterodroma cahow,(Madeiros et al. 2012),2012,
Mimus graysoni,(Jehl & Parkes 1983),1983,
Zenaida graysoni,(Jehl & Parkes 1983),1983,
Varanus komodoensis,(Jessop et al. In prep),"",
Bettongia gaimardi,(Jones et al. 2021),2021,
Dasyurus maculatus,(Jones et al. 2021),2021,
Dasyurus viverrinus,(Jones et al. 2004),2004,
Diomedea dabbenena,(Jones & Ryan 2010),2010,
Diomedea exulans,(Jones & Ryan 2010),2010,
Phoebetria fusca,(Jones & Ryan 2010),2010,
Pseudobulweria aterrima,(Juhasz et al. 2022a),2022,
Pterodroma baraui,(Juhasz et al. 2022a),2022,
Pseudobulweria aterrima,(Juhasz et al. 2022b),2022,
Bettongia penicillata,(Kaewmongkol et al. 2011),2011,
Perameles bougainville,(Kaewmongkol et al. 2011),2011,
Pezoporus occidentalis,(Kearney et al. 2022),2022,
Puffinus opisthomelas,(Keitt et al. 2002),2002,
Apteryx mantelli,(King 2023),2023,
Megadyptes antipodes,(King et al. 2012),2012,
Megadyptes antipodes,(King et al. 2012),2012,
Cryptoprocta ferox,(Kotschwar Logan et al. 2015),2015,
Cyclura collei,(Kumar et al. 2021),2021,
Ctenosaura bakeri,(Kutschera & Kleinhans 2013),2013,
Pezoporus occidentalis,(Kutt et al. 2023),2023,
Pterodroma externa,(Brooke 1987b),1987,
Pterodroma longirostris,(Brooke 1987b),1987,
Corvus kubaryi,(Zarones et al. 2015),2015,
Cryptoprocta ferox,(LaFleur et al. 2014),2014,
Zyzomys pedunculatus,(Legge et al. 2018),2018,
Podarcis lilfordi,(Li et al. 2014),2014,
Macrotis lagotis,(Lohr et al. 2022),2022,
Macrotis lagotis,(Lollback et al. 2018),2018,
Amblyrhynchus cristatus,(MacLeod et al. 2020),2020,
Dasyurus maculatus,(Maga & Beck 2017),2017,
Anas wyvilliana,(Malachowski et al. 2022),2022,
Dasyurus maculatus,(Mallick et al. 2016),2016,
Dasyurus hallucatus,(Marks et al. 2006),2006,
Pseudomys australis,(Marks et al. 2006),2006,
Bettongia penicillata,(Marlow et al. 2015b),2015,
Mimus graysoni,(Martınez-Gomez et al. 2001),2001,
Zenaida graysoni,(Martınez-Gomez et al. 2001),2001,
Puffinus auricularis,(Martınez-Gomez & Jacobsen 2004),2004,
Megadyptes antipodes,(Massaro & Blair 2003),2003,
Crocidura canariensis,(Masseti 2010),2010,
Procellaria aequinoctialis,(Matias & Catry 2008),2008,
Dasyurus geoffroii,(Matthews et al. 2013),2013,
Dasyurus maculatus,(Matthews et al. 2013),2013,
Petrogale lateralis,(Matthews et al. 2013),2013,
Hydrobates macrodactylus,(McChesney & Tershy 1998),1998,
Ptychoramphus aleuticus,(McChesney & Tershy 1998),1998,
Puffinus opisthomelas,(McChesney & Tershy 1998),1998,
Zyzomys pedunculatus,(McDonald et al. 2016),2016,
Dasyurus maculatus,(McEvoy et al. 2008),2008,
Potorous tridactylus,(McHugh et al. 2022),2022,
Potorous tridactylus,(McHugh et al. 2019),2019,
Bettongia tropica,(McHugh et al. 2020),2020,
Potorous tridactylus,(McHugh et al. 2020),2020,
Bettongia lesueur,(McKay et al. 2022),2022,
Apteryx australis,(McLennan & Potter 1992),1992,
Apteryx mantelli,(McLennan & Potter 1992),1992,
Apteryx haastii,(McLennan et al. 1996),1996,
Apteryx mantelli,(McLennan et al. 1996),1996,
Gallotia intermedia,(Medina & Nogales 2009),2009,
Saxicola dacotiae,(Medina & Nogales 2009),2009,
Gallotia simonyi,(Medina & Nogales 2009),2009,
Dasyurus maculatus,(Mella et al. 2010),2010,
Dasyurus maculatus,(Mella et al. 2016),2016,
Potorous tridactylus,(Menon et al. 2025),2025,
Cryptoprocta ferox,(Merson et al. 2020),2020,
Cryptoprocta ferox,(Merson et al. 2019),2019,
Sminthopsis douglasi,(Mifsud & Woolley 2012),2012,
Pterodroma feae,(Militao et al. 2017),2017,
Potorous tridactylus,(Miritis et al. 2020),2020,
Potorous tridactylus,(Miritis et al. 2020),2020,
Pampusana salamonis,(Mittermeier et al. 2018),2018,
Pareudiastes silvestris,(Mittermeier et al. 2018),2018,
Megadyptes antipodes,(Moller & Alterio 1999),1999,
Liopholis kintorei,(Moore et al. 2018),2018,
Macrotis lagotis,(Moore et al. 2024),2024,
Dasyurus hallucatus,(Moore et al. 2020),2020,
Haematopus chathamensis,(Moore & Reid 2009),2009,
Varanus komodoensis,(Moreno et al. 2008),2008,
Dasyurus hallucatus,(Moro et al. 2020),2020,
Dasyurus hallucatus,(Moseby et al. 2021a),2021,
Bettongia lesueur,(Moseby et al. 2023),2023,
Bettongia lesueur,(Moseby et al. 2024),2024,
Macrotis lagotis,(Moseby et al. 2012),2012,
Bettongia lesueur,(Moseby et al. 2009),2009,
Dasyurus geoffroii,(Moseby et al. 2021b),2021,
Dasyurus geoffroii,(Moseby et al. 2022),2022,
Dasyurus geoffroii,(Moseby et al. 2022),2022,
Dasyurus geoffroii,(Moseby et al. 2022),2022,
Bettongia lesueur,(Moseby et al. 2020),2020,
Dasyurus geoffroii,(Moseby et al. 2015),2015,
Dasyurus viverrinus,(Munday & Mason 1980),1980,
Dasyurus maculatus,(Munday et al. 1978),1978,
Pezoporus occidentalis,(Murphy et al. 2022),2022,
Calonectris leucomelas,(Nagata et al. 2022),2022,
Conilurus penicillatus,(Neave et al. 2024),2024,
Bettongia penicillata,(Northover et al. 2024),2024,
Dasyurus geoffroii,(Northover et al. 2024),2024,
Phascogale tapoatafa,(Northover et al. 2024),2024,
Charadrius sanctaehelenae,(Oppel et al. 2014),2014,
Puffinus mauretanicus,(Oro et al. 2004),2004,
Anas chlorotis,(O’Donnell et al. 2015),2015,
Botaurus poiciloptilus,(O’Donnell et al. 2015),2015,
Loxioides bailleui,(Banko et al. 2002b),2002,
Rhynochetos jubatus,(Palmas et al. 2020),2020,
Dasyurus hallucatus,(Palmer et al. 2021),2021,
Dasycercus cristicauda,(Paltridge 2002),2002,
Macrotis lagotis,(Paltridge 2002),2002,
Dasyurus maculatus,(Paton et al. 2024),2024,
Elanus scriptus,(Pavey et al. 2008b),2008,
Pseudomys australis,(Pavey et al. 2008b),2008,
Dasyurus hallucatus,(Peacock & Abbott 2014),2014,
Dasyurus viverrinus,(Peacock & Abbott 2014),2014,
Dasyurus viverrinus,(Peacock & Abbott 2014),2014,
Dasyurus viverrinus,(Peacock & Abbott 2013),2013,
Dasycercus cristicauda,(Pedler et al. 2016),2016,
Notomys fuscus,(Pedler et al. 2016),2016,
Pseudomys australis,(Pedler et al. 2016),2016,
Isoodon auratus,(Pedler et al. 2018),2018,
Leporillus conditor,(Pedler et al. 2018),2018,
Urocyon littoralis,(Phillips & Winchell 2011),2011,
Pterodroma phaeopygia,(Phillips et al. 2012),2012,
Urocyon littoralis,(Phillips et al. 2007),2007,
Hypotaenidia sylvestris,(Portelli & Carlile 2019),2019,
Apteryx mantelli,(Potter et al. 2010),2010,
Strigops habroptilus,(Powlesland et al. 1995),1995,
Leipoa ocellata,(Priddel & Wheeler 2004),2004,
Pseudomys novaehollandiae,(Pye 1991),1991,
Vini peruviana,(Russell et al. 2025),2025,
Isoodon auratus,(Radford 2012),2012,
Pterodroma alba,(Raine et al. 2020),2020,
Pterodroma sandwichensis,(Raine et al. 2020),2020,
Apteryx mantelli,(Ramón‐Laca et al. 2013),2013,
Megadyptes antipodes,(Ratz 2000),2000,
Dasyurus geoffroii,(Read et al. 2019b),2019,
Leipoa ocellata,(Read et al. 2019b),2019,
Macrotis lagotis,(Read et al. 2019b),2019,
Petrogale lateralis,(Read et al. 2019a),2019,
Petrogale lateralis,(Read et al. 2019a),2019,
Isoodon auratus,(Read et al. 2023),2023,
Potorous tridactylus,(Rees et al. 2024),2024,
Pterodroma externa,(Reyes-Arriagada et al. 2012),2012,
Pterodroma longirostris,(Reyes-Arriagada et al. 2012),2012,
Calyptophilus tertius,(Rimmer et al. 2008),2008,
Apteryx australis,(Robertson & Colbourne 2022),2022,
Apteryx mantelli,(Robertson & Colbourne 2022),2022,
Apteryx mantelli,(Robertson et al. 2011),2011,
Macrotis lagotis,(Ross et al. 2019a),2019,
Bettongia gaimardi,(Ross et al. 2019b),2019,
Onychogalea fraenata,(Ross et al. 2019b),2019,
Charadrius bicinctus,(Sanders & Maloney 2002),2002,
Himantopus novaezelandiae,(Sanders & Maloney 2002),2002,
Bettongia lesueur,(Saxon-Mills et al. 2018),2018,
Megadyptes antipodes,(Schaefer & Colombelli‐Négrel 2021),2021,
Procellaria aequinoctialis,(Schramm 1986),1986,
Mystacina tuberculata,(Scrimgeour et al. 2012),2012,
Megadyptes antipodes,(Seddon et al. 2013),2013,
Calonectris edwardsii,(Semedo et al. 2021),2021,
Pterodroma feae,(Semedo et al. 2021),2021,
Pterodroma madeira,(Semedo et al. 2021),2021,
Diplothrix legata,(Shionosaki et al. 2015),2015,
Pentalagus furnessi,(Shionosaki et al. 2015),2015,
Tokudaia osimensis,(Shionosaki et al. 2015),2015,
Isoodon auratus,(Short & Turner 1994),1994,
Bettongia lesueur,(Short 2016),2016,
Perameles bougainville,(Short 2016),2016,
Leporillus conditor,(Short et al. 2019),2019,
Bettongia lesueur,(Short et al. 2002),2002,
Leporillus conditor,(Short et al. 2018),2018,
Larosterna inca,(Simeone et al. 2003),2003,
Pelecanoides garnotii,(Simeone et al. 2003),2003,
Spheniscus humboldti,(Simeone et al. 2003),2003,
Mastacomys fuscus,(Smith & Quin 1996),1996,
Pseudomys shortridgei,(Smith & Quin 1996),1996,
Pseudomys novaehollandiae,(Smith et al. 2023),2023,
Isoodon auratus,(Southgate et al. 1996),1996,
Petrogale lateralis,(Spurr & Anderson 2004),2004,
Petrogale penicillata,(Spurr & Anderson 2004),2004,
Chlidonias albostriatus,(Steffens et al. 2012),2012,
Macrotis lagotis,(Steindler & Letnic 2021),2021,
Macrotis lagotis,(Steindler et al. 2018),2018,
Bettongia lesueur,(Steindler et al. 2020),2020,
Bettongia lesueur,(Stepkovitch et al. 2024),2024,
Dasyurus geoffroii,(Stepkovitch et al. 2024),2024,
Plestiodon longirostris,(Stroud et al. 2017),2017,
Bettongia lesueur,(Tay et al. 2021),2021,
Coccyzus ferrugineus,(Tenorio et al. 2020),2020,
Eurydactylodes vieillardi,(Thibault et al. 2017),2017,
Kanakysaurus viviparus,(Thibault et al. 2017),2017,
Marmorosphax taom,(Thibault et al. 2017),2017,
Dasyurus geoffroii,(Thompson et al. 2019),2019,
Oligosoma grande,(Tocher 2006),2006,
Oligosoma otagense,(Tocher 2006),2006,
Xeromys myoides,(Traill et al. 2011),2011,
Puffinus yelkouan,(Tranchant et al. 2003),2003,
Dasyurus hallucatus,(Trewella et al. 2023),2023,
Plestiodon longirostris,(Turner et al. 2023),2023,
Dasyurus geoffroii,(Van der Weyde et al. 2023),2023,
Macrotis lagotis,(Van der Weyde et al. 2023),2023,
Acrocephalus aequinoctialis,(VanderWerf et al. 2016),2016,
Spheniscus demersus,(Vanstreels et al. 2019),2019,
Coenocorypha aucklandica,(Veitch 2001),2001,
Coenocorypha barrierensis,(Veitch 2001),2001,
Procellaria parkinsoni,(Veitch 2001),2001,
Pterodroma cookii,(Veitch 2001),2001,
Caloprymnus campestris,(Vernes et al. 2021a),2021,
Macrotis lagotis,(Vernes et al. 2021a),2021,
Macrotis leucura,(Vernes et al. 2021a),2021,
Notomys cervinus,(Vernes et al. 2021a),2021,
Notomys fuscus,(Vernes et al. 2021a),2021,
Notomys macrotis,(Vernes et al. 2021a),2021,
Pseudomys australis,(Vernes et al. 2021a),2021,
Dasycercus cristicauda,(Vernes et al. 2021b),2021,
Notomys fuscus,(Vernes et al. 2021b),2021,
Dasyurus geoffroii,(Wayne et al. 2017b),2017,
Phascogale tapoatafa,(Wayne et al. 2017b),2017,
Pseudocheirus occidentalis,(Wayne et al. 2017b),2017,
Pseudocheirus occidentalis,(Wayne et al. 2005),2005,
Pseudomys novaehollandiae,(Wayne et al. 2017a),2017,
Bettongia lesueur,(Whitehead et al. 2018),2018,
Bettongia tropica,(Whitehead et al. 2018),2018,
Synthliboramphus scrippsi,(Whitworth et al. 2020),2020,
Synthliboramphus craveri,(Whitworth et al. 2021),2021,
Synthliboramphus hypoleucus,(Whitworth et al. 2021),2021,
Synthliboramphus scrippsi,(Whitworth et al. 2018),2018,
Bettongia penicillata,(Woinarski et al. 2015),2015,
Conilurus penicillatus,(Woinarski et al. 2011a),2011,
Dasyurus hallucatus,(Woinarski et al. 2011a),2011,
Phascogale pirata,(Woinarski et al. 2011a),2011,
Phascogale pirata,(Woinarski et al. 2011a),2011,
Branta sandvicensis,(Work et al. 2015),2015,
Corvus hawaiiensis,(Work et al. 2000),2000,
Branta sandvicensis,(Work et al. 2016),2016,
Spheniscus demersus,(Yabsley et al. 2017),2017,
Sternula lorata,(Zavalaga et al. 2009),2009,
Pterodroma madeira,(Zino et al. 2001),2001,
Dasyurus geoffroii,(de Tores et al. 2011),2011,
Dasyurus maculatus,(de Tores et al. 2011),2011,
Chalinolobus tuberculatus,(Daniel & Williams 1984),1984,
Chalinolobus tuberculatus,(Daniel & Williams 1984),1984,
Mystacina tuberculata,(Daniel & Williams 1984),1984,
Mystacina tuberculata,(Molloy & Daniel 1995),1995,
Pteropus dasymallus,(Vincenot et al. 2017),2017,
Pteropus dasymallus,(Vincenot et al. 2015),2015,
Myotis vivesi,(Vázquez-Domínguez et al. 2004),2004,
Synthliboramphus scrippsi,(Jehl & SI 1975),1975,
Synthliboramphus scrippsi,(Keitt 2005),2005,
Synthliboramphus scrippsi,(McChesney & Tershy 1998),1998,
Synthliboramphus scrippsi,(Van Denburgh 1924),1924,
Lanius ludovicianus,(Gawlik & Bildstein 1990),1990,
Lanius ludovicianus,(Gawlik & Bildstein 1990),1990,
Lanius ludovicianus,(Scott & Morrison 1990),1990,
Procellaria westlandica,(McClellan & Wood 2004),2004,
Chaeropus ecaudatus,(Abbott 2008),2008,
Leporillus apicalis,(Abbott 2008),2008,
Notomys amplus,(Abbott 2008),2008,
Notomys longicaudatus,(Abbott 2008),2008,
Perameles eremiana,(Abbott 2008),2008,
Chaeropus ecaudatus,(Abbott 2002),2002,
Conilurus albipes,(Abbott 2002),2002,
Leporillus apicalis,(Abbott 2002),2002,
Macrotis leucura,(Abbott 2002),2002,
Notomys amplus,(Abbott 2002),2002,
Notomys longicaudatus,(Abbott 2002),2002,
Perameles eremiana,(Abbott 2002),2002,
Pseudomys shortridgei,(Abbott 2002),2002,
Bettongia lesueur,(Burbidge & Manly 2002),2002,
Leporillus conditor,(Burbidge & Manly 2002),2002,
Parantechinus apicalis,(Burbidge & Manly 2002),2002,
Perameles bougainville,(Burbidge & Manly 2002),2002,
Petrogale burbidgei,(Burbidge & Manly 2002),2002,
Pseudomys fieldi,(Burbidge & Manly 2002),2002,
Pseudomys oralis,(Burbidge & McKenzie 1989),1989,
Bettongia anhydra,(Christensen & Burrows 1995),1995,
Bettongia lesueur,(Christensen & Burrows 1995),1995,
Leporillus apicalis,(Copley 1999a),1999,
Pteropus melanotus,D. Algars pers. comm.,.,
Xeromys myoides,(Management 2010),2010,
Conilurus albipes,(Dickman 1993),1993,
Conilurus albipes,(Dickman 1994),1994,
Conilurus albipes,(Dickman et al. 1993),1993,
Dasyurus viverrinus,(Fancourt 2011),2011,
Onychogalea fraenata,(Fisher & Goldizen 2001),2001,
Pseudomys fumeus,(Ford et al. 2003),2003,
Parantechinus apicalis,(Friend 2003),2003,
Dasyurus geoffroii,(Glen et al. 2009),2009,
Onychogalea fraenata,(Horsup & Evans 1993),1993,
Dasyurus hallucatus,J. Augusteyn pes. Comm.,.,
Dasyurus viverrinus,(Jones et al. 2004),2004,
Macrotis lagotis,K. Morris pers. comms.,.,
Pseudomys shortridgei,K. Morris pes. comm.,.,
Sminthopsis psammophila,(Kinnear et al. 2002),2002,
Sminthopsis douglasi,(Kutt 2003),2003,
Sminthopsis douglasi,(Lundie-Jenkins & Payne 2000),2000,
Dasyurus maculatus,M. Jones pers. comm.,.,
Potorous tridactylus,(Martin & Temple-Smith 2012),2012,
Pseudomys fumeus,(Menkhorst 2003),2003,
Pseudomys fumeus,(Menkhorst & Broome 2006),2006,
Burramys parvus,(Menkhorst et al. 2013),2013,
Conilurus albipes,(Menkhorst 2009),2009,
Pseudomys fumeus,Menkhurst et al. 2008,2008,
Sminthopsis douglasi,(Mifsud 1999),1999,
Sminthopsis douglasi,(Mifsud & Woolley 2012),2012,
Pseudomys australis,(Moseby et al. 2009),2009,
Bettongia penicillata,"N. Marlow, P. de Tores and K. Morris et al., pers. comm.",.,
Antechinus bellus,NOTHING,"",
Bettongia tropica,NOTHING,"",
Conilurus penicillatus,NOTHING,"",
Crocidura trichura,NOTHING,"",
Isoodon auratus,NOTHING,"",
Lagorchestes asomatus,NOTHING,"",
Lagostrophus fasciatus,NOTHING,"",
Mesembriomys gouldii,NOTHING,"",
Myrmecobius fasciatus,NOTHING,"",
Notomys aquilo,NOTHING,"",
Petrogale concinna,NOTHING,"",
Petrogale lateralis,NOTHING,"",
Potorous gilbertii,NOTHING,"",
Pseudantechinus mimulus,NOTHING,"",
Pseudomys calabyi,NOTHING,"",
Pseudomys gouldii,NOTHING,"",
Pseudomys novaehollandiae,NOTHING,"",
Pseudomys occidentalis,NOTHING,"",
Sminthopsis butleri,NOTHING,"",
Wyulda squamicaudata,NOTHING,"",
Zyzomys maini,NOTHING,"",
Zyzomys palatalis,NOTHING,"",
Zyzomys pedunculatus,NOTHING,"",
Pseudomys oralis,(NSW Department of Environment and Climate Change 2005),2005,
Dasyurus hallucatus,(Oakwood 2000),2000,
Macrotis lagotis,P. McRae pers. comm.,.,
Macrotis lagotis,(Pavey 2006),2006,
Pseudomys australis,(Pavey et al. 2008b),2008,
Dasycercus cristicauda,(Pavey et al. 2012),2012,
Pseudomys australis,(Read & Cunningham 2010),2010,
Sminthopsis bindi,S. Legge pers.comm.,..,
Phascogale calura,(Short & Hide 2012),2012,
Notomys cervinus,(Smith & Quin 1996),1996,
Notomys fuscus,(Smith & Quin 1996),1996,
Pseudomys oralis,(Smith & Quin 1996),1996,
Phascogale tapoatafa,(Soderquist 1994),1994,
Phascogale calura,(Soderquist 1994),1994,
Notomys fuscus,(Threatened Species Scientific Committee 2008a),2008,
Pteropus melanotus,(Tidemann et al. 1994),1994,
Xeromys myoides,(Traill et al. 2011),2011,
Xeromys myoides,(Van Dyck & Gynther 2012),2012,
Bettongia penicillata,(Wayne et al. 2011),2011,
Phascogale pirata,(Woinarski et al. 2011a),2011,
Phascogale pirata,(Woinarski et al. 2011a),2011,
Phoebastria immutabilis,"LCY and EAV, unpubl. data","",
Sternula lorata,(Zavalaga et al. 2008b),2008,
Pterodroma madeira,(Zino 1992),1992,
Pterodroma madeira,(Zino 1991),1991,
Pterodroma madeira,(Zino 1992),1992,
Pterodroma madeira,(Zino et al. 1995),1995,
Loxioides bailleui,(van Riper III 1980a),1980,
Mimus graysoni,(Castellanos & Rodriguez-Estrella 1993),1993,
Mimus graysoni,(Castellanos & Rodriguez-Estrella 1993),1993,
Dierogekko poumensis,(Bauer et al. 2006a),2006,
Dierogekko nehoueensis,(Bauer et al. 2006b),2006,
Dierogekko inexpectatus,(Bauer et al. 2006b),2006,
Dierogekko nehoueensis,(Bauer et al. 2006b),2006,
Diomedea epomophora,(ACAP 2009b),2009,
Megadyptes antipodes,(Alterio et al. 1998),1998,
Megadyptes antipodes,(Alterio et al. 1998),1998,
Megadyptes antipodes,(Alterio et al. 1998),1998,
Megadyptes antipodes,(Alterio et al. 1998),1998,
Loxioides bailleui,(Amarasekare 1993),1993,
Puffinus opisthomelas,(Anthony 1925),1925,
Puffinus mauretanicus,(Arcos 2011),2011,
Urosaurus auriculatus,(Arnaud et al. 1994),1994,
Procellaria parkinsoni,(Atkinson & Atkinson 2000),2000,
Lagostrophus fasciatus,(Hardman 2006),2006,
Setonix brachyurus,(Bain et al. 2020),2020,
Setonix brachyurus,(Bain et al. 2020),2020,
Setonix brachyurus,(Bain et al. 2020),2020,
Setonix brachyurus,(Bain et al. 2015),2015,
Loxioides bailleui,(Banko et al. 2001),2001,
Branta sandvicensis,(Banko 1992),1992,
Branta sandvicensis,(Banko 1992),1992,
Loxioides bailleui,(Banko et al. 2014a),2014,
Loxioides bailleui,(Banko et al. 2014a),2014,
Loxioides bailleui,(Banko et al. 2014a),2014,
Chasiempis sandwichensis,(Banko et al. 2019),2019,
Anas chlorotis,(Barker & Williams 2002),2002,
Anas chlorotis,(Barker & Williams 2002),2002,
Anas chlorotis,(Barker & Williams 2002),2002,
Thinornis novaeseelandiae,(Bell & Bell 2000a),2000,
Procellaria aequinoctialis,(Berruti et al. 1995),1995,
Procellaria aequinoctialis,(Berruti et al. 1995),1995,
Pseudobulweria becki,(Bird et al. 2014),2014,
Thalassarche steadi,(BirdLife International 2018),2018,
Thalassarche steadi,(BirdLife International 2018),2018,
Thalassarche steadi,(BirdLife International 2018),2018,
Eurostopodus nigripennis,(BirdLife International 2023),2023,
Eurostopodus nigripennis,(BirdLife International 2023),2023,
Spheniscus mendiculus,(Boersma et al. 2013),2013,
Spheniscus mendiculus,(Boersma et al. 2013),2013,
Spheniscus mendiculus,(Boersma et al. 2013),2013,
Spheniscus mendiculus,(Boersma et al. 2013),2013,
Sylvilagus mansuetus,(Bonnaud et al. 2010a),2010,
Gallotia simonyi,(Bonnaud et al. 2010a),2010,
Diplothrix legata,(Bonnaud et al. 2010a),2010,
Pentalagus furnessi,(Bonnaud et al. 2010a),2010,
Chalinolobus tuberculatus,(Borkin et al. 2023),2023,
Puffinus yelkouan,(Bourgeois & Vidal 2008),2008,
Puffinus yelkouan,(Bourgeois & Vidal 2008),2008,
Diomedea exulans,(Bourgoin et al. 2024),2024,
Diomedea exulans,(Bourgoin et al. 2024),2024,
Diomedea exulans,(Bourgoin et al. 2024),2024,
Diomedea exulans,(Bourgoin et al. 2024),2024,
Traversia lyalli,(Buller & Keulemans 1905),1905,
Traversia lyalli,(Buller & Keulemans 1905),1905,
Pterodroma cervicalis,(Veitch et al. 2004),2004,
Procellaria cinerea,(Campolina et al. 2024),2024,
Antrostomus noctitherus,(Castro-Prieto et al. 2021),2021,
Antrostomus noctitherus,(Castro-Prieto et al. 2021),2021,
Amblyrhynchus cristatus,(Cayot et al. 1994),1994,
Amblyrhynchus cristatus,(Cayot et al. 1994),1994,
Didunculus strigirostris,(Collar 2015),2015,
Didunculus strigirostris,(Collar 2015),2015,
Didunculus strigirostris,(Collar 2015),2015,
Didunculus strigirostris,(Collar 2015),2015,
Didunculus strigirostris,(Collar 2015),2015,
Didunculus strigirostris,(Collar 2015),2015,
Didunculus strigirostris,(Collar 2015),2015,
Didunculus strigirostris,(Collar 2015),2015,
Didunculus strigirostris,(Collar 2015),2015,
Lanius ludovicianus,(Collister 1994),1994,
Lanius ludovicianus,(Collister 1994),1994,
Lanius ludovicianus,(Collister 1994),1994,
Lanius ludovicianus,(Collister 1994),1994,
Leporillus conditor,(Copley 1999b),1999,
Pseudobulweria macgillivrayi,(Priddel et al. 2008),2008,
Chalinolobus tuberculatus,(Daniel & Williams 1984),1984,
Megadyptes antipodes,(Darby 2003),2003,
Megadyptes antipodes,(Darby 2003),2003,
Conilurus penicillatus,(Davies et al. 2018),2018,
Bettongia lesueur,(Deller et al. 2015),2015,
Dasyurus geoffroii,(Deller et al. 2015),2015,
Leporillus conditor,(Deller et al. 2015),2015,
Parantechinus apicalis,(Deller et al. 2015),2015,
Perameles bougainville,(Deller et al. 2015),2015,
Pseudomys fieldi,(Deller et al. 2015),2015,
Bettongia lesueur,(Deller et al. 2015),2015,
Dasyurus geoffroii,(Deller et al. 2015),2015,
Leporillus conditor,(Deller et al. 2015),2015,
Parantechinus apicalis,(Deller et al. 2015),2015,
Perameles bougainville,(Deller et al. 2015),2015,
Petroica traversi,(Conservation 2001a),2001,
Burramys parvus,(Department of Environment Land Water and Planning 2016),2016,
Burramys parvus,(Department of Environment Land Water and Planning 2016),2016,
Burramys parvus,(Department of Environment Land Water and Planning 2016),2016,
Burramys parvus,(Department of Environment Land Water and Planning 2016),2016,
Burramys parvus,(Department of Environment Land Water and Planning 2016),2016,
Burramys parvus,(Department of Environment Land Water and Planning 2016),2016,
Burramys parvus,(Department of Environment Land Water and Planning 2016),2016,
Burramys parvus,(Department of Environment Land Water and Planning 2016),2016,
Burramys parvus,(Department of Environment Land Water and Planning 2016),2016,
Burramys parvus,(Department of Environment Land Water and Planning 2016),2016,
Burramys parvus,(Department of Environment Land Water and Planning 2016),2016,
Notomys mordax,(Dickman et al. 2000),2000,
Isoodon auratus,(Dickman et al. 1993),1993,
Dasyurus geoffroii,(Dickman et al. 1993),1993,
Isoodon auratus,(Dickman et al. 1993),1993,
Dasyurus geoffroii,(Dickman et al. 1993),1993,
Isoodon auratus,(Dickman et al. 1993),1993,
Procellaria cinerea,(Dilley et al. 2018),2018,
Procellaria cinerea,(Dilley et al. 2017),2017,
Onychogalea fraenata,(Doherty et al. 2015),2015,
Setonix brachyurus,(Doherty et al. 2015),2015,
Bettongia lesueur,(Doherty et al. 2015),2015,
Dasyurus hallucatus,(Doherty et al. 2015),2015,
Dasyurus hallucatus,(Doherty et al. 2015),2015,
Onychogalea fraenata,(Doherty et al. 2015),2015,
Onychogalea fraenata,(Doherty et al. 2015),2015,
Myrmecobius fasciatus,(Doherty et al. 2015),2015,
Dasyurus geoffroii,(Doherty et al. 2015),2015,
Lagostrophus fasciatus,(Doherty et al. 2015),2015,
Setonix brachyurus,(Doherty et al. 2015),2015,
Onychogalea fraenata,(Doherty et al. 2015),2015,
Sminthopsis douglasi,(Doherty et al. 2015),2015,
Sminthopsis douglasi,(Doherty et al. 2015),2015,
Sminthopsis douglasi,(Doherty et al. 2015),2015,
Sminthopsis douglasi,(Doherty et al. 2015),2015,
Dasycercus cristicauda,(Doherty et al. 2015),2015,
Bettongia penicillata,(Doherty et al. 2015),2015,
Bettongia penicillata,(Doherty et al. 2015),2015,
Bettongia penicillata,(Doherty et al. 2015),2015,
Bettongia penicillata,(Doherty et al. 2015),2015,
Sminthopsis douglasi,(Doherty et al. 2015),2015,
Bettongia lesueur,(Doherty et al. 2015),2015,
Bettongia lesueur,(Doherty et al. 2015),2015,
Macrotis lagotis,(Doherty et al. 2015),2015,
Bettongia lesueur,(Doherty et al. 2015),2015,
Macrotis lagotis,(Doherty et al. 2015),2015,
Dasyurus hallucatus,(Doherty et al. 2015),2015,
Dasycercus cristicauda,(Doherty et al. 2015),2015,
Macrotis lagotis,(Doherty et al. 2015),2015,
Petrogale lateralis,(Doherty et al. 2015),2015,
Dasycercus cristicauda,(Doherty et al. 2015),2015,
Dasyurus hallucatus,(Doherty et al. 2015),2015,
Dasycercus cristicauda,(Doherty et al. 2015),2015,
Dasyurus hallucatus,(Doherty et al. 2015),2015,
Phascogale tapoatafa,(Doherty et al. 2015),2015,
Dasyurus hallucatus,(Doherty et al. 2015),2015,
Pteropus melanotus,(Doherty et al. 2015),2015,
Dasycercus cristicauda,(Doherty et al. 2015),2015,
Haematopus chathamensis,(Dowding & Murphy 2001),2001,
Coenocorypha pusilla,(Dowding & Murphy 2001),2001,
Coenocorypha barrierensis,(Dowding & Murphy 2001),2001,
Coenocorypha barrierensis,(Dowding & Murphy 2001),2001,
Coenocorypha aucklandica,(Dowding & Murphy 2001),2001,
Coenocorypha aucklandica,(Dowding & Murphy 2001),2001,
Coenocorypha aucklandica,(Dowding & Murphy 2001),2001,
Coenocorypha aucklandica,(Dowding & Murphy 2001),2001,
Coenocorypha pusilla,(Dowding & Murphy 2001),2001,
Coenocorypha aucklandica,(Dowding & Murphy 2001),2001,
Thinornis novaeseelandiae,(Dowding & Kennedy 1993),1993,
Procellaria parkinsoni,(Bell et al. 2018),2018,
Traversia lyalli,(Engeman et al. 2006),2006,
Pteropus melanotus,(Engeman et al. 2006),2006,
Peromyscus guardia,(Engeman et al. 2006),2006,
Corvus kubaryi,(Faegre et al. 2020),2020,
Salanoia concolor,(Farris et al. 2012),2012,
Anas chlorotis,(Ferreira & Taylor 2003),2003,
Anas chlorotis,(Ferreira & Taylor 2003),2003,
Anas chlorotis,(Ferreira & Taylor 2003),2003,
Anas chlorotis,(Ferreira & Taylor 2003),2003,
Gallotia intermedia,(Flores Ravelo & Rando Reyes 2021),2021,
Megadyptes antipodes,(Taylor 2000),2000,
Diomedea epomophora,(Taylor 2000),2000,
Traversia lyalli,(Galbreath & Brown 2004),2004,
Traversia lyalli,(Galbreath & Brown 2004),2004,
Traversia lyalli,(Galbreath & Brown 2004),2004,
Traversia lyalli,(Galbreath & Brown 2004),2004,
Traversia lyalli,(Galbreath & Brown 2004),2004,
Traversia lyalli,(Galbreath & Brown 2004),2004,
Traversia lyalli,(Galbreath & Brown 2004),2004,
Conolophus subcristatus,(Gentile et al. 2015),2015,
Conolophus subcristatus,(Gentile et al. 2015),2015,
Cyclura carinata,(Gerber 1995),1995,
Melopyrrha grandis,(Gerbracht 2021),2021,
Dasyurus geoffroii,(Glen et al. 2009),2009,
Dasyurus geoffroii,(Glen et al. 2009),2009,
Dasyurus geoffroii,(Glen et al. 2009),2009,
Aphrastura masafuerae,(Gonzalez 2014),2014,
Aphrastura masafuerae,(Gonzalez 2014),2014,
Hemiphaga chathamensis,(Grant et al. 1997),1997,
Anas eatoni,(Green 1992),1992,
Puffinus newelli,(Griesemer & Holmes 2011),2011,
Puffinus newelli,(Griesemer & Holmes 2011),2011,
Procellaria parkinsoni,(Griesemer & Holmes 2011),2011,
Procellaria aequinoctialis,(Griesemer & Holmes 2011),2011,
Puffinus yelkouan,(Griesemer & Holmes 2011),2011,
Procellaria parkinsoni,(Griesemer & Holmes 2011),2011,
Pterodroma phaeopygia,(Griesemer & Holmes 2011),2011,
Puffinus opisthomelas,(Griesemer & Holmes 2011),2011,
Pterodroma cookii,(Griesemer & Holmes 2011),2011,
Pterodroma sandwichensis,(Griesemer & Holmes 2011),2011,
Pterodroma sandwichensis,(Griesemer & Holmes 2011),2011,
Procellaria cinerea,(Griesemer & Holmes 2011),2011,
Puffinus mauretanicus,(Griesemer & Holmes 2011),2011,
Pterodroma sandwichensis,(Griesemer & Holmes 2011),2011,
Puffinus newelli,(Griesemer & Holmes 2011),2011,
Procellaria westlandica,(Griesemer & Holmes 2011),2011,
Charadrius bicinctus,(Gunby 2024),2024,
Eurostopodus nigripennis,(Guo et al. 2020),2020,
Eurostopodus nigripennis,(Guo et al. 2020),2020,
Lanius ludovicianus,(Gustafson 2020),2020,
Megadyptes antipodes,(Ratz & Murphy 1999),1999,
Megadyptes antipodes,(Ratz & Murphy 1999),1999,
Megadyptes antipodes,(Ratz & Murphy 1999),1999,
Anairetes fernandezianus,(Hahn & Römer 2002),2002,
Hydrobates macrodactylus,(Hanna 1925),1925,
Puffinus opisthomelas,(Hanna 1925),1925,
Cyclura carinata,(Harlow & Biciloa 2001),2001,
Wyulda squamicaudata,(Hohnen et al. 2016a),2016,
Philoria frosti,(Hollis 2011),2011,
Apteryx mantelli,(Holzapfel et al. 2008),2008,
Apteryx mantelli,(Holzapfel et al. 2008),2008,
Hymenolaimus malacorhynchos,(Adams et al. 1997),1997,
Pterodroma phaeopygia,(Cruz & Cruz 1987),1987,
Pterodroma externa,(Cruz & Cruz 1987),1987,
Pterodroma phaeopygia,(Cruz & Cruz 1996),1996,
Leipoa ocellata,(Benshemesh 2007),2007,
Pelecanoides garnotii,(Jahncke & Goya 1998),1998,
Pelecanoides garnotii,(Jahncke & Goya 1998),1998,
Gallirallus lafresnayanus,(Ekstrom et al. 2002),2002,
Zenaida graysoni,(Jehl & Parkes 1983),1983,
Mimus graysoni,(Jehl & Parkes 1983),1983,
Synthliboramphus hypoleucus,(Jehl & SI 1975),1975,
Synthliboramphus hypoleucus,(Jehl & SI 1975),1975,
Pseudobulweria aterrima,(Juhasz et al. 2022b),2022,
Sternula nereis,(Hansen 2006),2006,
Sternula nereis,(Hansen 2006),2006,
Chlidonias albostriatus,(Keedwell 2005),2005,
Synthliboramphus hypoleucus,(Keitt 2005),2005,
Puffinus opisthomelas,(Keitt 2005),2005,
Puffinus opisthomelas,(Keitt 2005),2005,
Ptychoramphus aleuticus,(Keitt 2005),2005,
Megadyptes antipodes,(King et al. 2012),2012,
Megadyptes antipodes,(King et al. 2012),2012,
Megadyptes antipodes,(King et al. 2012),2012,
Cyclura carinata,(Kumar 2019),2019,
Pseudomys glaucus,(Lavery et al. 2022),2022,
Podarcis lilfordi,(Li et al. 2014),2014,
Anas wyvilliana,(Malachowski et al. 2018),2018,
Anas wyvilliana,(Malachowski et al. 2018),2018,
Anas wyvilliana,(Malachowski et al. 2022),2022,
Anas wyvilliana,(Malachowski et al. 2022),2022,
Anas wyvilliana,(Malachowski et al. 2022),2022,
Mimus graysoni,(Martínez-Gómez & Curry 1996),1996,
Mimus graysoni,(Martínez-Gómez & Curry 1996),1996,
Mimus graysoni,(Martínez-Gómez & Curry 1996),1996,
Mimus graysoni,(Martínez-Gómez & Curry 1996),1996,
Mimus graysoni,(Martínez-Gómez & Curry 1996),1996,
Puffinus auricularis,(Martínez-Gómez & Curry 1996),1996,
Zenaida graysoni,(Martınez-Gomez et al. 2001),2001,
Liopholis kintorei,(McAlpin 2001),2001,
Hydrobates macrodactylus,(McChesney & Tershy 1998),1998,
Puffinus opisthomelas,(McChesney & Tershy 1998),1998,
Hydrobates macrodactylus,(McChesney & Tershy 1998),1998,
Puffinus opisthomelas,(McChesney & Tershy 1998),1998,
Synthliboramphus hypoleucus,(McChesney & Tershy 1998),1998,
Ptychoramphus aleuticus,(McChesney & Tershy 1998),1998,
Ptychoramphus aleuticus,(McChesney & Tershy 1998),1998,
Potorous tridactylus,(McHugh et al. 2019),2019,
Potorous tridactylus,(McHugh et al. 2019),2019,
Saxicola dacotiae,(Medina & Nogales 2009),2009,
Saxicola dacotiae,(Medina & Nogales 2009),2009,
Saxicola dacotiae,(Medina & Nogales 2009),2009,
Gallotia simonyi,(Medina & Nogales 2009),2009,
Gallotia simonyi,(Medina & Nogales 2009),2009,
Gallotia intermedia,(Medina & Nogales 2009),2009,
Gallotia simonyi,(Medina & Nogales 2009),2009,
Pterodroma feae,(Militao et al. 2017),2017,
Pterodroma feae,(Militao et al. 2017),2017,
Coenocorypha barrierensis,(Miskelly 1988),1988,
Coenocorypha barrierensis,(Miskelly 1988),1988,
Coenocorypha barrierensis,(Miskelly 1988),1988,
Coenocorypha aucklandica,(Miskelly 2000),2000,
Coenocorypha aucklandica,(Miskelly 2000),2000,
Coenocorypha aucklandica,(Miskelly 2000),2000,
Coenocorypha pusilla,(Miskelly 1987),1987,
Megadyptes antipodes,(Moller & Alterio 1999),1999,
Megadyptes antipodes,(Moller & Alterio 1999),1999,
Haematopus chathamensis,(Moore & Reid 2009),2009,
Dasyurus geoffroii,(Moseby et al. 2022),2022,
Dasyurus geoffroii,(Moseby et al. 2022),2022,
Dasyurus geoffroii,(Moseby et al. 2022),2022,
Bettongia lesueur,(Moseby et al. 2011),2011,
Bettongia lesueur,(Moseby et al. 2011),2011,
Bettongia lesueur,(Moseby et al. 2011),2011,
Macrotis lagotis,(Moseby et al. 2011),2011,
Bettongia lesueur,(Moseby et al. 2011),2011,
Perameles bougainville,(Moseby et al. 2011),2011,
Perameles bougainville,(Moseby et al. 2011),2011,
Hypotaenidia sylvestris,(NSW National Parks and Wildlife Service 2002a),2002,
Hypotaenidia sylvestris,(NSW National Parks and Wildlife Service 2002a),2002,
Ptychoramphus aleuticus,(Nogales et al. 2004),2004,
Puffinus opisthomelas,(Nogales et al. 2004),2004,
Ptychoramphus aleuticus,(Nogales et al. 2004),2004,
Puffinus opisthomelas,(Nogales et al. 2004),2004,
Anas chlorotis,(O'Connor et al. 2007),2007,
Chalinolobus tuberculatus,(O'Donnell et al. 2010),2010,
Chalinolobus tuberculatus,(O'Donnell et al. 2010),2010,
Chalinolobus tuberculatus,(O'Donnell et al. 2010),2010,
Chalinolobus tuberculatus,(O'Donnell et al. 2010),2010,
Chalinolobus tuberculatus,(O'Donnell et al. 2010),2010,
Chalinolobus tuberculatus,(O'Donnell et al. 2010),2010,
Chalinolobus tuberculatus,(O'Donnell et al. 2010),2010,
Chalinolobus tuberculatus,(O'Donnell et al. 2010),2010,
Chalinolobus tuberculatus,(O'Donnell et al. 2010),2010,
Dasyornis brachypterus,(Office of Environment & Heritage 2012),2012,
Dasyornis brachypterus,(Office of Environment & Heritage 2012),2012,
Puffinus mauretanicus,(Oro et al. 2004),2004,
Puffinus mauretanicus,(Oro et al. 2004),2004,
Mimus graysoni,(Ortiz-Alcaraz et al. 2016),2016,
Anas chlorotis,(O’Donnell et al. 2015),2015,
Anas chlorotis,(O’Donnell et al. 2015),2015,
Anas chlorotis,(O’Donnell et al. 2015),2015,
Anas chlorotis,(O’Donnell et al. 2015),2015,
Anas chlorotis,(O’Donnell et al. 2015),2015,
Loxioides bailleui,(Banko et al. 2002b),2002,
Loxioides bailleui,(Banko et al. 2002b),2002,
Loxioides bailleui,(Banko et al. 2002b),2002,
Anas aucklandica,(Moore & Walker 1991),1991,
Anas aucklandica,(Moore & Walker 1991),1991,
Haematopus chathamensis,(Moore 2008),2008,
Mimus trifasciatus,(Grant et al. 2000),2000,
Pseudomys australis,(Pavey et al. 2008b),2008,
Prosobonia cancellata,(Pierce et al. 2003),2003,
Hypotaenidia sylvestris,(Portelli & Carlile 2019),2019,
Hypotaenidia sylvestris,(Portelli & Carlile 2019),2019,
Loxioides bailleui,(Pratt et al. 1997),1997,
Loxioides bailleui,(Pratt et al. 1997),1997,
Loxioides bailleui,(Pratt et al. 1997),1997,
Leiocephalus eremitus,(Honegger 1981),1981,
Prosobonia cancellata,(Pierce & Blanvillain 2004),2004,
Pyrrhula murina,(Ramos 1996),1996,
Megadyptes antipodes,(Ratz 2000),2000,
Apteryx australis,(Robertson & Colbourne 2022),2022,
Apteryx australis,(Robertson & Colbourne 2022),2022,
Mimus graysoni,(Rodríguez-Estrella et al. 1991),1991,
Urosaurus auriculatus,(Rodríguez-Estrella et al. 1991),1991,
Zenaida graysoni,(Rodríguez-Estrella et al. 1991),1991,
Zenaida graysoni,(Rodríguez-Estrella et al. 1991),1991,
Phalacrocorax nigrogularis,(Muzaffar et al. 2013),2013,
Phalacrocorax nigrogularis,(Muzaffar et al. 2013),2013,
Loxioides bailleui,(Sarr et al. 1998),1998,
Megadyptes antipodes,(Seddon et al. 2013),2013,
Megadyptes antipodes,(Seddon et al. 2013),2013,
Megadyptes antipodes,(Seddon et al. 2013),2013,
Megadyptes antipodes,(Seddon et al. 2013),2013,
Megadyptes antipodes,(Seddon et al. 2013),2013,
Megadyptes antipodes,(Seddon et al. 2013),2013,
Megadyptes antipodes,(Seddon et al. 2013),2013,
Megadyptes antipodes,(Seddon et al. 2013),2013,
Bettongia lesueur,(Short 2016),2016,
Leporillus conditor,(Short et al. 2019),2019,
Bettongia lesueur,(Short et al. 2002),2002,
Spheniscus mendiculus,(Steinfurth 2007),2007,
Spheniscus mendiculus,(Steinfurth 2007),2007,
Pterodroma sandwichensis,(Simons 1983),1983,
Pterodroma sandwichensis,(Simons 1984),1984,
Acrocephalus rimitarae,(Thibault & Cibois 2006a),2006,
Bellatorias obiri,(Threatened Species Scientific Committee 2008b),2008,
Bellatorias obiri,(Threatened Species Scientific Committee 2008b),2008,
Oligosoma grande,(Tocher 2006),2006,
Branta sandvicensis,(USFWS 2004),2004,
Branta sandvicensis,(USFWS 2004),2004,
Loxioides bailleui,(USFWS 2020),2020,
Loxioides bailleui,(USFWS 2020),2020,
Loxioides bailleui,(USFWS 2020),2020,
Pterodroma cahow,(USFWS 2013b),2013,
Megapodius laperouse,(USFWS 1998a),1998,
Megapodius laperouse,(USFWS 1998a),1998,
Acrocephalus aequinoctialis,(VanderWerf et al. 2016),2016,
Pterodroma cookii,(Veitch 2001),2001,
Synthliboramphus craveri,(Velarde et al. 2011),2011,
Synthliboramphus craveri,(Velarde et al. 2011),2011,
Synthliboramphus craveri,(Velarde et al. 2011),2011,
Pteropus dasymallus,(Vincenot et al. 2017),2017,
Pteropus dasymallus,(Vincenot et al. 2015),2015,
Bettongia penicillata,(Wayne et al. 2011),2011,
Dasyurus geoffroii,(Wayne et al. 2011),2011,
Pseudocheirus occidentalis,(Wayne et al. 2011),2011,
Bettongia penicillata,(Wayne et al. 2017a),2017,
Dasyurus geoffroii,(Wayne et al. 2017a),2017,
Pseudocheirus occidentalis,(Wayne et al. 2017a),2017,
Synthliboramphus scrippsi,(Whitworth et al. 2020),2020,
Synthliboramphus scrippsi,(Whitworth et al. 2020),2020,
Synthliboramphus scrippsi,(Whitworth et al. 2020),2020,
Synthliboramphus scrippsi,(Whitworth et al. 2020),2020,
Lanius ludovicianus,(Wiggins 2004),2004,
Lanius ludovicianus,(Wiggins 2004),2004,
Lanius ludovicianus,(Wiggins 2004),2004,
Procellaria westlandica,(Wilson & Coast 2016),2016,
Phoebastria immutabilis,(Young et al. 2013),2013,
Sternula lorata,(Zavalaga et al. 2008a),2008,
Pterodroma madeira,(Zino et al. 1995),1995,
Pterodroma madeira,(Zino et al. 2001),2001,
Pterodroma madeira,(Zino et al. 2001),2001,
Pterodroma madeira,(Zino et al. 2001),2001,
Loxioides bailleui,(van Riper III 1980a),1980,
Acrocephalus aequinoctialis,(IUCN 2025) core source,2018,
Acrocephalus aequinoctialis,(IUCN 2025) core source,2018,
Acrocephalus aequinoctialis,(IUCN 2025) core source,2018,
Acrocephalus hiwae,(IUCN 2025) core source,2023,
Acrocephalus hiwae,(IUCN 2025) core source,2023,
Acrocephalus hiwae,(IUCN 2025) core source,2023,
Acrocephalus longirostris,(IUCN 2025) core source,2018,
Acrocephalus longirostris,(IUCN 2025) core source,2018,
Acrocephalus musae,(IUCN 2025) core source,2022,
Acrocephalus rimitarae,(IUCN 2025) core source,2019,
Acrocephalus rimitarae,(IUCN 2025) core source,2019,
Acrocephalus rodericanus,(IUCN 2025) core source,2015,
Acrocephalus vaughani,(IUCN 2025) core source,2019,
Acrocephalus vaughani,(IUCN 2025) core source,2019,
Acrocephalus yamashinae,(IUCN 2025) core source,2022,
Aegotheles savesi,(IUCN 2025) core source,2015,
Aegotheles savesi,(IUCN 2025) core source,2015,
Agelaius xanthomus,(IUCN 2025) core source,2019,
Algyroides marchi,(IUCN 2025) core source,2021,
Algyroides marchi,(IUCN 2025) core source,2021,
Alopochen mauritiana,(IUCN 2025) core source,2022,
Alsophis rijgersmaei,(IUCN 2025) core source,2014,
Alsophis rufiventris,(IUCN 2025) core source,2014,
Alsophis rufiventris,(IUCN 2025) core source,2014,
Amazona barbadensis,(IUCN 2025) core source,2020,
Amazona vittata,(IUCN 2025) core source,2019,
Amblyrhynchus cristatus,(IUCN 2025) core source,2018,
Amblyrhynchus cristatus,(IUCN 2025) core source,2018,
Amblyrhynchus cristatus,(IUCN 2025) core source,2018,
Amblyrhynchus cristatus,(IUCN 2025) core source,2018,
Amblyrhynchus cristatus,(IUCN 2025) core source,2018,
Ameiva provitaae,(IUCN 2025) core source,2013,
Ameiva provitaae,(IUCN 2025) core source,2013,
Ameiva provitaae,(IUCN 2025) core source,2013,
Amerotyphlops tasymicris,(IUCN 2025) core source,2010,
Amytornis ballarae,(IUCN 2025) core source,2020,
Amytornis dorotheae,(IUCN 2025) core source,2021,
Amytornis merrotsyi,(IUCN 2025) core source,2020,
Anadia bogotensis,(IUCN 2025) core source,2012,
Anairetes fernandezianus,(IUCN 2025) core source,2022,
Anairetes fernandezianus,(IUCN 2025) core source,2022,
Anarhynchus frontalis,(IUCN 2025) core source,2017,
Anarhynchus frontalis,(IUCN 2025) core source,2017,
Anas aucklandica,(IUCN 2025) core source,2020,
Anas aucklandica,(IUCN 2025) core source,2020,
Anas chlorotis,(IUCN 2025) core source,2019,
Anas chlorotis,(IUCN 2025) core source,2019,
Anas chlorotis,(IUCN 2025) core source,2019,
Anas chlorotis,(IUCN 2025) core source,2019,
Anas chlorotis,(IUCN 2025) core source,2019,
Anas eatoni,(IUCN 2025) core source,2015,
Anas wyvilliana,(IUCN 2025) core source,2022,
Anolis bicaorum,(IUCN 2025) core source,2011,
Anolis brunneus,(IUCN 2025) core source,2014,
Anolis gorgonae,(IUCN 2025) core source,2012,
Anolis lividus,(IUCN 2025) core source,2014,
Anolis nelsoni,(IUCN 2025) core source,2019,
Anolis pigmaequestris,(IUCN 2025) core source,2015,
Antechinus bellus,(IUCN 2025) core source,2013,
Anthornis melanocephala,(IUCN 2025) core source,2022,
Anthornis melanocephala,(IUCN 2025) core source,2022,
Antillotyphlops monastus,(IUCN 2025) core source,2014,
Antillotyphlops monastus,(IUCN 2025) core source,2014,
Antillotyphlops monastus,(IUCN 2025) core source,2014,
Antillotyphlops richardii,(IUCN 2025) core source,2014,
Antrostomus noctitherus,(IUCN 2025) core source,2022,
Antrostomus noctitherus,(IUCN 2025) core source,2022,
Aphanapteryx bonasia,(IUCN 2025) core source,2023,
Aphanapteryx bonasia,(IUCN 2025) core source,2023,
Aphelocoma coerulescens,(IUCN 2025) core source,2019,
Aphelocoma coerulescens,(IUCN 2025) core source,2019,
Aphelocoma coerulescens,(IUCN 2025) core source,2019,
Aphrastura masafuerae,(IUCN 2025) core source,2022,
Aphrastura masafuerae,(IUCN 2025) core source,2022,
Aphrastura masafuerae,(IUCN 2025) core source,2022,
Aplonis santovestris,(IUCN 2025) core source,2016,
Aplonis santovestris,(IUCN 2025) core source,2016,
Apteryx australis,(IUCN 2025) core source,2021,
Apteryx australis,(IUCN 2025) core source,2021,
Apteryx australis,(IUCN 2025) core source,2021,
Apteryx haastii,(IUCN 2025) core source,2021,
Apteryx haastii,(IUCN 2025) core source,2021,
Apteryx mantelli,(IUCN 2025) core source,2016,
Apteryx mantelli,(IUCN 2025) core source,2016,
Apteryx mantelli,(IUCN 2025) core source,2016,
Apteryx mantelli,(IUCN 2025) core source,2016,
Apteryx mantelli,(IUCN 2025) core source,2016,
Ardenna creatopus,(IUCN 2025) core source,2017,
Ardenna creatopus,(IUCN 2025) core source,2017,
Aristelliger hechti,(IUCN 2025) core source,2014,
Aspidoscelis catalinensis,(IUCN 2025) core source,2006,
Aspidoscelis catalinensis,(IUCN 2025) core source,2006,
Atelopus guanujo,(IUCN 2025) core source,2015,
Atelopus guanujo,(IUCN 2025) core source,2015,
Atelopus guanujo,(IUCN 2025) core source,2015,
Atopogale cubana,(IUCN 2025) core source,2014,
Atrichornis clamosus,(IUCN 2025) core source,2021,
Atrichornis clamosus,(IUCN 2025) core source,2021,
Atrichornis clamosus,(IUCN 2025) core source,2021,
Atrichornis rufescens,(IUCN 2025) core source,2021,
Bavayia exsuccida,(IUCN 2025) core source,2016,
Bavayia goroensis,(IUCN 2025) core source,2016,
Bavayia montana,(IUCN 2025) core source,2016,
Bavayia nubila,(IUCN 2025) core source,2016,
Bavayia ornata,(IUCN 2025) core source,2016,
Bavayia robusta,(IUCN 2025) core source,2016,
Bavayia sauvagii,(IUCN 2025) core source,2016,
Bavayia septuiclavis,(IUCN 2025) core source,2016,
Bellatorias obiri,(IUCN 2025) core source,2016,
Bettongia anhydra,(IUCN 2025) core source,2013,
Bettongia gaimardi,(IUCN 2025) core source,2015,
Bettongia gaimardi,(IUCN 2025) core source,2015,
Bettongia gaimardi,(IUCN 2025) core source,2015,
Bettongia lesueur,(IUCN 2025) core source,2015,
Bettongia lesueur,(IUCN 2025) core source,2015,
Bettongia lesueur,(IUCN 2025) core source,2015,
Bettongia penicillata,(IUCN 2025) core source,2011,
Bettongia tropica,(IUCN 2025) core source,2011,
Bettongia tropica,(IUCN 2025) core source,2011,
Boa orophias,(IUCN 2025) core source,2014,
Bolyeria multocarinata,(IUCN 2025) core source,2019,
Bostrychia bocagei,(IUCN 2025) core source,2019,
Botaurus poiciloptilus,(IUCN 2025) core source,2021,
Brachylophus bulabula,(IUCN 2025) core source,2011,
Brachylophus bulabula,(IUCN 2025) core source,2011,
Brachylophus fasciatus,(IUCN 2025) core source,2011,
Brachylophus fasciatus,(IUCN 2025) core source,2011,
Brachylophus gau,(IUCN 2025) core source,2018,
Brachylophus vitiensis,(IUCN 2025) core source,2011,
Brachylophus vitiensis,(IUCN 2025) core source,2011,
Brachylophus vitiensis,(IUCN 2025) core source,2011,
Branta sandvicensis,(IUCN 2025) core source,2020,
Branta sandvicensis,(IUCN 2025) core source,2020,
Bulweria fallax,(IUCN 2025) core source,2017,
Burramys parvus,(IUCN 2025) core source,2007,
Burramys parvus,(IUCN 2025) core source,2007,
Cabalus modestus,(IUCN 2025) core source,2022,
Cabalus modestus,(IUCN 2025) core source,2022,
Caledoniscincus aquilonius,(IUCN 2025) core source,2016,
Caledoniscincus aquilonius,(IUCN 2025) core source,2016,
Caledoniscincus auratus,(IUCN 2025) core source,2016,
Caledoniscincus auratus,(IUCN 2025) core source,2016,
Caledoniscincus auratus,(IUCN 2025) core source,2016,
Caledoniscincus chazeaui,(IUCN 2025) core source,2016,
Caledoniscincus chazeaui,(IUCN 2025) core source,2016,
Caledoniscincus constellatus,(IUCN 2025) core source,2016,
Caledoniscincus orestes,(IUCN 2025) core source,2016,
Caledoniscincus pelletieri,(IUCN 2025) core source,2016,
Caledoniscincus renevieri,(IUCN 2025) core source,2016,
Caledoniscincus renevieri,(IUCN 2025) core source,2016,
Caledoniscincus renevieri,(IUCN 2025) core source,2016,
Caloenas nicobarica,(IUCN 2025) core source,2019,
Calonectris edwardsii,(IUCN 2025) core source,2017,
Calonectris leucomelas,(IUCN 2025) core source,2017,
Caloprymnus campestris,(IUCN 2025) core source,2011,
Calyptophilus tertius,(IUCN 2025) core source,2019,
Caribicus anelpistus,(IUCN 2025) core source,2014,
Caribicus warreni,(IUCN 2025) core source,2014,
Carpodacus ferreorostris,(IUCN 2025) core source,2022,
Carpodacus ferreorostris,(IUCN 2025) core source,2022,
Casarea dussumieri,(IUCN 2025) core source,2017,
Celatiscincus euryotis,(IUCN 2025) core source,2016,
Celatiscincus euryotis,(IUCN 2025) core source,2016,
Celatiscincus similis,(IUCN 2025) core source,2016,
Celestus duquesneyi,(IUCN 2025) core source,2014,
Celestus hewardi,(IUCN 2025) core source,2014,
Celestus microblepharis,(IUCN 2025) core source,2014,
Celestus molesworthi,(IUCN 2025) core source,2014,
Chaeropus ecaudatus,(IUCN 2025) core source,2011,
Chaeropus ecaudatus,(IUCN 2025) core source,2011,
Chalinolobus neocaledonicus,(IUCN 2025) core source,2018,
Chalinolobus neocaledonicus,(IUCN 2025) core source,2018,
Chalinolobus picatus,(IUCN 2025) core source,2018,
Chalinolobus tuberculatus,(IUCN 2025) core source,2019,
Chalinolobus tuberculatus,(IUCN 2025) core source,2019,
Chalinolobus tuberculatus,(IUCN 2025) core source,2019,
Chalinolobus tuberculatus,(IUCN 2025) core source,2019,
Charadrius bicinctus,(IUCN 2025) core source,2019,
Charadrius bicinctus,(IUCN 2025) core source,2019,
Charadrius obscurus,(IUCN 2025) core source,2016,
Charadrius obscurus,(IUCN 2025) core source,2016,
Charadrius obscurus,(IUCN 2025) core source,2016,
Charadrius sanctaehelenae,(IUCN 2025) core source,2019,
Charadrius sanctaehelenae,(IUCN 2025) core source,2019,
Charadrius sanctaehelenae,(IUCN 2025) core source,2019,
Charadrius sanctaehelenae,(IUCN 2025) core source,2019,
Charadrius sanctaehelenae,(IUCN 2025) core source,2019,
Charadrius thoracicus,(IUCN 2025) core source,2022,
Charmosyna amabilis,(IUCN 2025) core source,2015,
Charmosyna amabilis,(IUCN 2025) core source,2015,
Chasiempis ibidis,(IUCN 2025) core source,2022,
Chasiempis ibidis,(IUCN 2025) core source,2022,
Chasiempis sandwichensis,(IUCN 2025) core source,2022,
Chasiempis sclateri,(IUCN 2025) core source,2022,
Chasiempis sclateri,(IUCN 2025) core source,2022,
Chelonoidis becki,(IUCN 2025) core source,2014,
Chelonoidis chathamensis,(IUCN 2025) core source,2016,
Chelonoidis donfaustoi,(IUCN 2025) core source,2015,
Chelonoidis guntheri,(IUCN 2025) core source,2014,
Chelonoidis microphyes,(IUCN 2025) core source,2014,
Chelonoidis niger,(IUCN 2025) core source,2016,
Chelonoidis porteri,(IUCN 2025) core source,2015,
Chelonoidis vicina,(IUCN 2025) core source,2014,
Chilabothrus chrysogaster,(IUCN 2025) core source,2014,
Chilabothrus chrysogaster,(IUCN 2025) core source,2014,
Chilabothrus chrysogaster,(IUCN 2025) core source,2014,
Chilabothrus exsul,(IUCN 2025) core source,2014,
Chilabothrus granti,(IUCN 2025) core source,2014,
Chilabothrus monensis,(IUCN 2025) core source,2014,
Chilabothrus monensis,(IUCN 2025) core source,2014,
Chilabothrus monensis,(IUCN 2025) core source,2014,
Chilabothrus monensis,(IUCN 2025) core source,2014,
Chilabothrus subflavus,(IUCN 2025) core source,2014,
Chioninia coctei,(IUCN 2025) core source,2011,
Chioninia stangeri,(IUCN 2025) core source,2011,
Chlidonias albostriatus,(IUCN 2025) core source,2021,
Chlidonias albostriatus,(IUCN 2025) core source,2021,
Chlidonias albostriatus,(IUCN 2025) core source,2021,
Chlorodrepanis stejnegeri,(IUCN 2025) core source,2022,
Chlorodrepanis stejnegeri,(IUCN 2025) core source,2022,
Chlorodrepanis stejnegeri,(IUCN 2025) core source,2022,
Chlorodrepanis stejnegeri,(IUCN 2025) core source,2022,
Chlorodrepanis stejnegeri,(IUCN 2025) core source,2022,
Cinclodes antarcticus,(IUCN 2025) core source,2015,
Cinclodes maculirostris,(IUCN 2025) core source,2019,
Cincloramphus llaneae,(IUCN 2025) core source,2018,
Cincloramphus turipavae,(IUCN 2025) core source,2020,
Cnemaspis anslemi,(IUCN 2025) core source,2018,
Cnemaspis latha,(IUCN 2025) core source,2018,
Cnemaspis nilgala,(IUCN 2025) core source,2018,
Cnemaspis rammalensis,(IUCN 2025) core source,2018,
Cnemaspis thachanaensis,(IUCN 2025) core source,2016,
Cnemaspis thachanaensis,(IUCN 2025) core source,2016,
Cnemidophorus flavissimus,(IUCN 2025) core source,2013,
Cnemidophorus rostralis,(IUCN 2025) core source,2013,
Coccyzus bahamensis,(IUCN 2025) core source,2019,
Coccyzus ferrugineus,(IUCN 2025) core source,2019,
Coccyzus ferrugineus,(IUCN 2025) core source,2019,
Coenocorypha aucklandica,(IUCN 2025) core source,2021,
Coenocorypha aucklandica,(IUCN 2025) core source,2021,
Coenocorypha barrierensis,(IUCN 2025) core source,2022,
Coenocorypha barrierensis,(IUCN 2025) core source,2022,
Coenocorypha barrierensis,(IUCN 2025) core source,2022,
Coenocorypha barrierensis,(IUCN 2025) core source,2022,
Coenocorypha barrierensis,(IUCN 2025) core source,2022,
Coenocorypha iredalei,(IUCN 2025) core source,2022,
Coenocorypha iredalei,(IUCN 2025) core source,2022,
Coenocorypha pusilla,(IUCN 2025) core source,2021,
Coenocorypha pusilla,(IUCN 2025) core source,2021,
Coenocorypha pusilla,(IUCN 2025) core source,2021,
Colaptes fernandinae,(IUCN 2025) core source,2020,
Coleura seychellensis,(IUCN 2025) core source,2015,
Coleura seychellensis,(IUCN 2025) core source,2015,
Columba jouyi,(IUCN 2025) core source,2022,
Columba junoniae,(IUCN 2025) core source,2015,
Columba junoniae,(IUCN 2025) core source,2015,
Columba junoniae,(IUCN 2025) core source,2015,
Columba junoniae,(IUCN 2025) core source,2015,
Columba junoniae,(IUCN 2025) core source,2015,
Columba versicolor,(IUCN 2025) core source,2022,
Columba versicolor,(IUCN 2025) core source,2022,
Conilurus albipes,(IUCN 2025) core source,2014,
Conilurus capricornensis,(IUCN 2025) core source,2014,
Conilurus penicillatus,(IUCN 2025) core source,2014,
Conolophus marthae,(IUCN 2025) core source,2011,
Conolophus marthae,(IUCN 2025) core source,2011,
Conolophus subcristatus,(IUCN 2025) core source,2019,
Conolophus subcristatus,(IUCN 2025) core source,2019,
Conolophus subcristatus,(IUCN 2025) core source,2019,
Conolophus subcristatus,(IUCN 2025) core source,2019,
Conolophus subcristatus,(IUCN 2025) core source,2019,
Conolophus subcristatus,(IUCN 2025) core source,2019,
Conolophus subcristatus,(IUCN 2025) core source,2019,
Contomastix charrua,(IUCN 2025) core source,2013,
Coracopsis barklyi,(IUCN 2025) core source,2019,
Cornufer vitianus,(IUCN 2025) core source,2017,
Correlophus belepensis,(IUCN 2025) core source,2016,
Correlophus ciliatus,(IUCN 2025) core source,2016,
Correlophus sarasinorum,(IUCN 2025) core source,2016,
Corvus hawaiiensis,(IUCN 2025) core source,2015,
Corvus hawaiiensis,(IUCN 2025) core source,2015,
Corvus hawaiiensis,(IUCN 2025) core source,2015,
Corvus hawaiiensis,(IUCN 2025) core source,2015,
Corvus hawaiiensis,(IUCN 2025) core source,2015,
Corvus kubaryi,(IUCN 2025) core source,2017,
Corvus kubaryi,(IUCN 2025) core source,2017,
Coturnix novaezelandiae,(IUCN 2025) core source,2022,
Coturnix novaezelandiae,(IUCN 2025) core source,2022,
Coturnix novaezelandiae,(IUCN 2025) core source,2022,
Crithagra concolor,(IUCN 2025) core source,2019,
Crocidura canariensis,(IUCN 2025) core source,2021,
Crocidura canariensis,(IUCN 2025) core source,2021,
Crocidura canariensis,(IUCN 2025) core source,2021,
Crocidura canariensis,(IUCN 2025) core source,2021,
Crocidura trichura,(IUCN 2025) core source,2014,
Crotalus catalinensis,(IUCN 2025) core source,2006,
Cryptoblepharus boutonii,(IUCN 2025) core source,2019,
Cryptoblepharus boutonii,(IUCN 2025) core source,2019,
Cryptoblepharus boutonii,(IUCN 2025) core source,2019,
Cryptoblepharus boutonii,(IUCN 2025) core source,2019,
Cryptoblepharus boutonii,(IUCN 2025) core source,2019,
Cryptoblepharus caudatus,(IUCN 2025) core source,2018,
Cryptoblepharus egeriae,(IUCN 2025) core source,2016,
Cryptoprocta ferox,(IUCN 2025) core source,2014,
Ctenosaura bakeri,(IUCN 2025) core source,2017,
Ctenosaura bakeri,(IUCN 2025) core source,2017,
Ctenosaura flavidorsalis,(IUCN 2025) core source,2019,
Ctenosaura melanosterna,(IUCN 2025) core source,2011,
Ctenosaura melanosterna,(IUCN 2025) core source,2011,
Ctenosaura oedirhina,(IUCN 2025) core source,2017,
Ctenotus kurnbudj,(IUCN 2025) core source,2016,
Ctenotus kurnbudj,(IUCN 2025) core source,2016,
Ctenotus kurnbudj,(IUCN 2025) core source,2016,
Ctenotus kurnbudj,(IUCN 2025) core source,2016,
Ctenotus serotinus,(IUCN 2025) core source,2016,
Ctenotus stuarti,(IUCN 2025) core source,2016,
Ctenotus stuarti,(IUCN 2025) core source,2016,
Ctenotus stuarti,(IUCN 2025) core source,2016,
Ctenotus stuarti,(IUCN 2025) core source,2016,
Cubophis brooksi,(IUCN 2025) core source,2019,
Cyanoramphus auriceps,(IUCN 2025) core source,2021,
Cyanoramphus auriceps,(IUCN 2025) core source,2021,
Cyanoramphus forbesi,(IUCN 2025) core source,2021,
Cyanoramphus forbesi,(IUCN 2025) core source,2021,
Cyclodomorphus praealtus,(IUCN 2025) core source,2016,
Cyclura carinata,(IUCN 2025) core source,2018,
Cyclura carinata,(IUCN 2025) core source,2018,
Cyclura carinata,(IUCN 2025) core source,2018,
Cyclura collei,(IUCN 2025) core source,2020,
Cyclura collei,(IUCN 2025) core source,2020,
Cyclura cornuta,(IUCN 2025) core source,2017,
Cyclura cornuta,(IUCN 2025) core source,2017,
Cyclura cornuta,(IUCN 2025) core source,2017,
Cyclura cychlura,(IUCN 2025) core source,2003,
Cyclura cychlura,(IUCN 2025) core source,2003,
Cyclura cychlura,(IUCN 2025) core source,2003,
Cyclura lewisi,(IUCN 2025) core source,2011,
Cyclura lewisi,(IUCN 2025) core source,2011,
Cyclura onchiopsis,(IUCN 2025) core source,2009,
Cyclura pinguis,(IUCN 2025) core source,2018,
Cyclura pinguis,(IUCN 2025) core source,2018,
Cyclura pinguis,(IUCN 2025) core source,2018,
Cyclura ricordii,(IUCN 2025) core source,2017,
Cyclura ricordii,(IUCN 2025) core source,2017,
Cyclura stejnegeri,(IUCN 2025) core source,2018,
Cylindrophis isolepis,(IUCN 2025) core source,2018,
Cyrtodactylus khelangensis,(IUCN 2025) core source,2016,
Cyrtodactylus sadleiri,(IUCN 2025) core source,2016,
Cyrtodactylus soba,(IUCN 2025) core source,2018,
Cyrtodactylus soba,(IUCN 2025) core source,2018,
Cyrtodactylus soba,(IUCN 2025) core source,2018,
Cyrtodactylus thirakhupti,(IUCN 2025) core source,2016,
Cyrtodactylus yakhuna,(IUCN 2025) core source,2018,
Dasia haliana,(IUCN 2025) core source,2018,
Dasycercus cristicauda,(IUCN 2025) core source,2013,
Dasyornis brachypterus,(IUCN 2025) core source,2021,
Dasyornis longirostris,(IUCN 2025) core source,2021,
Dasyurus albopunctatus,(IUCN 2025) core source,2015,
Dasyurus geoffroii,(IUCN 2025) core source,2011,
Dasyurus hallucatus,(IUCN 2025) core source,2014,
Dasyurus maculatus,(IUCN 2025) core source,2014,
Dasyurus spartacus,(IUCN 2025) core source,2015,
Dasyurus spartacus,(IUCN 2025) core source,2015,
Dasyurus viverrinus,(IUCN 2025) core source,2013,
Dasyurus viverrinus,(IUCN 2025) core source,2013,
Dasyurus viverrinus,(IUCN 2025) core source,2013,
Delma impar,(IUCN 2025) core source,2016,
Delma impar,(IUCN 2025) core source,2016,
Dendrocygna arborea,(IUCN 2025) core source,2018,
Dendrocygna arborea,(IUCN 2025) core source,2018,
Dendrocygna arborea,(IUCN 2025) core source,2018,
Didunculus strigirostris,(IUCN 2025) core source,2015,
Didunculus strigirostris,(IUCN 2025) core source,2015,
Didunculus strigirostris,(IUCN 2025) core source,2015,
Dierogekko inexpectatus,(IUCN 2025) core source,2016,
Dierogekko inexpectatus,(IUCN 2025) core source,2016,
Dierogekko insularis,(IUCN 2025) core source,2016,
Dierogekko kaalaensis,(IUCN 2025) core source,2016,
Dierogekko kaalaensis,(IUCN 2025) core source,2016,
Dierogekko kaalaensis,(IUCN 2025) core source,2016,
Dierogekko koniambo,(IUCN 2025) core source,2016,
Dierogekko koniambo,(IUCN 2025) core source,2016,
Dierogekko koniambo,(IUCN 2025) core source,2016,
Dierogekko nehoueensis,(IUCN 2025) core source,2016,
Dierogekko nehoueensis,(IUCN 2025) core source,2016,
Dierogekko nehoueensis,(IUCN 2025) core source,2016,
Dierogekko poumensis,(IUCN 2025) core source,2016,
Dierogekko poumensis,(IUCN 2025) core source,2016,
Dierogekko thomaswhitei,(IUCN 2025) core source,2016,
Dierogekko thomaswhitei,(IUCN 2025) core source,2016,
Dierogekko thomaswhitei,(IUCN 2025) core source,2016,
Dierogekko validiclavis,(IUCN 2025) core source,2016,
Dierogekko validiclavis,(IUCN 2025) core source,2016,
Diomedea amsterdamensis,(IUCN 2025) core source,2017,
Diomedea antipodensis,(IUCN 2025) core source,2017,
Diomedea dabbenena,(IUCN 2025) core source,2017,
Diomedea epomophora,(IUCN 2025) core source,2017,
Diomedea epomophora,(IUCN 2025) core source,2017,
Diomedea epomophora,(IUCN 2025) core source,2017,
Diomedea exulans,(IUCN 2025) core source,2017,
Diomedea exulans,(IUCN 2025) core source,2017,
Diomedea sanfordi,(IUCN 2025) core source,2017,
Diomedea sanfordi,(IUCN 2025) core source,2017,
Diploglossus montisserrati,(IUCN 2025) core source,2013,
Diplothrix legata,(IUCN 2025) core source,2014,
Diplothrix legata,(IUCN 2025) core source,2014,
Diplothrix legata,(IUCN 2025) core source,2014,
Diplothrix legata,(IUCN 2025) core source,2014,
Dipodomys stephensi,(IUCN 2025) core source,2015,
Diporiphora vescus,(IUCN 2025) core source,2016,
Dryolimnas augusti,(IUCN 2025) core source,2023,
Dryolimnas augusti,(IUCN 2025) core source,2023,
Ducula aurorae,(IUCN 2025) core source,2016,
Ducula galeata,(IUCN 2025) core source,2022,
Ducula galeata,(IUCN 2025) core source,2022,
Ducula galeata,(IUCN 2025) core source,2022,
Dysmorodrepanis munroi,(IUCN 2025) core source,2022,
Dysmorodrepanis munroi,(IUCN 2025) core source,2022,
Elanus scriptus,(IUCN 2025) core source,2021,
Elanus scriptus,(IUCN 2025) core source,2021,
Elanus scriptus,(IUCN 2025) core source,2021,
Eleutherodactylus barlagnei,(IUCN 2025) core source,2019,
Eleutherodactylus cavernicola,(IUCN 2025) core source,2019,
Eleutherodactylus pinchoni,(IUCN 2025) core source,2019,
Eliomys quercinus,(IUCN 2025) core source,2022,
Emberiza socotrana,(IUCN 2025) core source,2016,
Emoia adspersa,(IUCN 2025) core source,2010,
Emoia adspersa,(IUCN 2025) core source,2010,
Emoia concolor,(IUCN 2025) core source,2010,
Emoia lawesi,(IUCN 2025) core source,2010,
Emoia lawesi,(IUCN 2025) core source,2010,
Emoia loyaltiensis,(IUCN 2025) core source,2016,
Emoia samoensis,(IUCN 2025) core source,2010,
Emoia samoensis,(IUCN 2025) core source,2010,
Emoia tuitarere,(IUCN 2025) core source,2010,
Emoia tuitarere,(IUCN 2025) core source,2010,
Epibator greeri,(IUCN 2025) core source,2016,
Erythrolamprus juliae,(IUCN 2025) core source,2014,
Erythrolamprus perfuscus,(IUCN 2025) core source,2014,
Eudyptes pachyrhynchus,(IUCN 2025) core source,2019,
Euleptes europaea,(IUCN 2025) core source,2007,
Eupleres goudotii,(IUCN 2025) core source,2014,
Eupleres major,(IUCN 2025) core source,2014,
Eupsittula nana,(IUCN 2025) core source,2019,
Eupsophus insularis,(IUCN 2025) core source,2017,
Eupsophus insularis,(IUCN 2025) core source,2017,
Eurostopodus exul,(IUCN 2025) core source,2017,
Eurostopodus exul,(IUCN 2025) core source,2017,
Eurostopodus nigripennis,(IUCN 2025) core source,2022,
Eurostopodus nigripennis,(IUCN 2025) core source,2022,
Eurydactylodes agricolae,(IUCN 2025) core source,2016,
Eurydactylodes occidentalis,(IUCN 2025) core source,2016,
Eurydactylodes occidentalis,(IUCN 2025) core source,2016,
Eurydactylodes occidentalis,(IUCN 2025) core source,2016,
Eurydactylodes symmetricus,(IUCN 2025) core source,2016,
Eurydactylodes symmetricus,(IUCN 2025) core source,2016,
Eurydactylodes vieillardi,(IUCN 2025) core source,2016,
Falco araeus,(IUCN 2025) core source,2022,
Falco araeus,(IUCN 2025) core source,2022,
Falco araeus,(IUCN 2025) core source,2022,
Falco araeus,(IUCN 2025) core source,2022,
Falco araeus,(IUCN 2025) core source,2022,
Falco araeus,(IUCN 2025) core source,2022,
Falco punctatus,(IUCN 2025) core source,2022,
Falco punctatus,(IUCN 2025) core source,2022,
Falsistrellus tasmaniensis,(IUCN 2025) core source,2018,
Flexiseps valhallae,(IUCN 2025) core source,2018,
Fossa fossana,(IUCN 2025) core source,2014,
Fossa fossana,(IUCN 2025) core source,2014,
Foudia aldabrana,(IUCN 2025) core source,2019,
Foudia flavicans,(IUCN 2025) core source,2015,
Fregata aquila,(IUCN 2025) core source,2017,
Fregata aquila,(IUCN 2025) core source,2017,
Fregetta maoriana,(IUCN 2025) core source,2017,
Fringilla teydea,(IUCN 2025) core source,2020,
Fringilla teydea,(IUCN 2025) core source,2020,
Fringilla teydea,(IUCN 2025) core source,2020,
Fulica alai,(IUCN 2025) core source,2022,
Fulica alai,(IUCN 2025) core source,2022,
Fulica alai,(IUCN 2025) core source,2022,
Galemys pyrenaicus,(IUCN 2025) core source,2022,
Gallinula nesiotis,(IUCN 2025) core source,2023,
Gallinula nesiotis,(IUCN 2025) core source,2023,
Gallinula nesiotis,(IUCN 2025) core source,2023,
Gallirallus lafresnayanus,(IUCN 2025) core source,2015,
Gallirallus lafresnayanus,(IUCN 2025) core source,2015,
Gallotia bravoana,(IUCN 2025) core source,2021,
Gallotia intermedia,(IUCN 2025) core source,2021,
Gallotia intermedia,(IUCN 2025) core source,2021,
Gallotia simonyi,(IUCN 2025) core source,2021,
Gallotia simonyi,(IUCN 2025) core source,2021,
Galvarinus chilensis,(IUCN 2025) core source,2014,
Galvarinus chilensis,(IUCN 2025) core source,2014,
Gastrotheca lojana,(IUCN 2025) core source,2015,
Gekko lauhachindai,(IUCN 2025) core source,2016,
Geocapromys brownii,(IUCN 2025) core source,2016,
Geocapromys ingrahami,(IUCN 2025) core source,2023,
Geocapromys thoracatus,(IUCN 2025) core source,2017,
Geokichla guttata,(IUCN 2025) core source,2019,
Geokichla guttata,(IUCN 2025) core source,2019,
Geospiza heliobates,(IUCN 2025) core source,2020,
Geospiza pauper,(IUCN 2025) core source,2017,
Geospiza psittacula,(IUCN 2025) core source,2019,
Gonatodes daudini,(IUCN 2025) core source,2018,
Gonatodes naufragus,(IUCN 2025) core source,2013,
Gongylomorphus bojerii,(IUCN 2025) core source,2014,
Gongylomorphus fontenayi,(IUCN 2025) core source,2019,
Gongylomorphus fontenayi,(IUCN 2025) core source,2019,
Gongylomorphus fontenayi,(IUCN 2025) core source,2019,
Gongylomorphus fontenayi,(IUCN 2025) core source,2019,
Gongylomorphus fontenayi,(IUCN 2025) core source,2019,
Gongylomorphus fontenayi,(IUCN 2025) core source,2019,
Gongylomorphus fontenayi,(IUCN 2025) core source,2019,
Goniurosaurus kuroiwae,(IUCN 2025) core source,2015,
Goniurosaurus kuroiwae,(IUCN 2025) core source,2015,
Gymnomyza aubryana,(IUCN 2025) core source,2017,
Gymnomyza aubryana,(IUCN 2025) core source,2017,
Gymnomyza samoensis,(IUCN 2025) core source,2022,
Haematopus chathamensis,(IUCN 2025) core source,2021,
Haematopus meadewaldoi,(IUCN 2025) core source,2020,
Haematopus meadewaldoi,(IUCN 2025) core source,2020,
Haitiophis anomalus,(IUCN 2025) core source,2014,
Heleioporus australiacus,(IUCN 2025) core source,2020,
Hemidactylus bouvieri,(IUCN 2025) core source,2011,
Hemignathus affinis,(IUCN 2025) core source,2023,
Hemignathus hanapepe,(IUCN 2025) core source,2023,
Hemignathus wilsoni,(IUCN 2025) core source,2021,
Hemiphaga chathamensis,(IUCN 2025) core source,2021,
Henicophaps foersteri,(IUCN 2025) core source,2017,
Henicophaps foersteri,(IUCN 2025) core source,2017,
Himantopus novaezelandiae,(IUCN 2025) core source,2015,
Himantopus novaezelandiae,(IUCN 2025) core source,2015,
Hipposideros demissus,(IUCN 2025) core source,2018,
Hipposideros dinops,(IUCN 2025) core source,2020,
Holcosus orcesi,(IUCN 2025) core source,2015,
Hoplocephalus stephensii,(IUCN 2025) core source,2016,
Horornis haddeni,(IUCN 2025) core source,2017,
Hydrobates leucorhous,(IUCN 2025) core source,2017,
Hydrobates leucorhous,(IUCN 2025) core source,2017,
Hydrobates leucorhous,(IUCN 2025) core source,2017,
Hydrobates macrodactylus,(IUCN 2025) core source,2017,
Hydrobates socorroensis,(IUCN 2025) core source,2017,
Hymenolaimus malacorhynchos,(IUCN 2025) core source,2021,
Hypogeomys antimena,(IUCN 2025) core source,2021,
Hypotaenidia dieffenbachii,(IUCN 2025) core source,2022,
Hypotaenidia dieffenbachii,(IUCN 2025) core source,2022,
Hypotaenidia okinawae,(IUCN 2025) core source,2019,
Hypotaenidia okinawae,(IUCN 2025) core source,2019,
Hypotaenidia owstoni,(IUCN 2025) core source,2018,
Hypotaenidia owstoni,(IUCN 2025) core source,2018,
Hypotaenidia owstoni,(IUCN 2025) core source,2018,
Hypotaenidia pacifica,(IUCN 2025) core source,2022,
Hypotaenidia pacifica,(IUCN 2025) core source,2022,
Hypotaenidia pacifica,(IUCN 2025) core source,2022,
Hypotaenidia poeciloptera,(IUCN 2025) core source,2022,
Hypotaenidia poeciloptera,(IUCN 2025) core source,2022,
Hypotaenidia sylvestris,(IUCN 2025) core source,2021,
Hypsirhynchus polylepis,(IUCN 2025) core source,2014,
Icterus northropi,(IUCN 2025) core source,2020,
Icterus northropi,(IUCN 2025) core source,2020,
Iguana delicatissima,(IUCN 2025) core source,2017,
Isoodon auratus,(IUCN 2025) core source,2011,
Isoodon auratus,(IUCN 2025) core source,2011,
Junco insularis,(IUCN 2025) core source,2015,
Kanakysaurus viviparus,(IUCN 2025) core source,2016,
Kanakysaurus viviparus,(IUCN 2025) core source,2016,
Kanakysaurus zebratus,(IUCN 2025) core source,2016,
Lacertoides pardalis,(IUCN 2025) core source,2016,
Lacertoides pardalis,(IUCN 2025) core source,2016,
Lagorchestes asomatus,(IUCN 2025) core source,2011,
Lalage newtoni,(IUCN 2025) core source,2015,
Lanius ludovicianus,(IUCN 2025) core source,2019,
Lanius ludovicianus,(IUCN 2025) core source,2019,
Lanius ludovicianus,(IUCN 2025) core source,2019,
Lanius ludovicianus,(IUCN 2025) core source,2019,
Lanius newtoni,(IUCN 2025) core source,2019,
Larosterna inca,(IUCN 2025) core source,2017,
Larus bulleri,(IUCN 2025) core source,2019,
Larus bulleri,(IUCN 2025) core source,2019,
Larus fuliginosus,(IUCN 2025) core source,2017,
Larus fuliginosus,(IUCN 2025) core source,2017,
Larus fuliginosus,(IUCN 2025) core source,2017,
Larvivora tanensis,(IUCN 2025) core source,2015,
Laterallus spilonota,(IUCN 2025) core source,2019,
Laterallus spilonota,(IUCN 2025) core source,2019,
Leiocephalus eremitus,(IUCN 2025) core source,2014,
Leiocephalus eremitus,(IUCN 2025) core source,2014,
Leiocephalus eremitus,(IUCN 2025) core source,2014,
Leiocephalus psammodromus,(IUCN 2025) core source,2014,
Leiocephalus varius,(IUCN 2025) core source,2018,
Leiolopisma alazon,(IUCN 2025) core source,2010,
Leiolopisma alazon,(IUCN 2025) core source,2010,
Leiolopisma ceciliae,(IUCN 2025) core source,2018,
Leiolopisma telfairii,(IUCN 2025) core source,2017,
Leiolopisma telfairii,(IUCN 2025) core source,2017,
Leiolopisma telfairii,(IUCN 2025) core source,2017,
Leipoa ocellata,(IUCN 2025) core source,2021,
Leipoa ocellata,(IUCN 2025) core source,2021,
Leipoa ocellata,(IUCN 2025) core source,2021,
Leipoa ocellata,(IUCN 2025) core source,2021,
Leipoa ocellata,(IUCN 2025) core source,2021,
Leipoa ocellata,(IUCN 2025) core source,2021,
Leipoa ocellata,(IUCN 2025) core source,2021,
Leipoa ocellata,(IUCN 2025) core source,2021,
Leipoa ocellata,(IUCN 2025) core source,2021,
Leipoa ocellata,(IUCN 2025) core source,2021,
Leipoa ocellata,(IUCN 2025) core source,2021,
Leipoa ocellata,(IUCN 2025) core source,2021,
Leipoa ocellata,(IUCN 2025) core source,2021,
Lepidodactylus euaensis,(IUCN 2025) core source,2019,
Lepidodactylus listeri,(IUCN 2025) core source,2016,
Leporillus apicalis,(IUCN 2025) core source,2023,
Leporillus conditor,(IUCN 2025) core source,2023,
Leporillus conditor,(IUCN 2025) core source,2023,
Leporillus conditor,(IUCN 2025) core source,2023,
Leporillus conditor,(IUCN 2025) core source,2023,
Leptonycteris nivalis,(IUCN 2025) core source,2014,
Leptonycteris nivalis,(IUCN 2025) core source,2014,
Leptotila wellsi,(IUCN 2025) core source,2020,
Leptotila wellsi,(IUCN 2025) core source,2020,
Lerista lineata,(IUCN 2025) core source,2016,
Lerista puncticauda,(IUCN 2025) core source,2016,
Lerista puncticauda,(IUCN 2025) core source,2016,
Lerista puncticauda,(IUCN 2025) core source,2016,
Lerista puncticauda,(IUCN 2025) core source,2016,
Leucocarbo campbelli,(IUCN 2025) core source,2017,
Leucocarbo colensoi,(IUCN 2025) core source,2017,
Leucocarbo colensoi,(IUCN 2025) core source,2017,
Leucocarbo onslowi,(IUCN 2025) core source,2017,
Lewinia muelleri,(IUCN 2025) core source,2020,
Liolaemus martorii,(IUCN 2025) core source,2013,
Liolaemus martorii,(IUCN 2025) core source,2013,
Liolaemus martorii,(IUCN 2025) core source,2013,
Liolaemus paulinae,(IUCN 2025) core source,2014,
Liolaemus paulinae,(IUCN 2025) core source,2014,
Liophidium mayottensis,(IUCN 2025) core source,2019,
Liophidium mayottensis,(IUCN 2025) core source,2019,
Liopholis guthega,(IUCN 2025) core source,2016,
Liopholis kintorei,(IUCN 2025) core source,2016,
Liopholis kintorei,(IUCN 2025) core source,2016,
Lioscincus steindachneri,(IUCN 2025) core source,2016,
Lioscincus vivae,(IUCN 2025) core source,2016,
Litoria kroombitensis,(IUCN 2025) core source,2019,
Litoria littlejohni,(IUCN 2025) core source,2020,
Litoria raniformis,(IUCN 2025) core source,2021,
Litoria raniformis,(IUCN 2025) core source,2021,
Litoria raniformis,(IUCN 2025) core source,2021,
Litoria raniformis,(IUCN 2025) core source,2021,
Litoria watsoni,(IUCN 2025) core source,2020,
Lontra felina,(IUCN 2025) core source,2021,
Lontra felina,(IUCN 2025) core source,2021,
Lontra felina,(IUCN 2025) core source,2021,
Lophotibis cristata,(IUCN 2025) core source,2023,
Loxioides bailleui,(IUCN 2025) core source,2022,
Loxioides bailleui,(IUCN 2025) core source,2022,
Loxioides bailleui,(IUCN 2025) core source,2022,
Loxioides bailleui,(IUCN 2025) core source,2022,
Loxioides bailleui,(IUCN 2025) core source,2022,
Loxioides bailleui,(IUCN 2025) core source,2022,
Loxioides bailleui,(IUCN 2025) core source,2022,
Loxioides bailleui,(IUCN 2025) core source,2022,
Loxioides bailleui,(IUCN 2025) core source,2022,
Loxioides bailleui,(IUCN 2025) core source,2022,
Loxioides bailleui,(IUCN 2025) core source,2022,
Loxops coccineus,(IUCN 2025) core source,2021,
Loxops coccineus,(IUCN 2025) core source,2021,
Loxops ochraceus,(IUCN 2025) core source,2023,
Lucasium occultum,(IUCN 2025) core source,2016,
Lucasium occultum,(IUCN 2025) core source,2016,
Lucasium occultum,(IUCN 2025) core source,2016,
Lucasium occultum,(IUCN 2025) core source,2016,
Lycodryas cococola,(IUCN 2025) core source,2019,
Lycodryas cococola,(IUCN 2025) core source,2019,
Lycodryas maculatus,(IUCN 2025) core source,2019,
Lycodryas maculatus,(IUCN 2025) core source,2019,
Lygodactylus insularis,(IUCN 2025) core source,2018,
Lygodactylus insularis,(IUCN 2025) core source,2018,
Lygodactylus insularis,(IUCN 2025) core source,2018,
Lyriocephalus scutatus,(IUCN 2025) core source,2018,
Mabuya cochonae,(IUCN 2025) core source,2014,
Mabuya montserratae,(IUCN 2025) core source,2014,
Macrotarsomys ingens,(IUCN 2025) core source,2015,
Macrotarsomys ingens,(IUCN 2025) core source,2015,
Macrotis lagotis,(IUCN 2025) core source,2014,
Macrotis leucura,(IUCN 2025) core source,2011,
Magumma parva,(IUCN 2025) core source,2021,
Magumma parva,(IUCN 2025) core source,2021,
Marmorosphax kaala,(IUCN 2025) core source,2016,
Marmorosphax kaala,(IUCN 2025) core source,2016,
Marmorosphax montana,(IUCN 2025) core source,2016,
Marmorosphax montana,(IUCN 2025) core source,2016,
Marmorosphax taom,(IUCN 2025) core source,2016,
Mascarenotus murivorus,(IUCN 2025) core source,2023,
Mastacomys fuscus,(IUCN 2025) core source,2014,
Mastacomys fuscus,(IUCN 2025) core source,2014,
Mastacomys fuscus,(IUCN 2025) core source,2014,
Megadyptes antipodes,(IUCN 2025) core source,2019,
Megapodius bernsteinii,(IUCN 2025) core source,2020,
Megapodius bernsteinii,(IUCN 2025) core source,2020,
Megapodius bernsteinii,(IUCN 2025) core source,2020,
Megapodius laperouse,(IUCN 2025) core source,2020,
Megapodius laperouse,(IUCN 2025) core source,2020,
Megapodius laperouse,(IUCN 2025) core source,2020,
Megapodius laperouse,(IUCN 2025) core source,2020,
Megapodius nicobariensis,(IUCN 2025) core source,2020,
Megapodius nicobariensis,(IUCN 2025) core source,2020,
Melamprosops phaeosoma,(IUCN 2025) core source,2018,
Melamprosops phaeosoma,(IUCN 2025) core source,2018,
Melanodryas vittata,(IUCN 2025) core source,2020,
Melopyrrha grandis,(IUCN 2025) core source,2021,
Melopyrrha grandis,(IUCN 2025) core source,2021,
Melopyrrha grandis,(IUCN 2025) core source,2021,
Melopyrrha grandis,(IUCN 2025) core source,2021,
Melopyrrha grandis,(IUCN 2025) core source,2021,
Melopyrrha grandis,(IUCN 2025) core source,2021,
Mergus australis,(IUCN 2025) core source,2022,
Mergus australis,(IUCN 2025) core source,2022,
Mergus australis,(IUCN 2025) core source,2022,
Merulaxis stresemanni,(IUCN 2025) core source,2019,
Mesembriomys gouldii,(IUCN 2025) core source,2014,
Mesembriomys macrurus,(IUCN 2025) core source,2015,
Mesocapromys sanfelipensis,(IUCN 2025) core source,2016,
Metabolus rugensis,(IUCN 2025) core source,2022,
Metabolus rugensis,(IUCN 2025) core source,2022,
Microgoura meeki,(IUCN 2025) core source,2022,
Microgoura meeki,(IUCN 2025) core source,2022,
Microlophus bivittatus,(IUCN 2025) core source,2013,
Microlophus bivittatus,(IUCN 2025) core source,2013,
Microlophus grayii,(IUCN 2025) core source,2013,
Micrurus meridensis,(IUCN 2025) core source,2014,
Mimus graysoni,(IUCN 2025) core source,2019,
Mimus graysoni,(IUCN 2025) core source,2019,
Mimus graysoni,(IUCN 2025) core source,2019,
Mimus graysoni,(IUCN 2025) core source,2019,
Mimus graysoni,(IUCN 2025) core source,2019,
Mimus graysoni,(IUCN 2025) core source,2019,
Mimus graysoni,(IUCN 2025) core source,2019,
Mimus melanotis,(IUCN 2025) core source,2019,
Mimus melanotis,(IUCN 2025) core source,2019,
Mimus melanotis,(IUCN 2025) core source,2019,
Mimus melanotis,(IUCN 2025) core source,2019,
Mimus trifasciatus,(IUCN 2025) core source,2017,
Mimus trifasciatus,(IUCN 2025) core source,2017,
Mimus trifasciatus,(IUCN 2025) core source,2017,
Mimus trifasciatus,(IUCN 2025) core source,2017,
Miniopterus robustior,(IUCN 2025) core source,2019,
Mniarogekko jalu,(IUCN 2025) core source,2016,
Mokopirirakau nebulosus,(IUCN 2025) core source,2017,
Mundia elpenor,(IUCN 2025) core source,2023,
Mus mayori,(IUCN 2025) core source,2023,
Myadestes obscurus,(IUCN 2025) core source,2022,
Myadestes palmeri,(IUCN 2025) core source,2022,
Myadestes palmeri,(IUCN 2025) core source,2022,
Myotis vivesi,(IUCN 2025) core source,2014,
Myotis vivesi,(IUCN 2025) core source,2014,
Myrmecobius fasciatus,(IUCN 2025) core source,2014,
Myrmecobius fasciatus,(IUCN 2025) core source,2014,
Myrmecobius fasciatus,(IUCN 2025) core source,2014,
Myrmecobius fasciatus,(IUCN 2025) core source,2014,
Mysateles prehensilis,(IUCN 2025) core source,2023,
Mysateles prehensilis,(IUCN 2025) core source,2023,
Mysateles prehensilis,(IUCN 2025) core source,2023,
Mysateles prehensilis,(IUCN 2025) core source,2023,
Mysateles prehensilis,(IUCN 2025) core source,2023,
Nactus durrellorum,(IUCN 2025) core source,2017,
Nactus serpensinsula,(IUCN 2025) core source,2017,
Nactus serpensinsula,(IUCN 2025) core source,2017,
Nactus serpensinsula,(IUCN 2025) core source,2017,
Nactus serpensinsula,(IUCN 2025) core source,2017,
Nactus serpensinsula,(IUCN 2025) core source,2017,
Nactus serpensinsula,(IUCN 2025) core source,2017,
Nactus serpensinsula,(IUCN 2025) core source,2017,
Nactus serpensinsula,(IUCN 2025) core source,2017,
Nactus serpensinsula,(IUCN 2025) core source,2017,
Nactus serpensinsula,(IUCN 2025) core source,2017,
Nactus serpensinsula,(IUCN 2025) core source,2017,
Nangura spinosa,(IUCN 2025) core source,2016,
Nannopterum harrisi,(IUCN 2025) core source,2017,
Nannoscincus gracilis,(IUCN 2025) core source,2016,
Nannoscincus hanchisteus,(IUCN 2025) core source,2016,
Naultinus gemmeus,(IUCN 2025) core source,2017,
Naultinus manukanus,(IUCN 2025) core source,2017,
Necropsittacus rodricanus,(IUCN 2025) core source,2023,
Neophema chrysogaster,(IUCN 2025) core source,2017,
Neophema chrysostoma,(IUCN 2025) core source,2020,
Neotamias palmeri,(IUCN 2025) core source,2015,
Neotamias palmeri,(IUCN 2025) core source,2015,
Neotamias palmeri,(IUCN 2025) core source,2015,
Nesillas aldabrana,(IUCN 2025) core source,2023,
Nesillas aldabrana,(IUCN 2025) core source,2023,
Nesoenas duboisi,(IUCN 2025) core source,2023,
Nesoenas mayeri,(IUCN 2025) core source,2019,
Nesoenas mayeri,(IUCN 2025) core source,2019,
Nesofregetta fuliginosa,(IUCN 2025) core source,2017,
Nesofregetta fuliginosa,(IUCN 2025) core source,2017,
Nesofregetta fuliginosa,(IUCN 2025) core source,2017,
Nesoryzomys darwini,(IUCN 2025) core source,2018,
Nesoryzomys indefessus,(IUCN 2025) core source,2016,
Nestor notabilis,(IUCN 2025) core source,2016,
Nestor notabilis,(IUCN 2025) core source,2016,
Notomys amplus,(IUCN 2025) core source,2023,
Notomys aquilo,(IUCN 2025) core source,2014,
Notomys cervinus,(IUCN 2025) core source,2011,
Notomys fuscus,(IUCN 2025) core source,2011,
Notomys fuscus,(IUCN 2025) core source,2011,
Notomys longicaudatus,(IUCN 2025) core source,2023,
Notomys macrotis,(IUCN 2025) core source,2023,
Notomys mordax,(IUCN 2025) core source,2023,
Notomys robustus,(IUCN 2025) core source,2023,
Notopteris neocaledonicus,(IUCN 2025) core source,2017,
Numenius tahitiensis,(IUCN 2025) core source,2019,
Numenius tahitiensis,(IUCN 2025) core source,2019,
Nyctanassa carcinocatactes,(IUCN 2025) core source,2021,
Nyctanassa carcinocatactes,(IUCN 2025) core source,2021,
Nycticorax mauritianus,(IUCN 2025) core source,2023,
Nycticorax megacephalus,(IUCN 2025) core source,2023,
Oedodera marmorata,(IUCN 2025) core source,2016,
Oedodera marmorata,(IUCN 2025) core source,2016,
Oedodera marmorata,(IUCN 2025) core source,2016,
Oligosoma acrinasum,(IUCN 2025) core source,2018,
Oligosoma acrinasum,(IUCN 2025) core source,2018,
Oligosoma burganae,(IUCN 2025) core source,2017,
Oligosoma grande,(IUCN 2025) core source,2017,
Oligosoma homalonotum,(IUCN 2025) core source,2017,
Oligosoma homalonotum,(IUCN 2025) core source,2017,
Oligosoma hoparatea,(IUCN 2025) core source,2017,
Oligosoma lineoocellatum,(IUCN 2025) core source,2017,
Oligosoma oliveri,(IUCN 2025) core source,2018,
Oligosoma otagense,(IUCN 2025) core source,2017,
Oligosoma otagense,(IUCN 2025) core source,2017,
Oligosoma salmo,(IUCN 2025) core source,2018,
Oligosoma striatum,(IUCN 2025) core source,2017,
Oligosoma toka,(IUCN 2025) core source,2017,
Onychogalea fraenata,(IUCN 2025) core source,2015,
Onychogalea lunata,(IUCN 2025) core source,2011,
Ornithorhynchus anatinus,(IUCN 2025) core source,2013,
Otus bikegila,(IUCN 2025) core source,2022,
Otus insularis,(IUCN 2025) core source,2019,
Otus insularis,(IUCN 2025) core source,2019,
Otus insularis,(IUCN 2025) core source,2019,
Otus insularis,(IUCN 2025) core source,2019,
Palmeria dolei,(IUCN 2025) core source,2019,
Palmeria dolei,(IUCN 2025) core source,2019,
Palmeria dolei,(IUCN 2025) core source,2019,
Palmeria dolei,(IUCN 2025) core source,2019,
Palmeria dolei,(IUCN 2025) core source,2019,
Pampusana canifrons,(IUCN 2025) core source,2017,
Pampusana erythroptera,(IUCN 2025) core source,2016,
Pampusana kubaryi,(IUCN 2025) core source,2019,
Pampusana rubescens,(IUCN 2025) core source,2016,
Pampusana salamonis,(IUCN 2025) core source,2022,
Pampusana sanctaecrucis,(IUCN 2025) core source,2017,
Paniegekko madjo,(IUCN 2025) core source,2016,
Papagomys armandvillei,(IUCN 2025) core source,2015,
Parantechinus apicalis,(IUCN 2025) core source,2014,
Parantechinus apicalis,(IUCN 2025) core source,2014,
Parantechinus apicalis,(IUCN 2025) core source,2014,
Parantechinus apicalis,(IUCN 2025) core source,2014,
Pareudiastes pacificus,(IUCN 2025) core source,2015,
Pareudiastes pacificus,(IUCN 2025) core source,2015,
Pareudiastes silvestris,(IUCN 2025) core source,2015,
Passer italiae,(IUCN 2025) core source,2020,
Pelecanoides garnotii,(IUCN 2025) core source,2019,
Pentalagus furnessi,(IUCN 2025) core source,2015,
Pentalagus furnessi,(IUCN 2025) core source,2015,
Pentalagus furnessi,(IUCN 2025) core source,2015,
Pentalagus furnessi,(IUCN 2025) core source,2015,
Pentalagus furnessi,(IUCN 2025) core source,2015,
Pentalagus furnessi,(IUCN 2025) core source,2015,
Pentalagus furnessi,(IUCN 2025) core source,2015,
Pentalagus furnessi,(IUCN 2025) core source,2015,
Pentalagus furnessi,(IUCN 2025) core source,2015,
Pentalagus furnessi,(IUCN 2025) core source,2015,
Perameles bougainville,(IUCN 2025) core source,2013,
Perameles bougainville,(IUCN 2025) core source,2013,
Perameles bougainville,(IUCN 2025) core source,2013,
Perameles eremiana,(IUCN 2025) core source,2011,
Perameles eremiana,(IUCN 2025) core source,2011,
Perameles eremiana,(IUCN 2025) core source,2011,
Perochirus ateles,(IUCN 2025) core source,2015,
Perochirus ateles,(IUCN 2025) core source,2015,
Peromyscus caniceps,(IUCN 2025) core source,2016,
Peromyscus dickeyi,(IUCN 2025) core source,2016,
Peromyscus guardia,(IUCN 2025) core source,2016,
Peromyscus guardia,(IUCN 2025) core source,2016,
Peromyscus interparietalis,(IUCN 2025) core source,2016,
Peromyscus interparietalis,(IUCN 2025) core source,2016,
Peromyscus madrensis,(IUCN 2025) core source,2016,
Peromyscus pseudocrinitus,(IUCN 2025) core source,2016,
Peromyscus pseudocrinitus,(IUCN 2025) core source,2016,
Peromyscus sejugis,(IUCN 2025) core source,2016,
Peromyscus sejugis,(IUCN 2025) core source,2016,
Peromyscus stephani,(IUCN 2025) core source,2016,
Petrogale burbidgei,(IUCN 2025) core source,2011,
Petrogale concinna,(IUCN 2025) core source,2013,
Petrogale lateralis,(IUCN 2025) core source,2013,
Petrogale lateralis,(IUCN 2025) core source,2013,
Petrogale lateralis,(IUCN 2025) core source,2013,
Petrogale lateralis,(IUCN 2025) core source,2013,
Petrogale penicillata,(IUCN 2025) core source,2013,
Petrogale penicillata,(IUCN 2025) core source,2013,
Petroica multicolor,(IUCN 2025) core source,2022,
Petroica multicolor,(IUCN 2025) core source,2022,
Petroica traversi,(IUCN 2025) core source,2020,
Pezophaps solitaria,(IUCN 2025) core source,2023,
Pezoporus occidentalis,(IUCN 2025) core source,2020,
Pezoporus occidentalis,(IUCN 2025) core source,2020,
Pezoporus occidentalis,(IUCN 2025) core source,2020,
Phalacrocorax featherstoni,(IUCN 2025) core source,2017,
Phalacrocorax nigrogularis,(IUCN 2025) core source,2017,
Phascogale calura,(IUCN 2025) core source,2013,
Phascogale pirata,(IUCN 2025) core source,2014,
Phascogale tapoatafa,(IUCN 2025) core source,2011,
Phasmasaurus maruia,(IUCN 2025) core source,2016,
Phasmasaurus tillieri,(IUCN 2025) core source,2016,
Phelsuma edwardnewtonii,(IUCN 2025) core source,2019,
Phelsuma edwardnewtonii,(IUCN 2025) core source,2019,
Phelsuma guentheri,(IUCN 2025) core source,2017,
Phelsuma guimbeaui,(IUCN 2025) core source,2018,
Phelsuma rosagularis,(IUCN 2025) core source,2019,
Philoria frosti,(IUCN 2025) core source,2020,
Phoebastria immutabilis,(IUCN 2025) core source,2017,
Phoebetria fusca,(IUCN 2025) core source,2017,
Phoebetria palpebrata,(IUCN 2025) core source,2017,
Pholidoscelis dorsalis,(IUCN 2025) core source,2014,
Pholidoscelis griswoldi,(IUCN 2025) core source,2014,
Phoniscus papuensis,(IUCN 2025) core source,2019,
Phyllodactylus darwini,(IUCN 2025) core source,2013,
Phyllodactylus leei,(IUCN 2025) core source,2013,
Phyllodactylus leei,(IUCN 2025) core source,2013,
Phyllodactylus pulcher,(IUCN 2025) core source,2014,
Phyllodactylus rutteni,(IUCN 2025) core source,2013,
Phyllodactylus sentosus,(IUCN 2025) core source,2013,
Phyllomys thomasi,(IUCN 2025) core source,2015,
Phyllomys thomasi,(IUCN 2025) core source,2015,
Phyllomys thomasi,(IUCN 2025) core source,2015,
Phyllonycteris aphylla,(IUCN 2025) core source,2014,
Pipilo socorroensis,(IUCN 2025) core source,2019,
Pipilo socorroensis,(IUCN 2025) core source,2019,
Pipistrellus maderensis,(IUCN 2025) core source,2022,
Pitta superba,(IUCN 2025) core source,2021,
Pitta superba,(IUCN 2025) core source,2021,
Plestiodon barbouri,(IUCN 2025) core source,2015,
Plestiodon kishinouyei,(IUCN 2025) core source,2015,
Plestiodon longirostris,(IUCN 2025) core source,2019,
Ploceus grandis,(IUCN 2025) core source,2019,
Podarcis lilfordi,(IUCN 2025) core source,2021,
Podarcis lilfordi,(IUCN 2025) core source,2021,
Podarcis pityusensis,(IUCN 2025) core source,2021,
Podomys floridanus,(IUCN 2025) core source,2016,
Podomys floridanus,(IUCN 2025) core source,2016,
Pomarea dimidiata,(IUCN 2025) core source,2017,
Pomarea dimidiata,(IUCN 2025) core source,2017,
Pomarea fluxa,(IUCN 2025) core source,2022,
Pomarea fluxa,(IUCN 2025) core source,2022,
Pomarea iphis,(IUCN 2025) core source,2016,
Pomarea mendozae,(IUCN 2025) core source,2021,
Pomarea mendozae,(IUCN 2025) core source,2021,
Pomarea mendozae,(IUCN 2025) core source,2021,
Pomarea mira,(IUCN 2025) core source,2015,
Pomarea nigra,(IUCN 2025) core source,2019,
Pomarea whitneyi,(IUCN 2025) core source,2017,
Pomarea whitneyi,(IUCN 2025) core source,2017,
Poodytes rufescens,(IUCN 2025) core source,2022,
Poodytes rufescens,(IUCN 2025) core source,2022,
Porphyrio paepae,(IUCN 2025) core source,2022,
Porphyrio paepae,(IUCN 2025) core source,2022,
Potorous gilbertii,(IUCN 2025) core source,2015,
Potorous tridactylus,(IUCN 2025) core source,2013,
Pristidactylus volcanensis,(IUCN 2025) core source,2014,
Pristidactylus volcanensis,(IUCN 2025) core source,2014,
Procellaria aequinoctialis,(IUCN 2025) core source,2017,
Procellaria aequinoctialis,(IUCN 2025) core source,2017,
Procellaria aequinoctialis,(IUCN 2025) core source,2017,
Procellaria cinerea,(IUCN 2025) core source,2019,
Procellaria parkinsoni,(IUCN 2025) core source,2017,
Procellaria westlandica,(IUCN 2025) core source,2017,
Procyon pygmaeus,(IUCN 2025) core source,2015,
Prosobonia cancellata,(IUCN 2025) core source,2022,
Prosobonia cancellata,(IUCN 2025) core source,2022,
Prosobonia cancellata,(IUCN 2025) core source,2022,
Prosobonia parvirostris,(IUCN 2025) core source,2022,
Prosobonia parvirostris,(IUCN 2025) core source,2022,
Prosobonia parvirostris,(IUCN 2025) core source,2022,
Prosobonia parvirostris,(IUCN 2025) core source,2022,
Pseudalsophis biserialis,(IUCN 2025) core source,2013,
Pseudalsophis steindachneri,(IUCN 2025) core source,2013,
Pseudemoia cryodroma,(IUCN 2025) core source,2016,
Pseudobulweria aterrima,(IUCN 2025) core source,2017,
Pseudobulweria aterrima,(IUCN 2025) core source,2017,
Pseudobulweria becki,(IUCN 2025) core source,2017,
Pseudobulweria becki,(IUCN 2025) core source,2017,
Pseudobulweria becki,(IUCN 2025) core source,2017,
Pseudobulweria macgillivrayi,(IUCN 2025) core source,2017,
Pseudobulweria rostrata,(IUCN 2025) core source,2017,
Pseudocheirus occidentalis,(IUCN 2025) core source,2013,
Pseudocheirus occidentalis,(IUCN 2025) core source,2013,
Pseudocheirus occidentalis,(IUCN 2025) core source,2013,
Pseudocheirus occidentalis,(IUCN 2025) core source,2013,
Pseudomys auritus,(IUCN 2025) core source,2023,
Pseudomys australis,(IUCN 2025) core source,2014,
Pseudomys calabyi,(IUCN 2025) core source,2014,
Pseudomys fumeus,(IUCN 2025) core source,2014,
Pseudomys fumeus,(IUCN 2025) core source,2014,
Pseudomys fumeus,(IUCN 2025) core source,2014,
Pseudomys glaucus,(IUCN 2025) core source,2023,
Pseudomys gouldii,(IUCN 2025) core source,2022,
Pseudomys novaehollandiae,(IUCN 2025) core source,2023,
Pseudomys occidentalis,(IUCN 2025) core source,2015,
Pseudomys oralis,(IUCN 2025) core source,2015,
Pseudomys shortridgei,(IUCN 2025) core source,2023,
Pseudonestor xanthophrys,(IUCN 2025) core source,2021,
Psittirostra psittacea,(IUCN 2025) core source,2023,
Psittirostra psittacea,(IUCN 2025) core source,2023,
Psittirostra psittacea,(IUCN 2025) core source,2023,
Pterodroma alba,(IUCN 2025) core source,2019,
Pterodroma alba,(IUCN 2025) core source,2019,
Pterodroma alba,(IUCN 2025) core source,2019,
Pterodroma alba,(IUCN 2025) core source,2019,
Pterodroma arminjoniana,(IUCN 2025) core source,2017,
Pterodroma arminjoniana,(IUCN 2025) core source,2017,
Pterodroma atrata,(IUCN 2025) core source,2017,
Pterodroma axillaris,(IUCN 2025) core source,2017,
Pterodroma baraui,(IUCN 2025) core source,2017,
Pterodroma baraui,(IUCN 2025) core source,2017,
Pterodroma brevipes,(IUCN 2025) core source,2017,
Pterodroma brevipes,(IUCN 2025) core source,2017,
Pterodroma cahow,(IUCN 2025) core source,2017,
Pterodroma cervicalis,(IUCN 2025) core source,2017,
Pterodroma cookii,(IUCN 2025) core source,2017,
Pterodroma defilippiana,(IUCN 2025) core source,2017,
Pterodroma defilippiana,(IUCN 2025) core source,2017,
Pterodroma deserta,(IUCN 2025) core source,2017,
Pterodroma externa,(IUCN 2025) core source,2017,
Pterodroma externa,(IUCN 2025) core source,2017,
Pterodroma incerta,(IUCN 2025) core source,2018,
Pterodroma leucoptera,(IUCN 2025) core source,2017,
Pterodroma leucoptera,(IUCN 2025) core source,2017,
Pterodroma longirostris,(IUCN 2025) core source,2018,
Pterodroma longirostris,(IUCN 2025) core source,2018,
Pterodroma longirostris,(IUCN 2025) core source,2018,
Pterodroma longirostris,(IUCN 2025) core source,2018,
Pterodroma longirostris,(IUCN 2025) core source,2018,
Pterodroma madeira,(IUCN 2025) core source,2017,
Pterodroma magentae,(IUCN 2025) core source,2017,
Pterodroma phaeopygia,(IUCN 2025) core source,2017,
Pterodroma sandwichensis,(IUCN 2025) core source,2017,
Pterodroma sandwichensis,(IUCN 2025) core source,2017,
Pteropus dasymallus,(IUCN 2025) core source,2015,
Pteropus melanotus,(IUCN 2025) core source,2020,
Pteropus ornatus,(IUCN 2025) core source,2018,
Pteropus pselaphon,(IUCN 2025) core source,2016,
Pteropus vetula,(IUCN 2025) core source,2018,
Ptilinopus chrysogaster,(IUCN 2025) core source,2017,
Ptilinopus huttoni,(IUCN 2025) core source,2017,
Ptilinopus mercierii,(IUCN 2025) core source,2022,
Ptilinopus mercierii,(IUCN 2025) core source,2022,
Ptilinopus mercierii,(IUCN 2025) core source,2022,
Ptychoramphus aleuticus,(IUCN 2025) core source,2019,
Ptychoramphus aleuticus,(IUCN 2025) core source,2019,
Puffinus auricularis,(IUCN 2025) core source,2017,
Puffinus auricularis,(IUCN 2025) core source,2017,
Puffinus auricularis,(IUCN 2025) core source,2017,
Puffinus auricularis,(IUCN 2025) core source,2017,
Puffinus heinrothi,(IUCN 2025) core source,2017,
Puffinus heinrothi,(IUCN 2025) core source,2017,
Puffinus huttoni,(IUCN 2025) core source,2018,
Puffinus huttoni,(IUCN 2025) core source,2018,
Puffinus huttoni,(IUCN 2025) core source,2018,
Puffinus mauretanicus,(IUCN 2025) core source,2017,
Puffinus mauretanicus,(IUCN 2025) core source,2017,
Puffinus mauretanicus,(IUCN 2025) core source,2017,
Puffinus newelli,(IUCN 2025) core source,2018,
Puffinus newelli,(IUCN 2025) core source,2018,
Puffinus newelli,(IUCN 2025) core source,2018,
Puffinus newelli,(IUCN 2025) core source,2018,
Puffinus newelli,(IUCN 2025) core source,2018,
Puffinus opisthomelas,(IUCN 2025) core source,2020,
Puffinus opisthomelas,(IUCN 2025) core source,2020,
Puffinus opisthomelas,(IUCN 2025) core source,2020,
Puffinus opisthomelas,(IUCN 2025) core source,2020,
Puffinus yelkouan,(IUCN 2025) core source,2017,
Pyrrhula murina,(IUCN 2025) core source,2020,
Pyrrhula murina,(IUCN 2025) core source,2020,
Pyrrhula murina,(IUCN 2025) core source,2020,
Ramphocinclus brachyurus,(IUCN 2025) core source,2019,
Raorchestes primarrumpfi,(IUCN 2025) core source,2019,
Raorchestes primarrumpfi,(IUCN 2025) core source,2019,
Raorchestes tinniens,(IUCN 2025) core source,2019,
Raorchestes tinniens,(IUCN 2025) core source,2019,
Raorchestes tinniens,(IUCN 2025) core source,2019,
Rattus detentus,(IUCN 2025) core source,2023,
Reithrodontomys musseri,(IUCN 2025) core source,2023,
Reithrodontomys raviventris,(IUCN 2025) core source,2016,
Reithrodontomys raviventris,(IUCN 2025) core source,2016,
Reithrodontomys spectabilis,(IUCN 2025) core source,2016,
Reithrodontomys spectabilis,(IUCN 2025) core source,2016,
Rhynchortyx cinctus,(IUCN 2025) core source,2020,
Rhynochetos jubatus,(IUCN 2025) core source,2018,
Ristella rurkii,(IUCN 2025) core source,2018,
Salanoia concolor,(IUCN 2025) core source,2014,
Salanoia concolor,(IUCN 2025) core source,2014,
Salanoia concolor,(IUCN 2025) core source,2014,
Sauromalus hispidus,(IUCN 2025) core source,2017,
Sauromalus klauberi,(IUCN 2025) core source,2017,
Sauromalus klauberi,(IUCN 2025) core source,2017,
Sauromalus slevini,(IUCN 2025) core source,2017,
Saxicola dacotiae,(IUCN 2025) core source,2021,
Saxicola dacotiae,(IUCN 2025) core source,2021,
Scolopax mira,(IUCN 2025) core source,2015,
Scolopax mira,(IUCN 2025) core source,2015,
Sephanoides fernandensis,(IUCN 2025) core source,2019,
Sephanoides fernandensis,(IUCN 2025) core source,2019,
Sephanoides fernandensis,(IUCN 2025) core source,2019,
Sephanoides fernandensis,(IUCN 2025) core source,2019,
Sephanoides fernandensis,(IUCN 2025) core source,2019,
Sephanoides fernandensis,(IUCN 2025) core source,2019,
Sephanoides fernandensis,(IUCN 2025) core source,2019,
Sephanoides fernandensis,(IUCN 2025) core source,2019,
Sephanoides fernandensis,(IUCN 2025) core source,2019,
Sephanoides fernandensis,(IUCN 2025) core source,2019,
Sephanoides fernandensis,(IUCN 2025) core source,2019,
Setonix brachyurus,(IUCN 2025) core source,2011,
Setonix brachyurus,(IUCN 2025) core source,2011,
Setonix brachyurus,(IUCN 2025) core source,2011,
Setonix brachyurus,(IUCN 2025) core source,2011,
Setonix brachyurus,(IUCN 2025) core source,2011,
Setonix brachyurus,(IUCN 2025) core source,2011,
Setophaga graysoni,(IUCN 2025) core source,2019,
Sigaloseps balios,(IUCN 2025) core source,2016,
Sigaloseps conditus,(IUCN 2025) core source,2016,
Sigaloseps ruficauda,(IUCN 2025) core source,2016,
Sigaloseps ruficauda,(IUCN 2025) core source,2016,
Sittiparus owstoni,(IUCN 2025) core source,2016,
Sminthopsis bindi,(IUCN 2025) core source,2013,
Sminthopsis butleri,(IUCN 2025) core source,2014,
Sminthopsis douglasi,(IUCN 2025) core source,2014,
Sminthopsis douglasi,(IUCN 2025) core source,2014,
Sminthopsis psammophila,(IUCN 2025) core source,2013,
Solenodon marcanoi,(IUCN 2025) core source,2017,
Solenodon marcanoi,(IUCN 2025) core source,2017,
Sphaerodactylus beattyi,(IUCN 2025) core source,2014,
Sphaerodactylus inaguae,(IUCN 2025) core source,2014,
Sphaerodactylus kirbyi,(IUCN 2025) core source,2010,
Sphaerodactylus kirbyi,(IUCN 2025) core source,2010,
Sphaerodactylus mariguanae,(IUCN 2025) core source,2014,
Sphaerodactylus mariguanae,(IUCN 2025) core source,2014,
Sphaerodactylus mariguanae,(IUCN 2025) core source,2014,
Spheniscus demersus,(IUCN 2025) core source,2023,
Spheniscus demersus,(IUCN 2025) core source,2023,
Spheniscus demersus,(IUCN 2025) core source,2023,
Spheniscus demersus,(IUCN 2025) core source,2023,
Spheniscus demersus,(IUCN 2025) core source,2023,
Spheniscus humboldti,(IUCN 2025) core source,2019,
Spheniscus mendiculus,(IUCN 2025) core source,2019,
Spheniscus mendiculus,(IUCN 2025) core source,2019,
Spheniscus mendiculus,(IUCN 2025) core source,2019,
Spheniscus mendiculus,(IUCN 2025) core source,2019,
Spilogale pygmaea,(IUCN 2025) core source,2014,
Spilogale pygmaea,(IUCN 2025) core source,2014,
Spizocorys fringillaris,(IUCN 2025) core source,2019,
Spondylurus anegadae,(IUCN 2025) core source,2014,
Spondylurus caicosae,(IUCN 2025) core source,2014,
Spondylurus fulgidus,(IUCN 2025) core source,2014,
Spondylurus monae,(IUCN 2025) core source,2012,
Spondylurus monae,(IUCN 2025) core source,2012,
Sterna striata,(IUCN 2025) core source,2017,
Sterna virgata,(IUCN 2025) core source,2017,
Sterna virgata,(IUCN 2025) core source,2017,
Sternula lorata,(IUCN 2025) core source,2017,
Sternula lorata,(IUCN 2025) core source,2017,
Sternula nereis,(IUCN 2025) core source,2017,
Sternula nereis,(IUCN 2025) core source,2017,
Strigops habroptilus,(IUCN 2025) core source,2017,
Sylvilagus dicei,(IUCN 2025) core source,2015,
Sylvilagus mansuetus,(IUCN 2025) core source,2015,
Sylvilagus mansuetus,(IUCN 2025) core source,2015,
Sylvilagus mansuetus,(IUCN 2025) core source,2015,
Sylvilagus mansuetus,(IUCN 2025) core source,2015,
Sylvilagus mansuetus,(IUCN 2025) core source,2015,
Sylvilagus mansuetus,(IUCN 2025) core source,2015,
Synthliboramphus craveri,(IUCN 2025) core source,2019,
Synthliboramphus craveri,(IUCN 2025) core source,2019,
Synthliboramphus hypoleucus,(IUCN 2025) core source,2017,
Synthliboramphus hypoleucus,(IUCN 2025) core source,2017,
Synthliboramphus scrippsi,(IUCN 2025) core source,2019,
Synthliboramphus scrippsi,(IUCN 2025) core source,2019,
Synthliboramphus scrippsi,(IUCN 2025) core source,2019,
Synthliboramphus wumizusume,(IUCN 2025) core source,2017,
Synthliboramphus wumizusume,(IUCN 2025) core source,2017,
Synthliboramphus wumizusume,(IUCN 2025) core source,2017,
Syrmaticus soemmerringii,(IUCN 2025) core source,2015,
Tarentola raziana,(IUCN 2025) core source,2011,
Tarsius dentatus,(IUCN 2025) core source,2014,
Tarsius dentatus,(IUCN 2025) core source,2014,
Tarsius fuscus,(IUCN 2025) core source,2019,
Tarsius niemitzi,(IUCN 2025) core source,2019,
Tarsius pelengensis,(IUCN 2025) core source,2014,
Tarsius pelengensis,(IUCN 2025) core source,2014,
Tarsius spectrumgurskyae,(IUCN 2025) core source,2019,
Tarsius supriatnai,(IUCN 2025) core source,2019,
Tarsius tarsier,(IUCN 2025) core source,2014,
Tarsius tarsier,(IUCN 2025) core source,2014,
Thalassarche steadi,(IUCN 2025) core source,2017,
Thalassarche steadi,(IUCN 2025) core source,2017,
Thalassarche steadi,(IUCN 2025) core source,2017,
Thamnophis gigas,(IUCN 2025) core source,2006,
Thamnophis gigas,(IUCN 2025) core source,2006,
Thinornis cucullatus,(IUCN 2025) core source,2015,
Thinornis cucullatus,(IUCN 2025) core source,2015,
Thinornis novaeseelandiae,(IUCN 2025) core source,2021,
Thinornis novaeseelandiae,(IUCN 2025) core source,2021,
Thinornis novaeseelandiae,(IUCN 2025) core source,2021,
Threskiornis solitarius,(IUCN 2025) core source,2023,
Todiramphus cinnamominus,(IUCN 2025) core source,2023,
Todiramphus cinnamominus,(IUCN 2025) core source,2023,
Todiramphus gambieri,(IUCN 2025) core source,2023,
Todiramphus gambieri,(IUCN 2025) core source,2023,
Todiramphus godeffroyi,(IUCN 2025) core source,2018,
Todiramphus pelewensis,(IUCN 2025) core source,2021,
Todiramphus tutus,(IUCN 2025) core source,2018,
Todiramphus tutus,(IUCN 2025) core source,2018,
Tokudaia muenninki,(IUCN 2025) core source,2014,
Tokudaia muenninki,(IUCN 2025) core source,2014,
Tokudaia osimensis,(IUCN 2025) core source,2014,
Tokudaia osimensis,(IUCN 2025) core source,2014,
Tokudaia tokunoshimensis,(IUCN 2025) core source,2014,
Tokudaia tokunoshimensis,(IUCN 2025) core source,2014,
Toxostoma guttatum,(IUCN 2025) core source,2019,
Toxostoma guttatum,(IUCN 2025) core source,2019,
Toxostoma guttatum,(IUCN 2025) core source,2019,
Traversia lyalli,(IUCN 2025) core source,2022,
Traversia lyalli,(IUCN 2025) core source,2022,
Traversia lyalli,(IUCN 2025) core source,2022,
Trichechus manatus,(IUCN 2025) core source,2022,
Trichechus manatus,(IUCN 2025) core source,2022,
Troglodytes sissonii,(IUCN 2025) core source,2019,
Tropidophis bucculentus,(IUCN 2025) core source,2014,
Tropidophis jamaicensis,(IUCN 2025) core source,2014,
Tropidophis jamaicensis,(IUCN 2025) core source,2014,
Tropidophis schwartzi,(IUCN 2025) core source,2014,
Tropidophis stejnegeri,(IUCN 2025) core source,2014,
Tropidophis stullae,(IUCN 2025) core source,2013,
Tropidophis stullae,(IUCN 2025) core source,2013,
Tropidoscincus aubrianus,(IUCN 2025) core source,2016,
Tropidoscincus aubrianus,(IUCN 2025) core source,2016,
Tukutuku rakiurae,(IUCN 2025) core source,2017,
Tupaia nicobarica,(IUCN 2025) core source,2015,
Turdus celaenops,(IUCN 2025) core source,2017,
Turdus celaenops,(IUCN 2025) core source,2017,
Turdus ravidus,(IUCN 2025) core source,2022,
Turdus xanthorhynchus,(IUCN 2025) core source,2019,
Turnagra tanagra,(IUCN 2025) core source,2022,
Turnagra tanagra,(IUCN 2025) core source,2022,
Turnix melanogaster,(IUCN 2025) core source,2020,
Turnix olivii,(IUCN 2025) core source,2020,
Tylomys bullaris,(IUCN 2025) core source,2016,
Tympanocryptis condaminensis,(IUCN 2025) core source,2016,
Uperoleia mahonyi,(IUCN 2025) core source,2019,
Urocyon littoralis,(IUCN 2025) core source,2012,
Urosaurus auriculatus,(IUCN 2025) core source,2006,
Vini kuhlii,(IUCN 2025) core source,2022,
Vini kuhlii,(IUCN 2025) core source,2022,
Vini peruviana,(IUCN 2025) core source,2020,
Vini peruviana,(IUCN 2025) core source,2020,
Vini ultramarina,(IUCN 2025) core source,2017,
Vireo gracilirostris,(IUCN 2025) core source,2023,
Vireo gracilirostris,(IUCN 2025) core source,2023,
Wyulda squamicaudata,(IUCN 2025) core source,2013,
Xenosaurus platyceps,(IUCN 2025) core source,2006,
Xenosaurus platyceps,(IUCN 2025) core source,2006,
Xeromys myoides,(IUCN 2025) core source,2014,
Zapornia sandwichensis,(IUCN 2025) core source,2022,
Zapornia sandwichensis,(IUCN 2025) core source,2022,
Zenaida galapagoensis,(IUCN 2025) core source,2019,
Zenaida graysoni,(IUCN 2025) core source,2019,
Zenaida graysoni,(IUCN 2025) core source,2019,
Zenaida graysoni,(IUCN 2025) core source,2019,
Zenaida graysoni,(IUCN 2025) core source,2019,
Zenaida graysoni,(IUCN 2025) core source,2019,
Zoothera terrestris,(IUCN 2025) core source,2022,
Zoothera terrestris,(IUCN 2025) core source,2022,
Zoothera terrestris,(IUCN 2025) core source,2022,
Zoothera turipavae,(IUCN 2025) core source,2023,
Zoothera turipavae,(IUCN 2025) core source,2023,
Zosterops albogularis,(IUCN 2025) core source,2023,
Zosterops tenuirostris,(IUCN 2025) core source,2020,
Zosterops tenuirostris,(IUCN 2025) core source,2020,
Zyzomys maini,(IUCN 2025) core source,2014,
Zyzomys palatalis,(IUCN 2025) core source,2014,
Zyzomys palatalis,(IUCN 2025) core source,2014,
Cyclura collei,(Alberts 2000) core source,1998,
Cyclura cornuta,(Alberts 2000) core source,1998,
Cyclura cychlura,(Alberts 2000) core source,1998,
Cyclura lewisi,(Alberts 2000) core source,1998,
Cyclura pinguis,(Alberts 2000) core source,1998,
Cyclura ricordii,(Alberts 2000) core source,1998,
Cyclura stejnegeri,(Alberts 2000) core source,1998,
Iguana delicatissima,(Alberts 2000) core source,1998,
Cyclura carinata,(Alberts 2000) core source,1998,
Cyclura collei,(Alberts 2000) core source,1998,
Cyclura lewisi,(Alberts 2000) core source,1998,
Cyclura pinguis,(Alberts 2000) core source,1998,
Cyclura carinata,(Alberts 2000) core source,1998,
Cyclura collei,(Alberts 2000) core source,1998,
Cyclura cornuta,(Alberts 2000) core source,1998,
Cyclura lewisi,(Alberts 2000) core source,1998,
Cyclura pinguis,(Alberts 2000) core source,1998,
Cyclura ricordii,(Alberts 2000) core source,1998,
Iguana delicatissima,(Alberts 2000) core source,1998,
Calonectris leucomelas,(Campolina et al. 2024) core source,2021,
Procellaria aequinoctialis,(Campolina et al. 2024) core source,2021,
Puffinus yelkouan,(Campolina et al. 2024) core source,2021,
Puffinus yelkouan,(Campolina et al. 2024) core source,2021,
Pterodroma cookii,(Campolina et al. 2024) core source,2021,
Puffinus opisthomelas,(Campolina et al. 2024) core source,2021,
Synthliboramphus hypoleucus,(Campolina et al. 2024) core source,2021,
Procellaria cinerea,(Campolina et al. 2024) core source,2021,
Calonectris leucomelas,(Campolina et al. 2024) core source,2021,
Calonectris leucomelas,(Campolina et al. 2024) core source,2021,
Pterodroma sandwichensis,(Campolina et al. 2024) core source,2021,
Puffinus newelli,(Campolina et al. 2024) core source,2021,
Calonectris leucomelas,(Campolina et al. 2024) core source,2021,
Charadrius bicinctus,(Campolina et al. 2024) core source,2021,
Chlidonias albostriatus,(Campolina et al. 2024) core source,2021,
Himantopus novaezelandiae,(Campolina et al. 2024) core source,2021,
Procellaria aequinoctialis,(Campolina et al. 2024) core source,2021,
Dasyurus maculatus,(Dickman 1996b) core source,1994,
Onychogalea lunata,(Dickman 1996b) core source,1994,
Perameles eremiana,(Dickman 1996b) core source,1994,
Pseudocheirus occidentalis,(Dickman 1996b) core source,1994,
Setonix brachyurus,(Dickman 1996b) core source,1994,
Macrotis leucura,(Dickman 1996b) core source,1994,
Dasycercus cristicauda,(Dickman 1996b) core source,1994,
Dasyurus geoffroii,(Dickman 1996b) core source,1994,
Dasyurus maculatus,(Dickman 1996b) core source,1994,
Lagostrophus fasciatus,(Dickman 1996b) core source,1994,
Leporillus conditor,(Dickman 1996b) core source,1994,
Parantechinus apicalis,(Dickman 1996b) core source,1994,
Pseudomys fieldi,(Dickman 1996b) core source,1994,
Notomys macrotis,(Dickman 1996b) core source,1994,
Notomys macrotis,(Dickman 1996b) core source,1994,
Notomys mordax,(Dickman 1996b) core source,1994,
Notomys mordax,(Dickman 1996b) core source,1994,
Notomys mordax,(Dickman 1996b) core source,1994,
Notomys robustus,(Dickman 1996b) core source,1994,
Notomys robustus,(Dickman 1996b) core source,1994,
Onychogalea lunata,(Dickman 1996b) core source,1994,
Perameles eremiana,(Dickman 1996b) core source,1994,
Pseudocheirus occidentalis,(Dickman 1996b) core source,1994,
Pseudomys auritus,(Dickman 1996b) core source,1994,
Pseudomys auritus,(Dickman 1996b) core source,1994,
Pseudomys auritus,(Dickman 1996b) core source,1994,
Pseudomys glaucus,(Dickman 1996b) core source,1994,
Pseudomys shortridgei,(Dickman 1996b) core source,1994,
Macrotis leucura,(Dickman 1996b) core source,1994,
Parantechinus apicalis,(Dickman 1996b) core source,1994,
Dasycercus cristicauda,(Dickman 1996b) core source,1994,
Setonix brachyurus,(Dickman 1996b) core source,1994,
Bettongia lesueur,(Dickman 1996b) core source,1994,
Isoodon auratus,(Dickman 1996b) core source,1994,
Leporillus conditor,(Dickman 1996b) core source,1994,
Pseudomys australis,(Dickman 1996b) core source,1994,
Dasyurus maculatus,(Dickman 1996b) core source,1994,
Phascogale tapoatafa,(Dickman 1996b) core source,1994,
Myrmecobius fasciatus,(Dickman 1996b) core source,1994,
Onychogalea fraenata,(Dickman 1996b) core source,1994,
Dasyurus maculatus,(Dickman 1996b) core source,1994,
Burramys parvus,(Dickman 1996b) core source,1994,
Chaeropus ecaudatus,(Dickman 1996b) core source,1994,
Conilurus albipes,(Dickman 1996b) core source,1994,
Dasyurus hallucatus,(Dickman 1996b) core source,1994,
Dasyurus viverrinus,(Dickman 1996b) core source,1994,
Lagostrophus fasciatus,(Dickman 1996b) core source,1994,
Macrotis lagotis,(Dickman 1996b) core source,1994,
Mesembriomys macrurus,(Dickman 1996b) core source,1994,
Notomys aquilo,(Dickman 1996b) core source,1994,
Notomys fuscus,(Dickman 1996b) core source,1994,
Ornithorhynchus anatinus,(Dickman 1996b) core source,1994,
Perameles bougainville,(Dickman 1996b) core source,1994,
Petrogale penicillata,(Dickman 1996b) core source,1994,
Potorous tridactylus,(Dickman 1996b) core source,1994,
Pseudocheirus occidentalis,(Dickman 1996b) core source,1994,
Pseudomys fieldi,(Dickman 1996b) core source,1994,
Pseudomys gouldii,(Dickman 1996b) core source,1994,
Pseudomys oralis,(Dickman 1996b) core source,1994,
Pseudomys shortridgei,(Dickman 1996b) core source,1994,
Sminthopsis butleri,(Dickman 1996b) core source,1994,
Sminthopsis douglasi,(Dickman 1996b) core source,1994,
Sminthopsis psammophila,(Dickman 1996b) core source,1994,
Xeromys myoides,(Dickman 1996b) core source,1994,
Zyzomys pedunculatus,(Dickman 1996b) core source,1994,
Petrogale lateralis,(Dickman 1996b) core source,1994,
Pseudomys novaehollandiae,(Dickman 1996b) core source,1994,
Pseudomys novaehollandiae,(Dickman 1996b) core source,1994,
Bettongia penicillata,(Dickman 1996b) core source,1994,
Leporillus conditor,(Dickman 1996b) core source,1994,
Dasyurus geoffroii,(Dickman 1996b) core source,1994,
Phascogale tapoatafa,(Dickman 1996b) core source,1994,
Pteropus melanotus,(Dickman 1996b) core source,1994,
Mimus graysoni,(Doherty et al. 2016) core source,2014,"""This exercise was conducted between March and September 2015"" seems to refer to the coding of impacts"
Anas wyvilliana,(Doherty et al. 2016) core source,2014,"""This exercise was conducted between March and September 2015"" seems to refer to the coding of impacts"
Bavayia exsuccida,(Doherty et al. 2016) core source,2014,"""This exercise was conducted between March and September 2015"" seems to refer to the coding of impacts"
Bavayia goroensis,(Doherty et al. 2016) core source,2014,"""This exercise was conducted between March and September 2015"" seems to refer to the coding of impacts"
Bavayia ornata,(Doherty et al. 2016) core source,2014,"""This exercise was conducted between March and September 2015"" seems to refer to the coding of impacts"
Dierogekko kaalaensis,(Doherty et al. 2016) core source,2014,"""This exercise was conducted between March and September 2015"" seems to refer to the coding of impacts"
Dierogekko koniambo,(Doherty et al. 2016) core source,2014,"""This exercise was conducted between March and September 2015"" seems to refer to the coding of impacts"
Dierogekko poumensis,(Doherty et al. 2016) core source,2014,"""This exercise was conducted between March and September 2015"" seems to refer to the coding of impacts"
Dierogekko validiclavis,(Doherty et al. 2016) core source,2014,"""This exercise was conducted between March and September 2015"" seems to refer to the coding of impacts"
Eurydactylodes occidentalis,(Doherty et al. 2016) core source,2014,"""This exercise was conducted between March and September 2015"" seems to refer to the coding of impacts"
Oedodera marmorata,(Doherty et al. 2016) core source,2014,"""This exercise was conducted between March and September 2015"" seems to refer to the coding of impacts"
Dierogekko inexpectatus,(Doherty et al. 2016) core source,2014,"""This exercise was conducted between March and September 2015"" seems to refer to the coding of impacts"
Dierogekko nehoueensis,(Doherty et al. 2016) core source,2014,"""This exercise was conducted between March and September 2015"" seems to refer to the coding of impacts"
Dierogekko thomaswhitei,(Doherty et al. 2016) core source,2014,"""This exercise was conducted between March and September 2015"" seems to refer to the coding of impacts"
Reithrodontomys raviventris,(Doherty et al. 2016) core source,2014,"""This exercise was conducted between March and September 2015"" seems to refer to the coding of impacts"
Amazona barbadensis,(Doherty et al. 2016) core source,2014,"""This exercise was conducted between March and September 2015"" seems to refer to the coding of impacts"
Aphanapteryx bonasia,(Doherty et al. 2016) core source,2014,"""This exercise was conducted between March and September 2015"" seems to refer to the coding of impacts"
Pezophaps solitaria,(Doherty et al. 2016) core source,2014,"""This exercise was conducted between March and September 2015"" seems to refer to the coding of impacts"
Gallotia bravoana,(Doherty et al. 2016) core source,2014,"""This exercise was conducted between March and September 2015"" seems to refer to the coding of impacts"
Todiramphus godeffroyi,(Doherty et al. 2016) core source,2014,"""This exercise was conducted between March and September 2015"" seems to refer to the coding of impacts"
Diomedea antipodensis,(Doherty et al. 2016) core source,2014,"""This exercise was conducted between March and September 2015"" seems to refer to the coding of impacts"
Diomedea amsterdamensis,(Doherty et al. 2016) core source,2014,"""This exercise was conducted between March and September 2015"" seems to refer to the coding of impacts"
Phoebetria fusca,(Doherty et al. 2016) core source,2014,"""This exercise was conducted between March and September 2015"" seems to refer to the coding of impacts"
Cyclura collei,(Doherty et al. 2016) core source,2014,"""This exercise was conducted between March and September 2015"" seems to refer to the coding of impacts"
Cyclura cornuta,(Doherty et al. 2016) core source,2014,"""This exercise was conducted between March and September 2015"" seems to refer to the coding of impacts"
Cyclura cychlura,(Doherty et al. 2016) core source,2014,"""This exercise was conducted between March and September 2015"" seems to refer to the coding of impacts"
Cyclura lewisi,(Doherty et al. 2016) core source,2014,"""This exercise was conducted between March and September 2015"" seems to refer to the coding of impacts"
Cyclura pinguis,(Doherty et al. 2016) core source,2014,"""This exercise was conducted between March and September 2015"" seems to refer to the coding of impacts"
Cyclura ricordii,(Doherty et al. 2016) core source,2014,"""This exercise was conducted between March and September 2015"" seems to refer to the coding of impacts"
Cyclura stejnegeri,(Doherty et al. 2016) core source,2014,"""This exercise was conducted between March and September 2015"" seems to refer to the coding of impacts"
Iguana delicatissima,(Doherty et al. 2016) core source,2014,"""This exercise was conducted between March and September 2015"" seems to refer to the coding of impacts"
Chioninia coctei,(Doherty et al. 2016) core source,2014,"""This exercise was conducted between March and September 2015"" seems to refer to the coding of impacts"
Puffinus mauretanicus,(Doherty et al. 2016) core source,2014,"""This exercise was conducted between March and September 2015"" seems to refer to the coding of impacts"
Urosaurus auriculatus,(Doherty et al. 2016) core source,2014,"""This exercise was conducted between March and September 2015"" seems to refer to the coding of impacts"
Spheniscus humboldti,(Doherty et al. 2016) core source,2014,"""This exercise was conducted between March and September 2015"" seems to refer to the coding of impacts"
Mystacina tuberculata,(Doherty et al. 2016) core source,2014,"""This exercise was conducted between March and September 2015"" seems to refer to the coding of impacts"
Pterodroma alba,(Doherty et al. 2016) core source,2014,"""This exercise was conducted between March and September 2015"" seems to refer to the coding of impacts"
Lagostrophus fasciatus,(Doherty et al. 2016) core source,2014,"""This exercise was conducted between March and September 2015"" seems to refer to the coding of impacts"
Hypotaenidia sylvestris,(Doherty et al. 2016) core source,2014,"""This exercise was conducted between March and September 2015"" seems to refer to the coding of impacts"
Hydrobates macrodactylus,(Doherty et al. 2016) core source,2014,"""This exercise was conducted between March and September 2015"" seems to refer to the coding of impacts"
Cyclura collei,(Doherty et al. 2016) core source,2014,"""This exercise was conducted between March and September 2015"" seems to refer to the coding of impacts"
Gonatodes daudini,(Doherty et al. 2016) core source,2014,"""This exercise was conducted between March and September 2015"" seems to refer to the coding of impacts"
Sphaerodactylus kirbyi,(Doherty et al. 2016) core source,2014,"""This exercise was conducted between March and September 2015"" seems to refer to the coding of impacts"
Puffinus yelkouan,(Doherty et al. 2016) core source,2014,"""This exercise was conducted between March and September 2015"" seems to refer to the coding of impacts"
Diplothrix legata,(Doherty et al. 2016) core source,2014,"""This exercise was conducted between March and September 2015"" seems to refer to the coding of impacts"
Pentalagus furnessi,(Doherty et al. 2016) core source,2014,"""This exercise was conducted between March and September 2015"" seems to refer to the coding of impacts"
Sylvilagus mansuetus,(Doherty et al. 2016) core source,2014,"""This exercise was conducted between March and September 2015"" seems to refer to the coding of impacts"
Traversia lyalli,(Doherty et al. 2016) core source,2014,"""This exercise was conducted between March and September 2015"" seems to refer to the coding of impacts"
Traversia lyalli,(Doherty et al. 2016) core source,2014,"""This exercise was conducted between March and September 2015"" seems to refer to the coding of impacts"
Dasyornis longirostris,(Doherty et al. 2016) core source,2014,"""This exercise was conducted between March and September 2015"" seems to refer to the coding of impacts"
Charadrius sanctaehelenae,(Doherty et al. 2016) core source,2014,"""This exercise was conducted between March and September 2015"" seems to refer to the coding of impacts"
Charadrius sanctaehelenae,(Doherty et al. 2016) core source,2014,"""This exercise was conducted between March and September 2015"" seems to refer to the coding of impacts"
Chlidonias albostriatus,(Doherty et al. 2016) core source,2014,"""This exercise was conducted between March and September 2015"" seems to refer to the coding of impacts"
Falco punctatus,(Doherty et al. 2016) core source,2014,"""This exercise was conducted between March and September 2015"" seems to refer to the coding of impacts"
Chelonoidis niger,(Doherty et al. 2016) core source,2014,"""This exercise was conducted between March and September 2015"" seems to refer to the coding of impacts"
Chelonoidis niger,(Doherty et al. 2016) core source,2014,"""This exercise was conducted between March and September 2015"" seems to refer to the coding of impacts"
Chelonoidis niger,(Doherty et al. 2016) core source,2014,"""This exercise was conducted between March and September 2015"" seems to refer to the coding of impacts"
Diomedea sanfordi,(Doherty et al. 2016) core source,2014,"""This exercise was conducted between March and September 2015"" seems to refer to the coding of impacts"
Sylvilagus mansuetus,(Doherty et al. 2016) core source,2014,"""This exercise was conducted between March and September 2015"" seems to refer to the coding of impacts"
Isoodon auratus,(Doherty et al. 2016) core source,2014,"""This exercise was conducted between March and September 2015"" seems to refer to the coding of impacts"
Pterodroma cervicalis,(Doherty et al. 2016) core source,2014,"""This exercise was conducted between March and September 2015"" seems to refer to the coding of impacts"
Falco punctatus,(Doherty et al. 2016) core source,2014,"""This exercise was conducted between March and September 2015"" seems to refer to the coding of impacts"
Geocapromys thoracatus,(Doherty et al. 2016) core source,2014,"""This exercise was conducted between March and September 2015"" seems to refer to the coding of impacts"
Didunculus strigirostris,(Doherty et al. 2016) core source,2014,"""This exercise was conducted between March and September 2015"" seems to refer to the coding of impacts"
Leporillus conditor,(Doherty et al. 2016) core source,2014,"""This exercise was conducted between March and September 2015"" seems to refer to the coding of impacts"
Pterodroma sandwichensis,(Doherty et al. 2016) core source,2014,"""This exercise was conducted between March and September 2015"" seems to refer to the coding of impacts"
Todiramphus gambieri,(Doherty et al. 2016) core source,2014,"""This exercise was conducted between March and September 2015"" seems to refer to the coding of impacts"
Charadrius obscurus,(Doherty et al. 2016) core source,2014,"""This exercise was conducted between March and September 2015"" seems to refer to the coding of impacts"
Charadrius obscurus,(Doherty et al. 2016) core source,2014,"""This exercise was conducted between March and September 2015"" seems to refer to the coding of impacts"
Pteropus melanotus,(Doherty et al. 2016) core source,2014,"""This exercise was conducted between March and September 2015"" seems to refer to the coding of impacts"
Pseudobulweria macgillivrayi,(Doherty et al. 2016) core source,2014,"""This exercise was conducted between March and September 2015"" seems to refer to the coding of impacts"
Leipoa ocellata,(Doherty et al. 2016) core source,2014,"""This exercise was conducted between March and September 2015"" seems to refer to the coding of impacts"
Leipoa ocellata,(Doherty et al. 2016) core source,2014,"""This exercise was conducted between March and September 2015"" seems to refer to the coding of impacts"
Leipoa ocellata,(Doherty et al. 2016) core source,2014,"""This exercise was conducted between March and September 2015"" seems to refer to the coding of impacts"
Megadyptes antipodes,(Doherty et al. 2016) core source,2014,"""This exercise was conducted between March and September 2015"" seems to refer to the coding of impacts"
Megadyptes antipodes,(Doherty et al. 2016) core source,2014,"""This exercise was conducted between March and September 2015"" seems to refer to the coding of impacts"
Megadyptes antipodes,(Doherty et al. 2016) core source,2014,"""This exercise was conducted between March and September 2015"" seems to refer to the coding of impacts"
Megadyptes antipodes,(Doherty et al. 2016) core source,2014,"""This exercise was conducted between March and September 2015"" seems to refer to the coding of impacts"
Megadyptes antipodes,(Doherty et al. 2016) core source,2014,"""This exercise was conducted between March and September 2015"" seems to refer to the coding of impacts"
Megadyptes antipodes,(Doherty et al. 2016) core source,2014,"""This exercise was conducted between March and September 2015"" seems to refer to the coding of impacts"
Megadyptes antipodes,(Doherty et al. 2016) core source,2014,"""This exercise was conducted between March and September 2015"" seems to refer to the coding of impacts"
Puffinus newelli,(Doherty et al. 2016) core source,2014,"""This exercise was conducted between March and September 2015"" seems to refer to the coding of impacts"
Spheniscus mendiculus,(Doherty et al. 2016) core source,2014,"""This exercise was conducted between March and September 2015"" seems to refer to the coding of impacts"
Petroica traversi,(Doherty et al. 2016) core source,2014,"""This exercise was conducted between March and September 2015"" seems to refer to the coding of impacts"
Pterodroma magentae,(Doherty et al. 2016) core source,2014,"""This exercise was conducted between March and September 2015"" seems to refer to the coding of impacts"
Dasyornis longirostris,(Doherty et al. 2016) core source,2014,"""This exercise was conducted between March and September 2015"" seems to refer to the coding of impacts"
Atrichornis clamosus,(Doherty et al. 2016) core source,2014,"""This exercise was conducted between March and September 2015"" seems to refer to the coding of impacts"
Xeromys myoides,(Doherty et al. 2016) core source,2014,"""This exercise was conducted between March and September 2015"" seems to refer to the coding of impacts"
Coenocorypha pusilla,(Doherty et al. 2016) core source,2014,"""This exercise was conducted between March and September 2015"" seems to refer to the coding of impacts"
Coenocorypha pusilla,(Doherty et al. 2016) core source,2014,"""This exercise was conducted between March and September 2015"" seems to refer to the coding of impacts"
Haematopus chathamensis,(Doherty et al. 2016) core source,2014,"""This exercise was conducted between March and September 2015"" seems to refer to the coding of impacts"
Thinornis novaeseelandiae,(Doherty et al. 2016) core source,2014,"""This exercise was conducted between March and September 2015"" seems to refer to the coding of impacts"
Zosterops albogularis,(Doherty et al. 2016) core source,2014,"""This exercise was conducted between March and September 2015"" seems to refer to the coding of impacts"
Puffinus yelkouan,(Doherty et al. 2016) core source,2014,"""This exercise was conducted between March and September 2015"" seems to refer to the coding of impacts"
Puffinus yelkouan,(Doherty et al. 2016) core source,2014,"""This exercise was conducted between March and September 2015"" seems to refer to the coding of impacts"
Branta sandvicensis,(Doherty et al. 2016) core source,2014,"""This exercise was conducted between March and September 2015"" seems to refer to the coding of impacts"
Peromyscus guardia,(Doherty et al. 2016) core source,2014,"""This exercise was conducted between March and September 2015"" seems to refer to the coding of impacts"
Petroica traversi,(Doherty et al. 2016) core source,2014,"""This exercise was conducted between March and September 2015"" seems to refer to the coding of impacts"
Amazona vittata,(Doherty et al. 2016) core source,2014,"""This exercise was conducted between March and September 2015"" seems to refer to the coding of impacts"
Chioninia coctei,(Doherty et al. 2016) core source,2014,"""This exercise was conducted between March and September 2015"" seems to refer to the coding of impacts"
Pterodroma phaeopygia,(Doherty et al. 2016) core source,2014,"""This exercise was conducted between March and September 2015"" seems to refer to the coding of impacts"
Antrostomus noctitherus,(Doherty et al. 2016) core source,2014,"""This exercise was conducted between March and September 2015"" seems to refer to the coding of impacts"
Pterodroma baraui,(Doherty et al. 2016) core source,2014,"""This exercise was conducted between March and September 2015"" seems to refer to the coding of impacts"
Onychogalea fraenata,(Doherty et al. 2016) core source,2014,"""This exercise was conducted between March and September 2015"" seems to refer to the coding of impacts"
Myrmecobius fasciatus,(Doherty et al. 2016) core source,2014,"""This exercise was conducted between March and September 2015"" seems to refer to the coding of impacts"
Myrmecobius fasciatus,(Doherty et al. 2016) core source,2014,"""This exercise was conducted between March and September 2015"" seems to refer to the coding of impacts"
Diomedea epomophora,(Doherty et al. 2016) core source,2014,"""This exercise was conducted between March and September 2015"" seems to refer to the coding of impacts"
Eudyptes pachyrhynchus,(Doherty et al. 2016) core source,2014,"""This exercise was conducted between March and September 2015"" seems to refer to the coding of impacts"
Megadyptes antipodes,(Doherty et al. 2016) core source,2014,"""This exercise was conducted between March and September 2015"" seems to refer to the coding of impacts"
Phalacrocorax featherstoni,(Doherty et al. 2016) core source,2014,"""This exercise was conducted between March and September 2015"" seems to refer to the coding of impacts"
Procellaria westlandica,(Doherty et al. 2016) core source,2014,"""This exercise was conducted between March and September 2015"" seems to refer to the coding of impacts"
Pterodroma axillaris,(Doherty et al. 2016) core source,2014,"""This exercise was conducted between March and September 2015"" seems to refer to the coding of impacts"
Pterodroma cervicalis,(Doherty et al. 2016) core source,2014,"""This exercise was conducted between March and September 2015"" seems to refer to the coding of impacts"
Pterodroma magentae,(Doherty et al. 2016) core source,2014,"""This exercise was conducted between March and September 2015"" seems to refer to the coding of impacts"
Sternula nereis,(Doherty et al. 2016) core source,2014,"""This exercise was conducted between March and September 2015"" seems to refer to the coding of impacts"
Nestor notabilis,(Doherty et al. 2016) core source,2014,"""This exercise was conducted between March and September 2015"" seems to refer to the coding of impacts"
Hypotaenidia owstoni,(Doherty et al. 2016) core source,2014,"""This exercise was conducted between March and September 2015"" seems to refer to the coding of impacts"
Traversia lyalli,(Doherty et al. 2016) core source,2014,"""This exercise was conducted between March and September 2015"" seems to refer to the coding of impacts"
Traversia lyalli,(Doherty et al. 2016) core source,2014,"""This exercise was conducted between March and September 2015"" seems to refer to the coding of impacts"
Atrichornis clamosus,(Doherty et al. 2016) core source,2014,"""This exercise was conducted between March and September 2015"" seems to refer to the coding of impacts"
Dasyornis longirostris,(Doherty et al. 2016) core source,2014,"""This exercise was conducted between March and September 2015"" seems to refer to the coding of impacts"
Phoebetria fusca,(Doherty et al. 2016) core source,2014,"""This exercise was conducted between March and September 2015"" seems to refer to the coding of impacts"
Turnix olivii,(Doherty et al. 2016) core source,2014,"""This exercise was conducted between March and September 2015"" seems to refer to the coding of impacts"
Neophema chrysogaster,(Doherty et al. 2016) core source,2014,"""This exercise was conducted between March and September 2015"" seems to refer to the coding of impacts"
Pezoporus occidentalis,(Doherty et al. 2016) core source,2014,"""This exercise was conducted between March and September 2015"" seems to refer to the coding of impacts"
Pezoporus occidentalis,(Doherty et al. 2016) core source,2014,"""This exercise was conducted between March and September 2015"" seems to refer to the coding of impacts"
Brachylophus bulabula,(Doherty et al. 2016) core source,2014,"""This exercise was conducted between March and September 2015"" seems to refer to the coding of impacts"
Brachylophus fasciatus,(Doherty et al. 2016) core source,2014,"""This exercise was conducted between March and September 2015"" seems to refer to the coding of impacts"
Brachylophus vitiensis,(Doherty et al. 2016) core source,2014,"""This exercise was conducted between March and September 2015"" seems to refer to the coding of impacts"
Apteryx australis,(Doherty et al. 2016) core source,2014,"""This exercise was conducted between March and September 2015"" seems to refer to the coding of impacts"
Apteryx australis,(Doherty et al. 2016) core source,2014,"""This exercise was conducted between March and September 2015"" seems to refer to the coding of impacts"
Apteryx mantelli,(Doherty et al. 2016) core source,2014,"""This exercise was conducted between March and September 2015"" seems to refer to the coding of impacts"
Notomys fuscus,(Doherty et al. 2016) core source,2014,"""This exercise was conducted between March and September 2015"" seems to refer to the coding of impacts"
Hemiphaga chathamensis,(Doherty et al. 2016) core source,2014,"""This exercise was conducted between March and September 2015"" seems to refer to the coding of impacts"
Anas eatoni,(Doherty et al. 2016) core source,2014,"""This exercise was conducted between March and September 2015"" seems to refer to the coding of impacts"
Anthornis melanocephala,(Doherty et al. 2016) core source,2014,"""This exercise was conducted between March and September 2015"" seems to refer to the coding of impacts"
Turnagra tanagra,(Doherty et al. 2016) core source,2014,"""This exercise was conducted between March and September 2015"" seems to refer to the coding of impacts"
Zoothera terrestris,(Doherty et al. 2016) core source,2014,"""This exercise was conducted between March and September 2015"" seems to refer to the coding of impacts"
Synthliboramphus wumizusume,(Doherty et al. 2016) core source,2014,"""This exercise was conducted between March and September 2015"" seems to refer to the coding of impacts"
Megadyptes antipodes,(Doherty et al. 2016) core source,2014,"""This exercise was conducted between March and September 2015"" seems to refer to the coding of impacts"
Sephanoides fernandensis,(Doherty et al. 2016) core source,2014,"""This exercise was conducted between March and September 2015"" seems to refer to the coding of impacts"
Aphrastura masafuerae,(Doherty et al. 2016) core source,2014,"""This exercise was conducted between March and September 2015"" seems to refer to the coding of impacts"
Aphrastura masafuerae,(Doherty et al. 2016) core source,2014,"""This exercise was conducted between March and September 2015"" seems to refer to the coding of impacts"
Spondylurus monae,(Doherty et al. 2016) core source,2014,"""This exercise was conducted between March and September 2015"" seems to refer to the coding of impacts"
Gallotia intermedia,(Doherty et al. 2016) core source,2014,"""This exercise was conducted between March and September 2015"" seems to refer to the coding of impacts"
Pterodroma longirostris,(Doherty et al. 2016) core source,2014,"""This exercise was conducted between March and September 2015"" seems to refer to the coding of impacts"
Branta sandvicensis,(Doherty et al. 2016) core source,2014,"""This exercise was conducted between March and September 2015"" seems to refer to the coding of impacts"
Nesoenas duboisi,(Doherty et al. 2016) core source,2014,"""This exercise was conducted between March and September 2015"" seems to refer to the coding of impacts"
Rhynochetos jubatus,(Doherty et al. 2016) core source,2014,"""This exercise was conducted between March and September 2015"" seems to refer to the coding of impacts"
Acrocephalus aequinoctialis,(Doherty et al. 2016) core source,2014,"""This exercise was conducted between March and September 2015"" seems to refer to the coding of impacts"
Acrocephalus vaughani,(Doherty et al. 2016) core source,2014,"""This exercise was conducted between March and September 2015"" seems to refer to the coding of impacts"
Aegotheles savesi,(Doherty et al. 2016) core source,2014,"""This exercise was conducted between March and September 2015"" seems to refer to the coding of impacts"
Algyroides marchi,(Doherty et al. 2016) core source,2014,"""This exercise was conducted between March and September 2015"" seems to refer to the coding of impacts"
Alsophis rufiventris,(Doherty et al. 2016) core source,2014,"""This exercise was conducted between March and September 2015"" seems to refer to the coding of impacts"
Amblyrhynchus cristatus,(Doherty et al. 2016) core source,2014,"""This exercise was conducted between March and September 2015"" seems to refer to the coding of impacts"
Amblyrhynchus cristatus,(Doherty et al. 2016) core source,2014,"""This exercise was conducted between March and September 2015"" seems to refer to the coding of impacts"
Anarhynchus frontalis,(Doherty et al. 2016) core source,2014,"""This exercise was conducted between March and September 2015"" seems to refer to the coding of impacts"
Anthornis melanocephala,(Doherty et al. 2016) core source,2014,"""This exercise was conducted between March and September 2015"" seems to refer to the coding of impacts"
Aphanapteryx bonasia,(Doherty et al. 2016) core source,2014,"""This exercise was conducted between March and September 2015"" seems to refer to the coding of impacts"
Aphelocoma coerulescens,(Doherty et al. 2016) core source,2014,"""This exercise was conducted between March and September 2015"" seems to refer to the coding of impacts"
Aplonis santovestris,(Doherty et al. 2016) core source,2014,"""This exercise was conducted between March and September 2015"" seems to refer to the coding of impacts"
Apteryx australis,(Doherty et al. 2016) core source,2014,"""This exercise was conducted between March and September 2015"" seems to refer to the coding of impacts"
Apteryx haastii,(Doherty et al. 2016) core source,2014,"""This exercise was conducted between March and September 2015"" seems to refer to the coding of impacts"
Apteryx mantelli,(Doherty et al. 2016) core source,2014,"""This exercise was conducted between March and September 2015"" seems to refer to the coding of impacts"
Ardenna creatopus,(Doherty et al. 2016) core source,2014,"""This exercise was conducted between March and September 2015"" seems to refer to the coding of impacts"
Aspidoscelis catalinensis,(Doherty et al. 2016) core source,2014,"""This exercise was conducted between March and September 2015"" seems to refer to the coding of impacts"
Brachylophus bulabula,(Doherty et al. 2016) core source,2014,"""This exercise was conducted between March and September 2015"" seems to refer to the coding of impacts"
Brachylophus fasciatus,(Doherty et al. 2016) core source,2014,"""This exercise was conducted between March and September 2015"" seems to refer to the coding of impacts"
Brachylophus vitiensis,(Doherty et al. 2016) core source,2014,"""This exercise was conducted between March and September 2015"" seems to refer to the coding of impacts"
Brachylophus vitiensis,(Doherty et al. 2016) core source,2014,"""This exercise was conducted between March and September 2015"" seems to refer to the coding of impacts"
Cabalus modestus,(Doherty et al. 2016) core source,2014,"""This exercise was conducted between March and September 2015"" seems to refer to the coding of impacts"
Caledoniscincus auratus,(Doherty et al. 2016) core source,2014,"""This exercise was conducted between March and September 2015"" seems to refer to the coding of impacts"
Caledoniscincus chazeaui,(Doherty et al. 2016) core source,2014,"""This exercise was conducted between March and September 2015"" seems to refer to the coding of impacts"
Caledoniscincus orestes,(Doherty et al. 2016) core source,2014,"""This exercise was conducted between March and September 2015"" seems to refer to the coding of impacts"
Caledoniscincus renevieri,(Doherty et al. 2016) core source,2014,"""This exercise was conducted between March and September 2015"" seems to refer to the coding of impacts"
Celatiscincus similis,(Doherty et al. 2016) core source,2014,"""This exercise was conducted between March and September 2015"" seems to refer to the coding of impacts"
Chalinolobus tuberculatus,(Doherty et al. 2016) core source,2014,"""This exercise was conducted between March and September 2015"" seems to refer to the coding of impacts"
Chasiempis sclateri,(Doherty et al. 2016) core source,2014,"""This exercise was conducted between March and September 2015"" seems to refer to the coding of impacts"
Chilabothrus monensis,(Doherty et al. 2016) core source,2014,"""This exercise was conducted between March and September 2015"" seems to refer to the coding of impacts"
Coccyzus ferrugineus,(Doherty et al. 2016) core source,2014,"""This exercise was conducted between March and September 2015"" seems to refer to the coding of impacts"
Coenocorypha barrierensis,(Doherty et al. 2016) core source,2014,"""This exercise was conducted between March and September 2015"" seems to refer to the coding of impacts"
Coenocorypha iredalei,(Doherty et al. 2016) core source,2014,"""This exercise was conducted between March and September 2015"" seems to refer to the coding of impacts"
Coenocorypha pusilla,(Doherty et al. 2016) core source,2014,"""This exercise was conducted between March and September 2015"" seems to refer to the coding of impacts"
Coleura seychellensis,(Doherty et al. 2016) core source,2014,"""This exercise was conducted between March and September 2015"" seems to refer to the coding of impacts"
Columba versicolor,(Doherty et al. 2016) core source,2014,"""This exercise was conducted between March and September 2015"" seems to refer to the coding of impacts"
Conolophus marthae,(Doherty et al. 2016) core source,2014,"""This exercise was conducted between March and September 2015"" seems to refer to the coding of impacts"
Corvus hawaiiensis,(Doherty et al. 2016) core source,2014,"""This exercise was conducted between March and September 2015"" seems to refer to the coding of impacts"
Corvus kubaryi,(Doherty et al. 2016) core source,2014,"""This exercise was conducted between March and September 2015"" seems to refer to the coding of impacts"
Coturnix novaezelandiae,(Doherty et al. 2016) core source,2014,"""This exercise was conducted between March and September 2015"" seems to refer to the coding of impacts"
Crocidura canariensis,(Doherty et al. 2016) core source,2014,"""This exercise was conducted between March and September 2015"" seems to refer to the coding of impacts"
Crotalus catalinensis,(Doherty et al. 2016) core source,2014,"""This exercise was conducted between March and September 2015"" seems to refer to the coding of impacts"
Ctenosaura bakeri,(Doherty et al. 2016) core source,2014,"""This exercise was conducted between March and September 2015"" seems to refer to the coding of impacts"
Ctenosaura melanosterna,(Doherty et al. 2016) core source,2014,"""This exercise was conducted between March and September 2015"" seems to refer to the coding of impacts"
Cyanoramphus forbesi,(Doherty et al. 2016) core source,2014,"""This exercise was conducted between March and September 2015"" seems to refer to the coding of impacts"
Cyclura collei,(Doherty et al. 2016) core source,2014,"""This exercise was conducted between March and September 2015"" seems to refer to the coding of impacts"
Cyclura cornuta,(Doherty et al. 2016) core source,2014,"""This exercise was conducted between March and September 2015"" seems to refer to the coding of impacts"
Cyclura cychlura,(Doherty et al. 2016) core source,2014,"""This exercise was conducted between March and September 2015"" seems to refer to the coding of impacts"
Cyclura lewisi,(Doherty et al. 2016) core source,2014,"""This exercise was conducted between March and September 2015"" seems to refer to the coding of impacts"
Cyclura pinguis,(Doherty et al. 2016) core source,2014,"""This exercise was conducted between March and September 2015"" seems to refer to the coding of impacts"
Dendrocygna arborea,(Doherty et al. 2016) core source,2014,"""This exercise was conducted between March and September 2015"" seems to refer to the coding of impacts"
Didunculus strigirostris,(Doherty et al. 2016) core source,2014,"""This exercise was conducted between March and September 2015"" seems to refer to the coding of impacts"
Dierogekko inexpectatus,(Doherty et al. 2016) core source,2014,"""This exercise was conducted between March and September 2015"" seems to refer to the coding of impacts"
Dierogekko kaalaensis,(Doherty et al. 2016) core source,2014,"""This exercise was conducted between March and September 2015"" seems to refer to the coding of impacts"
Dierogekko koniambo,(Doherty et al. 2016) core source,2014,"""This exercise was conducted between March and September 2015"" seems to refer to the coding of impacts"
Dierogekko nehoueensis,(Doherty et al. 2016) core source,2014,"""This exercise was conducted between March and September 2015"" seems to refer to the coding of impacts"
Dierogekko poumensis,(Doherty et al. 2016) core source,2014,"""This exercise was conducted between March and September 2015"" seems to refer to the coding of impacts"
Dierogekko thomaswhitei,(Doherty et al. 2016) core source,2014,"""This exercise was conducted between March and September 2015"" seems to refer to the coding of impacts"
Dierogekko validiclavis,(Doherty et al. 2016) core source,2014,"""This exercise was conducted between March and September 2015"" seems to refer to the coding of impacts"
Diomedea exulans,(Doherty et al. 2016) core source,2014,"""This exercise was conducted between March and September 2015"" seems to refer to the coding of impacts"
Diomedea sanfordi,(Doherty et al. 2016) core source,2014,"""This exercise was conducted between March and September 2015"" seems to refer to the coding of impacts"
Dryolimnas augusti,(Doherty et al. 2016) core source,2014,"""This exercise was conducted between March and September 2015"" seems to refer to the coding of impacts"
Dysmorodrepanis munroi,(Doherty et al. 2016) core source,2014,"""This exercise was conducted between March and September 2015"" seems to refer to the coding of impacts"
Emoia adspersa,(Doherty et al. 2016) core source,2014,"""This exercise was conducted between March and September 2015"" seems to refer to the coding of impacts"
Emoia lawesi,(Doherty et al. 2016) core source,2014,"""This exercise was conducted between March and September 2015"" seems to refer to the coding of impacts"
Emoia loyaltiensis,(Doherty et al. 2016) core source,2014,"""This exercise was conducted between March and September 2015"" seems to refer to the coding of impacts"
Emoia samoensis,(Doherty et al. 2016) core source,2014,"""This exercise was conducted between March and September 2015"" seems to refer to the coding of impacts"
Emoia tuitarere,(Doherty et al. 2016) core source,2014,"""This exercise was conducted between March and September 2015"" seems to refer to the coding of impacts"
Eurostopodus exul,(Doherty et al. 2016) core source,2014,"""This exercise was conducted between March and September 2015"" seems to refer to the coding of impacts"
Eurydactylodes occidentalis,(Doherty et al. 2016) core source,2014,"""This exercise was conducted between March and September 2015"" seems to refer to the coding of impacts"
Eurydactylodes symmetricus,(Doherty et al. 2016) core source,2014,"""This exercise was conducted between March and September 2015"" seems to refer to the coding of impacts"
Fregata aquila,(Doherty et al. 2016) core source,2014,"""This exercise was conducted between March and September 2015"" seems to refer to the coding of impacts"
Gallinula nesiotis,(Doherty et al. 2016) core source,2014,"""This exercise was conducted between March and September 2015"" seems to refer to the coding of impacts"
Gallirallus lafresnayanus,(Doherty et al. 2016) core source,2014,"""This exercise was conducted between March and September 2015"" seems to refer to the coding of impacts"
Goniurosaurus kuroiwae,(Doherty et al. 2016) core source,2014,"""This exercise was conducted between March and September 2015"" seems to refer to the coding of impacts"
Gymnomyza aubryana,(Doherty et al. 2016) core source,2014,"""This exercise was conducted between March and September 2015"" seems to refer to the coding of impacts"
Haematopus meadewaldoi,(Doherty et al. 2016) core source,2014,"""This exercise was conducted between March and September 2015"" seems to refer to the coding of impacts"
Henicophaps foersteri,(Doherty et al. 2016) core source,2014,"""This exercise was conducted between March and September 2015"" seems to refer to the coding of impacts"
Hypotaenidia dieffenbachii,(Doherty et al. 2016) core source,2014,"""This exercise was conducted between March and September 2015"" seems to refer to the coding of impacts"
Hypotaenidia okinawae,(Doherty et al. 2016) core source,2014,"""This exercise was conducted between March and September 2015"" seems to refer to the coding of impacts"
Hypotaenidia owstoni,(Doherty et al. 2016) core source,2014,"""This exercise was conducted between March and September 2015"" seems to refer to the coding of impacts"
Hypotaenidia pacifica,(Doherty et al. 2016) core source,2014,"""This exercise was conducted between March and September 2015"" seems to refer to the coding of impacts"
Hypotaenidia poeciloptera,(Doherty et al. 2016) core source,2014,"""This exercise was conducted between March and September 2015"" seems to refer to the coding of impacts"
Icterus northropi,(Doherty et al. 2016) core source,2014,"""This exercise was conducted between March and September 2015"" seems to refer to the coding of impacts"
Kanakysaurus viviparus,(Doherty et al. 2016) core source,2014,"""This exercise was conducted between March and September 2015"" seems to refer to the coding of impacts"
Kanakysaurus zebratus,(Doherty et al. 2016) core source,2014,"""This exercise was conducted between March and September 2015"" seems to refer to the coding of impacts"
Lacertoides pardalis,(Doherty et al. 2016) core source,2014,"""This exercise was conducted between March and September 2015"" seems to refer to the coding of impacts"
Larus bulleri,(Doherty et al. 2016) core source,2014,"""This exercise was conducted between March and September 2015"" seems to refer to the coding of impacts"
Larus fuliginosus,(Doherty et al. 2016) core source,2014,"""This exercise was conducted between March and September 2015"" seems to refer to the coding of impacts"
Laterallus spilonota,(Doherty et al. 2016) core source,2014,"""This exercise was conducted between March and September 2015"" seems to refer to the coding of impacts"
Leiolopisma alazon,(Doherty et al. 2016) core source,2014,"""This exercise was conducted between March and September 2015"" seems to refer to the coding of impacts"
Leptonycteris nivalis,(Doherty et al. 2016) core source,2014,"""This exercise was conducted between March and September 2015"" seems to refer to the coding of impacts"
Leptotila wellsi,(Doherty et al. 2016) core source,2014,"""This exercise was conducted between March and September 2015"" seems to refer to the coding of impacts"
Lioscincus steindachneri,(Doherty et al. 2016) core source,2014,"""This exercise was conducted between March and September 2015"" seems to refer to the coding of impacts"
Lioscincus vivae,(Doherty et al. 2016) core source,2014,"""This exercise was conducted between March and September 2015"" seems to refer to the coding of impacts"
Loxops coccineus,(Doherty et al. 2016) core source,2014,"""This exercise was conducted between March and September 2015"" seems to refer to the coding of impacts"
Macrotarsomys ingens,(Doherty et al. 2016) core source,2014,"""This exercise was conducted between March and September 2015"" seems to refer to the coding of impacts"
Marmorosphax kaala,(Doherty et al. 2016) core source,2014,"""This exercise was conducted between March and September 2015"" seems to refer to the coding of impacts"
Marmorosphax montana,(Doherty et al. 2016) core source,2014,"""This exercise was conducted between March and September 2015"" seems to refer to the coding of impacts"
Marmorosphax taom,(Doherty et al. 2016) core source,2014,"""This exercise was conducted between March and September 2015"" seems to refer to the coding of impacts"
Megapodius bernsteinii,(Doherty et al. 2016) core source,2014,"""This exercise was conducted between March and September 2015"" seems to refer to the coding of impacts"
Megapodius nicobariensis,(Doherty et al. 2016) core source,2014,"""This exercise was conducted between March and September 2015"" seems to refer to the coding of impacts"
Melamprosops phaeosoma,(Doherty et al. 2016) core source,2014,"""This exercise was conducted between March and September 2015"" seems to refer to the coding of impacts"
Mergus australis,(Doherty et al. 2016) core source,2014,"""This exercise was conducted between March and September 2015"" seems to refer to the coding of impacts"
Microgoura meeki,(Doherty et al. 2016) core source,2014,"""This exercise was conducted between March and September 2015"" seems to refer to the coding of impacts"
Mimus melanotis,(Doherty et al. 2016) core source,2014,"""This exercise was conducted between March and September 2015"" seems to refer to the coding of impacts"
Mimus trifasciatus,(Doherty et al. 2016) core source,2014,"""This exercise was conducted between March and September 2015"" seems to refer to the coding of impacts"
Mundia elpenor,(Doherty et al. 2016) core source,2014,"""This exercise was conducted between March and September 2015"" seems to refer to the coding of impacts"
Myotis vivesi,(Doherty et al. 2016) core source,2014,"""This exercise was conducted between March and September 2015"" seems to refer to the coding of impacts"
Mysateles prehensilis,(Doherty et al. 2016) core source,2014,"""This exercise was conducted between March and September 2015"" seems to refer to the coding of impacts"
Neotamias palmeri,(Doherty et al. 2016) core source,2014,"""This exercise was conducted between March and September 2015"" seems to refer to the coding of impacts"
Nesillas aldabrana,(Doherty et al. 2016) core source,2014,"""This exercise was conducted between March and September 2015"" seems to refer to the coding of impacts"
Nesoenas duboisi,(Doherty et al. 2016) core source,2014,"""This exercise was conducted between March and September 2015"" seems to refer to the coding of impacts"
Nesoenas mayeri,(Doherty et al. 2016) core source,2014,"""This exercise was conducted between March and September 2015"" seems to refer to the coding of impacts"
Nesofregetta fuliginosa,(Doherty et al. 2016) core source,2014,"""This exercise was conducted between March and September 2015"" seems to refer to the coding of impacts"
Nestor notabilis,(Doherty et al. 2016) core source,2014,"""This exercise was conducted between March and September 2015"" seems to refer to the coding of impacts"
Numenius tahitiensis,(Doherty et al. 2016) core source,2014,"""This exercise was conducted between March and September 2015"" seems to refer to the coding of impacts"
Nyctanassa carcinocatactes,(Doherty et al. 2016) core source,2014,"""This exercise was conducted between March and September 2015"" seems to refer to the coding of impacts"
Oedodera marmorata,(Doherty et al. 2016) core source,2014,"""This exercise was conducted between March and September 2015"" seems to refer to the coding of impacts"
Otus insularis,(Doherty et al. 2016) core source,2014,"""This exercise was conducted between March and September 2015"" seems to refer to the coding of impacts"
Palmeria dolei,(Doherty et al. 2016) core source,2014,"""This exercise was conducted between March and September 2015"" seems to refer to the coding of impacts"
Pareudiastes pacificus,(Doherty et al. 2016) core source,2014,"""This exercise was conducted between March and September 2015"" seems to refer to the coding of impacts"
Perochirus ateles,(Doherty et al. 2016) core source,2014,"""This exercise was conducted between March and September 2015"" seems to refer to the coding of impacts"
Peromyscus interparietalis,(Doherty et al. 2016) core source,2014,"""This exercise was conducted between March and September 2015"" seems to refer to the coding of impacts"
Peromyscus pseudocrinitus,(Doherty et al. 2016) core source,2014,"""This exercise was conducted between March and September 2015"" seems to refer to the coding of impacts"
Peromyscus sejugis,(Doherty et al. 2016) core source,2014,"""This exercise was conducted between March and September 2015"" seems to refer to the coding of impacts"
Pezophaps solitaria,(Doherty et al. 2016) core source,2014,"""This exercise was conducted between March and September 2015"" seems to refer to the coding of impacts"
Phyllodactylus leei,(Doherty et al. 2016) core source,2014,"""This exercise was conducted between March and September 2015"" seems to refer to the coding of impacts"
Pitta superba,(Doherty et al. 2016) core source,2014,"""This exercise was conducted between March and September 2015"" seems to refer to the coding of impacts"
Podarcis lilfordi,(Doherty et al. 2016) core source,2014,"""This exercise was conducted between March and September 2015"" seems to refer to the coding of impacts"
Pomarea dimidiata,(Doherty et al. 2016) core source,2014,"""This exercise was conducted between March and September 2015"" seems to refer to the coding of impacts"
Pomarea fluxa,(Doherty et al. 2016) core source,2014,"""This exercise was conducted between March and September 2015"" seems to refer to the coding of impacts"
Pomarea mendozae,(Doherty et al. 2016) core source,2014,"""This exercise was conducted between March and September 2015"" seems to refer to the coding of impacts"
Pomarea whitneyi,(Doherty et al. 2016) core source,2014,"""This exercise was conducted between March and September 2015"" seems to refer to the coding of impacts"
Porphyrio paepae,(Doherty et al. 2016) core source,2014,"""This exercise was conducted between March and September 2015"" seems to refer to the coding of impacts"
Procellaria aequinoctialis,(Doherty et al. 2016) core source,2014,"""This exercise was conducted between March and September 2015"" seems to refer to the coding of impacts"
Prosobonia cancellata,(Doherty et al. 2016) core source,2014,"""This exercise was conducted between March and September 2015"" seems to refer to the coding of impacts"
Prosobonia parvirostris,(Doherty et al. 2016) core source,2014,"""This exercise was conducted between March and September 2015"" seems to refer to the coding of impacts"
Pseudobulweria aterrima,(Doherty et al. 2016) core source,2014,"""This exercise was conducted between March and September 2015"" seems to refer to the coding of impacts"
Pseudobulweria becki,(Doherty et al. 2016) core source,2014,"""This exercise was conducted between March and September 2015"" seems to refer to the coding of impacts"
Pseudomys fumeus,(Doherty et al. 2016) core source,2014,"""This exercise was conducted between March and September 2015"" seems to refer to the coding of impacts"
Pterodroma alba,(Doherty et al. 2016) core source,2014,"""This exercise was conducted between March and September 2015"" seems to refer to the coding of impacts"
Pterodroma arminjoniana,(Doherty et al. 2016) core source,2014,"""This exercise was conducted between March and September 2015"" seems to refer to the coding of impacts"
Pterodroma baraui,(Doherty et al. 2016) core source,2014,"""This exercise was conducted between March and September 2015"" seems to refer to the coding of impacts"
Pterodroma brevipes,(Doherty et al. 2016) core source,2014,"""This exercise was conducted between March and September 2015"" seems to refer to the coding of impacts"
Pterodroma defilippiana,(Doherty et al. 2016) core source,2014,"""This exercise was conducted between March and September 2015"" seems to refer to the coding of impacts"
Pterodroma externa,(Doherty et al. 2016) core source,2014,"""This exercise was conducted between March and September 2015"" seems to refer to the coding of impacts"
Pterodroma leucoptera,(Doherty et al. 2016) core source,2014,"""This exercise was conducted between March and September 2015"" seems to refer to the coding of impacts"
Pterodroma longirostris,(Doherty et al. 2016) core source,2014,"""This exercise was conducted between March and September 2015"" seems to refer to the coding of impacts"
Pterodroma sandwichensis,(Doherty et al. 2016) core source,2014,"""This exercise was conducted between March and September 2015"" seems to refer to the coding of impacts"
Ptilinopus mercierii,(Doherty et al. 2016) core source,2014,"""This exercise was conducted between March and September 2015"" seems to refer to the coding of impacts"
Puffinus heinrothi,(Doherty et al. 2016) core source,2014,"""This exercise was conducted between March and September 2015"" seems to refer to the coding of impacts"
Puffinus newelli,(Doherty et al. 2016) core source,2014,"""This exercise was conducted between March and September 2015"" seems to refer to the coding of impacts"
Reithrodontomys raviventris,(Doherty et al. 2016) core source,2014,"""This exercise was conducted between March and September 2015"" seems to refer to the coding of impacts"
Reithrodontomys spectabilis,(Doherty et al. 2016) core source,2014,"""This exercise was conducted between March and September 2015"" seems to refer to the coding of impacts"
Scolopax mira,(Doherty et al. 2016) core source,2014,"""This exercise was conducted between March and September 2015"" seems to refer to the coding of impacts"
Sigaloseps ruficauda,(Doherty et al. 2016) core source,2014,"""This exercise was conducted between March and September 2015"" seems to refer to the coding of impacts"
Solenodon marcanoi,(Doherty et al. 2016) core source,2014,"""This exercise was conducted between March and September 2015"" seems to refer to the coding of impacts"
Spheniscus demersus,(Doherty et al. 2016) core source,2014,"""This exercise was conducted between March and September 2015"" seems to refer to the coding of impacts"
Spilogale pygmaea,(Doherty et al. 2016) core source,2014,"""This exercise was conducted between March and September 2015"" seems to refer to the coding of impacts"
Spondylurus monae,(Doherty et al. 2016) core source,2014,"""This exercise was conducted between March and September 2015"" seems to refer to the coding of impacts"
Synthliboramphus scrippsi,(Doherty et al. 2016) core source,2014,"""This exercise was conducted between March and September 2015"" seems to refer to the coding of impacts"
Synthliboramphus wumizusume,(Doherty et al. 2016) core source,2014,"""This exercise was conducted between March and September 2015"" seems to refer to the coding of impacts"
Tarsius dentatus,(Doherty et al. 2016) core source,2014,"""This exercise was conducted between March and September 2015"" seems to refer to the coding of impacts"
Tarsius pelengensis,(Doherty et al. 2016) core source,2014,"""This exercise was conducted between March and September 2015"" seems to refer to the coding of impacts"
Tarsius tarsier,(Doherty et al. 2016) core source,2014,"""This exercise was conducted between March and September 2015"" seems to refer to the coding of impacts"
Thamnophis gigas,(Doherty et al. 2016) core source,2014,"""This exercise was conducted between March and September 2015"" seems to refer to the coding of impacts"
Todiramphus cinnamominus,(Doherty et al. 2016) core source,2014,"""This exercise was conducted between March and September 2015"" seems to refer to the coding of impacts"
Tokudaia osimensis,(Doherty et al. 2016) core source,2014,"""This exercise was conducted between March and September 2015"" seems to refer to the coding of impacts"
Tokudaia tokunoshimensis,(Doherty et al. 2016) core source,2014,"""This exercise was conducted between March and September 2015"" seems to refer to the coding of impacts"
Toxostoma guttatum,(Doherty et al. 2016) core source,2014,"""This exercise was conducted between March and September 2015"" seems to refer to the coding of impacts"
Tropidoscincus aubrianus,(Doherty et al. 2016) core source,2014,"""This exercise was conducted between March and September 2015"" seems to refer to the coding of impacts"
Turdus celaenops,(Doherty et al. 2016) core source,2014,"""This exercise was conducted between March and September 2015"" seems to refer to the coding of impacts"
Turnagra tanagra,(Doherty et al. 2016) core source,2014,"""This exercise was conducted between March and September 2015"" seems to refer to the coding of impacts"
Vini kuhlii,(Doherty et al. 2016) core source,2014,"""This exercise was conducted between March and September 2015"" seems to refer to the coding of impacts"
Vini peruviana,(Doherty et al. 2016) core source,2014,"""This exercise was conducted between March and September 2015"" seems to refer to the coding of impacts"
Xenosaurus platyceps,(Doherty et al. 2016) core source,2014,"""This exercise was conducted between March and September 2015"" seems to refer to the coding of impacts"
Zapornia sandwichensis,(Doherty et al. 2016) core source,2014,"""This exercise was conducted between March and September 2015"" seems to refer to the coding of impacts"
Zenaida graysoni,(Doherty et al. 2016) core source,2014,"""This exercise was conducted between March and September 2015"" seems to refer to the coding of impacts"
Zoothera terrestris,(Doherty et al. 2016) core source,2014,"""This exercise was conducted between March and September 2015"" seems to refer to the coding of impacts"
Zoothera turipavae,(Doherty et al. 2016) core source,2014,"""This exercise was conducted between March and September 2015"" seems to refer to the coding of impacts"
Cyclura carinata,(Doherty et al. 2016) core source,2014,"""This exercise was conducted between March and September 2015"" seems to refer to the coding of impacts"
Hymenolaimus malacorhynchos,(Doherty et al. 2016) core source,2014,"""This exercise was conducted between March and September 2015"" seems to refer to the coding of impacts"
Pterodroma phaeopygia,(Doherty et al. 2016) core source,2014,"""This exercise was conducted between March and September 2015"" seems to refer to the coding of impacts"
Pterodroma phaeopygia,(Doherty et al. 2016) core source,2014,"""This exercise was conducted between March and September 2015"" seems to refer to the coding of impacts"
Leipoa ocellata,(Doherty et al. 2016) core source,2014,"""This exercise was conducted between March and September 2015"" seems to refer to the coding of impacts"
Notomys aquilo,(Doherty et al. 2016) core source,2014,"""This exercise was conducted between March and September 2015"" seems to refer to the coding of impacts"
Notomys fuscus,(Doherty et al. 2016) core source,2014,"""This exercise was conducted between March and September 2015"" seems to refer to the coding of impacts"
Pseudantechinus mimulus,(Doherty et al. 2016) core source,2014,"""This exercise was conducted between March and September 2015"" seems to refer to the coding of impacts"
Sminthopsis butleri,(Doherty et al. 2016) core source,2014,"""This exercise was conducted between March and September 2015"" seems to refer to the coding of impacts"
Potorous gilbertii,(Doherty et al. 2016) core source,2014,"""This exercise was conducted between March and September 2015"" seems to refer to the coding of impacts"
Charadrius obscurus,(Doherty et al. 2016) core source,2014,"""This exercise was conducted between March and September 2015"" seems to refer to the coding of impacts"
Charadrius obscurus,(Doherty et al. 2016) core source,2014,"""This exercise was conducted between March and September 2015"" seems to refer to the coding of impacts"
Charadrius obscurus,(Doherty et al. 2016) core source,2014,"""This exercise was conducted between March and September 2015"" seems to refer to the coding of impacts"
Coleura seychellensis,(Doherty et al. 2016) core source,2014,"""This exercise was conducted between March and September 2015"" seems to refer to the coding of impacts"
Pelecanoides garnotii,(Doherty et al. 2016) core source,2014,"""This exercise was conducted between March and September 2015"" seems to refer to the coding of impacts"
Anas aucklandica,(Doherty et al. 2016) core source,2014,"""This exercise was conducted between March and September 2015"" seems to refer to the coding of impacts"
Aegotheles savesi,(Doherty et al. 2016) core source,2014,"""This exercise was conducted between March and September 2015"" seems to refer to the coding of impacts"
Gallirallus lafresnayanus,(Doherty et al. 2016) core source,2014,"""This exercise was conducted between March and September 2015"" seems to refer to the coding of impacts"
Gymnomyza aubryana,(Doherty et al. 2016) core source,2014,"""This exercise was conducted between March and September 2015"" seems to refer to the coding of impacts"
Rhynochetos jubatus,(Doherty et al. 2016) core source,2014,"""This exercise was conducted between March and September 2015"" seems to refer to the coding of impacts"
Chlidonias albostriatus,(Doherty et al. 2016) core source,2014,"""This exercise was conducted between March and September 2015"" seems to refer to the coding of impacts"
Pterodroma cahow,(Doherty et al. 2016) core source,2014,"""This exercise was conducted between March and September 2015"" seems to refer to the coding of impacts"
Setonix brachyurus,(Doherty et al. 2016) core source,2014,"""This exercise was conducted between March and September 2015"" seems to refer to the coding of impacts"
Oligosoma otagense,(Doherty et al. 2016) core source,2014,"""This exercise was conducted between March and September 2015"" seems to refer to the coding of impacts"
Ptilinopus huttoni,(Doherty et al. 2016) core source,2014,"""This exercise was conducted between March and September 2015"" seems to refer to the coding of impacts"
Lagostrophus fasciatus,(Doherty et al. 2016) core source,2014,"""This exercise was conducted between March and September 2015"" seems to refer to the coding of impacts"
Sternula nereis,(Doherty et al. 2016) core source,2014,"""This exercise was conducted between March and September 2015"" seems to refer to the coding of impacts"
Megapodius nicobariensis,(Doherty et al. 2016) core source,2014,"""This exercise was conducted between March and September 2015"" seems to refer to the coding of impacts"
Burramys parvus,(Doherty et al. 2016) core source,2014,"""This exercise was conducted between March and September 2015"" seems to refer to the coding of impacts"
Synthliboramphus hypoleucus,(Doherty et al. 2016) core source,2014,"""This exercise was conducted between March and September 2015"" seems to refer to the coding of impacts"
Synthliboramphus scrippsi,(Doherty et al. 2016) core source,2014,"""This exercise was conducted between March and September 2015"" seems to refer to the coding of impacts"
Pterodroma externa,(Doherty et al. 2016) core source,2014,"""This exercise was conducted between March and September 2015"" seems to refer to the coding of impacts"
Pterodroma longirostris,(Doherty et al. 2016) core source,2014,"""This exercise was conducted between March and September 2015"" seems to refer to the coding of impacts"
Synthliboramphus craveri,(Doherty et al. 2016) core source,2014,"""This exercise was conducted between March and September 2015"" seems to refer to the coding of impacts"
Corvus kubaryi,(Doherty et al. 2016) core source,2014,"""This exercise was conducted between March and September 2015"" seems to refer to the coding of impacts"
Anas chlorotis,(Doherty et al. 2016) core source,2014,"""This exercise was conducted between March and September 2015"" seems to refer to the coding of impacts"
Phalacrocorax featherstoni,(Doherty et al. 2016) core source,2014,"""This exercise was conducted between March and September 2015"" seems to refer to the coding of impacts"
Pterodroma cookii,(Doherty et al. 2016) core source,2014,"""This exercise was conducted between March and September 2015"" seems to refer to the coding of impacts"
Pterodroma cookii,(Doherty et al. 2016) core source,2014,"""This exercise was conducted between March and September 2015"" seems to refer to the coding of impacts"
Pterodroma cookii,(Doherty et al. 2016) core source,2014,"""This exercise was conducted between March and September 2015"" seems to refer to the coding of impacts"
Macrotis lagotis,(Doherty et al. 2016) core source,2014,"""This exercise was conducted between March and September 2015"" seems to refer to the coding of impacts"
Crocidura trichura,(Doherty et al. 2016) core source,2014,"""This exercise was conducted between March and September 2015"" seems to refer to the coding of impacts"
Didunculus strigirostris,(Doherty et al. 2016) core source,2014,"""This exercise was conducted between March and September 2015"" seems to refer to the coding of impacts"
Numenius tahitiensis,(Doherty et al. 2016) core source,2014,"""This exercise was conducted between March and September 2015"" seems to refer to the coding of impacts"
Mimus graysoni,(Doherty et al. 2016) core source,2014,"""This exercise was conducted between March and September 2015"" seems to refer to the coding of impacts"
Mimus graysoni,(Doherty et al. 2016) core source,2014,"""This exercise was conducted between March and September 2015"" seems to refer to the coding of impacts"
Puffinus auricularis,(Doherty et al. 2016) core source,2014,"""This exercise was conducted between March and September 2015"" seems to refer to the coding of impacts"
Megadyptes antipodes,(Doherty et al. 2016) core source,2014,"""This exercise was conducted between March and September 2015"" seems to refer to the coding of impacts"
Synthliboramphus hypoleucus,(Doherty et al. 2016) core source,2014,"""This exercise was conducted between March and September 2015"" seems to refer to the coding of impacts"
Apteryx australis,(Doherty et al. 2016) core source,2014,"""This exercise was conducted between March and September 2015"" seems to refer to the coding of impacts"
Apteryx mantelli,(Doherty et al. 2016) core source,2014,"""This exercise was conducted between March and September 2015"" seems to refer to the coding of impacts"
Apteryx australis,(Doherty et al. 2016) core source,2014,"""This exercise was conducted between March and September 2015"" seems to refer to the coding of impacts"
Apteryx mantelli,(Doherty et al. 2016) core source,2014,"""This exercise was conducted between March and September 2015"" seems to refer to the coding of impacts"
Gallotia bravoana,(Doherty et al. 2016) core source,2014,"""This exercise was conducted between March and September 2015"" seems to refer to the coding of impacts"
Gallotia simonyi,(Doherty et al. 2016) core source,2014,"""This exercise was conducted between March and September 2015"" seems to refer to the coding of impacts"
Cyclura carinata,(Doherty et al. 2016) core source,2014,"""This exercise was conducted between March and September 2015"" seems to refer to the coding of impacts"
Tupaia nicobarica,(Doherty et al. 2016) core source,2014,"""This exercise was conducted between March and September 2015"" seems to refer to the coding of impacts"
Macrotis lagotis,(Doherty et al. 2016) core source,2014,"""This exercise was conducted between March and September 2015"" seems to refer to the coding of impacts"
Macrotis lagotis,(Doherty et al. 2016) core source,2014,"""This exercise was conducted between March and September 2015"" seems to refer to the coding of impacts"
Macrotis lagotis,(Doherty et al. 2016) core source,2014,"""This exercise was conducted between March and September 2015"" seems to refer to the coding of impacts"
Leporillus conditor,(Doherty et al. 2016) core source,2014,"""This exercise was conducted between March and September 2015"" seems to refer to the coding of impacts"
Macrotis lagotis,(Doherty et al. 2016) core source,2014,"""This exercise was conducted between March and September 2015"" seems to refer to the coding of impacts"
Pterodroma sandwichensis,(Doherty et al. 2016) core source,2014,"""This exercise was conducted between March and September 2015"" seems to refer to the coding of impacts"
Charadrius sanctaehelenae,(Doherty et al. 2016) core source,2014,"""This exercise was conducted between March and September 2015"" seems to refer to the coding of impacts"
Fregata aquila,(Doherty et al. 2016) core source,2014,"""This exercise was conducted between March and September 2015"" seems to refer to the coding of impacts"
Burramys parvus,(Doherty et al. 2016) core source,2014,"""This exercise was conducted between March and September 2015"" seems to refer to the coding of impacts"
Pterodroma sandwichensis,(Doherty et al. 2016) core source,2014,"""This exercise was conducted between March and September 2015"" seems to refer to the coding of impacts"
Pterodroma sandwichensis,(Doherty et al. 2016) core source,2014,"""This exercise was conducted between March and September 2015"" seems to refer to the coding of impacts"
Anas chlorotis,(Doherty et al. 2016) core source,2014,"""This exercise was conducted between March and September 2015"" seems to refer to the coding of impacts"
Dasyurus hallucatus,(Doherty et al. 2016) core source,2014,"""This exercise was conducted between March and September 2015"" seems to refer to the coding of impacts"
Dasyornis brachypterus,(Doherty et al. 2016) core source,2014,"""This exercise was conducted between March and September 2015"" seems to refer to the coding of impacts"
Charadrius sanctaehelenae,(Doherty et al. 2016) core source,2014,"""This exercise was conducted between March and September 2015"" seems to refer to the coding of impacts"
Neophema chrysogaster,(Doherty et al. 2016) core source,2014,"""This exercise was conducted between March and September 2015"" seems to refer to the coding of impacts"
Anas chlorotis,(Doherty et al. 2016) core source,2014,"""This exercise was conducted between March and September 2015"" seems to refer to the coding of impacts"
Cabalus modestus,(Doherty et al. 2016) core source,2014,"""This exercise was conducted between March and September 2015"" seems to refer to the coding of impacts"
Chlidonias albostriatus,(Doherty et al. 2016) core source,2014,"""This exercise was conducted between March and September 2015"" seems to refer to the coding of impacts"
Loxioides bailleui,(Doherty et al. 2016) core source,2014,"""This exercise was conducted between March and September 2015"" seems to refer to the coding of impacts"
Crocidura trichura,(Doherty et al. 2016) core source,2014,"""This exercise was conducted between March and September 2015"" seems to refer to the coding of impacts"
Isoodon auratus,(Doherty et al. 2016) core source,2014,"""This exercise was conducted between March and September 2015"" seems to refer to the coding of impacts"
Anarhynchus frontalis,(Doherty et al. 2016) core source,2014,"""This exercise was conducted between March and September 2015"" seems to refer to the coding of impacts"
Anas aucklandica,(Doherty et al. 2016) core source,2014,"""This exercise was conducted between March and September 2015"" seems to refer to the coding of impacts"
Haematopus chathamensis,(Doherty et al. 2016) core source,2014,"""This exercise was conducted between March and September 2015"" seems to refer to the coding of impacts"
Haematopus chathamensis,(Doherty et al. 2016) core source,2014,"""This exercise was conducted between March and September 2015"" seems to refer to the coding of impacts"
Chilabothrus monensis,(Doherty et al. 2016) core source,2014,"""This exercise was conducted between March and September 2015"" seems to refer to the coding of impacts"
Setonix brachyurus,(Doherty et al. 2016) core source,2014,"""This exercise was conducted between March and September 2015"" seems to refer to the coding of impacts"
Mimus trifasciatus,(Doherty et al. 2016) core source,2014,"""This exercise was conducted between March and September 2015"" seems to refer to the coding of impacts"
Brachylophus vitiensis,(Doherty et al. 2016) core source,2014,"""This exercise was conducted between March and September 2015"" seems to refer to the coding of impacts"
Dierogekko inexpectatus,(Doherty et al. 2016) core source,2014,"""This exercise was conducted between March and September 2015"" seems to refer to the coding of impacts"
Macrotis lagotis,(Doherty et al. 2016) core source,2014,"""This exercise was conducted between March and September 2015"" seems to refer to the coding of impacts"
Pseudomys australis,(Doherty et al. 2016) core source,2014,"""This exercise was conducted between March and September 2015"" seems to refer to the coding of impacts"
Pseudomys australis,(Doherty et al. 2016) core source,2014,"""This exercise was conducted between March and September 2015"" seems to refer to the coding of impacts"
Pseudomys australis,(Doherty et al. 2016) core source,2014,"""This exercise was conducted between March and September 2015"" seems to refer to the coding of impacts"
Loxioides bailleui,(Doherty et al. 2016) core source,2014,"""This exercise was conducted between March and September 2015"" seems to refer to the coding of impacts"
Loxioides bailleui,(Doherty et al. 2016) core source,2014,"""This exercise was conducted between March and September 2015"" seems to refer to the coding of impacts"
Loxioides bailleui,(Doherty et al. 2016) core source,2014,"""This exercise was conducted between March and September 2015"" seems to refer to the coding of impacts"
Loxioides bailleui,(Doherty et al. 2016) core source,2014,"""This exercise was conducted between March and September 2015"" seems to refer to the coding of impacts"
Dasyurus hallucatus,(Doherty et al. 2016) core source,2014,"""This exercise was conducted between March and September 2015"" seems to refer to the coding of impacts"
Loxioides bailleui,(Doherty et al. 2016) core source,2014,"""This exercise was conducted between March and September 2015"" seems to refer to the coding of impacts"
Loxioides bailleui,(Doherty et al. 2016) core source,2014,"""This exercise was conducted between March and September 2015"" seems to refer to the coding of impacts"
Chilabothrus subflavus,(Doherty et al. 2016) core source,2014,"""This exercise was conducted between March and September 2015"" seems to refer to the coding of impacts"
Alsophis rufiventris,(Doherty et al. 2016) core source,2014,"""This exercise was conducted between March and September 2015"" seems to refer to the coding of impacts"
Leiocephalus eremitus,(Doherty et al. 2016) core source,2014,"""This exercise was conducted between March and September 2015"" seems to refer to the coding of impacts"
Chlidonias albostriatus,(Doherty et al. 2016) core source,2014,"""This exercise was conducted between March and September 2015"" seems to refer to the coding of impacts"
Prosobonia cancellata,(Doherty et al. 2016) core source,2014,"""This exercise was conducted between March and September 2015"" seems to refer to the coding of impacts"
Prosobonia parvirostris,(Doherty et al. 2016) core source,2014,"""This exercise was conducted between March and September 2015"" seems to refer to the coding of impacts"
Himantopus novaezelandiae,(Doherty et al. 2016) core source,2014,"""This exercise was conducted between March and September 2015"" seems to refer to the coding of impacts"
Mimus trifasciatus,(Doherty et al. 2016) core source,2014,"""This exercise was conducted between March and September 2015"" seems to refer to the coding of impacts"
Cyclura cornuta,(Doherty et al. 2016) core source,2014,"""This exercise was conducted between March and September 2015"" seems to refer to the coding of impacts"
Caribicus warreni,(Doherty et al. 2016) core source,2014,"""This exercise was conducted between March and September 2015"" seems to refer to the coding of impacts"
Pseudomys australis,(Doherty et al. 2016) core source,2014,"""This exercise was conducted between March and September 2015"" seems to refer to the coding of impacts"
Perameles bougainville,(Doherty et al. 2016) core source,2014,"""This exercise was conducted between March and September 2015"" seems to refer to the coding of impacts"
Perameles bougainville,(Doherty et al. 2016) core source,2014,"""This exercise was conducted between March and September 2015"" seems to refer to the coding of impacts"
Anas chlorotis,(Doherty et al. 2016) core source,2014,"""This exercise was conducted between March and September 2015"" seems to refer to the coding of impacts"
Apteryx mantelli,(Doherty et al. 2016) core source,2014,"""This exercise was conducted between March and September 2015"" seems to refer to the coding of impacts"
Phalacrocorax nigrogularis,(Doherty et al. 2016) core source,2014,"""This exercise was conducted between March and September 2015"" seems to refer to the coding of impacts"
Loxioides bailleui,(Doherty et al. 2016) core source,2014,"""This exercise was conducted between March and September 2015"" seems to refer to the coding of impacts"
Sminthopsis psammophila,(Doherty et al. 2016) core source,2014,"""This exercise was conducted between March and September 2015"" seems to refer to the coding of impacts"
Eudyptes pachyrhynchus,(Doherty et al. 2016) core source,2014,"""This exercise was conducted between March and September 2015"" seems to refer to the coding of impacts"
Spheniscus mendiculus,(Doherty et al. 2016) core source,2014,"""This exercise was conducted between March and September 2015"" seems to refer to the coding of impacts"
Pterodroma sandwichensis,(Doherty et al. 2016) core source,2014,"""This exercise was conducted between March and September 2015"" seems to refer to the coding of impacts"
Sternula nereis,(Doherty et al. 2016) core source,2014,"""This exercise was conducted between March and September 2015"" seems to refer to the coding of impacts"
Mus mayori,(Doherty et al. 2016) core source,2014,"""This exercise was conducted between March and September 2015"" seems to refer to the coding of impacts"
Melamprosops phaeosoma,(Doherty et al. 2016) core source,2014,"""This exercise was conducted between March and September 2015"" seems to refer to the coding of impacts"
Puffinus yelkouan,(Doherty et al. 2016) core source,2014,"""This exercise was conducted between March and September 2015"" seems to refer to the coding of impacts"
Peromyscus caniceps,(Doherty et al. 2016) core source,2014,"""This exercise was conducted between March and September 2015"" seems to refer to the coding of impacts"
Peromyscus pseudocrinitus,(Doherty et al. 2016) core source,2014,"""This exercise was conducted between March and September 2015"" seems to refer to the coding of impacts"
Peromyscus sejugis,(Doherty et al. 2016) core source,2014,"""This exercise was conducted between March and September 2015"" seems to refer to the coding of impacts"
Chlidonias albostriatus,(Doherty et al. 2016) core source,2014,"""This exercise was conducted between March and September 2015"" seems to refer to the coding of impacts"
Himantopus novaezelandiae,(Doherty et al. 2016) core source,2014,"""This exercise was conducted between March and September 2015"" seems to refer to the coding of impacts"
Mystacina tuberculata,(Doherty et al. 2016) core source,2014,"""This exercise was conducted between March and September 2015"" seems to refer to the coding of impacts"
Pomarea mendozae,(Doherty et al. 2016) core source,2014,"""This exercise was conducted between March and September 2015"" seems to refer to the coding of impacts"
Diplothrix legata,(Doherty et al. 2016) core source,2014,"""This exercise was conducted between March and September 2015"" seems to refer to the coding of impacts"
Tokudaia osimensis,(Doherty et al. 2016) core source,2014,"""This exercise was conducted between March and September 2015"" seems to refer to the coding of impacts"
Spheniscus mendiculus,(Doherty et al. 2016) core source,2014,"""This exercise was conducted between March and September 2015"" seems to refer to the coding of impacts"
Pentalagus furnessi,(Doherty et al. 2016) core source,2014,"""This exercise was conducted between March and September 2015"" seems to refer to the coding of impacts"
Pentalagus furnessi,(Doherty et al. 2016) core source,2014,"""This exercise was conducted between March and September 2015"" seems to refer to the coding of impacts"
Hymenolaimus malacorhynchos,(Doherty et al. 2016) core source,2014,"""This exercise was conducted between March and September 2015"" seems to refer to the coding of impacts"
Pterodroma sandwichensis,(Doherty et al. 2016) core source,2014,"""This exercise was conducted between March and September 2015"" seems to refer to the coding of impacts"
Pterodroma sandwichensis,(Doherty et al. 2016) core source,2014,"""This exercise was conducted between March and September 2015"" seems to refer to the coding of impacts"
Pterodroma sandwichensis,(Doherty et al. 2016) core source,2014,"""This exercise was conducted between March and September 2015"" seems to refer to the coding of impacts"
Sternula nereis,(Doherty et al. 2016) core source,2014,"""This exercise was conducted between March and September 2015"" seems to refer to the coding of impacts"
Microgoura meeki,(Doherty et al. 2016) core source,2014,"""This exercise was conducted between March and September 2015"" seems to refer to the coding of impacts"
Diomedea amsterdamensis,(Doherty et al. 2016) core source,2014,"""This exercise was conducted between March and September 2015"" seems to refer to the coding of impacts"
Ducula galeata,(Doherty et al. 2016) core source,2014,"""This exercise was conducted between March and September 2015"" seems to refer to the coding of impacts"
Oligosoma otagense,(Doherty et al. 2016) core source,2014,"""This exercise was conducted between March and September 2015"" seems to refer to the coding of impacts"
Xeromys myoides,(Doherty et al. 2016) core source,2014,"""This exercise was conducted between March and September 2015"" seems to refer to the coding of impacts"
Branta sandvicensis,(Doherty et al. 2016) core source,2014,"""This exercise was conducted between March and September 2015"" seems to refer to the coding of impacts"
Spheniscus humboldti,(Doherty et al. 2016) core source,2014,"""This exercise was conducted between March and September 2015"" seems to refer to the coding of impacts"
Thamnophis gigas,(Doherty et al. 2016) core source,2014,"""This exercise was conducted between March and September 2015"" seems to refer to the coding of impacts"
Pterodroma cahow,(Doherty et al. 2016) core source,2014,"""This exercise was conducted between March and September 2015"" seems to refer to the coding of impacts"
Anas wyvilliana,(Doherty et al. 2016) core source,2014,"""This exercise was conducted between March and September 2015"" seems to refer to the coding of impacts"
Fulica alai,(Doherty et al. 2016) core source,2014,"""This exercise was conducted between March and September 2015"" seems to refer to the coding of impacts"
Megapodius laperouse,(Doherty et al. 2016) core source,2014,"""This exercise was conducted between March and September 2015"" seems to refer to the coding of impacts"
Corvus hawaiiensis,(Doherty et al. 2016) core source,2014,"""This exercise was conducted between March and September 2015"" seems to refer to the coding of impacts"
Podarcis lilfordi,(Doherty et al. 2016) core source,2014,"""This exercise was conducted between March and September 2015"" seems to refer to the coding of impacts"
Procellaria aequinoctialis,(Doherty et al. 2016) core source,2014,"""This exercise was conducted between March and September 2015"" seems to refer to the coding of impacts"
Petroica traversi,(Doherty et al. 2016) core source,2014,"""This exercise was conducted between March and September 2015"" seems to refer to the coding of impacts"
Peromyscus guardia,(Doherty et al. 2016) core source,2014,"""This exercise was conducted between March and September 2015"" seems to refer to the coding of impacts"
Thinornis cucullatus,(Doherty et al. 2016) core source,2014,"""This exercise was conducted between March and September 2015"" seems to refer to the coding of impacts"
Larus fuliginosus,(Doherty et al. 2016) core source,2014,"""This exercise was conducted between March and September 2015"" seems to refer to the coding of impacts"
Bettongia penicillata,(Doherty et al. 2016) core source,2014,"""This exercise was conducted between March and September 2015"" seems to refer to the coding of impacts"
Bettongia tropica,(Doherty et al. 2016) core source,2014,"""This exercise was conducted between March and September 2015"" seems to refer to the coding of impacts"
Burramys parvus,(Doherty et al. 2016) core source,2014,"""This exercise was conducted between March and September 2015"" seems to refer to the coding of impacts"
Caloprymnus campestris,(Doherty et al. 2016) core source,2014,"""This exercise was conducted between March and September 2015"" seems to refer to the coding of impacts"
Chaeropus ecaudatus,(Doherty et al. 2016) core source,2014,"""This exercise was conducted between March and September 2015"" seems to refer to the coding of impacts"
Crocidura trichura,(Doherty et al. 2016) core source,2014,"""This exercise was conducted between March and September 2015"" seems to refer to the coding of impacts"
Dasyurus hallucatus,(Doherty et al. 2016) core source,2014,"""This exercise was conducted between March and September 2015"" seems to refer to the coding of impacts"
Isoodon auratus,(Doherty et al. 2016) core source,2014,"""This exercise was conducted between March and September 2015"" seems to refer to the coding of impacts"
Lagorchestes asomatus,(Doherty et al. 2016) core source,2014,"""This exercise was conducted between March and September 2015"" seems to refer to the coding of impacts"
Lagostrophus fasciatus,(Doherty et al. 2016) core source,2014,"""This exercise was conducted between March and September 2015"" seems to refer to the coding of impacts"
Leporillus apicalis,(Doherty et al. 2016) core source,2014,"""This exercise was conducted between March and September 2015"" seems to refer to the coding of impacts"
Leporillus conditor,(Doherty et al. 2016) core source,2014,"""This exercise was conducted between March and September 2015"" seems to refer to the coding of impacts"
Macrotis lagotis,(Doherty et al. 2016) core source,2014,"""This exercise was conducted between March and September 2015"" seems to refer to the coding of impacts"
Macrotis leucura,(Doherty et al. 2016) core source,2014,"""This exercise was conducted between March and September 2015"" seems to refer to the coding of impacts"
Myrmecobius fasciatus,(Doherty et al. 2016) core source,2014,"""This exercise was conducted between March and September 2015"" seems to refer to the coding of impacts"
Notomys amplus,(Doherty et al. 2016) core source,2014,"""This exercise was conducted between March and September 2015"" seems to refer to the coding of impacts"
Notomys aquilo,(Doherty et al. 2016) core source,2014,"""This exercise was conducted between March and September 2015"" seems to refer to the coding of impacts"
Notomys cervinus,(Doherty et al. 2016) core source,2014,"""This exercise was conducted between March and September 2015"" seems to refer to the coding of impacts"
Notomys longicaudatus,(Doherty et al. 2016) core source,2014,"""This exercise was conducted between March and September 2015"" seems to refer to the coding of impacts"
Notomys macrotis,(Doherty et al. 2016) core source,2014,"""This exercise was conducted between March and September 2015"" seems to refer to the coding of impacts"
Notomys mordax,(Doherty et al. 2016) core source,2014,"""This exercise was conducted between March and September 2015"" seems to refer to the coding of impacts"
Onychogalea fraenata,(Doherty et al. 2016) core source,2014,"""This exercise was conducted between March and September 2015"" seems to refer to the coding of impacts"
Onychogalea lunata,(Doherty et al. 2016) core source,2014,"""This exercise was conducted between March and September 2015"" seems to refer to the coding of impacts"
Perameles bougainville,(Doherty et al. 2016) core source,2014,"""This exercise was conducted between March and September 2015"" seems to refer to the coding of impacts"
Perameles eremiana,(Doherty et al. 2016) core source,2014,"""This exercise was conducted between March and September 2015"" seems to refer to the coding of impacts"
Phascogale pirata,(Doherty et al. 2016) core source,2014,"""This exercise was conducted between March and September 2015"" seems to refer to the coding of impacts"
Potorous gilbertii,(Doherty et al. 2016) core source,2014,"""This exercise was conducted between March and September 2015"" seems to refer to the coding of impacts"
Pseudantechinus mimulus,(Doherty et al. 2016) core source,2014,"""This exercise was conducted between March and September 2015"" seems to refer to the coding of impacts"
Pseudocheirus occidentalis,(Doherty et al. 2016) core source,2014,"""This exercise was conducted between March and September 2015"" seems to refer to the coding of impacts"
Pseudomys australis,(Doherty et al. 2016) core source,2014,"""This exercise was conducted between March and September 2015"" seems to refer to the coding of impacts"
Pseudomys calabyi,(Doherty et al. 2016) core source,2014,"""This exercise was conducted between March and September 2015"" seems to refer to the coding of impacts"
Pseudomys fieldi,(Doherty et al. 2016) core source,2014,"""This exercise was conducted between March and September 2015"" seems to refer to the coding of impacts"
Pseudomys fumeus,(Doherty et al. 2016) core source,2014,"""This exercise was conducted between March and September 2015"" seems to refer to the coding of impacts"
Pseudomys glaucus,(Doherty et al. 2016) core source,2014,"""This exercise was conducted between March and September 2015"" seems to refer to the coding of impacts"
Pseudomys gouldii,(Doherty et al. 2016) core source,2014,"""This exercise was conducted between March and September 2015"" seems to refer to the coding of impacts"
Pseudomys oralis,(Doherty et al. 2016) core source,2014,"""This exercise was conducted between March and September 2015"" seems to refer to the coding of impacts"
Pteropus melanotus,(Doherty et al. 2016) core source,2014,"""This exercise was conducted between March and September 2015"" seems to refer to the coding of impacts"
Setonix brachyurus,(Doherty et al. 2016) core source,2014,"""This exercise was conducted between March and September 2015"" seems to refer to the coding of impacts"
Sminthopsis butleri,(Doherty et al. 2016) core source,2014,"""This exercise was conducted between March and September 2015"" seems to refer to the coding of impacts"
Sminthopsis psammophila,(Doherty et al. 2016) core source,2014,"""This exercise was conducted between March and September 2015"" seems to refer to the coding of impacts"
Xeromys myoides,(Doherty et al. 2016) core source,2014,"""This exercise was conducted between March and September 2015"" seems to refer to the coding of impacts"
Zyzomys palatalis,(Doherty et al. 2016) core source,2014,"""This exercise was conducted between March and September 2015"" seems to refer to the coding of impacts"
Conilurus albipes,(Doherty et al. 2016) core source,2014,"""This exercise was conducted between March and September 2015"" seems to refer to the coding of impacts"
Phascogale pirata,(Doherty et al. 2016) core source,2014,"""This exercise was conducted between March and September 2015"" seems to refer to the coding of impacts"
Phascogale pirata,(Doherty et al. 2016) core source,2014,"""This exercise was conducted between March and September 2015"" seems to refer to the coding of impacts"
Tokudaia muenninki,(Doherty et al. 2016) core source,2014,"""This exercise was conducted between March and September 2015"" seems to refer to the coding of impacts"
Pterodroma madeira,(Doherty et al. 2016) core source,2014,"""This exercise was conducted between March and September 2015"" seems to refer to the coding of impacts"
Leipoa ocellata,(Garnett & Baker 2021) core source,2020,
Turnix olivii,(Garnett & Baker 2021) core source,2020,
Petroica multicolor,(Garnett & Baker 2021) core source,2020,
Zosterops albogularis,(Garnett & Baker 2021) core source,2020,
Zosterops tenuirostris,(Garnett & Baker 2021) core source,2020,
Leipoa ocellata,(Garnett & Baker 2021) core source,2020,
Thinornis cucullatus,(Garnett & Baker 2021) core source,2020,
Petroica multicolor,(Garnett & Baker 2021) core source,2020,
Zosterops tenuirostris,(Garnett & Baker 2021) core source,2020,
Thalassarche steadi,(Garnett & Baker 2021) core source,2020,
Dasyornis longirostris,(Garnett & Baker 2021) core source,2020,
Pterodroma cervicalis,(Garnett & Baker 2021) core source,2020,
Atrichornis clamosus,(Garnett & Baker 2021) core source,2020,
Atrichornis clamosus,(Garnett & Baker 2021) core source,2020,
Petroica multicolor,(Garnett & Baker 2021) core source,2020,
Zosterops tenuirostris,(Garnett & Baker 2021) core source,2020,
Procellaria parkinsoni,(Garnett & Baker 2021) core source,2020,
Leipoa ocellata,(Garnett & Baker 2021) core source,2020,
Turnix olivii,(Garnett & Baker 2021) core source,2020,
Dasyornis longirostris,(Garnett & Baker 2021) core source,2020,
Thinornis cucullatus,(Garnett & Baker 2021) core source,2020,
Dasyornis brachypterus,(Garnett & Baker 2021) core source,2020,
Thinornis cucullatus,(Garnett & Baker 2021) core source,2020,
Dasyornis brachypterus,(Garnett & Baker 2021) core source,2020,
Botaurus poiciloptilus,(Garnett & Baker 2021) core source,2020,
Diomedea antipodensis,(Garnett & Baker 2021) core source,2020,
Leipoa ocellata,(Garnett & Baker 2021) core source,2020,
Neophema chrysogaster,(Garnett & Baker 2021) core source,2020,
Procellaria aequinoctialis,(Garnett & Baker 2021) core source,2020,
Procellaria parkinsoni,(Garnett & Baker 2021) core source,2020,
Pterodroma leucoptera,(Garnett & Baker 2021) core source,2020,
Sterna striata,(Garnett & Baker 2021) core source,2020,
Sternula nereis,(Garnett & Baker 2021) core source,2020,
Zosterops albogularis,(Garnett & Baker 2021) core source,2020,
Amytornis woodwardi,(Garnett & Baker 2021) core source,2020,
Pseudobulweria rostrata,(Garnett & Baker 2021) core source,2020,
Elanus scriptus,(Garnett & Baker 2021) core source,2020,
Elanus scriptus,(Garnett & Baker 2021) core source,2020,
Falco hypoleucos,(Garnett & Baker 2021) core source,2020,
Amytornis dorotheae,(Garnett & Baker 2021) core source,2020,
Thinornis cucullatus,(Garnett & Baker 2021) core source,2020,
Turnix olivii,(Garnett & Baker 2021) core source,2020,
Dasyornis brachypterus,(Garnett & Baker 2021) core source,2020,
Atrichornis clamosus,(Garnett et al. 2011) core source,2010,
Dasyornis longirostris,(Garnett et al. 2011) core source,2010,
Phoebetria fusca,(Garnett et al. 2011) core source,2010,
Turnix olivii,(Garnett et al. 2011) core source,2010,
Neophema chrysogaster,(Garnett et al. 2011) core source,2010,
Pezoporus occidentalis,(Garnett et al. 2011) core source,2010,
Pezoporus occidentalis,(Garnett et al. 2011) core source,2010,
Petroica multicolor,(Garnett et al. 2011) core source,2010,
Turnix olivii,(Garnett et al. 2011) core source,2010,
Pezoporus occidentalis,(Garnett et al. 2011) core source,2010,
Zosterops tenuirostris,(Garnett et al. 2011) core source,2010,
Dasyornis longirostris,(Garnett et al. 2011) core source,2010,
Atrichornis clamosus,(Garnett et al. 2011) core source,2010,
Atrichornis clamosus,(Garnett et al. 2011) core source,2010,
Petroica multicolor,(Garnett et al. 2011) core source,2010,
Dasyornis longirostris,(Garnett et al. 2011) core source,2010,
Dasyornis brachypterus,(Garnett et al. 2011) core source,2010,
Turnix melanogaster,(Garnett et al. 2011) core source,2010,
Diomedea antipodensis,(Garnett et al. 2011) core source,2010,
Diomedea epomophora,(Garnett et al. 2011) core source,2010,
Diomedea exulans,(Garnett et al. 2011) core source,2010,
Leipoa ocellata,(Garnett et al. 2011) core source,2010,
Petroica multicolor,(Garnett et al. 2011) core source,2010,
Phoebetria fusca,(Garnett et al. 2011) core source,2010,
Phoebetria palpebrata,(Garnett et al. 2011) core source,2010,
Sterna striata,(Garnett et al. 2011) core source,2010,
Thalassarche steadi,(Garnett et al. 2011) core source,2010,
Turnix olivii,(Garnett et al. 2011) core source,2010,
Zosterops albogularis,(Garnett et al. 2011) core source,2010,
Elanus scriptus,(Garnett et al. 2011) core source,2010,
Elanus scriptus,(Garnett et al. 2011) core source,2010,
Procellaria cinerea,(Garnett et al. 2011) core source,2010,
Pseudobulweria rostrata,(Garnett et al. 2011) core source,2010,
Pezoporus occidentalis,(Garnett et al. 2011) core source,2010,
Ptychoramphus aleuticus,(Hess 2014) core source,2012,
Puffinus opisthomelas,(Hess 2014) core source,2012,
Phoebastria immutabilis,(Hess 2014) core source,2012,
Traversia lyalli,(Hume 2017) core source,2016,
Traversia lyalli,(Hume 2017) core source,2016,
Traversia lyalli,(Hume 2017) core source,2016,
Traversia lyalli,(Hume 2017) core source,2016,
Microgoura meeki,(Hume 2017) core source,2016,
Mundia elpenor,(Hume 2017) core source,2016,
Nesoenas duboisi,(Hume 2017) core source,2016,
Pezophaps solitaria,(Hume 2017) core source,2016,
Pterodroma rupinarum,(Hume 2017) core source,2016,
Acrocephalus yamashinae,(Hume 2017) core source,2016,
Alopochen mauritiana,(Hume 2017) core source,2016,
Carpodacus ferreorostris,(Hume 2017) core source,2016,
Coturnix novaezelandiae,(Hume 2017) core source,2016,
Dryolimnas augusti,(Hume 2017) core source,2016,
Hypotaenidia pacifica,(Hume 2017) core source,2016,
Mascarenotus murivorus,(Hume 2017) core source,2016,
Necropsittacus rodricanus,(Hume 2017) core source,2016,
Nycticorax mauritianus,(Hume 2017) core source,2016,
Nycticorax megacephalus,(Hume 2017) core source,2016,
Poodytes rufescens,(Hume 2017) core source,2016,
Ptilinopus mercierii,(Hume 2017) core source,2016,
Threskiornis solitarius,(Hume 2017) core source,2016,
Zoothera terrestris,(Hume 2017) core source,2016,
Gallinula nesiotis,(Hume 2017) core source,2016,
Traversia lyalli,(Hume 2017) core source,2016,
Traversia lyalli,(Hume 2017) core source,2016,
Traversia lyalli,(Hume 2017) core source,2016,
Traversia lyalli,(Hume 2017) core source,2016,
Aphanapteryx bonasia,(Hume 2017) core source,2016,
Traversia lyalli,(Hume 2017) core source,2016,
Traversia lyalli,(Hume 2017) core source,2016,
Traversia lyalli,(Hume 2017) core source,2016,
Ptilinopus mercierii,(Hume 2017) core source,2016,
Gallirallus lafresnayanus,(Hume 2017) core source,2016,
Pareudiastes pacificus,(Hume 2017) core source,2016,
Microgoura meeki,(Hume 2017) core source,2016,
Mundia elpenor,(Hume 2017) core source,2016,
Nesoenas duboisi,(Hume 2017) core source,2016,
Pezophaps solitaria,(Hume 2017) core source,2016,
Pterodroma rupinarum,(Hume 2017) core source,2016,
Prosobonia cancellata,(Hume 2017) core source,2016,
Acrocephalus longirostris,(Hume 2017) core source,2016,
Acrocephalus yamashinae,(Hume 2017) core source,2016,
Alopochen mauritiana,(Hume 2017) core source,2016,
Anthornis melanocephala,(Hume 2017) core source,2016,
Cabalus modestus,(Hume 2017) core source,2016,
Carpodacus ferreorostris,(Hume 2017) core source,2016,
Coturnix novaezelandiae,(Hume 2017) core source,2016,
Dryolimnas augusti,(Hume 2017) core source,2016,
Hypotaenidia pacifica,(Hume 2017) core source,2016,
Hypotaenidia poeciloptera,(Hume 2017) core source,2016,
Mascarenotus murivorus,(Hume 2017) core source,2016,
Melamprosops phaeosoma,(Hume 2017) core source,2016,
Mergus australis,(Hume 2017) core source,2016,
Microgoura meeki,(Hume 2017) core source,2016,
Mundia elpenor,(Hume 2017) core source,2016,
Necropsittacus rodricanus,(Hume 2017) core source,2016,
Nesoenas duboisi,(Hume 2017) core source,2016,
Nyctanassa carcinocatactes,(Hume 2017) core source,2016,
Nycticorax mauritianus,(Hume 2017) core source,2016,
Nycticorax megacephalus,(Hume 2017) core source,2016,
Pareudiastes silvestris,(Hume 2017) core source,2016,
Pomarea fluxa,(Hume 2017) core source,2016,
Sephanoides fernandensis,(Hume 2017) core source,2016,
Threskiornis solitarius,(Hume 2017) core source,2016,
Toxostoma guttatum,(Hume 2017) core source,2016,
Turnagra tanagra,(Hume 2017) core source,2016,
Zapornia sandwichensis,(Hume 2017) core source,2016,
Zoothera terrestris,(Hume 2017) core source,2016,
Dysmorodrepanis munroi,(Hume 2017) core source,2016,
Traversia lyalli,(Hume 2017) core source,2016,
Poodytes rufescens,(Hume 2017) core source,2016,
Traversia lyalli,(Hume 2017) core source,2016,
Coenocorypha barrierensis,(Hume 2017) core source,2016,
Leiocephalus eremitus,(Medina et al. 2011) core source,2009,
Puffinus newelli,(Medina et al. 2011) core source,2009,
Cyclura collei,(Medina et al. 2011) core source,2009,
Cyclura lewisi,(Medina et al. 2011) core source,2009,
Cyclura pinguis,(Medina et al. 2011) core source,2009,
Spheniscus demersus,(Medina et al. 2011) core source,2009,
Puffinus mauretanicus,(Medina et al. 2011) core source,2009,
Puffinus mauretanicus,(Medina et al. 2011) core source,2009,
Mimus graysoni,(Medina et al. 2011) core source,2009,
Urosaurus auriculatus,(Medina et al. 2011) core source,2009,
Urosaurus auriculatus,(Medina et al. 2011) core source,2009,
Procellaria parkinsoni,(Medina et al. 2011) core source,2009,
Branta sandvicensis,(Medina et al. 2011) core source,2009,
Corvus hawaiiensis,(Medina et al. 2011) core source,2009,
Loxioides bailleui,(Medina et al. 2011) core source,2009,
Pterodroma magentae,(Medina et al. 2011) core source,2009,
Spheniscus demersus,(Medina et al. 2011) core source,2009,
Acrocephalus rodericanus,(Medina et al. 2011) core source,2009,
Anas aucklandica,(Medina et al. 2011) core source,2009,
Apteryx australis,(Medina et al. 2011) core source,2009,
Charadrius sanctaehelenae,(Medina et al. 2011) core source,2009,
Cyanoramphus forbesi,(Medina et al. 2011) core source,2009,
Diomedea amsterdamensis,(Medina et al. 2011) core source,2009,
Eudyptes pachyrhynchus,(Medina et al. 2011) core source,2009,
Megapodius laperouse,(Medina et al. 2011) core source,2009,
Nesoenas mayeri,(Medina et al. 2011) core source,2009,
Numenius tahitiensis,(Medina et al. 2011) core source,2009,
Palmeria dolei,(Medina et al. 2011) core source,2009,
Pelecanoides garnotii,(Medina et al. 2011) core source,2009,
Pomarea mendozae,(Medina et al. 2011) core source,2009,
Pseudobulweria aterrima,(Medina et al. 2011) core source,2009,
Pseudobulweria macgillivrayi,(Medina et al. 2011) core source,2009,
Pterodroma alba,(Medina et al. 2011) core source,2009,
Pterodroma atrata,(Medina et al. 2011) core source,2009,
Pterodroma defilippiana,(Medina et al. 2011) core source,2009,
Pterodroma externa,(Medina et al. 2011) core source,2009,
Pterodroma madeira,(Medina et al. 2011) core source,2009,
Sephanoides fernandensis,(Medina et al. 2011) core source,2009,
Spheniscus mendiculus,(Medina et al. 2011) core source,2009,
Strigops habroptilus,(Medina et al. 2011) core source,2009,
Turdus celaenops,(Medina et al. 2011) core source,2009,
Zoothera turipavae,(Medina et al. 2011) core source,2009,
Procellaria aequinoctialis,(Medina et al. 2011) core source,2009,
Traversia lyalli,(Medina et al. 2011) core source,2009,
Traversia lyalli,(Medina et al. 2011) core source,2009,
Isoodon auratus,(Medina et al. 2011) core source,2009,
Falco punctatus,(Medina et al. 2011) core source,2009,
Falco punctatus,(Medina et al. 2011) core source,2009,
Podarcis lilfordi,(Medina et al. 2011) core source,2009,
Spheniscus demersus,(Medina et al. 2011) core source,2009,
Neophema chrysogaster,(Medina et al. 2011) core source,2009,
Pterodroma phaeopygia,(Medina et al. 2011) core source,2009,
Pterodroma phaeopygia,(Medina et al. 2011) core source,2009,
Pterodroma magentae,(Medina et al. 2011) core source,2009,
Charadrius obscurus,(Medina et al. 2011) core source,2009,
Charadrius obscurus,(Medina et al. 2011) core source,2009,
Dasycercus cristicauda,(Medina et al. 2011) core source,2009,
Dasyurus geoffroii,(Medina et al. 2011) core source,2009,
Dasyurus maculatus,(Medina et al. 2011) core source,2009,
Lagostrophus fasciatus,(Medina et al. 2011) core source,2009,
Leporillus conditor,(Medina et al. 2011) core source,2009,
Parantechinus apicalis,(Medina et al. 2011) core source,2009,
Pseudomys fieldi,(Medina et al. 2011) core source,2009,
Charadrius obscurus,(Medina et al. 2011) core source,2009,
Coenocorypha aucklandica,(Medina et al. 2011) core source,2009,
Coenocorypha aucklandica,(Medina et al. 2011) core source,2009,
Coenocorypha barrierensis,(Medina et al. 2011) core source,2009,
Thinornis novaeseelandiae,(Medina et al. 2011) core source,2009,
Nesoryzomys darwini,(Medina et al. 2011) core source,2009,
Nesoryzomys indefessus,(Medina et al. 2011) core source,2009,
Peromyscus guardia,(Medina et al. 2011) core source,2009,
Amazona vittata,(Medina et al. 2011) core source,2009,
Pterodroma baraui,(Medina et al. 2011) core source,2009,
Cabalus modestus,(Medina et al. 2011) core source,2009,
Geocapromys thoracatus,(Medina et al. 2011) core source,2009,
Microgoura meeki,(Medina et al. 2011) core source,2009,
Zoothera terrestris,(Medina et al. 2011) core source,2009,
Diomedea epomophora,(Medina et al. 2011) core source,2009,
Phalacrocorax featherstoni,(Medina et al. 2011) core source,2009,
Pterodroma axillaris,(Medina et al. 2011) core source,2009,
Pterodroma cervicalis,(Medina et al. 2011) core source,2009,
Traversia lyalli,(Medina et al. 2011) core source,2009,
Traversia lyalli,(Medina et al. 2011) core source,2009,
Gallotia simonyi,(Medina et al. 2011) core source,2009,
Gallotia simonyi,(Medina et al. 2011) core source,2009,
Gallotia simonyi,(Medina et al. 2011) core source,2009,
Brachylophus bulabula,(Medina et al. 2011) core source,2009,
Brachylophus fasciatus,(Medina et al. 2011) core source,2009,
Brachylophus vitiensis,(Medina et al. 2011) core source,2009,
Pterodroma cookii,(Medina et al. 2011) core source,2009,
Gallotia intermedia,(Medina et al. 2011) core source,2009,
Pterodroma sandwichensis,(Medina et al. 2011) core source,2009,
Cyclura cornuta,(Medina et al. 2011) core source,2009,
Cyclura cychlura,(Medina et al. 2011) core source,2009,
Procellaria parkinsoni,(Medina et al. 2011) core source,2009,
Pterodroma cookii,(Medina et al. 2011) core source,2009,
Procellaria parkinsoni,(Medina et al. 2011) core source,2009,
Cyclura carinata,(Medina et al. 2011) core source,2009,
Pterodroma phaeopygia,(Medina et al. 2011) core source,2009,
Charadrius obscurus,(Medina et al. 2011) core source,2009,
Mimus graysoni,(Medina et al. 2011) core source,2009,
Zenaida graysoni,(Medina et al. 2011) core source,2009,
Diomedea amsterdamensis,(Medina et al. 2011) core source,2009,
Phoebastria immutabilis,(Medina et al. 2011) core source,2009,
Amblyrhynchus cristatus,(Medina et al. 2011) core source,2009,
Amblyrhynchus cristatus,(Medina et al. 2011) core source,2009,
Atopogale cubana,(Medina et al. 2011) core source,2009,
Pterodroma cookii,(Medina et al. 2011) core source,2009,
Mimus graysoni,(Medina et al. 2011) core source,2009,
Puffinus auricularis,(Medina et al. 2011) core source,2009,
Mimus graysoni,(Medina et al. 2011) core source,2009,
Zenaida graysoni,(Medina et al. 2011) core source,2009,
Puffinus auricularis,(Medina et al. 2011) core source,2009,
Megadyptes antipodes,(Medina et al. 2011) core source,2009,
Synthliboramphus hypoleucus,(Medina et al. 2011) core source,2009,
Coenocorypha barrierensis,(Medina et al. 2011) core source,2009,
Coenocorypha barrierensis,(Medina et al. 2011) core source,2009,
Cyclura carinata,(Medina et al. 2011) core source,2009,
Geocapromys thoracatus,(Medina et al. 2011) core source,2009,
Loxioides bailleui,(Medina et al. 2011) core source,2009,
Loxioides bailleui,(Medina et al. 2011) core source,2009,
Loxioides bailleui,(Medina et al. 2011) core source,2009,
Loxioides bailleui,(Medina et al. 2011) core source,2009,
Leiocephalus eremitus,(Medina et al. 2011) core source,2009,
Gallotia simonyi,(Medina et al. 2011) core source,2009,
Urosaurus auriculatus,(Medina et al. 2011) core source,2009,
Zenaida graysoni,(Medina et al. 2011) core source,2009,
Peromyscus pseudocrinitus,(Medina et al. 2011) core source,2009,
Peromyscus pseudocrinitus,(Medina et al. 2011) core source,2009,
Peromyscus pseudocrinitus,(Medina et al. 2011) core source,2009,
Myadestes obscurus,(Medina et al. 2011) core source,2009,
Chasiempis sandwichensis,(Medina et al. 2011) core source,2009,
Ducula galeata,(Medina et al. 2011) core source,2009,
Pterodroma phaeopygia,(Medina et al. 2011) core source,2009,
Procellaria aequinoctialis,(Medina et al. 2011) core source,2009,
Anthornis melanocephala,(Medina et al. 2011) core source,2009,
Traversia lyalli,(Medina et al. 2011) core source,2009,
Myotis vivesi,(Medina et al. 2011) core source,2009,
Peromyscus guardia,(Medina et al. 2011) core source,2009,
Fregata aquila,(Medina et al. 2011) core source,2009,
Pterodroma arminjoniana,(Medina et al. 2011) core source,2009,
Anas wyvilliana,(Medina et al. 2011) core source,2009,
Branta sandvicensis,(Medina et al. 2011) core source,2009,
Chasiempis sandwichensis,(Medina et al. 2011) core source,2009,
Corvus hawaiiensis,(Medina et al. 2011) core source,2009,
Fulica alai,(Medina et al. 2011) core source,2009,
Loxioides bailleui,(Medina et al. 2011) core source,2009,
Loxops coccineus,(Medina et al. 2011) core source,2009,
Myadestes palmeri,(Medina et al. 2011) core source,2009,
Pterodroma sandwichensis,(Medina et al. 2011) core source,2009,
Puffinus newelli,(Medina et al. 2011) core source,2009,
Procellaria aequinoctialis,(Medina et al. 2011) core source,2009,
Procellaria aequinoctialis,(Medina et al. 2011) core source,2009,
Mystacina tuberculata,(Oedin et al. 2021) core source,2019,
Chalinolobus tuberculatus,(Oedin et al. 2021) core source,2019,
Coleura seychellensis,(Oedin et al. 2021) core source,2019,
Falsistrellus tasmaniensis,(Oedin et al. 2021) core source,2019,
Leptonycteris nivalis,(Oedin et al. 2021) core source,2019,
Myotis vivesi,(Oedin et al. 2021) core source,2019,
Phoniscus papuensis,(Oedin et al. 2021) core source,2019,
Phyllonycteris aphylla,(Oedin et al. 2021) core source,2019,
Pipistrellus maderensis,(Oedin et al. 2021) core source,2019,
Pteropus dasymallus,(Oedin et al. 2021) core source,2019,
Pteropus pselaphon,(Oedin et al. 2021) core source,2019,
Pteropus vetula,(Oedin et al. 2021) core source,2019,
Pteropus ornatus,(Oedin et al. 2021) core source,2019,
Mystacina tuberculata,(Oedin et al. 2021) core source,2019,
Pteropus melanotus,(Oedin et al. 2021) core source,2019,
Conilurus albipes,(Radford et al. 2018) core source,2016,
Bettongia penicillata,(Radford et al. 2018) core source,2016,
Phascogale calura,(Radford et al. 2018) core source,2016,
Isoodon auratus,(Radford et al. 2018) core source,2016,
Bettongia lesueur,(Radford et al. 2018) core source,2016,
Dasyurus geoffroii,(Radford et al. 2018) core source,2016,
Leporillus conditor,(Radford et al. 2018) core source,2016,
Parantechinus apicalis,(Radford et al. 2018) core source,2016,
Perameles bougainville,(Radford et al. 2018) core source,2016,
Pseudomys fieldi,(Radford et al. 2018) core source,2016,
Bettongia lesueur,(Radford et al. 2018) core source,2016,
Dasyurus geoffroii,(Radford et al. 2018) core source,2016,
Leporillus conditor,(Radford et al. 2018) core source,2016,
Parantechinus apicalis,(Radford et al. 2018) core source,2016,
Perameles bougainville,(Radford et al. 2018) core source,2016,
Pseudomys fieldi,(Radford et al. 2018) core source,2016,
Pseudomys shortridgei,(Radford et al. 2018) core source,2016,
Conilurus penicillatus,(Radford et al. 2018) core source,2016,
Bettongia lesueur,(Radford et al. 2018) core source,2016,
Dasyurus geoffroii,(Radford et al. 2018) core source,2016,
Leporillus conditor,(Radford et al. 2018) core source,2016,
Parantechinus apicalis,(Radford et al. 2018) core source,2016,
Perameles bougainville,(Radford et al. 2018) core source,2016,
Pseudomys fieldi,(Radford et al. 2018) core source,2016,
Pseudomys shortridgei,(Radford et al. 2018) core source,2016,
Bettongia penicillata,(Radford et al. 2018) core source,2016,
Chaeropus ecaudatus,(Radford et al. 2018) core source,2016,
Dasyurus geoffroii,(Radford et al. 2018) core source,2016,
Isoodon auratus,(Radford et al. 2018) core source,2016,
Leporillus apicalis,(Radford et al. 2018) core source,2016,
Leporillus conditor,(Radford et al. 2018) core source,2016,
Notomys longicaudatus,(Radford et al. 2018) core source,2016,
Perameles bougainville,(Radford et al. 2018) core source,2016,
Phascogale calura,(Radford et al. 2018) core source,2016,
Pseudomys australis,(Radford et al. 2018) core source,2016,
Pseudomys gouldii,(Radford et al. 2018) core source,2016,
Bettongia gaimardi,(Radford et al. 2018) core source,2016,
Mastacomys fuscus,(Radford et al. 2018) core source,2016,
Mesembriomys gouldii,(Radford et al. 2018) core source,2016,
Wyulda squamicaudata,(Radford et al. 2018) core source,2016,
Wyulda squamicaudata,(Radford et al. 2018) core source,2016,
Conilurus penicillatus,(Radford et al. 2018) core source,2016,
Mesembriomys gouldii,(Radford et al. 2018) core source,2016,
Petrogale penicillata,(Radford et al. 2018) core source,2016,
Setonix brachyurus,(Radford et al. 2018) core source,2016,
Bettongia penicillata,(Radford et al. 2018) core source,2016,
Bettongia penicillata,(Radford et al. 2018) core source,2016,
Bettongia penicillata,(Radford et al. 2018) core source,2016,
Bettongia penicillata,(Radford et al. 2018) core source,2016,
Dasyurus hallucatus,(Radford et al. 2018) core source,2016,
Bettongia penicillata,(Radford et al. 2018) core source,2016,
Lagostrophus fasciatus,(Radford et al. 2018) core source,2016,
Perameles bougainville,(Radford et al. 2018) core source,2016,
Dasyurus geoffroii,(Radford et al. 2018) core source,2016,
Bettongia lesueur,(Radford et al. 2018) core source,2016,
Bettongia lesueur,(Radford et al. 2018) core source,2016,
Bettongia lesueur,(Radford et al. 2018) core source,2016,
Bettongia lesueur,(Radford et al. 2018) core source,2016,
Leporillus conditor,(Radford et al. 2018) core source,2016,
Macrotis lagotis,(Radford et al. 2018) core source,2016,
Perameles bougainville,(Radford et al. 2018) core source,2016,
Setonix brachyurus,(Radford et al. 2018) core source,2016,
Conilurus albipes,(Radford et al. 2018) core source,2016,
Perameles bougainville,(Radford et al. 2018) core source,2016,
Bettongia penicillata,(Radford et al. 2018) core source,2016,
Bettongia lesueur,(Radford et al. 2018) core source,2016,
Notomys amplus,(Radford et al. 2018) core source,2016,
Notomys macrotis,(Radford et al. 2018) core source,2016,
Notomys mordax,(Radford et al. 2018) core source,2016,
Notomys robustus,(Radford et al. 2018) core source,2016,
Pseudomys auritus,(Radford et al. 2018) core source,2016,
Pseudomys glaucus,(Radford et al. 2018) core source,2016,
Conilurus penicillatus,(Radford et al. 2018) core source,2016,
Dasyurus hallucatus,(Radford et al. 2018) core source,2016,
Phascogale pirata,(Radford et al. 2018) core source,2016,
Phascogale pirata,(Radford et al. 2018) core source,2016,
Conilurus albipes,(Radford et al. 2018) core source,2016,
Notomys mordax,(Wallach & Lundgren 2025),2022,
Conilurus albipes,(Wallach & Lundgren 2025),2022,
Bettongia anhydra,(Wallach & Lundgren 2025),2022,
Bettongia gaimardi,(Wallach & Lundgren 2025),2022,
Bettongia lesueur,(Wallach & Lundgren 2025),2022,
Bettongia penicillata,(Wallach & Lundgren 2025),2022,
Bettongia tropica,(Wallach & Lundgren 2025),2022,
Caloprymnus campestris,(Wallach & Lundgren 2025),2022,
Chaeropus ecaudatus,(Wallach & Lundgren 2025),2022,
Conilurus albipes,(Wallach & Lundgren 2025),2022,
Dasycercus cristicauda,(Wallach & Lundgren 2025),2022,
Dasyurus viverrinus,(Wallach & Lundgren 2025),2022,
Isoodon auratus,(Wallach & Lundgren 2025),2022,
Lagorchestes asomatus,(Wallach & Lundgren 2025),2022,
Lagostrophus fasciatus,(Wallach & Lundgren 2025),2022,
Leporillus apicalis,(Wallach & Lundgren 2025),2022,
Leporillus conditor,(Wallach & Lundgren 2025),2022,
Macrotis lagotis,(Wallach & Lundgren 2025),2022,
Macrotis leucura,(Wallach & Lundgren 2025),2022,
Myrmecobius fasciatus,(Wallach & Lundgren 2025),2022,
Notomys amplus,(Wallach & Lundgren 2025),2022,
Notomys fuscus,(Wallach & Lundgren 2025),2022,
Notomys longicaudatus,(Wallach & Lundgren 2025),2022,
Notomys macrotis,(Wallach & Lundgren 2025),2022,
Notomys mordax,(Wallach & Lundgren 2025),2022,
Onychogalea fraenata,(Wallach & Lundgren 2025),2022,
Onychogalea lunata,(Wallach & Lundgren 2025),2022,
Parantechinus apicalis,(Wallach & Lundgren 2025),2022,
Parantechinus apicalis,(Wallach & Lundgren 2025),2022,
Perameles bougainville,(Wallach & Lundgren 2025),2022,
Perameles eremiana,(Wallach & Lundgren 2025),2022,
Pseudomys australis,(Wallach & Lundgren 2025),2022,
Pseudomys fieldi,(Wallach & Lundgren 2025),2022,
Pseudomys glaucus,(Wallach & Lundgren 2025),2022,
Onychogalea fraenata,(Wallach & Lundgren 2025),2022,
Setonix brachyurus,(Wallach & Lundgren 2025),2022,
Isoodon auratus,(Wallach & Lundgren 2025),2022,
Pseudomys novaehollandiae,(Wallach & Lundgren 2025),2022,
Dasyurus maculatus,(Wallach & Lundgren 2025),2022,
Bettongia lesueur,(Wallach & Lundgren 2025),2022,
Isoodon auratus,(Wallach & Lundgren 2025),2022,
Pseudocheirus occidentalis,(Wallach & Lundgren 2025),2022,
Pseudomys fumeus,(Wallach & Lundgren 2025),2022,
Dasyurus geoffroii,(Wallach & Lundgren 2025),2022,
Leporillus conditor,(Wallach & Lundgren 2025),2022,
Leporillus conditor,(Wallach & Lundgren 2025),2022,
Dasyurus hallucatus,(Wallach & Lundgren 2025),2022,
Dasyurus hallucatus,(Wallach & Lundgren 2025),2022,
Conilurus penicillatus,(Wallach & Lundgren 2025),2022,
Conilurus penicillatus,(Wallach & Lundgren 2025),2022,
Mesembriomys gouldii,(Wallach & Lundgren 2025),2022,
Bettongia lesueur,(Wallach & Lundgren 2025),2022,
Bettongia lesueur,(Wallach & Lundgren 2025),2022,
Bettongia lesueur,(Wallach & Lundgren 2025),2022,
Bettongia lesueur,(Wallach & Lundgren 2025),2022,
Bettongia penicillata,(Wallach & Lundgren 2025),2022,
Bettongia penicillata,(Wallach & Lundgren 2025),2022,
Bettongia penicillata,(Wallach & Lundgren 2025),2022,
Bettongia penicillata,(Wallach & Lundgren 2025),2022,
Burramys parvus,(Wallach & Lundgren 2025),2022,
Dasycercus cristicauda,(Wallach & Lundgren 2025),2022,
Dasycercus cristicauda,(Wallach & Lundgren 2025),2022,
Dasycercus cristicauda,(Wallach & Lundgren 2025),2022,
Dasycercus cristicauda,(Wallach & Lundgren 2025),2022,
Dasycercus cristicauda,(Wallach & Lundgren 2025),2022,
Dasyurus geoffroii,(Wallach & Lundgren 2025),2022,
Dasyurus hallucatus,(Wallach & Lundgren 2025),2022,
Dasyurus hallucatus,(Wallach & Lundgren 2025),2022,
Dasyurus hallucatus,(Wallach & Lundgren 2025),2022,
Dasyurus hallucatus,(Wallach & Lundgren 2025),2022,
Dasyurus hallucatus,(Wallach & Lundgren 2025),2022,
Dasyurus hallucatus,(Wallach & Lundgren 2025),2022,
Lagostrophus fasciatus,(Wallach & Lundgren 2025),2022,
Macrotis lagotis,(Wallach & Lundgren 2025),2022,
Macrotis lagotis,(Wallach & Lundgren 2025),2022,
Macrotis lagotis,(Wallach & Lundgren 2025),2022,
Mastacomys fuscus,(Wallach & Lundgren 2025),2022,
Myrmecobius fasciatus,(Wallach & Lundgren 2025),2022,
Onychogalea fraenata,(Wallach & Lundgren 2025),2022,
Onychogalea fraenata,(Wallach & Lundgren 2025),2022,
Onychogalea fraenata,(Wallach & Lundgren 2025),2022,
Onychogalea fraenata,(Wallach & Lundgren 2025),2022,
Perameles bougainville,(Wallach & Lundgren 2025),2022,
Petrogale lateralis,(Wallach & Lundgren 2025),2022,
Petrogale penicillata,(Wallach & Lundgren 2025),2022,
Phascogale tapoatafa,(Wallach & Lundgren 2025),2022,
Pteropus melanotus,(Wallach & Lundgren 2025),2022,
Setonix brachyurus,(Wallach & Lundgren 2025),2022,
Setonix brachyurus,(Wallach & Lundgren 2025),2022,
Sminthopsis douglasi,(Wallach & Lundgren 2025),2022,
Sminthopsis douglasi,(Wallach & Lundgren 2025),2022,
Sminthopsis douglasi,(Wallach & Lundgren 2025),2022,
Sminthopsis douglasi,(Wallach & Lundgren 2025),2022,
Sminthopsis douglasi,(Wallach & Lundgren 2025),2022,
Isoodon auratus,(Wallach & Lundgren 2025),2022,
Bettongia gaimardi,(Wallach & Lundgren 2025),2022,
Bettongia gaimardi,(Wallach & Lundgren 2025),2022,
Dasyurus viverrinus,(Wallach & Lundgren 2025),2022,
Notomys fuscus,(Wallach & Lundgren 2025),2022,
Onychogalea fraenata,(Wallach & Lundgren 2025),2022,
Onychogalea fraenata,(Wallach & Lundgren 2025),2022,
Parantechinus apicalis,(Wallach & Lundgren 2025),2022,
Myrmecobius fasciatus,(Wallach & Lundgren 2025),2022,
Bettongia gaimardi,(Wallach & Lundgren 2025),2022,
Macrotis lagotis,(Wallach & Lundgren 2025),2022,
Dasyurus geoffroii,(Wallach & Lundgren 2025),2022,
Notomys fuscus,(Wallach & Lundgren 2025),2022,
Lagostrophus fasciatus,(Wallach & Lundgren 2025),2022,
Onychogalea fraenata,(Wallach & Lundgren 2025),2022,
Setonix brachyurus,(Wallach & Lundgren 2025),2022,
Dasyurus viverrinus,(Wallach & Lundgren 2025),2022,
Onychogalea fraenata,(Wallach & Lundgren 2025),2022,
Bettongia penicillata,(Wallach & Lundgren 2025),2022,
Sminthopsis douglasi,(Wallach & Lundgren 2025),2022,
Sminthopsis douglasi,(Wallach & Lundgren 2025),2022,
Sminthopsis douglasi,(Wallach & Lundgren 2025),2022,
Sminthopsis douglasi,(Wallach & Lundgren 2025),2022,
Dasyurus maculatus,(Wallach & Lundgren 2025),2022,
Dasyurus maculatus,(Wallach & Lundgren 2025),2022,
Potorous tridactylus,(Wallach & Lundgren 2025),2022,
Notomys fuscus,(Wallach & Lundgren 2025),2022,
Notomys fuscus,(Wallach & Lundgren 2025),2022,
Macrotis lagotis,(Wallach & Lundgren 2025),2022,
Macrotis lagotis,(Wallach & Lundgren 2025),2022,
Dasycercus cristicauda,(Wallach & Lundgren 2025),2022,
Bettongia penicillata,(Wallach & Lundgren 2025),2022,
Bettongia penicillata,(Wallach & Lundgren 2025),2022,
Bettongia penicillata,(Wallach & Lundgren 2025),2022,
Bettongia penicillata,(Wallach & Lundgren 2025),2022,
Bettongia penicillata,(Wallach & Lundgren 2025),2022,
Zyzomys pedunculatus,(Wallach & Lundgren 2025),2022,
Sminthopsis douglasi,(Wallach & Lundgren 2025),2022,
Potorous tridactylus,(Wallach & Lundgren 2025),2022,
Potorous tridactylus,(Wallach & Lundgren 2025),2022,
Macrotis lagotis,(Wallach & Lundgren 2025),2022,
Bettongia lesueur,(Wallach & Lundgren 2025),2022,
Dasyurus geoffroii,(Wallach & Lundgren 2025),2022,
Dasyurus geoffroii,(Wallach & Lundgren 2025),2022,
Macrotis lagotis,(Wallach & Lundgren 2025),2022,
Dasyurus geoffroii,(Wallach & Lundgren 2025),2022,
Dasyurus geoffroii,(Wallach & Lundgren 2025),2022,
Dasyurus geoffroii,(Wallach & Lundgren 2025),2022,
Dasyurus geoffroii,(Wallach & Lundgren 2025),2022,
Bettongia lesueur,(Wallach & Lundgren 2025),2022,
Bettongia lesueur,(Wallach & Lundgren 2025),2022,
Bettongia lesueur,(Wallach & Lundgren 2025),2022,
Macrotis lagotis,(Wallach & Lundgren 2025),2022,
Pseudomys australis,(Wallach & Lundgren 2025),2022,
Bettongia penicillata,(Wallach & Lundgren 2025),2022,
Dasyurus geoffroii,(Wallach & Lundgren 2025),2022,
Isoodon auratus,(Wallach & Lundgren 2025),2022,
Macrotis lagotis,(Wallach & Lundgren 2025),2022,
Macrotis lagotis,(Wallach & Lundgren 2025),2022,
Macrotis lagotis,(Wallach & Lundgren 2025),2022,
Bettongia lesueur,(Wallach & Lundgren 2025),2022,
Bettongia lesueur,(Wallach & Lundgren 2025),2022,
Bettongia lesueur,(Wallach & Lundgren 2025),2022,
Bettongia lesueur,(Wallach & Lundgren 2025),2022,
Macrotis lagotis,(Wallach & Lundgren 2025),2022,
Macrotis lagotis,(Wallach & Lundgren 2025),2022,
Bettongia lesueur,(Wallach & Lundgren 2025),2022,
Macrotis lagotis,(Wallach & Lundgren 2025),2022,
Conilurus penicillatus,(Wallach & Lundgren 2025),2022,
Potorous tridactylus,(Wallach & Lundgren 2025),2022,
Dasyurus hallucatus,(Wallach & Lundgren 2025),2022,
Dasyurus hallucatus,(Wallach & Lundgren 2025),2022,
Dasycercus cristicauda,(Wallach & Lundgren 2025),2022,
Macrotis lagotis,(Wallach & Lundgren 2025),2022,
Petrogale lateralis,(Wallach & Lundgren 2025),2022,
Macrotis lagotis,(Wallach & Lundgren 2025),2022,
Macrotis lagotis,(Wallach & Lundgren 2025),2022,
Dasycercus cristicauda,(Wallach & Lundgren 2025),2022,
Macrotis lagotis,(Wallach & Lundgren 2025),2022,
Macrotis lagotis,(Wallach & Lundgren 2025),2022,
Pseudomys australis,(Wallach & Lundgren 2025),2022,
Pseudomys australis,(Wallach & Lundgren 2025),2022,
Pseudomys australis,(Wallach & Lundgren 2025),2022,
Dasyurus hallucatus,(Wallach & Lundgren 2025),2022,
Dasyurus viverrinus,(Wallach & Lundgren 2025),2022,
Dasyurus viverrinus,(Wallach & Lundgren 2025),2022,
Dasycercus cristicauda,(Wallach & Lundgren 2025),2022,
Notomys fuscus,(Wallach & Lundgren 2025),2022,
Pseudomys australis,(Wallach & Lundgren 2025),2022,
Conilurus penicillatus,(Wallach & Lundgren 2025),2022,
Dasyurus hallucatus,(Wallach & Lundgren 2025),2022,
Bettongia penicillata,(Wallach & Lundgren 2025),2022,
Pseudomys australis,(Wallach & Lundgren 2025),2022,
Petrogale lateralis,(Wallach & Lundgren 2025),2022,
Petrogale lateralis,(Wallach & Lundgren 2025),2022,
Potorous tridactylus,(Wallach & Lundgren 2025),2022,
Perameles bougainville,(Wallach & Lundgren 2025),2022,
Perameles bougainville,(Wallach & Lundgren 2025),2022,
Macrotis lagotis,(Wallach & Lundgren 2025),2022,
Dasyurus viverrinus,(Wallach & Lundgren 2025),2022,
Dasyurus viverrinus,(Wallach & Lundgren 2025),2022,
Potorous tridactylus,(Wallach & Lundgren 2025),2022,
Potorous tridactylus,(Wallach & Lundgren 2025),2022,
Phascogale calura,(Wallach & Lundgren 2025),2022,
Bettongia lesueur,(Wallach & Lundgren 2025),2022,
Perameles bougainville,(Wallach & Lundgren 2025),2022,
Leporillus conditor,(Wallach & Lundgren 2025),2022,
Bettongia lesueur,(Wallach & Lundgren 2025),2022,
Phascogale tapoatafa,(Wallach & Lundgren 2025),2022,
Macrotis lagotis,(Wallach & Lundgren 2025),2022,
Antechinus bellus,(Wallach & Lundgren 2025),2022,
Conilurus penicillatus,(Wallach & Lundgren 2025),2022,
Dasyurus hallucatus,(Wallach & Lundgren 2025),2022,
Mesembriomys gouldii,(Wallach & Lundgren 2025),2022,
Sminthopsis butleri,(Wallach & Lundgren 2025),2022,
Zyzomys maini,(Wallach & Lundgren 2025),2022,
Dasyurus hallucatus,(Wallach & Lundgren 2025),2022,
Mesembriomys gouldii,(Wallach & Lundgren 2025),2022,
Sminthopsis bindi,(Wallach & Lundgren 2025),2022,
Dasyurus hallucatus,(Wallach & Lundgren 2025),2022,
Notomys fuscus,(Wallach & Lundgren 2025),2022,
Dasycercus cristicauda,(Wallach & Lundgren 2025),2022,
Notomys fuscus,(Wallach & Lundgren 2025),2022,
Bettongia anhydra,(Wallach & Lundgren 2025),2022,
Bettongia gaimardi,(Wallach & Lundgren 2025),2022,
Bettongia lesueur,(Wallach & Lundgren 2025),2022,
Bettongia penicillata,(Wallach & Lundgren 2025),2022,
Bettongia tropica,(Wallach & Lundgren 2025),2022,
Caloprymnus campestris,(Wallach & Lundgren 2025),2022,
Chaeropus ecaudatus,(Wallach & Lundgren 2025),2022,
Conilurus albipes,(Wallach & Lundgren 2025),2022,
Dasycercus cristicauda,(Wallach & Lundgren 2025),2022,
Dasyurus viverrinus,(Wallach & Lundgren 2025),2022,
Isoodon auratus,(Wallach & Lundgren 2025),2022,
Lagorchestes asomatus,(Wallach & Lundgren 2025),2022,
Lagostrophus fasciatus,(Wallach & Lundgren 2025),2022,
Leporillus apicalis,(Wallach & Lundgren 2025),2022,
Leporillus conditor,(Wallach & Lundgren 2025),2022,
Macrotis lagotis,(Wallach & Lundgren 2025),2022,
Macrotis leucura,(Wallach & Lundgren 2025),2022,
Myrmecobius fasciatus,(Wallach & Lundgren 2025),2022,
Notomys amplus,(Wallach & Lundgren 2025),2022,
Notomys fuscus,(Wallach & Lundgren 2025),2022,
Notomys longicaudatus,(Wallach & Lundgren 2025),2022,
Notomys macrotis,(Wallach & Lundgren 2025),2022,
Notomys mordax,(Wallach & Lundgren 2025),2022,
Onychogalea fraenata,(Wallach & Lundgren 2025),2022,
Onychogalea lunata,(Wallach & Lundgren 2025),2022,
Parantechinus apicalis,(Wallach & Lundgren 2025),2022,
Parantechinus apicalis,(Wallach & Lundgren 2025),2022,
Perameles bougainville,(Wallach & Lundgren 2025),2022,
Perameles eremiana,(Wallach & Lundgren 2025),2022,
Pseudomys australis,(Wallach & Lundgren 2025),2022,
Pseudomys fieldi,(Wallach & Lundgren 2025),2022,
Pseudomys glaucus,(Wallach & Lundgren 2025),2022,
Bettongia penicillata,(Wallach & Lundgren 2025),2022,
Bettongia penicillata,(Wallach & Lundgren 2025),2022,
Dasyurus geoffroii,(Wallach & Lundgren 2025),2022,
Pseudocheirus occidentalis,(Wallach & Lundgren 2025),2022,
Bettongia penicillata,(Wallach & Lundgren 2025),2022,
Dasyurus geoffroii,(Wallach & Lundgren 2025),2022,
Phascogale tapoatafa,(Wallach & Lundgren 2025),2022,
Pseudocheirus occidentalis,(Wallach & Lundgren 2025),2022,
Bettongia penicillata,(Wallach & Lundgren 2025),2022,
Dasyurus geoffroii,(Wallach & Lundgren 2025),2022,
Pseudocheirus occidentalis,(Wallach & Lundgren 2025),2022,
Bettongia penicillata,(Wallach & Lundgren 2025),2022,
Conilurus penicillatus,(Wallach & Lundgren 2025),2022,
Dasyurus hallucatus,(Wallach & Lundgren 2025),2022,
Phascogale pirata,(Wallach & Lundgren 2025),2022,
Phascogale pirata,(Wallach & Lundgren 2025),2022,
Isoodon auratus,(Wallach & Lundgren 2025),2022,
Macrotis lagotis,(Wallach & Lundgren 2025),2022,
Mystacina tuberculata,(Welch & Leppanen 2017) core source,2015,
Chalinolobus tuberculatus,(Welch & Leppanen 2017) core source,2015,
Chalinolobus tuberculatus,(Welch & Leppanen 2017) core source,2015,
Mystacina tuberculata,(Welch & Leppanen 2017) core source,2015,
Pteropus melanotus,(Welch & Leppanen 2017) core source,2015,
Mystacina tuberculata,(Welch & Leppanen 2017) core source,2015,
Pteropus dasymallus,(Welch & Leppanen 2017) core source,2015,
Pteropus dasymallus,(Welch & Leppanen 2017) core source,2015,
Myotis vivesi,(Welch & Leppanen 2017) core source,2015,
Bettongia penicillata,(Woinarski et al. 2014) core source,2013,
Bettongia tropica,(Woinarski et al. 2014) core source,2013,
Burramys parvus,(Woinarski et al. 2014) core source,2013,
Caloprymnus campestris,(Woinarski et al. 2014) core source,2013,
Chaeropus ecaudatus,(Woinarski et al. 2014) core source,2013,
Crocidura trichura,(Woinarski et al. 2014) core source,2013,
Dasyurus hallucatus,(Woinarski et al. 2014) core source,2013,
Isoodon auratus,(Woinarski et al. 2014) core source,2013,
Lagorchestes asomatus,(Woinarski et al. 2014) core source,2013,
Lagostrophus fasciatus,(Woinarski et al. 2014) core source,2013,
Leporillus apicalis,(Woinarski et al. 2014) core source,2013,
Leporillus conditor,(Woinarski et al. 2014) core source,2013,
Macrotis lagotis,(Woinarski et al. 2014) core source,2013,
Macrotis leucura,(Woinarski et al. 2014) core source,2013,
Myrmecobius fasciatus,(Woinarski et al. 2014) core source,2013,
Notomys amplus,(Woinarski et al. 2014) core source,2013,
Notomys aquilo,(Woinarski et al. 2014) core source,2013,
Notomys cervinus,(Woinarski et al. 2014) core source,2013,
Notomys longicaudatus,(Woinarski et al. 2014) core source,2013,
Notomys macrotis,(Woinarski et al. 2014) core source,2013,
Notomys mordax,(Woinarski et al. 2014) core source,2013,
Onychogalea fraenata,(Woinarski et al. 2014) core source,2013,
Onychogalea lunata,(Woinarski et al. 2014) core source,2013,
Perameles bougainville,(Woinarski et al. 2014) core source,2013,
Perameles eremiana,(Woinarski et al. 2014) core source,2013,
Phascogale pirata,(Woinarski et al. 2014) core source,2013,
Potorous gilbertii,(Woinarski et al. 2014) core source,2013,
Pseudantechinus mimulus,(Woinarski et al. 2014) core source,2013,
Pseudocheirus occidentalis,(Woinarski et al. 2014) core source,2013,
Pseudomys australis,(Woinarski et al. 2014) core source,2013,
Pseudomys calabyi,(Woinarski et al. 2014) core source,2013,
Pseudomys fieldi,(Woinarski et al. 2014) core source,2013,
Pseudomys fumeus,(Woinarski et al. 2014) core source,2013,
Pseudomys glaucus,(Woinarski et al. 2014) core source,2013,
Pseudomys gouldii,(Woinarski et al. 2014) core source,2013,
Pseudomys oralis,(Woinarski et al. 2014) core source,2013,
Pteropus melanotus,(Woinarski et al. 2014) core source,2013,
Setonix brachyurus,(Woinarski et al. 2014) core source,2013,
Sminthopsis butleri,(Woinarski et al. 2014) core source,2013,
Sminthopsis psammophila,(Woinarski et al. 2014) core source,2013,
Xeromys myoides,(Woinarski et al. 2014) core source,2013,
Zyzomys palatalis,(Woinarski et al. 2014) core source,2013,
Conilurus albipes,(Woinarski et al. 2014) core source,2013,
Notomys aquilo,(Woinarski et al. 2014) core source,2013,
Zyzomys maini,(Woinarski et al. 2014) core source,2013,
Zyzomys palatalis,(Woinarski et al. 2014) core source,2013,
Mesembriomys gouldii,(Woinarski et al. 2014) core source,2013,
Notomys amplus,(Woinarski et al. 2014) core source,2013,
Notomys macrotis,(Woinarski et al. 2014) core source,2013,
Notomys mordax,(Woinarski et al. 2014) core source,2013,
Notomys robustus,(Woinarski et al. 2014) core source,2013,
Pseudomys auritus,(Woinarski et al. 2014) core source,2013,
Pseudomys glaucus,(Woinarski et al. 2014) core source,2013,
Parantechinus apicalis,(Woinarski et al. 2014) core source,2013,
Parantechinus apicalis,(Woinarski et al. 2014) core source,2013,
Chaeropus ecaudatus,(Woinarski et al. 2014) core source,2013,
Leporillus apicalis,(Woinarski et al. 2014) core source,2013,
Notomys amplus,(Woinarski et al. 2014) core source,2013,
Notomys longicaudatus,(Woinarski et al. 2014) core source,2013,
Perameles eremiana,(Woinarski et al. 2014) core source,2013,
Chaeropus ecaudatus,(Woinarski et al. 2014) core source,2013,
Conilurus albipes,(Woinarski et al. 2014) core source,2013,
Leporillus apicalis,(Woinarski et al. 2014) core source,2013,
Macrotis leucura,(Woinarski et al. 2014) core source,2013,
Notomys amplus,(Woinarski et al. 2014) core source,2013,
Notomys longicaudatus,(Woinarski et al. 2014) core source,2013,
Perameles eremiana,(Woinarski et al. 2014) core source,2013,
Pseudomys shortridgei,(Woinarski et al. 2014) core source,2013,
Bettongia lesueur,(Woinarski et al. 2014) core source,2013,
Leporillus conditor,(Woinarski et al. 2014) core source,2013,
Parantechinus apicalis,(Woinarski et al. 2014) core source,2013,
Perameles bougainville,(Woinarski et al. 2014) core source,2013,
Petrogale burbidgei,(Woinarski et al. 2014) core source,2013,
Pseudomys fieldi,(Woinarski et al. 2014) core source,2013,
Pseudomys oralis,(Woinarski et al. 2014) core source,2013,
Bettongia anhydra,(Woinarski et al. 2014) core source,2013,
Bettongia lesueur,(Woinarski et al. 2014) core source,2013,
Leporillus apicalis,(Woinarski et al. 2014) core source,2013,
Pteropus melanotus,(Woinarski et al. 2014) core source,2013,
Xeromys myoides,(Woinarski et al. 2014) core source,2013,
Notomys macrotis,(Woinarski et al. 2014) core source,2013,
Notomys macrotis,(Woinarski et al. 2014) core source,2013,
Notomys mordax,(Woinarski et al. 2014) core source,2013,
Notomys mordax,(Woinarski et al. 2014) core source,2013,
Notomys mordax,(Woinarski et al. 2014) core source,2013,
Notomys robustus,(Woinarski et al. 2014) core source,2013,
Notomys robustus,(Woinarski et al. 2014) core source,2013,
Onychogalea lunata,(Woinarski et al. 2014) core source,2013,
Perameles eremiana,(Woinarski et al. 2014) core source,2013,
Pseudocheirus occidentalis,(Woinarski et al. 2014) core source,2013,
Pseudomys auritus,(Woinarski et al. 2014) core source,2013,
Pseudomys auritus,(Woinarski et al. 2014) core source,2013,
Pseudomys auritus,(Woinarski et al. 2014) core source,2013,
Pseudomys glaucus,(Woinarski et al. 2014) core source,2013,
Pseudomys shortridgei,(Woinarski et al. 2014) core source,2013,
Conilurus albipes,(Woinarski et al. 2014) core source,2013,
Conilurus albipes,(Woinarski et al. 2014) core source,2013,
Macrotis leucura,(Woinarski et al. 2014) core source,2013,
Conilurus albipes,(Woinarski et al. 2014) core source,2013,
Dasyurus viverrinus,(Woinarski et al. 2014) core source,2013,
Onychogalea fraenata,(Woinarski et al. 2014) core source,2013,
Pseudomys fumeus,(Woinarski et al. 2014) core source,2013,
Parantechinus apicalis,(Woinarski et al. 2014) core source,2013,
Dasyurus geoffroii,(Woinarski et al. 2014) core source,2013,
Onychogalea fraenata,(Woinarski et al. 2014) core source,2013,
Burramys parvus,(Woinarski et al. 2014) core source,2013,
Mastacomys fuscus,(Woinarski et al. 2014) core source,2013,
Petrogale penicillata,(Woinarski et al. 2014) core source,2013,
Pseudomys fumeus,(Woinarski et al. 2014) core source,2013,
Sminthopsis douglasi,(Woinarski et al. 2014) core source,2013,
Dasyurus hallucatus,(Woinarski et al. 2014) core source,2013,
Dasyurus viverrinus,(Woinarski et al. 2014) core source,2013,
Macrotis lagotis,(Woinarski et al. 2014) core source,2013,
Pseudomys shortridgei,(Woinarski et al. 2014) core source,2013,
Sminthopsis psammophila,(Woinarski et al. 2014) core source,2013,
Sminthopsis douglasi,(Woinarski et al. 2014) core source,2013,
Sminthopsis douglasi,(Woinarski et al. 2014) core source,2013,
Dasyurus maculatus,(Woinarski et al. 2014) core source,2013,
Potorous tridactylus,(Woinarski et al. 2014) core source,2013,
Pseudomys fumeus,(Woinarski et al. 2014) core source,2013,
Pseudomys fumeus,(Woinarski et al. 2014) core source,2013,
Burramys parvus,(Woinarski et al. 2014) core source,2013,
Conilurus albipes,(Woinarski et al. 2014) core source,2013,
Pseudomys fumeus,(Woinarski et al. 2014) core source,2013,
Sminthopsis douglasi,(Woinarski et al. 2014) core source,2013,
Sminthopsis douglasi,(Woinarski et al. 2014) core source,2013,
Pseudomys australis,(Woinarski et al. 2014) core source,2013,
Bettongia penicillata,(Woinarski et al. 2014) core source,2013,
Antechinus bellus,(Woinarski et al. 2014) core source,2013,
Bettongia tropica,(Woinarski et al. 2014) core source,2013,
Conilurus penicillatus,(Woinarski et al. 2014) core source,2013,
Crocidura trichura,(Woinarski et al. 2014) core source,2013,
Isoodon auratus,(Woinarski et al. 2014) core source,2013,
Lagorchestes asomatus,(Woinarski et al. 2014) core source,2013,
Lagostrophus fasciatus,(Woinarski et al. 2014) core source,2013,
Mesembriomys gouldii,(Woinarski et al. 2014) core source,2013,
Myrmecobius fasciatus,(Woinarski et al. 2014) core source,2013,
Notomys aquilo,(Woinarski et al. 2014) core source,2013,
Petrogale concinna,(Woinarski et al. 2014) core source,2013,
Petrogale lateralis,(Woinarski et al. 2014) core source,2013,
Potorous gilbertii,(Woinarski et al. 2014) core source,2013,
Pseudantechinus mimulus,(Woinarski et al. 2014) core source,2013,
Pseudomys calabyi,(Woinarski et al. 2014) core source,2013,
Pseudomys gouldii,(Woinarski et al. 2014) core source,2013,
Pseudomys novaehollandiae,(Woinarski et al. 2014) core source,2013,
Pseudomys occidentalis,(Woinarski et al. 2014) core source,2013,
Sminthopsis butleri,(Woinarski et al. 2014) core source,2013,
Wyulda squamicaudata,(Woinarski et al. 2014) core source,2013,
Zyzomys maini,(Woinarski et al. 2014) core source,2013,
Zyzomys palatalis,(Woinarski et al. 2014) core source,2013,
Zyzomys pedunculatus,(Woinarski et al. 2014) core source,2013,
Pseudomys oralis,(Woinarski et al. 2014) core source,2013,
Dasyurus hallucatus,(Woinarski et al. 2014) core source,2013,
Macrotis lagotis,(Woinarski et al. 2014) core source,2013,
Macrotis lagotis,(Woinarski et al. 2014) core source,2013,
Pseudomys australis,(Woinarski et al. 2014) core source,2013,
Dasycercus cristicauda,(Woinarski et al. 2014) core source,2013,
Pseudomys australis,(Woinarski et al. 2014) core source,2013,
Sminthopsis bindi,(Woinarski et al. 2014) core source,2013,
Phascogale calura,(Woinarski et al. 2014) core source,2013,
Notomys cervinus,(Woinarski et al. 2014) core source,2013,
Notomys fuscus,(Woinarski et al. 2014) core source,2013,
Pseudomys oralis,(Woinarski et al. 2014) core source,2013,
Phascogale tapoatafa,(Woinarski et al. 2014) core source,2013,
Phascogale calura,(Woinarski et al. 2014) core source,2013,
Notomys fuscus,(Woinarski et al. 2014) core source,2013,
Pteropus melanotus,(Woinarski et al. 2014) core source,2013,
Xeromys myoides,(Woinarski et al. 2014) core source,2013,
Xeromys myoides,(Woinarski et al. 2014) core source,2013,
Bettongia penicillata,(Woinarski et al. 2014) core source,2013,
Parantechinus apicalis,(Woinarski et al. 2014) core source,2013,
Phascogale pirata,(Woinarski et al. 2014) core source,2013,
Phascogale pirata,(Woinarski et al. 2014) core source,2013,
Puffinus mauretanicus,Opportunistic,2025,
Hydrobates macrodactylus,Opportunistic,2025,
Thinornis novaeseelandiae,Opportunistic,2025,
Strigops habroptilus,Opportunistic,2025,
Cyclura pinguis,Opportunistic,2025,
Isoodon auratus,Opportunistic,2025,
Strigops habroptilus,Opportunistic,2025,
Vini kuhlii,Opportunistic,2025,
Mystacina tuberculata,Opportunistic,2025,
Burramys parvus,Opportunistic,2025,
Fossa fossana,Opportunistic,2025,
Bettongia lesueur,Opportunistic,2025,
Brachylophus vitiensis,Opportunistic,2025,
Vini kuhlii,Opportunistic,2025,
Zyzomys pedunculatus,Opportunistic,2025,
Macrotis lagotis,Opportunistic,2025,
Ctenosaura oedirhina,Opportunistic,2025,
Charadrius bicinctus,Opportunistic,2025,
Brachylophus vitiensis,Opportunistic,2025,
Macrotis lagotis,Opportunistic,2025,
Strigops habroptilus,Opportunistic,2025,
Himantopus novaezelandiae,Opportunistic,2025,
Oligosoma grande,Opportunistic,2025,
Oligosoma otagense,Opportunistic,2025,
Anas aucklandica,Opportunistic,2025,
Cyanoramphus auriceps,Opportunistic,2025,
Lewinia muelleri,Opportunistic,2025,
Strigops habroptilus,Opportunistic,2025,
Caledoniscincus aquilonius,Opportunistic,2025,
Caledoniscincus auratus,Opportunistic,2025,
Caledoniscincus orestes,Opportunistic,2025,
Celatiscincus similis,Opportunistic,2025,
Emoia loyaltiensis,Opportunistic,2025,
Kanakysaurus viviparus,Opportunistic,2025,
Kanakysaurus zebratus,Opportunistic,2025,
Lioscincus steindachneri,Opportunistic,2025,
Lioscincus vivae,Opportunistic,2025,
Marmorosphax taom,Opportunistic,2025,
Phasmasaurus maruia,Opportunistic,2025,
Phasmasaurus tillieri,Opportunistic,2025,
Bettongia tropica,Opportunistic,2025,
Pyrrhula murina,Opportunistic,2025,
Ardenna creatopus,Web of Science,2025,
Dasyurus maculatus,Web of Science,2025,
Calonectris edwardsii,Web of Science,2025,
Megadyptes antipodes,Web of Science,2025,
Megadyptes antipodes,Web of Science,2025,
Loxioides bailleui,Web of Science,2025,
Loxioides bailleui,Web of Science,2025,
Dasyurus maculatus,Web of Science,2025,
Urosaurus auriculatus,Web of Science,2025,
Potorous tridactylus,Web of Science,2025,
Macrotis lagotis,Web of Science,2025,
Cryptoprocta ferox,Web of Science,2025,
Calonectris leucomelas,Web of Science,2025,
Pterodroma brevipes,Web of Science,2025,
Setonix brachyurus,Web of Science,2025,
Dasyurus viverrinus,Web of Science,2025,
Chelonoidis niger,Web of Science,2025,
Bettongia lesueur,Web of Science,2025,
Diomedea exulans,Web of Science,2025,
Diomedea exulans,Web of Science,2025,
Dasyurus maculatus,Web of Science,2025,
Chlidonias albostriatus,Web of Science,2025,
Amerotyphlops tasymicris,Web of Science,2025,
Macrotis lagotis,Web of Science,2025,
Procellaria aequinoctialis,Web of Science,2025,
Procellaria cinerea,Web of Science,2025,
Amazona barbadensis,Web of Science,2025,
Diomedea exulans,Web of Science,2025,
Diomedea exulans,Web of Science,2025,
Numenius tahitiensis,Web of Science,2025,
Pampusana erythroptera,Web of Science,2025,
Prosobonia cancellata,Web of Science,2025,
Bettongia lesueur,Web of Science,2025,
Macrotis lagotis,Web of Science,2025,
Puffinus yelkouan,Web of Science,2025,
Puffinus yelkouan,Web of Science,2025,
Chalinolobus tuberculatus,Web of Science,2025,
Mystacina tuberculata,Web of Science,2025,
Puffinus yelkouan,Web of Science,2025,
Diomedea exulans,Web of Science,2025,
Pterodroma leucoptera,Web of Science,2025,
Cryptoprocta ferox,Web of Science,2025,
Charadrius sanctaehelenae,Web of Science,2025,
Charadrius sanctaehelenae,Web of Science,2025,
Pseudomys novaehollandiae,Web of Science,2025,
Sylvilagus mansuetus,Web of Science,2025,
Lontra felina,Web of Science,2025,
Himantopus novaezelandiae,Web of Science,2025,
Procellaria cinerea,Web of Science,2025,
Ardenna creatopus,Web of Science,2025,
Ardenna creatopus,Web of Science,2025,
Ardenna creatopus,Web of Science,2025,
Dasyurus maculatus,Web of Science,2025,
Corvus hawaiiensis,Web of Science,2025,
Anas eatoni,Web of Science,2025,
Trichechus manatus,Web of Science,2025,
Macrotis lagotis,Web of Science,2025,
Dasyurus maculatus,Web of Science,2025,
Phoebetria palpebrata,Web of Science,2025,
Leporillus conditor,Web of Science,2025,
Leporillus apicalis,Web of Science,2025,
Leporillus conditor,Web of Science,2025,
Puffinus mauretanicus,Web of Science,2025,
Phascogale calura,Web of Science,2025,
Diomedea exulans,Web of Science,2025,
Sterna virgata,Web of Science,2025,
Dasyurus geoffroii,Web of Science,2025,
Chlidonias albostriatus,Web of Science,2025,
Nestor notabilis,Web of Science,2025,
Todiramphus gambieri,Web of Science,2025,
Charadrius obscurus,Web of Science,2025,
Charadrius obscurus,Web of Science,2025,
Pseudobulweria macgillivrayi,Web of Science,2025,
Pterodroma baraui,Web of Science,2025,
Conilurus penicillatus,Web of Science,2025,
Macrotis lagotis,Web of Science,2025,
Nannopterum harrisi,Web of Science,2025,
Spheniscus mendiculus,Web of Science,2025,
Fringilla teydea,Web of Science,2025,
Dasyurus geoffroii,Web of Science,2025,
Petrogale lateralis,Web of Science,2025,
Bettongia lesueur,Web of Science,2025,
Dasycercus cristicauda,Web of Science,2025,
Diomedea exulans,Web of Science,2025,
Procellaria aequinoctialis,Web of Science,2025,
Procellaria cinerea,Web of Science,2025,
Procellaria aequinoctialis,Web of Science,2025,
Pterodroma baraui,Web of Science,2025,
Isoodon auratus,Web of Science,2025,
Eliomys quercinus,Web of Science,2025,
Zosterops albogularis,Web of Science,2025,
Petroica multicolor,Web of Science,2025,
Puffinus yelkouan,Web of Science,2025,
Puffinus yelkouan,Web of Science,2025,
Liopholis kintorei,Web of Science,2025,
Amazona vittata,Web of Science,2025,
Corvus kubaryi,Web of Science,2025,
Eliomys quercinus,Web of Science,2025,
Bettongia gaimardi,Web of Science,2025,
Bettongia penicillata,Web of Science,2025,
Dasyurus viverrinus,Web of Science,2025,
Dasyurus viverrinus,Web of Science,2025,
Dasyurus viverrinus,Web of Science,2025,
Eupleres goudotii,Web of Science,2025,
Salanoia concolor,Web of Science,2025,
Cryptoprocta ferox,Web of Science,2025,
Fossa fossana,Web of Science,2025,
Salanoia concolor,Web of Science,2025,
Cryptoprocta ferox,Web of Science,2025,
Eupleres goudotii,Web of Science,2025,
Salanoia concolor,Web of Science,2025,
Pterodroma baraui,Web of Science,2025,
Ardenna creatopus,Web of Science,2025,
Bettongia penicillata,Web of Science,2025,
Dasyurus geoffroii,Web of Science,2025,
Myrmecobius fasciatus,Web of Science,2025,
Bettongia penicillata,Web of Science,2025,
Varanus komodoensis,Web of Science,2025,
Myotis vivesi,Web of Science,2025,
Litoria raniformis,Web of Science,2025,
Aphelocoma coerulescens,Web of Science,2025,
Apteryx mantelli,Web of Science,2025,
Dasyurus maculatus,Web of Science,2025,
Phascogale calura,Web of Science,2025,
Hypotaenidia okinawae,Web of Science,2025,
Cyanoramphus auriceps,Web of Science,2025,
Bettongia gaimardi,Web of Science,2025,
Setonix brachyurus,Web of Science,2025,
Bavayia septuiclavis,Web of Science,2025,
Cryptoprocta ferox,Web of Science,2025,
Fossa fossana,Web of Science,2025,
Pomarea whitneyi,Web of Science,2025,
Anas aucklandica,Web of Science,2025,
Anas chlorotis,Web of Science,2025,
Apteryx australis,Web of Science,2025,
Apteryx australis,Web of Science,2025,
Apteryx mantelli,Web of Science,2025,
Phoebastria immutabilis,Web of Science,2025,
Pterodroma baraui,Web of Science,2025,
Dasyurus maculatus,Web of Science,2025,
Dasyurus maculatus,Web of Science,2025,
Dasyurus geoffroii,Web of Science,2025,
Dasyurus geoffroii,Web of Science,2025,
Dasyurus maculatus,Web of Science,2025,
Dasyurus maculatus,Web of Science,2025,
Dasyurus maculatus,Web of Science,2025,
Potorous tridactylus,Web of Science,2025,
Aphrastura masafuerae,Web of Science,2025,
Pterodroma feae,Web of Science,2025,
Urocyon littoralis,Web of Science,2025,
Sternula nereis,Web of Science,2025,
Charadrius bicinctus,Web of Science,2025,
Aphrastura masafuerae,Web of Science,2025,
Dasyurus viverrinus,Web of Science,2025,
Urocyon littoralis,Web of Science,2025,
Bettongia penicillata,Web of Science,2025,
Bettongia penicillata,Web of Science,2025,
Dasyurus geoffroii,Web of Science,2025,
Bettongia penicillata,Web of Science,2025,
Myrmecobius fasciatus,Web of Science,2025,
Setonix brachyurus,Web of Science,2025,
Mabuya cochonae,Web of Science,2025,
Mabuya montserratae,Web of Science,2025,
Spondylurus anegadae,Web of Science,2025,
Spondylurus caicosae,Web of Science,2025,
Spondylurus fulgidus,Web of Science,2025,
Spondylurus monae,Web of Science,2025,
Dasyurus hallucatus,Web of Science,2025,
Conilurus penicillatus,Web of Science,2025,
Macrotis lagotis,Web of Science,2025,
Gallotia bravoana,Web of Science,2025,
Dasyurus geoffroii,Web of Science,2025,
Dasyurus maculatus,Web of Science,2025,
Dasyurus viverrinus,Web of Science,2025,
Mastacomys fuscus,Web of Science,2025,
Ornithorhynchus anatinus,Web of Science,2025,
Dasyurus viverrinus,Web of Science,2025,
Saxicola dacotiae,Web of Science,2025,
Dasyurus hallucatus,Web of Science,2025,
Scolopax mira,Web of Science,2025,
Pterodroma phaeopygia,Web of Science,2025,
Pterodroma cahow,Web of Science,2025,
Mimus graysoni,Web of Science,2025,
Zenaida graysoni,Web of Science,2025,
Varanus komodoensis,Web of Science,2025,
Bettongia gaimardi,Web of Science,2025,
Dasyurus maculatus,Web of Science,2025,
Dasyurus viverrinus,Web of Science,2025,
Diomedea dabbenena,Web of Science,2025,
Diomedea exulans,Web of Science,2025,
Phoebetria fusca,Web of Science,2025,
Pseudobulweria aterrima,Web of Science,2025,
Pterodroma baraui,Web of Science,2025,
Pseudobulweria aterrima,Web of Science,2025,
Bettongia penicillata,Web of Science,2025,
Perameles bougainville,Web of Science,2025,
Pezoporus occidentalis,Web of Science,2025,
Puffinus opisthomelas,Web of Science,2025,
Apteryx mantelli,Web of Science,2025,
Megadyptes antipodes,Web of Science,2025,
Megadyptes antipodes,Web of Science,2025,
Cryptoprocta ferox,Web of Science,2025,
Cyclura collei,Web of Science,2025,
Ctenosaura bakeri,Web of Science,2025,
Pezoporus occidentalis,Web of Science,2025,
Pterodroma externa,Web of Science,2025,
Pterodroma longirostris,Web of Science,2025,
Corvus kubaryi,Web of Science,2025,
Cryptoprocta ferox,Web of Science,2025,
Zyzomys pedunculatus,Web of Science,2025,
Podarcis lilfordi,Web of Science,2025,
Macrotis lagotis,Web of Science,2025,
Macrotis lagotis,Web of Science,2025,
Amblyrhynchus cristatus,Web of Science,2025,
Dasyurus maculatus,Web of Science,2025,
Anas wyvilliana,Web of Science,2025,
Dasyurus maculatus,Web of Science,2025,
Dasyurus hallucatus,Web of Science,2025,
Pseudomys australis,Web of Science,2025,
Bettongia penicillata,Web of Science,2025,
Mimus graysoni,Web of Science,2025,
Zenaida graysoni,Web of Science,2025,
Puffinus auricularis,Web of Science,2025,
Megadyptes antipodes,Web of Science,2025,
Crocidura canariensis,Web of Science,2025,
Procellaria aequinoctialis,Web of Science,2025,
Dasyurus geoffroii,Web of Science,2025,
Dasyurus maculatus,Web of Science,2025,
Petrogale lateralis,Web of Science,2025,
Hydrobates macrodactylus,Web of Science,2025,
Ptychoramphus aleuticus,Web of Science,2025,
Puffinus opisthomelas,Web of Science,2025,
Zyzomys pedunculatus,Web of Science,2025,
Dasyurus maculatus,Web of Science,2025,
Potorous tridactylus,Web of Science,2025,
Potorous tridactylus,Web of Science,2025,
Bettongia tropica,Web of Science,2025,
Potorous tridactylus,Web of Science,2025,
Bettongia lesueur,Web of Science,2025,
Apteryx australis,Web of Science,2025,
Apteryx mantelli,Web of Science,2025,
Apteryx haastii,Web of Science,2025,
Apteryx mantelli,Web of Science,2025,
Gallotia intermedia,Web of Science,2025,
Saxicola dacotiae,Web of Science,2025,
Gallotia simonyi,Web of Science,2025,
Dasyurus maculatus,Web of Science,2025,
Dasyurus maculatus,Web of Science,2025,
Potorous tridactylus,Web of Science,2025,
Cryptoprocta ferox,Web of Science,2025,
Cryptoprocta ferox,Web of Science,2025,
Sminthopsis douglasi,Web of Science,2025,
Pterodroma feae,Web of Science,2025,
Potorous tridactylus,Web of Science,2025,
Potorous tridactylus,Web of Science,2025,
Pampusana salamonis,Web of Science,2025,
Pareudiastes silvestris,Web of Science,2025,
Megadyptes antipodes,Web of Science,2025,
Liopholis kintorei,Web of Science,2025,
Macrotis lagotis,Web of Science,2025,
Dasyurus hallucatus,Web of Science,2025,
Haematopus chathamensis,Web of Science,2025,
Varanus komodoensis,Web of Science,2025,
Dasyurus hallucatus,Web of Science,2025,
Dasyurus hallucatus,Web of Science,2025,
Bettongia lesueur,Web of Science,2025,
Bettongia lesueur,Web of Science,2025,
Macrotis lagotis,Web of Science,2025,
Bettongia lesueur,Web of Science,2025,
Dasyurus geoffroii,Web of Science,2025,
Dasyurus geoffroii,Web of Science,2025,
Dasyurus geoffroii,Web of Science,2025,
Dasyurus geoffroii,Web of Science,2025,
Bettongia lesueur,Web of Science,2025,
Dasyurus geoffroii,Web of Science,2025,
Dasyurus viverrinus,Web of Science,2025,
Dasyurus maculatus,Web of Science,2025,
Pezoporus occidentalis,Web of Science,2025,
Calonectris leucomelas,Web of Science,2025,
Conilurus penicillatus,Web of Science,2025,
Bettongia penicillata,Web of Science,2025,
Dasyurus geoffroii,Web of Science,2025,
Phascogale tapoatafa,Web of Science,2025,
Mystacina tuberculata,Web of Science,2025,
Charadrius sanctaehelenae,Web of Science,2025,
Puffinus mauretanicus,Web of Science,2025,
Anas chlorotis,Web of Science,2025,
Botaurus poiciloptilus,Web of Science,2025,
Loxioides bailleui,Web of Science,2025,
Rhynochetos jubatus,Web of Science,2025,
Dasyurus hallucatus,Web of Science,2025,
Dasycercus cristicauda,Web of Science,2025,
Macrotis lagotis,Web of Science,2025,
Dasyurus maculatus,Web of Science,2025,
Elanus scriptus,Web of Science,2025,
Pseudomys australis,Web of Science,2025,
Dasyurus hallucatus,Web of Science,2025,
Dasyurus viverrinus,Web of Science,2025,
Dasyurus viverrinus,Web of Science,2025,
Dasyurus viverrinus,Web of Science,2025,
Dasycercus cristicauda,Web of Science,2025,
Notomys fuscus,Web of Science,2025,
Pseudomys australis,Web of Science,2025,
Isoodon auratus,Web of Science,2025,
Leporillus conditor,Web of Science,2025,
Urocyon littoralis,Web of Science,2025,
Pterodroma phaeopygia,Web of Science,2025,
Urocyon littoralis,Web of Science,2025,
Hypotaenidia sylvestris,Web of Science,2025,
Apteryx mantelli,Web of Science,2025,
Strigops habroptilus,Web of Science,2025,
Leipoa ocellata,Web of Science,2025,
Pseudomys novaehollandiae,Web of Science,2025,
Vini peruviana,Web of Science,2025,
Isoodon auratus,Web of Science,2025,
Pterodroma alba,Web of Science,2025,
Pterodroma sandwichensis,Web of Science,2025,
Apteryx mantelli,Web of Science,2025,
Megadyptes antipodes,Web of Science,2025,
Dasyurus geoffroii,Web of Science,2025,
Leipoa ocellata,Web of Science,2025,
Macrotis lagotis,Web of Science,2025,
Petrogale lateralis,Web of Science,2025,
Petrogale lateralis,Web of Science,2025,
Isoodon auratus,Web of Science,2025,
Potorous tridactylus,Web of Science,2025,
Pterodroma externa,Web of Science,2025,
Pterodroma longirostris,Web of Science,2025,
Calyptophilus tertius,Web of Science,2025,
Apteryx australis,Web of Science,2025,
Apteryx mantelli,Web of Science,2025,
Apteryx mantelli,Web of Science,2025,
Macrotis lagotis,Web of Science,2025,
Bettongia gaimardi,Web of Science,2025,
Onychogalea fraenata,Web of Science,2025,
Charadrius bicinctus,Web of Science,2025,
Himantopus novaezelandiae,Web of Science,2025,
Bettongia lesueur,Web of Science,2025,
Megadyptes antipodes,Web of Science,2025,
Procellaria aequinoctialis,Web of Science,2025,
Mystacina tuberculata,Web of Science,2025,
Megadyptes antipodes,Web of Science,2025,
Calonectris edwardsii,Web of Science,2025,
Pterodroma feae,Web of Science,2025,
Pterodroma madeira,Web of Science,2025,
Diplothrix legata,Web of Science,2025,
Pentalagus furnessi,Web of Science,2025,
Tokudaia osimensis,Web of Science,2025,
Isoodon auratus,Web of Science,2025,
Bettongia lesueur,Web of Science,2025,
Perameles bougainville,Web of Science,2025,
Leporillus conditor,Web of Science,2025,
Bettongia lesueur,Web of Science,2025,
Leporillus conditor,Web of Science,2025,
Larosterna inca,Web of Science,2025,
Pelecanoides garnotii,Web of Science,2025,
Spheniscus humboldti,Web of Science,2025,
Mastacomys fuscus,Web of Science,2025,
Pseudomys shortridgei,Web of Science,2025,
Pseudomys novaehollandiae,Web of Science,2025,
Isoodon auratus,Web of Science,2025,
Petrogale lateralis,Web of Science,2025,
Petrogale penicillata,Web of Science,2025,
Chlidonias albostriatus,Web of Science,2025,
Macrotis lagotis,Web of Science,2025,
Macrotis lagotis,Web of Science,2025,
Bettongia lesueur,Web of Science,2025,
Bettongia lesueur,Web of Science,2025,
Dasyurus geoffroii,Web of Science,2025,
Plestiodon longirostris,Web of Science,2025,
Bettongia lesueur,Web of Science,2025,
Coccyzus ferrugineus,Web of Science,2025,
Eurydactylodes vieillardi,Web of Science,2025,
Kanakysaurus viviparus,Web of Science,2025,
Marmorosphax taom,Web of Science,2025,
Dasyurus geoffroii,Web of Science,2025,
Oligosoma grande,Web of Science,2025,
Oligosoma otagense,Web of Science,2025,
Xeromys myoides,Web of Science,2025,
Puffinus yelkouan,Web of Science,2025,
Dasyurus hallucatus,Web of Science,2025,
Plestiodon longirostris,Web of Science,2025,
Dasyurus geoffroii,Web of Science,2025,
Macrotis lagotis,Web of Science,2025,
Acrocephalus aequinoctialis,Web of Science,2025,
Spheniscus demersus,Web of Science,2025,
Coenocorypha aucklandica,Web of Science,2025,
Coenocorypha barrierensis,Web of Science,2025,
Procellaria parkinsoni,Web of Science,2025,
Pterodroma cookii,Web of Science,2025,
Caloprymnus campestris,Web of Science,2025,
Macrotis lagotis,Web of Science,2025,
Macrotis leucura,Web of Science,2025,
Notomys cervinus,Web of Science,2025,
Notomys fuscus,Web of Science,2025,
Notomys macrotis,Web of Science,2025,
Pseudomys australis,Web of Science,2025,
Dasycercus cristicauda,Web of Science,2025,
Notomys fuscus,Web of Science,2025,
Dasyurus geoffroii,Web of Science,2025,
Phascogale tapoatafa,Web of Science,2025,
Pseudocheirus occidentalis,Web of Science,2025,
Pseudocheirus occidentalis,Web of Science,2025,
Pseudomys novaehollandiae,Web of Science,2025,
Mystacina tuberculata,Web of Science,2025,
Bettongia lesueur,Web of Science,2025,
Bettongia tropica,Web of Science,2025,
Synthliboramphus scrippsi,Web of Science,2025,
Synthliboramphus craveri,Web of Science,2025,
Synthliboramphus hypoleucus,Web of Science,2025,
Synthliboramphus scrippsi,Web of Science,2025,
Bettongia penicillata,Web of Science,2025,
Conilurus penicillatus,Web of Science,2025,
Dasyurus hallucatus,Web of Science,2025,
Phascogale pirata,Web of Science,2025,
Phascogale pirata,Web of Science,2025,
Branta sandvicensis,Web of Science,2025,
Corvus hawaiiensis,Web of Science,2025,
Branta sandvicensis,Web of Science,2025,
Spheniscus demersus,Web of Science,2025,
Sternula lorata,Web of Science,2025,
Pterodroma madeira,Web of Science,2025,
Dasyurus geoffroii,Web of Science,2025,
Dasyurus maculatus,Web of Science,2025,
