"","scientificName","spp_name_corrected","assessmentId","internalTaxonId","realm","systems","assessmentDate","redlistCategory","criteriaVersion","populationTrend","Synonyms_or_previous_lump","Cat_effect","EXCLUDE_cats_not_attributed","Web_of_Science_no_claim","Snowball","Wallach_AU_mammal_no_claim","Opportunistic","IUCN_references","Doherty_references0_NA","Dickman_AU_mammal","Medina_references0_NA","Woinarski_AU_mammal","Garnett2020_AU_birds","Garnett2010_AU_birds","Alberts_iguanas","Oedin_bats","Welch_bats","Hume_EX_birds","Hess","Search_conducted","Mass_g_final","exclude_species","class"
"1","Acrocephalus aequinoctialis","Acrocephalus aequinoctialis",149571193,22714802,"Oceanian","Terrestrial","2019-07-26 00:00:00 UTC","Endangered",3.1,"Decreasing",NA,"Predation",NA,1,NA,"",NA,0,1,"",NA,"","","","","","","",NA,"2025-06-01T00:00:00Z",25,"included_species","Birds"
"2","Acrocephalus hiwae","Acrocephalus hiwae",242055637,103780118,"Oceanian","Terrestrial|Freshwater (=Inland waters)","2024-02-26 00:00:00 UTC","Endangered",3.1,"Decreasing",NA,"Predation",NA,0,NA,"",NA,3,NA,"",NA,"","","","","","","",NA,"2025-07-01T00:00:00Z",35.6,"included_species","Birds"
"3","Acrocephalus longirostris","Acrocephalus longirostris",154471605,22735588,"Oceanian","Terrestrial","2019-07-15 00:00:00 UTC","Critically Endangered",3.1,"Unknown",NA,"Predation",NA,0,NA,"",NA,2,NA,"",NA,"","","","","","","0",NA,"2025-05-01T00:00:00Z",43.8,"included_species","Birds"
"4","Acrocephalus musae","Acrocephalus musae",243950218,22735592,"Oceanian","Terrestrial","2023-08-29 00:00:00 UTC","Extinct",3.1,"",NA,"Predation",NA,0,NA,"",NA,1,NA,"",NA,"","","","","","","Not attributed",NA,"2025-05-01T00:00:00Z",NA,"included_species","Birds"
"5","Acrocephalus rimitarae","Acrocephalus rimitarae",171783171,22714826,"Oceanian","Terrestrial|Freshwater (=Inland waters)","2020-04-08 00:00:00 UTC","Critically Endangered",3.1,"Decreasing","Acrocephalus rimatarae","Predation",NA,0,1,"",NA,2,NA,"",NA,"","","","","","","",NA,"2025-06-01T00:00:00Z",26.5,"included_species","Birds"
"6","Acrocephalus rodericanus","Acrocephalus rodericanus",94431545,22714874,"Afrotropical","Terrestrial","2016-10-01 00:00:00 UTC","Near Threatened",3.1,"Increasing","Bebrornis rodericanus rodericanus","Predation",NA,0,NA,"",NA,1,NA,"",1,"","","","","","","",NA,"2025-03-01T00:00:00Z",11.8,"included_species","Birds"
"7","Acrocephalus vaughani","Acrocephalus vaughani",180626682,22714832,"Oceanian","Terrestrial","2020-08-03 00:00:00 UTC","Endangered",3.1,"Decreasing",NA,"Predation",NA,0,NA,"",NA,1,1,"",NA,"","","","","","","",NA,"2025-07-01T00:00:00Z",24.37,"included_species","Birds"
"8","Acrocephalus yamashinae","Acrocephalus yamashinae",241594199,103780103,"Oceanian","Terrestrial|Freshwater (=Inland waters)","2023-08-04 00:00:00 UTC","Extinct",3.1,"","","Predation",NA,0,NA,"",NA,1,NA,"",NA,"","","","","","","0",NA,"2025-05-01T00:00:00Z",NA,"included_species","Birds"
"9","Aegotheles savesi","Aegotheles savesi",129328996,22689559,"Oceanian","Terrestrial","2016-10-01 00:00:00 UTC","Critically Endangered",3.1,"Decreasing",NA,"Predation",NA,0,NA,"",NA,0,2,"",NA,"","","","","","","",NA,"2025-04-01T00:00:00Z",52,"included_species","Birds"
"10","Agelaius xanthomus","Agelaius xanthomus",180529449,22724209,"Neotropical","Terrestrial","2020-08-27 00:00:00 UTC","Endangered",3.1,"Decreasing",NA,"Predation",NA,0,NA,"",NA,0,NA,"",NA,"","","","","","","",NA,"2025-07-01T00:00:00Z",38.4,"included_species","Birds"
"11","Algyroides marchi","Algyroides marchi",137842545,840,"Palearctic","Terrestrial","2022-10-08 00:00:00 UTC","Endangered",3.1,"Decreasing",NA,"Predation",NA,0,NA,"",NA,0,1,"",NA,"","","","","","","",NA,"2025-06-01T00:00:00Z",NA,"included_species","Reptiles"
"12","Alopochen mauritiana","Alopochen mauritiana",246374796,22728658,"Afrotropical","Freshwater (=Inland waters)","2023-10-06 00:00:00 UTC","Extinct",3.1,"","Alopochen mauritianus","Predation",NA,0,NA,"",NA,1,NA,"",NA,"","","","","","","0",NA,"2025-05-01T00:00:00Z",NA,"included_species","Birds"
"13","Alsophis rijgersmaei","Alsophis rijgersmaei",115053801,941,"Neotropical","Terrestrial","2015-07-20 00:00:00 UTC","Endangered",3.1,"Decreasing","Alsophis rijersmai","Predation",NA,0,NA,"",NA,0,NA,"",NA,"","","","","","","",NA,"2025-04-01T00:00:00Z",NA,"included_species","Reptiles"
"14","Alsophis rufiventris","Alsophis rufiventris",115053994,942,"Neotropical","Terrestrial","2015-07-21 00:00:00 UTC","Vulnerable",3.1,"Stable","Dromicus rufiventris","Predation",NA,0,NA,"",NA,0,2,"",NA,"","","","","","","",NA,"2025-04-01T00:00:00Z",NA,"included_species","Reptiles"
"15","Amazona barbadensis","Amazona barbadensis",198373501,22686325,"Neotropical","Terrestrial","2021-07-06 00:00:00 UTC","Near Threatened",3.1,"Decreasing",NA,"Predation",NA,1,NA,"",NA,1,1,"",NA,"","","","","","","Not attributed",NA,"2025-05-01T00:00:00Z",270,"included_species","Birds"
"16","Amazona vittata","Amazona vittata",179276011,22686239,"Neotropical","Terrestrial","2020-08-27 00:00:00 UTC","Critically Endangered",3.1,"Increasing",NA,"Predation",NA,1,NA,"",NA,1,1,"",1,"","","","","","","Not attributed",NA,"2025-05-01T00:00:00Z",279.28,"included_species","Birds"
"17","Amblyrhynchus cristatus","Amblyrhynchus cristatus",177552193,1086,"Neotropical","Terrestrial|Marine","2019-12-01 00:00:00 UTC","Vulnerable",3.1,"Decreasing",NA,"Predation",NA,1,1,"",NA,3,2,"",2,"","","","","","","",NA,"2025-06-01T00:00:00Z",NA,"included_species","Reptiles"
"18","Ameiva provitaae","Ameiva provitaae",50008982,50008980,"Neotropical","Terrestrial","2014-11-26 00:00:00 UTC","Endangered",3.1,"Decreasing",NA,"Predation",NA,0,NA,"",NA,0,NA,"",NA,"","","","","","","",NA,"2025-03-01T00:00:00Z",NA,"included_species","Reptiles"
"19","Amerotyphlops tasymicris","Amerotyphlops tasymicris",115333951,194268,"Neotropical","Terrestrial","2011-01-26 00:00:00 UTC","Endangered",3.1,"Unknown","Typhlops tasymicris","Predation",NA,1,NA,"",NA,1,NA,"",NA,"","","","","","","",NA,"2025-04-01T00:00:00Z",NA,"included_species","Reptiles"
"20","Amytornis ballarae","Amytornis ballarae",211119632,22735654,"Australasian","Terrestrial","2021-11-23 00:00:00 UTC","Vulnerable",3.1,"Decreasing",NA,"Predation",NA,0,NA,"",NA,1,NA,"",NA,"","","","","","","",NA,"2025-07-01T00:00:00Z",20.97,"included_species","Birds"
"21","Amytornis dorotheae","Amytornis dorotheae",213217656,22703786,"Australasian","Terrestrial","2022-01-24 00:00:00 UTC","Vulnerable",3.1,"Decreasing",NA,"Predation",NA,0,NA,"",NA,1,NA,"",NA,"","1","Not attributed","","","","",NA,"2025-05-01T00:00:00Z",23.22,"included_species","Birds"
"22","Amytornis merrotsyi","Amytornis merrotsyi",211877212,22732155,"Australasian","Terrestrial","2021-12-13 00:00:00 UTC","Near Threatened",3.1,"Decreasing",NA,"Predation",NA,0,NA,"",NA,1,NA,"",NA,"","Not attributed","Not attributed","","","","",NA,"2025-05-01T00:00:00Z",19.64,"included_species","Birds"
"23","Anadia bogotensis","Anadia bogotensis",44578157,44578148,"Neotropical","Terrestrial","2013-10-22 00:00:00 UTC","Near Threatened",3.1,"Decreasing","Ecpleopus bogotensis","Predation",NA,0,NA,"",NA,0,NA,"",NA,"","","","","","","",NA,"2025-02-01T00:00:00Z",NA,"included_species","Reptiles"
"24","Anairetes fernandezianus","Anairetes fernandezianus",226451282,22699401,"Neotropical","Terrestrial","2023-05-17 00:00:00 UTC","Endangered",3.1,"Decreasing",NA,"Predation",NA,0,NA,"",NA,2,NA,"",NA,"","","","","","","",NA,"2025-07-01T00:00:00Z",6.85,"included_species","Birds"
"25","Anarhynchus frontalis","Anarhynchus frontalis",131876706,22693928,"Oceanian","Freshwater (=Inland waters)|Marine","2018-08-07 00:00:00 UTC","Vulnerable",3.1,"Decreasing",NA,"Predation",NA,0,NA,"",NA,1,2,"",NA,"","","","","","","",NA,"2025-04-01T00:00:00Z",57.64,"included_species","Birds"
"26","Anas aucklandica","Anas aucklandica",194816119,22680280,"Australasian","Freshwater (=Inland waters)","2021-01-20 00:00:00 UTC","Near Threatened",3.1,"Stable",NA,"Predation",NA,1,3,"",NA,2,2,"",1,"","","","","","","",NA,"2025-06-01T00:00:00Z",499.09,"included_species","Birds"
"27","Anas chlorotis","Anas chlorotis",182985187,22728303,"Oceanian","Terrestrial|Freshwater (=Inland waters)|Marine","2020-08-24 00:00:00 UTC","Near Threatened",3.1,"Increasing",NA,"Predation",NA,2,7,"",NA,5,4,"",NA,"","","","","","","",NA,"2025-07-01T00:00:00Z",499.09,"included_species","Birds"
"28","Anas eatoni","Anas eatoni",92854679,22680306,"Afrotropical|Antarctic","Freshwater (=Inland waters)|Marine","2016-10-01 00:00:00 UTC","Vulnerable",3.1,"Decreasing",NA,"Predation",NA,1,1,"",NA,1,1,"",NA,"","","","","","","",NA,"2025-03-01T00:00:00Z",944.62,"included_species","Birds"
"29","Anas wyvilliana","Anas wyvilliana",221561950,22680199,"Oceanian","Terrestrial|Freshwater (=Inland waters)|Marine","2023-07-04 00:00:00 UTC","Vulnerable",3.1,"Increasing",NA,"Predation",NA,1,5,"",NA,1,2,"",1,"","","","","","","",NA,"2025-07-01T00:00:00Z",843.42,"included_species","Birds"
"30","Anolis bicaorum","Anolis bicaorum",2760000,203080,"Neotropical","Terrestrial","2012-05-07 00:00:00 UTC","Critically Endangered",3.1,"Stable","Anolis lemurinus, Norops bicaorum","Predation",NA,0,NA,"",NA,0,NA,"",NA,"","","","","","","",NA,"2025-01-01T00:00:00Z",NA,"included_species","Reptiles"
"31","Anolis brunneus","Anolis brunneus",75171481,74994610,"Neotropical","Terrestrial","2015-07-22 00:00:00 UTC","Near Threatened",3.1,"Stable","Anolis principalis brunneus","Predation",NA,0,NA,"",NA,1,NA,"",NA,"","","","","","","",NA,"2025-03-01T00:00:00Z",NA,"included_species","Reptiles"
"32","Anolis gorgonae","Anolis gorgonae",44577366,44577361,"Neotropical","Terrestrial","2013-10-22 00:00:00 UTC","Near Threatened",3.1,"Decreasing","Dactyloa gorgonae","Predation",NA,0,NA,"",NA,0,NA,"",NA,"","","","","","","",NA,"2025-02-01T00:00:00Z",NA,"included_species","Reptiles"
"33","Anolis lividus","Anolis lividus",75171676,74995754,"Neotropical","Terrestrial","2015-07-21 00:00:00 UTC","Near Threatened",3.1,"Decreasing","Ctenonotus lividus","Predation",NA,0,NA,"",NA,0,NA,"",NA,"","","","","","","",NA,"2025-03-01T00:00:00Z",NA,"included_species","Reptiles"
"34","Anolis nelsoni","Anolis nelsoni",75171736,74995991,"Neotropical","Terrestrial","2020-01-10 00:00:00 UTC","Critically Endangered",3.1,"Decreasing","Norops nelsoni","Predation",NA,0,NA,"",NA,0,NA,"",NA,"","","","","","","",NA,"2025-03-01T00:00:00Z",NA,"included_species","Reptiles"
"35","Anolis pigmaequestris","Anolis pigmaequestris",75171771,75084777,"Neotropical","Terrestrial","2016-08-30 00:00:00 UTC","Endangered",3.1,"Unknown","Deiroptyx pigmaequestris","Predation",NA,0,NA,"",NA,0,NA,"",NA,"","","","","","","",NA,"2025-03-01T00:00:00Z",NA,"included_species","Reptiles"
"36","Antechinus bellus","Antechinus bellus",21946388,40523,"Australasian","Terrestrial","2014-03-15 00:00:00 UTC","Vulnerable",3.1,"Decreasing",NA,"Predation",NA,0,NA,"1",NA,1,NA,"Cats not mentioned",NA,"0","","","","","","",NA,"2025-01-01T00:00:00Z",44.5,"included_species","Mammals"
"37","Anthornis melanocephala","Anthornis melanocephala",246163701,22728814,"Australasian","Terrestrial","2023-09-29 00:00:00 UTC","Extinct",3.1,"",NA,"Predation",NA,0,NA,"",NA,1,2,"",1,"","","","","","","0",NA,"2025-06-01T00:00:00Z",NA,"included_species","Birds"
"38","Antillotyphlops monastus","Antillotyphlops monastus",115492884,75607344,"Neotropical","Terrestrial","2015-07-23 00:00:00 UTC","Near Threatened",3.1,"Decreasing","Typhlops monastus","Predation",NA,0,NA,"",NA,0,NA,"",NA,"","","","","","","",NA,"2025-04-01T00:00:00Z",NA,"included_species","Reptiles"
"39","Antillotyphlops richardii","Antillotyphlops richardii",217812615,75607416,"Neotropical","Terrestrial","2015-07-23 00:00:00 UTC","Near Threatened",3.1,"Decreasing","Typhlops richardi, Typhlops richardii","Predation",NA,0,NA,"",NA,0,NA,"",NA,"","","","","","","",NA,"2025-07-01T00:00:00Z",NA,"included_species","Reptiles"
"40","Antrostomus noctitherus","Antrostomus noctitherus",233621957,22689809,"Neotropical","Terrestrial","2023-07-03 00:00:00 UTC","Vulnerable",3.1,"Decreasing","Caprimulgus noctitherus","Predation",NA,0,2,"",NA,2,1,"",NA,"","","","","","","",NA,"2025-07-01T00:00:00Z",36.1,"included_species","Birds"
"41","Aphanapteryx bonasia","Aphanapteryx bonasia",261990244,22728884,"Afrotropical","Terrestrial","2024-07-01 00:00:00 UTC","Extinct",3.1,"",NA,"Predation",NA,0,NA,"",NA,1,2,"",NA,"","","","","","","1",NA,"2025-01-01T00:00:00Z",NA,"included_species","Birds"
"42","Aphelocoma coerulescens","Aphelocoma coerulescens",179678639,22705629,"Nearctic","Terrestrial","2020-08-28 00:00:00 UTC","Vulnerable",3.1,"Decreasing",NA,"Predation",NA,1,NA,"",NA,2,1,"",NA,"","","","","","","",NA,"2025-07-01T00:00:00Z",77.12,"included_species","Birds"
"43","Aphrastura masafuerae","Aphrastura masafuerae",235928752,22702156,"Neotropical","Terrestrial|Freshwater (=Inland waters)","2023-08-17 00:00:00 UTC","Critically Endangered",3.1,"Stable","Aphrastura masafucrae","Predation",NA,2,2,"",NA,3,2,"",NA,"","","","","","","",NA,"2025-07-01T00:00:00Z",NA,"included_species","Birds"
"44","Aplonis santovestris","Aplonis santovestris",119060447,22710485,"Oceanian","Terrestrial","2017-10-01 00:00:00 UTC","Endangered",3.1,"Decreasing",NA,"Predation",NA,0,NA,"",NA,0,1,"",NA,"","","","","","","",NA,"2025-04-01T00:00:00Z",68.66,"included_species","Birds"
"45","Apteryx australis","Apteryx australis",214272214,22678122,"Australasian","Terrestrial","2022-08-11 00:00:00 UTC","Vulnerable",3.1,"Decreasing",NA,"Predation",NA,2,2,"",NA,2,4,"",1,"","","","","","","",NA,"2025-05-01T00:00:00Z",2320.51,"included_species","Birds"
"46","Apteryx haastii","Apteryx haastii",214091794,22678132,"Australasian","Terrestrial","2022-08-10 00:00:00 UTC","Vulnerable",3.1,"Decreasing",NA,"Predation",NA,1,NA,"",NA,0,1,"",NA,"","","","","","","",NA,"2025-07-01T00:00:00Z",2022.68,"included_species","Birds"
"47","Apteryx mantelli","Apteryx mantelli",119177586,45353580,"Oceanian","Terrestrial","2017-10-01 00:00:00 UTC","Vulnerable",3.1,"Stable",NA,"Predation",NA,9,NA,"",NA,4,5,"",NA,"","","","","","","",NA,"2025-04-01T00:00:00Z",2320.51,"included_species","Birds"
"48","Ardenna creatopus","Ardenna creatopus",132633266,22698195,"Nearctic|Neotropical","Terrestrial|Marine","2018-08-07 00:00:00 UTC","Vulnerable",3.1,"Unknown","Puffinus creatopus","Predation",NA,5,NA,"",NA,1,1,"",NA,"","","","","","","",NA,"2025-05-01T00:00:00Z",743.99,"included_species","Birds"
"49","Aristelliger hechti","Aristelliger hechti",115347895,203169,"Neotropical","Terrestrial","2015-07-23 00:00:00 UTC","Vulnerable",3.1,"Unknown",NA,"Predation",NA,0,NA,"",NA,1,NA,"",NA,"","","","","","","",NA,"2025-04-01T00:00:00Z",NA,"included_species","Reptiles"
"50","Aspidoscelis catalinensis","Aspidoscelis catalinensis",12758948,64255,"Nearctic","Terrestrial","2007-03-01 00:00:00 UTC","Vulnerable",3.1,"Stable","Cnemidophorus catalinensis","Predation",NA,0,NA,"",NA,0,1,"",NA,"","","","","","","",NA,"2025-01-01T00:00:00Z",NA,"included_species","Reptiles"
"51","Atelopus guanujo","Atelopus guanujo",98641500,54515,"Neotropical","Terrestrial|Freshwater (=Inland waters)","2016-07-16 00:00:00 UTC","Critically Endangered",3.1,"Decreasing",NA,"Predation",NA,0,NA,"",NA,0,NA,"",NA,"","","","","","","",NA,"2025-03-01T00:00:00Z",NA,"included_species","Amphibians"
"52","Atopogale cubana","Atopogale cubana",22327125,20320,"Neotropical","Terrestrial","2015-11-20 00:00:00 UTC","Endangered",3.1,"Decreasing","Atopogale cubanus, Solenodon cubanus","Predation",NA,0,NA,"",NA,0,NA,"",1,"","","","","","","",NA,"2025-01-01T00:00:00Z",NA,"included_species","Mammals"
"53","Atrichornis clamosus","Atrichornis clamosus",213149507,22703612,"Australasian","Terrestrial|Freshwater (=Inland waters)","2022-01-21 00:00:00 UTC","Endangered",3.1,"Stable",NA,"Predation",NA,0,NA,"",NA,3,2,"",NA,"","2","2","","","","",NA,"2025-05-01T00:00:00Z",42.15,"included_species","Birds"
"54","Atrichornis rufescens","Atrichornis rufescens",213120966,22703608,"Australasian","Terrestrial","2022-01-21 00:00:00 UTC","Endangered",3.1,"Decreasing",NA,"Predation",NA,0,NA,"",NA,1,NA,"",NA,"","","","","","","",NA,"2025-07-01T00:00:00Z",24,"included_species","Birds"
"55","Bavayia exsuccida","Bavayia exsuccida",123246845,29452,"Australasian","Terrestrial","2017-12-11 00:00:00 UTC","Critically Endangered",3.1,"Decreasing",NA,"Predation",NA,0,NA,"",NA,0,1,"",NA,"","","","","","","",NA,"2025-04-01T00:00:00Z",NA,"included_species","Reptiles"
"56","Bavayia goroensis","Bavayia goroensis",123257719,176201,"Australasian","Terrestrial","2017-12-11 00:00:00 UTC","Endangered",3.1,"Decreasing",NA,"Predation",NA,0,NA,"",NA,1,1,"",NA,"","","","","","","",NA,"2025-04-01T00:00:00Z",NA,"included_species","Reptiles"
"57","Bavayia montana","Bavayia montana",123259816,176215,"Australasian","Terrestrial","2017-12-11 00:00:00 UTC","Endangered",3.1,"Decreasing","Bavayia cyclura montana","Predation",NA,0,NA,"",NA,0,NA,"",NA,"","","","","","","",NA,"2025-04-01T00:00:00Z",NA,"included_species","Reptiles"
"58","Bavayia nubila","Bavayia nubila",123469169,122893197,"Australasian","Terrestrial","2017-12-11 00:00:00 UTC","Endangered",3.1,"Decreasing",NA,"Predation",NA,0,NA,"",NA,1,NA,"",NA,"","","","","","","",NA,"2025-04-01T00:00:00Z",NA,"included_species","Reptiles"
"59","Bavayia ornata","Bavayia ornata",123259662,176214,"Australasian","Terrestrial","2017-12-11 00:00:00 UTC","Critically Endangered",3.1,"Decreasing","Bavayia sauvagei ornata","Predation",NA,0,NA,"",NA,0,1,"",NA,"","","","","","","",NA,"2025-04-01T00:00:00Z",NA,"included_species","Reptiles"
"60","Bavayia robusta","Bavayia robusta",123252960,176167,"Australasian","Terrestrial","2017-12-11 00:00:00 UTC","Near Threatened",3.1,"Stable",NA,"Predation",NA,0,NA,"",NA,0,NA,"",NA,"","","","","","","",NA,"2025-04-01T00:00:00Z",NA,"included_species","Reptiles"
"61","Bavayia sauvagii","Bavayia sauvagii",123256289,176191,"Australasian","Terrestrial","2017-12-11 00:00:00 UTC","Endangered",3.1,"Decreasing","Lepidodactylus sauvagii","Predation",NA,0,NA,"",NA,0,NA,"",NA,"","","","","","","",NA,"2025-04-01T00:00:00Z",NA,"included_species","Reptiles"
"62","Bavayia septuiclavis","Bavayia septuiclavis",123257896,176202,"Australasian","Terrestrial","2017-12-11 00:00:00 UTC","Near Threatened",3.1,"Unknown",NA,"Predation",NA,1,NA,"",NA,1,NA,"",NA,"","","","","","","",NA,"2025-04-01T00:00:00Z",NA,"included_species","Reptiles"
"63","Bellatorias obiri","Bellatorias obiri",47155335,47155317,"Australasian","Terrestrial","2017-06-14 00:00:00 UTC","Critically Endangered",3.1,"Decreasing","Hortonia obiri","Predation",NA,0,2,"",NA,1,NA,"",NA,"","","","","","","",NA,"2025-03-01T00:00:00Z",NA,"included_species","Reptiles"
"64","Bettongia anhydra","Bettongia anhydra",71510399,71510353,"Australasian","Terrestrial","2014-03-17 00:00:00 UTC","Extinct",3.1,"",NA,"Predation",NA,0,NA,"0",NA,1,NA,"Cats not mentioned",NA,"1","","","","","","",NA,"2025-03-01T00:00:00Z",1582.3,"included_species","Mammals"
"65","Bettongia gaimardi","Bettongia gaimardi",21960911,2783,"Australasian","Terrestrial","2016-02-11 00:00:00 UTC","Near Threatened",3.1,"Unknown","Kangurus gaimardi","Predation",NA,4,NA,"3",NA,3,NA,"Cats not mentioned",NA,"Not attributed","","","","","","",NA,"2025-01-01T00:00:00Z",1660,"included_species","Mammals"
"66","Bettongia lesueur","Bettongia lesueur",21961179,2784,"Australasian","Terrestrial","2016-02-11 00:00:00 UTC","Near Threatened",3.1,"Unknown","Bettongia lesueuri, Hypsiprymnus lesueur","Predation",NA,15,NA,"9",1,3,NA,"1",NA,"2","","","","","","",NA,"2025-01-01T00:00:00Z",1500,"included_species","Mammals"
"67","Bettongia penicillata","Bettongia penicillata",21961347,2785,"Australasian","Terrestrial","2012-12-31 00:00:00 UTC","Critically Endangered",3.1,"Decreasing",NA,"Predation",NA,13,NA,"11",NA,2,4,"1",NA,"2","","","","","","",NA,"2025-01-01T00:00:00Z",1300,"included_species","Mammals"
"68","Bettongia tropica","Bettongia tropica",115063540,2787,"Australasian","Terrestrial","2012-12-31 00:00:00 UTC","Endangered",3.1,"Decreasing",NA,"Predation",NA,2,NA,"0",1,2,1,"Cats not mentioned",NA,"0","","","","","","",NA,"2025-04-01T00:00:00Z",1200,"included_species","Mammals"
"69","Boa orophias","Boa orophias",75171346,74866530,"Neotropical","Terrestrial","2015-07-20 00:00:00 UTC","Endangered",3.1,"Decreasing","Boa constrictor orophias","Predation",NA,0,NA,"",NA,0,NA,"",NA,"","","","","","","",NA,"2025-03-01T00:00:00Z",NA,"included_species","Reptiles"
"70","Bolyeria multocarinata","Bolyeria multocarinata",13483086,2864,"Afrotropical","Terrestrial","2020-01-29 00:00:00 UTC","Extinct",3.1,"","Eryx multocarinata","Predation",NA,0,NA,"",NA,0,NA,"",NA,"","","","","","","",NA,"2025-01-01T00:00:00Z",NA,"included_species","Reptiles"
"71","Bostrychia bocagei","Bostrychia bocagei",177028688,22697478,"Afrotropical","Terrestrial","2020-06-09 00:00:00 UTC","Critically Endangered",3.1,"Decreasing",NA,"Predation",NA,0,NA,"",NA,1,NA,"",NA,"","","","","","","",NA,"2025-06-01T00:00:00Z",866,"included_species","Birds"
"72","Botaurus poiciloptilus","Botaurus poiciloptilus",217377735,22697353,"Oceanian","Freshwater (=Inland waters)|Marine","2022-06-06 00:00:00 UTC","Vulnerable",3.1,"Decreasing","","Predation",NA,1,NA,"",NA,0,NA,"",NA,"","0","Not attributed","","","","",NA,"2025-05-01T00:00:00Z",1083.69,"included_species","Birds"
"73","Brachylophus bulabula","Brachylophus bulabula",1414101,174471,"Oceanian","Terrestrial","2012-06-19 00:00:00 UTC","Endangered",3.1,"Decreasing","Brachylophus fasciatus","Predation",NA,0,NA,"",NA,0,2,"",1,"","","","","","","",NA,"2025-01-01T00:00:00Z",NA,"included_species","Reptiles"
"74","Brachylophus fasciatus","Brachylophus fasciatus",2791124,19243030,"Oceanian","Terrestrial","2012-06-21 00:00:00 UTC","Endangered",3.1,"Decreasing","Iguana fasciata","Predation",NA,0,NA,"",NA,0,2,"",1,"","","","","","","",NA,"2025-01-01T00:00:00Z",NA,"included_species","Reptiles"
"75","Brachylophus gau","Brachylophus gau",152294669,152294642,"Oceanian","Terrestrial","2019-06-05 00:00:00 UTC","Endangered",3.1,"Decreasing",NA,"Predation",NA,0,NA,"",NA,1,NA,"",NA,"","","","","","","",NA,"2025-06-01T00:00:00Z",NA,"included_species","Reptiles"
"76","Brachylophus vitiensis","Brachylophus vitiensis",2791620,2965,"Oceanian","Terrestrial","2012-06-22 00:00:00 UTC","Critically Endangered",3.1,"Decreasing",NA,"Predation",NA,0,NA,"",2,0,3,"",1,"","","","","","","",NA,"2025-01-01T00:00:00Z",NA,"included_species","Reptiles"
"77","Branta sandvicensis","Branta sandvicensis",194369606,22679929,"Oceanian","Terrestrial","2021-01-14 00:00:00 UTC","Near Threatened",3.1,"Increasing","Anser sandvicensis","Predation",NA,2,2,"",NA,2,3,"",2,"","","","","","","",NA,"2025-07-01T00:00:00Z",2044.12,"included_species","Birds"
"78","Bulweria fallax","Bulweria fallax",132628433,22698136,"Afrotropical|Palearctic","Terrestrial|Marine","2018-08-07 00:00:00 UTC","Near Threatened",3.1,"Unknown",NA,"Predation",NA,0,NA,"",NA,1,NA,"",NA,"","","","","","","",NA,"2025-05-01T00:00:00Z",173,"included_species","Birds"
"79","Burramys parvus","Burramys parvus",9775825,3339,"Australasian","Terrestrial","2008-06-30 00:00:00 UTC","Critically Endangered",3.1,"Decreasing",NA,"Predation",NA,0,12,"1",NA,0,3,"0",NA,"2","","","","","","",NA,"2025-01-01T00:00:00Z",41.5,"included_species","Mammals"
"80","Cabalus modestus","Cabalus modestus",228867194,22728873,"Australasian","Terrestrial","2023-02-24 00:00:00 UTC","Extinct",3.1,"","Gallirallus modestus modestus, Rallus modestus","Predation",NA,0,NA,"",NA,1,2,"",1,"","","","","","","0",NA,"2025-05-01T00:00:00Z",NA,"included_species","Birds"
"81","Caledoniscincus aquilonius","Caledoniscincus aquilonius",123255378,176183,"Australasian","Terrestrial","2017-12-11 00:00:00 UTC","Near Threatened",3.1,"Unknown",NA,"Predation",NA,0,NA,"",1,2,NA,"",NA,"","","","","","","",NA,"2025-04-01T00:00:00Z",NA,"included_species","Reptiles"
"82","Caledoniscincus auratus","Caledoniscincus auratus",123255218,176182,"Australasian","Terrestrial","2017-12-11 00:00:00 UTC","Endangered",3.1,"Decreasing",NA,"Predation",NA,0,NA,"",1,2,1,"",NA,"","","","","","","",NA,"2025-04-01T00:00:00Z",NA,"included_species","Reptiles"
"83","Caledoniscincus chazeaui","Caledoniscincus chazeaui",123258617,176207,"Australasian","Terrestrial","2017-12-11 00:00:00 UTC","Endangered",3.1,"Decreasing",NA,"Predation",NA,0,NA,"",NA,1,1,"",NA,"","","","","","","",NA,"2025-04-01T00:00:00Z",NA,"included_species","Reptiles"
"84","Caledoniscincus constellatus","Caledoniscincus constellatus",123469174,122893519,"Australasian","Terrestrial","2017-12-11 00:00:00 UTC","Critically Endangered",3.1,"Decreasing",NA,"Predation",NA,0,NA,"",NA,1,NA,"",NA,"","","","","","","",NA,"2025-04-01T00:00:00Z",NA,"included_species","Reptiles"
"85","Caledoniscincus orestes","Caledoniscincus orestes",123251144,176152,"Australasian","Terrestrial","2017-12-11 00:00:00 UTC","Vulnerable",3.1,"Decreasing",NA,"Predation",NA,0,NA,"",1,1,1,"",NA,"","","","","","","",NA,"2025-04-01T00:00:00Z",NA,"included_species","Reptiles"
"86","Caledoniscincus pelletieri","Caledoniscincus pelletieri",123469184,122894031,"Australasian","Terrestrial","2017-12-11 00:00:00 UTC","Endangered",3.1,"Decreasing",NA,"Predation",NA,0,NA,"",NA,1,NA,"",NA,"","","","","","","",NA,"2025-04-01T00:00:00Z",NA,"included_species","Reptiles"
"87","Caledoniscincus renevieri","Caledoniscincus renevieri",123254740,176179,"Australasian","Terrestrial","2017-12-11 00:00:00 UTC","Endangered",3.1,"Decreasing",NA,"Predation",NA,0,NA,"",NA,2,1,"",NA,"","","","","","","",NA,"2025-04-01T00:00:00Z",NA,"included_species","Reptiles"
"88","Caloenas nicobarica","Caloenas nicobarica",178136167,22690974,"Indomalayan|Oceanian","Terrestrial","2020-06-26 00:00:00 UTC","Near Threatened",3.1,"Decreasing",NA,"Predation",NA,0,NA,"",NA,0,NA,"",NA,"","","","","","","",NA,"2025-06-01T00:00:00Z",537.86,"included_species","Birds"
"89","Calonectris edwardsii","Calonectris edwardsii",132660464,22729421,"Afrotropical","Terrestrial|Marine","2018-08-07 00:00:00 UTC","Near Threatened",3.1,"Decreasing",NA,"Predation",NA,2,NA,"",NA,1,NA,"",NA,"","","","","","","",NA,"2025-06-01T00:00:00Z",534.99,"included_species","Birds"
"90","Calonectris leucomelas","Calonectris leucomelas",132630766,22698172,"Indomalayan|Nearctic|Oceanian|Palearctic","Terrestrial|Marine","2018-08-07 00:00:00 UTC","Near Threatened",3.1,"Decreasing",NA,"Predation",NA,2,NA,"",NA,0,NA,"",NA,"","","","","","","",NA,"2025-05-01T00:00:00Z",579.99,"included_species","Birds"
"91","Caloprymnus campestris","Caloprymnus campestris",21961545,3626,"Australasian","Terrestrial","2012-12-31 00:00:00 UTC","Extinct",3.1,"",NA,"Predation",NA,1,NA,"0",NA,0,1,"Cats not mentioned",NA,"1","","","","","","",NA,"2025-01-01T00:00:00Z",900,"included_species","Mammals"
"92","Calyptophilus tertius","Calyptophilus tertius",190919306,22729082,"Neotropical","Terrestrial","2020-11-25 00:00:00 UTC","Vulnerable",3.1,"Decreasing",NA,"Predation",NA,1,NA,"",NA,1,NA,"",NA,"","","","","","","",NA,"2025-07-01T00:00:00Z",49.2,"included_species","Birds"
"93","Caribicus anelpistus","Caribicus anelpistus",116419247,39258,"Neotropical","Terrestrial","2015-07-20 00:00:00 UTC","Critically Endangered",3.1,"Unknown","Celestus anelpistus, Diploglossus anelpistus","Predation",NA,0,NA,"",NA,0,NA,"",NA,"","","","","","","",NA,"2025-04-01T00:00:00Z",NA,"included_species","Reptiles"
"94","Caribicus warreni","Caribicus warreni",115172613,39260,"Neotropical","Terrestrial","2015-07-21 00:00:00 UTC","Vulnerable",3.1,"Decreasing","Celestus carraui, Celestus warreni, Diploglossus carraui Inchaústegui, Diploglossus warreni","Predation",NA,0,NA,"",NA,0,1,"",NA,"","","","","","","",NA,"2025-04-01T00:00:00Z",NA,"included_species","Reptiles"
"95","Carpodacus ferreorostris","Carpodacus ferreorostris",228156835,22720622,"Palearctic","Terrestrial","2023-02-16 00:00:00 UTC","Extinct",3.1,"","Chaunoproctus ferreorostris","Predation",NA,0,NA,"",NA,2,NA,"",NA,"","","","","","","0",NA,"2025-07-01T00:00:00Z",NA,"included_species","Birds"
"96","Casarea dussumieri","Casarea dussumieri",152276140,3989,"Afrotropical","Terrestrial","2018-04-24 00:00:00 UTC","Vulnerable",3.1,"Increasing","Boa dussumieri, Casarea dussumieri, Leptoboa dussumieri","Predation",NA,0,NA,"",NA,0,NA,"",NA,"","","","","","","",NA,"2025-06-01T00:00:00Z",NA,"included_species","Reptiles"
"97","Celatiscincus euryotis","Celatiscincus euryotis",123249918,176143,"Australasian","Terrestrial","2017-12-11 00:00:00 UTC","Endangered",3.1,"Decreasing","Leiolopisma euryotis, Lygosoma euryotis, Marmorosphax euryotis","Predation",NA,0,NA,"",NA,1,NA,"",NA,"","","","","","","",NA,"2025-04-01T00:00:00Z",NA,"included_species","Reptiles"
"98","Celatiscincus similis","Celatiscincus similis",123254893,176180,"Australasian","Terrestrial","2017-12-11 00:00:00 UTC","Endangered",3.1,"Decreasing",NA,"Predation",NA,0,NA,"",1,1,1,"",NA,"","","","","","","",NA,"2025-04-01T00:00:00Z",NA,"included_species","Reptiles"
"99","Celestus duquesneyi","Celestus duquesneyi",71739426,4094,"Neotropical","Terrestrial","2015-07-20 00:00:00 UTC","Critically Endangered",3.1,"Decreasing",NA,"Predation",NA,0,NA,"",NA,1,NA,"",NA,"","","","","","","",NA,"2025-03-01T00:00:00Z",NA,"included_species","Reptiles"
"100","Celestus hewardi","Celestus hewardi",2758749,203031,"Neotropical","Terrestrial","2015-07-20 00:00:00 UTC","Endangered",3.1,"Decreasing",NA,"Predation",NA,0,NA,"",NA,1,NA,"",NA,"","","","","","","",NA,"2025-01-01T00:00:00Z",NA,"included_species","Reptiles"
"101","Celestus microblepharis","Celestus microblepharis",115067750,4096,"Neotropical","Terrestrial","2015-07-21 00:00:00 UTC","Critically Endangered",3.1,"Decreasing","Diploglossus microblepharis","Predation",NA,0,NA,"",NA,1,NA,"",NA,"","","","","","","",NA,"2025-04-01T00:00:00Z",NA,"included_species","Reptiles"
"102","Celestus molesworthi","Celestus molesworthi",115481457,75166713,"Neotropical","Terrestrial","2015-07-21 00:00:00 UTC","Endangered",3.1,"Decreasing","Celestus crusculus molesworthi","Predation",NA,0,NA,"",NA,1,NA,"",NA,"","","","","","","",NA,"2025-04-01T00:00:00Z",NA,"included_species","Reptiles"
"103","Chaeropus ecaudatus","Chaeropus ecaudatus",21965168,4322,"Australasian","Terrestrial","2012-12-31 00:00:00 UTC","Extinct",3.1,"",NA,"Predation",NA,0,NA,"0",NA,2,1,"0",NA,"2","","","","","","",NA,"2025-01-01T00:00:00Z",200,"included_species","Mammals"
"104","Chalinolobus neocaledonicus","Chalinolobus neocaledonicus",21984825,4420,"Australasian","Terrestrial","2019-07-04 00:00:00 UTC","Endangered",3.1,"Decreasing",NA,"Predation",NA,0,NA,"",NA,1,NA,"",NA,"","","","","","","",NA,"2025-01-01T00:00:00Z",11.9,"included_species","Mammals"
"105","Chalinolobus picatus","Chalinolobus picatus",21984147,4422,"Australasian","Terrestrial","2019-07-29 00:00:00 UTC","Near Threatened",3.1,"Decreasing",NA,"Predation",NA,0,NA,"",NA,0,NA,"",NA,"","","","","","","",NA,"2025-01-01T00:00:00Z",5.1,"included_species","Mammals"
"106","Chalinolobus tuberculatus","Chalinolobus tuberculatus",21985132,4425,"Australasian","Terrestrial","2020-10-15 00:00:00 UTC","Critically Endangered",3.1,"Decreasing",NA,"Predation",NA,1,1,"",NA,3,2,"",NA,"","","","","0","1","",NA,"2025-01-01T00:00:00Z",8.5,"included_species","Mammals"
"107","Charadrius bicinctus","Charadrius bicinctus",180230226,22693845,"Oceanian","Terrestrial|Freshwater (=Inland waters)|Marine","2020-07-30 00:00:00 UTC","Near Threatened",3.1,"Decreasing",NA,"Predation",NA,2,NA,"",1,2,NA,"",NA,"","","","","","","",NA,"2025-07-01T00:00:00Z",59.4,"included_species","Birds"
"108","Charadrius obscurus","Charadrius obscurus",126893184,62290750,"Oceanian","Terrestrial|Freshwater (=Inland waters)|Marine","2017-10-01 00:00:00 UTC","Critically Endangered",3.1,"Decreasing",NA,"Predation",NA,1,NA,"",NA,3,4,"",3,"","","","","","","",NA,"2025-04-01T00:00:00Z",146,"included_species","Birds"
"109","Charadrius sanctaehelenae","Charadrius sanctaehelenae",179182366,22693785,"Afrotropical","Terrestrial","2020-07-13 00:00:00 UTC","Vulnerable",3.1,"Increasing",NA,"Predation",NA,2,NA,"",NA,4,3,"",1,"","","","","","","",NA,"2025-07-01T00:00:00Z",48.7,"included_species","Birds"
"110","Charadrius thoracicus","Charadrius thoracicus",231072418,22693780,"Afrotropical","Terrestrial|Marine","2023-05-15 00:00:00 UTC","Vulnerable",3.1,"Decreasing",NA,"Predation",NA,0,NA,"",NA,1,NA,"",NA,"","","","","","","",NA,"2025-07-01T00:00:00Z",11.5,"included_species","Birds"
"111","Charmosyna amabilis","Charmosyna amabilis",129622366,22684693,"Oceanian","Terrestrial","2016-10-01 00:00:00 UTC","Critically Endangered",3.1,"Decreasing",NA,"Predation",NA,0,NA,"",NA,2,NA,"",NA,"","","","","","","",NA,"2025-04-01T00:00:00Z",8.54,"included_species","Birds"
"112","Chasiempis ibidis","Chasiempis ibidis",224391681,22736423,"Oceanian","Terrestrial","2023-07-20 00:00:00 UTC","Vulnerable",3.1,"Decreasing","Chasiempis sandwichensis","Predation",NA,0,NA,"",NA,0,NA,"",NA,"","","","","","","",NA,"2025-07-01T00:00:00Z",13.1,"included_species","Birds"
"113","Chasiempis sandwichensis","Chasiempis sandwichensis",224140553,22736440,"Oceanian","Terrestrial","2023-07-20 00:00:00 UTC","Near Threatened",3.1,"Decreasing",NA,"Predation",NA,0,NA,"",NA,2,NA,"",2,"","","","","","","",NA,"2025-07-01T00:00:00Z",13.69,"included_species","Birds"
"114","Chasiempis sclateri","Chasiempis sclateri",224210872,22736432,"Oceanian","Terrestrial","2023-07-20 00:00:00 UTC","Near Threatened",3.1,"Decreasing","Chasiempis sandwichensis","Predation",NA,0,NA,"",NA,0,1,"",NA,"","","","","","","",NA,"2025-07-01T00:00:00Z",12.9,"included_species","Birds"
"115","Chelonoidis becki","Chelonoidis becki",82426296,9018,"Neotropical","Terrestrial","2015-08-13 00:00:00 UTC","Vulnerable",3.1,"Unknown","Chelonoidis becki, Chelonoidis nigra becki, Geochelone becki, Geochelone elephantopus becki, Geochelone nigra becki, Testudo becki","Predation",NA,0,NA,"",NA,0,NA,"",NA,"","","","","","","",NA,"2025-03-01T00:00:00Z",NA,"included_species","Reptiles"
"116","Chelonoidis chathamensis","Chelonoidis chathamensis",82688009,9019,"Neotropical","Terrestrial","2017-01-15 00:00:00 UTC","Endangered",3.1,"Increasing","Chelonoidis nigra chathamensis, Geochelone elephantopus chathamensis, Geochelone nigra chathamensis, Testudo chathamensis","Predation",NA,0,NA,"",NA,0,NA,"",NA,"","","","","","","",NA,"2025-03-01T00:00:00Z",NA,"included_species","Reptiles"
"117","Chelonoidis donfaustoi","Chelonoidis donfaustoi",90377135,90377132,"Neotropical","Terrestrial","2016-03-26 00:00:00 UTC","Critically Endangered",3.1,"Increasing",NA,"Predation",NA,0,NA,"",NA,0,NA,"",NA,"","","","","","","",NA,"2025-03-01T00:00:00Z",NA,"included_species","Reptiles"
"118","Chelonoidis guntheri","Chelonoidis guntheri",116505802,9022,"Neotropical","Terrestrial","2015-08-15 00:00:00 UTC","Critically Endangered",3.1,"Unknown","Chelonoidis guntheri, Chelonoidis nigra guentheri, Chelonoidis nigra wallacei, Chelonoidis vicina guntheri, Chelonoidis vicina guentheri,Geochelone nigra guntheri, Geochelone nigra guentheri, Geochelone nigra wallacei, Testudo guntheri, Testudo wallacei","Predation",NA,0,NA,"",NA,0,NA,"",NA,"","","","","","","",NA,"2025-04-01T00:00:00Z",NA,"included_species","Reptiles"
"119","Chelonoidis microphyes","Chelonoidis microphyes",116506297,9025,"Neotropical","Terrestrial","2015-08-15 00:00:00 UTC","Endangered",3.1,"Unknown","Chelonoidis nigra microphyes, Chelonoidis vicina microphyes, Geochelone nigra microphyes, Testudo macrophyes, Testudo microphyes","Predation",NA,0,NA,"",NA,0,NA,"",NA,"","","","","","","",NA,"2025-04-01T00:00:00Z",NA,"included_species","Reptiles"
"120","Chelonoidis niger","Chelonoidis niger",3149101,9023,"Neotropical","Terrestrial","2017-01-25 00:00:00 UTC","Extinct",3.1,"","Chelonoidis nigra nigra, Geochelone elephantopus galapagoensis, Geochelone elephantopus nigra, Geochelone nigra galapagoensis, Geochelone nigra nigra, Testudo californiana, Testudo galapagoensis, Testudo nigra","Predation",NA,1,NA,"",NA,0,2,"",NA,"","","","","","","",NA,"2025-01-01T00:00:00Z",80,"included_species","Reptiles"
"121","Chelonoidis porteri","Chelonoidis porteri",82777132,9026,"Neotropical","Terrestrial","2016-03-26 00:00:00 UTC","Critically Endangered",3.1,"Increasing","Chelonoidis nigra nigrita, Chelonoidis nigra porteri, Chelonoidis porteri, Geochelone elephantopus nigrita, Geochelone elephantopus porteri, Geochelone nigra porteri, Geochelone nigra nigrita, Testudo nigrita, Testudo porteri","Predation",NA,0,NA,"",NA,0,NA,"",NA,"","","","","","","",NA,"2025-03-01T00:00:00Z",NA,"included_species","Reptiles"
"122","Chelonoidis vicina","Chelonoidis vicina",144765855,9028,"Neotropical","Terrestrial","2015-08-15 00:00:00 UTC","Endangered",3.1,"Unknown","Chelonoidis nigra vicina, Chelonoidis vicina vicina, Geochelone elephantopus vicina, Geochelone nigra vicina","Predation",NA,0,NA,"",NA,0,NA,"",NA,"","","","","","","",NA,"2025-06-01T00:00:00Z",NA,"included_species","Reptiles"
"123","Chilabothrus chrysogaster","Chilabothrus chrysogaster",15154888,15154880,"Neotropical","Terrestrial","2015-07-22 00:00:00 UTC","Near Threatened",3.1,"Decreasing","Epicrates chrysogaster, Homalochilus chrysogaster","Predation",NA,0,NA,"",NA,1,NA,"",NA,"","","","","","","",NA,"2025-01-01T00:00:00Z",NA,"included_species","Reptiles"
"124","Chilabothrus exsul","Chilabothrus exsul",15155082,15155078,"Neotropical","Terrestrial","2015-07-22 00:00:00 UTC","Vulnerable",3.1,"Decreasing","Epicrates exsul","Predation",NA,0,NA,"",NA,0,NA,"",NA,"","","","","","","",NA,"2025-01-01T00:00:00Z",NA,"included_species","Reptiles"
"125","Chilabothrus granti","Chilabothrus granti",18979910,7829,"Neotropical","Terrestrial","2015-07-22 00:00:00 UTC","Endangered",3.1,"Decreasing","Chilabothrus monensis granti, Epicrates monensis granti","Predation",NA,0,NA,"",NA,1,NA,"",NA,"","","","","","","",NA,"2025-01-01T00:00:00Z",NA,"included_species","Reptiles"
"126","Chilabothrus monensis","Chilabothrus monensis",18979328,7823,"Neotropical","Terrestrial","2015-07-22 00:00:00 UTC","Near Threatened",3.1,"Stable","Chilabothrus monensis monensis, Epicrates gracilis monensis, Epicrates monensis monensis","Predation",NA,0,1,"",NA,3,2,"",NA,"","","","","","","",NA,"2025-01-01T00:00:00Z",NA,"included_species","Reptiles"
"127","Chilabothrus subflavus","Chilabothrus subflavus",18979286,7826,"Neotropical","Terrestrial","2015-07-21 00:00:00 UTC","Vulnerable",3.1,"Decreasing","Epicrates subflavus","Predation",NA,0,NA,"",NA,1,1,"",NA,"","","","","","","",NA,"2025-01-01T00:00:00Z",NA,"included_species","Reptiles"
"128","Chioninia coctei","Chioninia coctei",217783334,13152363,"Afrotropical","Terrestrial","2012-09-17 00:00:00 UTC","Extinct",3.1,"","Charactodon coctei, Euprepes coctei, Gongylus coctei, Macroscincus coctaei, Macroscincus coctei","Predation, competition",NA,0,NA,"",NA,1,2,"",NA,"","","","","","","",NA,"2025-07-01T00:00:00Z",NA,"included_species","Reptiles"
"129","Chioninia stangeri","Chioninia stangeri",13152438,13152431,"Afrotropical","Terrestrial","2012-09-17 00:00:00 UTC","Near Threatened",3.1,"Unknown","Euprepes hopfferi, Euprepes polylepis, Euprepis stangeri","Predation",NA,0,NA,"",NA,1,NA,"",NA,"","","","","","","",NA,"2025-01-01T00:00:00Z",NA,"included_species","Reptiles"
"130","Chlidonias albostriatus","Chlidonias albostriatus",131931677,22694750,"Australasian","Terrestrial|Freshwater (=Inland waters)|Marine","2022-07-25 00:00:00 UTC","Endangered",3.1,"Decreasing","Hydrochelidon albostriata","Predation",NA,3,NA,"",NA,4,5,"",NA,"","","","","","","",NA,"2025-04-01T00:00:00Z",94.69,"included_species","Birds"
"131","Chlorodrepanis stejnegeri","Chlorodrepanis stejnegeri",223174818,22720756,"Oceanian","Terrestrial","2023-07-20 00:00:00 UTC","Endangered",3.1,"Decreasing","Hemignathus kauaiensis, Viridonia stejnegeri","Predation",NA,0,NA,"",NA,5,NA,"",NA,"","","","","","","",NA,"2025-07-01T00:00:00Z",16.64,"included_species","Birds"
"132","Cinclodes antarcticus","Cinclodes antarcticus",93860479,103670928,"Neotropical","Terrestrial|Marine","2016-10-01 00:00:00 UTC","Near Threatened",3.1,"Decreasing",NA,"Predation",NA,0,NA,"",NA,1,NA,"",NA,"","","","","","","",NA,"2025-03-01T00:00:00Z",63.2,"included_species","Birds"
"133","Cinclodes maculirostris","Cinclodes maculirostris",192074027,103670944,"Neotropical","Terrestrial|Marine","2020-12-07 00:00:00 UTC","Near Threatened",3.1,"Decreasing",NA,"Predation",NA,0,NA,"",NA,1,NA,"",NA,"","","","","","","",NA,"2025-07-01T00:00:00Z",63.2,"included_species","Birds"
"134","Cincloramphus llaneae","Cincloramphus llaneae",152667776,22715535,"Oceanian","Terrestrial","2019-06-13 00:00:00 UTC","Near Threatened",3.1,"Decreasing","Cichlornis llaneae llaneae, Megalurulus llaneae","Predation",NA,0,NA,"",NA,0,NA,"",NA,"","","","","","","",NA,"2025-06-01T00:00:00Z",NA,"included_species","Birds"
"135","Cincloramphus turipavae","Cincloramphus turipavae",208344323,103798488,"Australasian","Terrestrial","2021-09-29 00:00:00 UTC","Near Threatened",3.1,"Decreasing","Megalurulus turipavae","Predation",NA,0,NA,"",NA,1,NA,"",NA,"","","","","","","",NA,"2025-07-01T00:00:00Z",NA,"included_species","Birds"
"136","Cnemaspis anslemi","Cnemaspis anslemi",158782483,158782388,"Indomalayan","Terrestrial","2019-09-16 00:00:00 UTC","Vulnerable",3.1,"Unknown",NA,"Predation",NA,0,NA,"",NA,0,NA,"",NA,"","","","","","","",NA,"2025-06-01T00:00:00Z",NA,"included_species","Reptiles"
"137","Cnemaspis latha","Cnemaspis latha",123312187,197235,"Indomalayan","Terrestrial","2019-09-16 00:00:00 UTC","Critically Endangered",3.1,"Unknown",NA,"Predation",NA,0,NA,"",NA,0,NA,"",NA,"","","","","","","",NA,"2025-04-01T00:00:00Z",NA,"included_species","Reptiles"
"138","Cnemaspis nilgala","Cnemaspis nilgala",149323785,149323623,"Indomalayan","Terrestrial","2019-07-16 00:00:00 UTC","Critically Endangered",3.1,"Unknown",NA,"Predation",NA,0,NA,"",NA,0,NA,"",NA,"","","","","","","",NA,"2025-06-01T00:00:00Z",NA,"included_species","Reptiles"
"139","Cnemaspis rammalensis","Cnemaspis rammalensis",127938924,127938795,"Indomalayan","Terrestrial","2019-09-16 00:00:00 UTC","Critically Endangered",3.1,"Unknown",NA,"Predation",NA,0,NA,"",NA,0,NA,"",NA,"","","","","","","",NA,"2025-04-01T00:00:00Z",NA,"included_species","Reptiles"
"140","Cnemaspis thachanaensis","Cnemaspis thachanaensis",112239688,112239651,"Indomalayan","Terrestrial","2017-05-23 00:00:00 UTC","Near Threatened",3.1,"Unknown",NA,"Predation",NA,0,NA,"",NA,1,NA,"",NA,"","","","","","","",NA,"2025-04-01T00:00:00Z",NA,"included_species","Reptiles"
"141","Cnemidophorus flavissimus","Cnemidophorus flavissimus",50011770,50011766,"Neotropical","Terrestrial","2014-11-26 00:00:00 UTC","Near Threatened",3.1,"Unknown",NA,"Predation",NA,0,NA,"",NA,0,NA,"",NA,"","","","","","","",NA,"2025-03-01T00:00:00Z",NA,"included_species","Reptiles"
"142","Cnemidophorus rostralis","Cnemidophorus rostralis",50012116,50012113,"Neotropical","Terrestrial","2014-11-26 00:00:00 UTC","Near Threatened",3.1,"Stable",NA,"Predation",NA,0,NA,"",NA,1,NA,"",NA,"","","","","","","",NA,"2025-03-01T00:00:00Z",NA,"included_species","Reptiles"
"143","Coccyzus bahamensis","Coccyzus bahamensis",178654750,22728160,"Neotropical","Terrestrial","2020-08-27 00:00:00 UTC","Near Threatened",3.1,"Unknown",NA,"Predation",NA,0,NA,"",NA,0,NA,"",NA,"","","","","","","",NA,"2025-06-01T00:00:00Z",169.59,"included_species","Birds"
"144","Coccyzus ferrugineus","Coccyzus ferrugineus",178653886,22684340,"Neotropical","Terrestrial","2020-08-27 00:00:00 UTC","Vulnerable",3.1,"Stable",NA,"Predation",NA,1,NA,"",NA,0,1,"",NA,"","","","","","","",NA,"2025-06-01T00:00:00Z",70,"included_species","Birds"
"145","Coenocorypha aucklandica","Coenocorypha aucklandica",182916100,22727499,"Australasian","Terrestrial","2022-02-17 00:00:00 UTC","Near Threatened",3.1,"Stable","Coenocorypha huegeli, Coenocorypha barrierensis, Coenocorypha iredalei","Predation",NA,1,2,"",NA,2,NA,"",1,"","","","","","","",NA,"2025-06-01T00:00:00Z",108.24,"included_species","Birds"
"146","Coenocorypha barrierensis","Coenocorypha barrierensis",246199261,62178398,"Oceanian","Terrestrial","2023-09-30 00:00:00 UTC","Extinct",3.1,"","Coenocorypha aucklandica barrierensis","Predation",NA,1,4,"",NA,1,1,"",3,"","","","","","","1",NA,"2025-06-01T00:00:00Z",NA,"included_species","Birds"
"147","Coenocorypha iredalei","Coenocorypha iredalei",209950103,22727515,"Oceanian","Terrestrial","2023-09-30 00:00:00 UTC","Extinct",3.1,"",NA,"Predation",NA,0,NA,"",NA,1,1,"",NA,"","","","","","","Not attributed",NA,"2025-05-01T00:00:00Z",NA,"included_species","Birds"
"148","Coenocorypha pusilla","Coenocorypha pusilla",182890601,22693137,"Australasian","Terrestrial","2022-04-11 00:00:00 UTC","Vulnerable",3.1,"Stable",NA,"Predation",NA,0,1,"",NA,2,2,"",2,"","","","","","","",NA,"2025-06-01T00:00:00Z",80.5,"included_species","Birds"
"149","Coenocorypha pusilla","Coenocorypha pusilla",182890601,22693137,"Australasian","Terrestrial","2022-04-11 00:00:00 UTC","Vulnerable",3.1,"Stable","Coenocorypha aucklandica","Predation",NA,0,1,"",NA,2,2,"",2,"","","","","","","",NA,"2025-06-01T00:00:00Z",80.5,"included_species","Birds"
"150","Colaptes fernandinae","Colaptes fernandinae",179186511,22681293,"Neotropical","Terrestrial|Freshwater (=Inland waters)","2021-07-02 00:00:00 UTC","Endangered",3.1,"Decreasing",NA,"Predation",NA,0,NA,"",NA,1,NA,"",NA,"","","","","","","",NA,"2025-07-01T00:00:00Z",135,"included_species","Birds"
"151","Coleura seychellensis","Coleura seychellensis",22089794,5112,"Afrotropical","Terrestrial","2016-04-24 00:00:00 UTC","Critically Endangered",3.1,"Decreasing",NA,"Predation",NA,0,NA,"",NA,0,2,"",NA,"","","","","0","Not attributed","",NA,"2025-01-01T00:00:00Z",10.6,"included_species","Mammals"
"152","Columba jouyi","Columba jouyi",228150824,22690222,"Palearctic","Terrestrial","2023-02-16 00:00:00 UTC","Extinct",3.1,"",NA,"Predation",NA,0,NA,"",NA,1,NA,"",NA,"","","","","","","Not attributed",NA,"2025-05-01T00:00:00Z",NA,"included_species","Birds"
"153","Columba junoniae","Columba junoniae",111025271,22690122,"Palearctic","Terrestrial","2016-10-01 00:00:00 UTC","Near Threatened",3.1,"Increasing",NA,"Predation",NA,0,NA,"",NA,3,NA,"",NA,"","","","","","","",NA,"2025-04-01T00:00:00Z",440,"included_species","Birds"
"154","Columba versicolor","Columba versicolor",228153391,22690218,"Palearctic","Terrestrial","2023-02-16 00:00:00 UTC","Extinct",3.1,"",NA,"Predation",NA,0,NA,"",NA,1,1,"",NA,"","","","","","","Not attributed",NA,"2025-05-01T00:00:00Z",NA,"included_species","Birds"
"155","Conilurus albipes","Conilurus albipes",22450334,5223,"Australasian","Terrestrial","2015-06-04 00:00:00 UTC","Extinct",3.1,"","Hapalotis albipes","Predation",NA,0,NA,"0",NA,0,1,"0",NA,"5","","","","","","",NA,"2025-02-01T00:00:00Z",200,"included_species","Mammals"
"156","Conilurus capricornensis","Conilurus capricornensis",75927844,75927841,"Australasian","Terrestrial","2015-05-27 00:00:00 UTC","Extinct",3.1,"",NA,"Predation",NA,0,NA,"0",NA,0,NA,"Cats not mentioned",NA,"Not attributed","","","","","","",NA,"2025-03-01T00:00:00Z",194.7,"included_species","Mammals"
"157","Conilurus penicillatus","Conilurus penicillatus",22450418,5224,"Australasian","Terrestrial","2015-07-18 00:00:00 UTC","Vulnerable",3.1,"Decreasing",NA,"Predation",NA,4,NA,"6",NA,0,NA,"Cats not mentioned",NA,"0","","","","","","",NA,"2025-02-01T00:00:00Z",153.5,"included_species","Mammals"
"158","Conolophus marthae","Conolophus marthae",1414375,174472,"Neotropical","Terrestrial","2012-02-19 00:00:00 UTC","Critically Endangered",3.1,"Unknown",NA,"Predation",NA,0,NA,"",NA,0,1,"",NA,"","","","","","","",NA,"2025-01-01T00:00:00Z",NA,"included_species","Reptiles"
"159","Conolophus subcristatus","Conolophus subcristatus",3014082,5240,"Neotropical","Terrestrial","2020-02-02 00:00:00 UTC","Vulnerable",3.1,"Decreasing","Amblyrhynchus subcristatus","Predation",NA,0,NA,"",NA,6,NA,"",NA,"","","","","","","",NA,"2025-01-01T00:00:00Z",NA,"included_species","Reptiles"
"160","Contomastix charrua","Contomastix charrua",63488710,63488699,"Neotropical","Terrestrial","2014-11-12 00:00:00 UTC","Extinct",3.1,"",NA,"Predation",NA,0,NA,"",NA,1,NA,"",NA,"","","","","","","",NA,"2025-03-01T00:00:00Z",NA,"included_species","Reptiles"
"161","Coracopsis barklyi","Coracopsis barklyi",179281607,22727890,"Afrotropical","Terrestrial","2020-07-14 00:00:00 UTC","Vulnerable",3.1,"Stable",NA,"Predation",NA,0,NA,"",NA,0,NA,"",NA,"","","","","","","",NA,"2025-07-01T00:00:00Z",186.24,"included_species","Birds"
"162","Cornufer vitianus","Cornufer vitianus",83669326,17518,"Oceanian","Terrestrial","2018-12-20 00:00:00 UTC","Near Threatened",3.1,"Decreasing","Hylodes vitianus, Platymantis vitiana, Platymantis vitianus","Predation",NA,0,NA,"",NA,0,NA,"",NA,"","","","","","","",NA,"2025-03-01T00:00:00Z",NA,"included_species","Amphibians"
"163","Correlophus belepensis","Correlophus belepensis",123469189,122894804,"Australasian","Terrestrial","2017-12-11 00:00:00 UTC","Critically Endangered",3.1,"Unknown",NA,"Predation",NA,0,NA,"",NA,1,NA,"",NA,"","","","","","","",NA,"2025-04-01T00:00:00Z",NA,"included_species","Reptiles"
"164","Correlophus ciliatus","Correlophus ciliatus",123253756,176173,"Australasian","Terrestrial","2017-12-11 00:00:00 UTC","Vulnerable",3.1,"Decreasing","Rhacodactylus ciliatus","Predation",NA,0,NA,"",NA,1,NA,"",NA,"","","","","","","",NA,"2025-04-01T00:00:00Z",NA,"included_species","Reptiles"
"165","Correlophus sarasinorum","Correlophus sarasinorum",123259501,176213,"Australasian","Terrestrial","2017-12-11 00:00:00 UTC","Vulnerable",3.1,"Decreasing","Rhacodactylus sarasinorum","Predation",NA,0,NA,"",NA,1,NA,"",NA,"","","","","","","",NA,"2025-04-01T00:00:00Z",NA,"included_species","Reptiles"
"166","Corvus hawaiiensis","Corvus hawaiiensis",94048187,22706052,"Oceanian","Terrestrial","2016-10-01 00:00:00 UTC","Extinct in the Wild",3.1,"",NA,"Predation, disease",NA,2,NA,"",NA,4,2,"",2,"","","","","","","",NA,"2025-03-01T00:00:00Z",518.82,"included_species","Birds"
"167","Corvus kubaryi","Corvus kubaryi",129626293,22705959,"Oceanian","Terrestrial","2018-08-07 00:00:00 UTC","Critically Endangered",3.1,"Decreasing",NA,"Predation",NA,2,NA,"",NA,1,2,"",NA,"","","","","","","",NA,"2025-04-01T00:00:00Z",249.92,"included_species","Birds"
"168","Coturnix novaezelandiae","Coturnix novaezelandiae",227794604,22678955,"Oceanian","Terrestrial","2023-02-09 00:00:00 UTC","Extinct",3.1,"",NA,"Predation",NA,0,NA,"",NA,2,1,"",NA,"","","","","","","0",NA,"2025-05-01T00:00:00Z",NA,"included_species","Birds"
"169","Crithagra concolor","Crithagra concolor",176571427,22720310,"Afrotropical","Terrestrial","2020-06-04 00:00:00 UTC","Critically Endangered",3.1,"Decreasing","Amblyospiza concolor, Neospiza concolor","Predation",NA,0,NA,"",NA,1,NA,"",NA,"","","","","","","",NA,"2025-06-01T00:00:00Z",50,"included_species","Birds"
"170","Crocidura canariensis","Crocidura canariensis",221582276,5560,"Palearctic","Terrestrial","2022-08-23 00:00:00 UTC","Endangered",3.1,"Decreasing",NA,"Predation",NA,1,NA,"",NA,3,1,"",NA,"","","","","","","",NA,"2025-07-01T00:00:00Z",7.5,"included_species","Mammals"
"171","Crocidura trichura","Crocidura trichura",22304640,136379,"Australasian","Terrestrial","2015-07-18 00:00:00 UTC","Critically Endangered",3.1,"Decreasing",NA,"Predation",NA,0,NA,"Cats not mentioned",NA,0,3,"Cats not mentioned",NA,"0","","","","","","",NA,"2025-01-01T00:00:00Z",5.3,"included_species","Mammals"
"172","Crotalus catalinensis","Crotalus catalinensis",12764544,64314,"Nearctic","Terrestrial","2007-03-01 00:00:00 UTC","Critically Endangered",3.1,"Decreasing",NA,"Predation",NA,0,NA,"",NA,1,1,"",NA,"","","","","","","",NA,"2025-01-01T00:00:00Z",NA,"included_species","Reptiles"
"173","Cryptoblepharus boutonii","Cryptoblepharus boutonii",1374500,172864,"Afrotropical","Terrestrial","2020-01-31 00:00:00 UTC","Near Threatened",3.1,"Stable","Scincus boutonii","Predation",NA,0,NA,"",NA,5,NA,"",NA,"","","","","","","",NA,"2025-01-01T00:00:00Z",NA,"included_species","Reptiles"
"174","Cryptoblepharus caudatus","Cryptoblepharus caudatus",109452879,109452875,"Afrotropical","Terrestrial","2019-10-22 00:00:00 UTC","Critically Endangered",3.1,"Decreasing","Ablepharus boutoni caudatus","Predation",NA,0,NA,"",NA,0,NA,"",NA,"","","","","","","",NA,"2025-03-01T00:00:00Z",NA,"included_species","Reptiles"
"175","Cryptoblepharus egeriae","Cryptoblepharus egeriae",102327566,102327291,"Indomalayan","Terrestrial","2017-02-20 00:00:00 UTC","Extinct in the Wild",3.1,"","Ablepharus egeriae","Predation",NA,0,NA,"",NA,1,NA,"",NA,"","","","","","","",NA,"2025-03-01T00:00:00Z",NA,"included_species","Reptiles"
"176","Cryptoprocta ferox","Cryptoprocta ferox",45197189,5760,"Afrotropical","Terrestrial","2015-02-21 00:00:00 UTC","Vulnerable",3.1,"Decreasing",NA,"Competition",NA,9,NA,"",NA,1,NA,"",NA,"","","","","","","",NA,"2025-03-01T00:00:00Z",9500,"excluded_species","Mammals"
"177","Ctenosaura bakeri","Ctenosaura bakeri",125203850,44181,"Neotropical","Terrestrial","2018-02-04 00:00:00 UTC","Critically Endangered",3.1,"Decreasing","Enyaliosaurus bakeri","Predation",NA,1,NA,"",NA,0,1,"",NA,"","","","","","","",NA,"2025-04-01T00:00:00Z",NA,"included_species","Reptiles"
"178","Ctenosaura flavidorsalis","Ctenosaura flavidorsalis",2993811,44188,"Neotropical","Terrestrial","2020-03-10 00:00:00 UTC","Near Threatened",3.1,"Decreasing",NA,"Predation",NA,0,NA,"",NA,0,NA,"",NA,"","","","","","","",NA,"2025-01-01T00:00:00Z",NA,"included_species","Reptiles"
"179","Ctenosaura melanosterna","Ctenosaura melanosterna",14857036,44189,"Neotropical","Terrestrial","2012-03-01 00:00:00 UTC","Endangered",3.1,"Decreasing",NA,"Predation",NA,0,NA,"",NA,0,1,"",NA,"","","","","","","",NA,"2025-01-01T00:00:00Z",NA,"included_species","Reptiles"
"180","Ctenosaura oedirhina","Ctenosaura oedirhina",122558520,44191,"Neotropical","Terrestrial","2018-06-05 00:00:00 UTC","Endangered",3.1,"Decreasing",NA,"Predation",NA,0,NA,"",1,0,NA,"",NA,"","","","","","","",NA,"2025-04-01T00:00:00Z",NA,"included_species","Reptiles"
"181","Ctenotus kurnbudj","Ctenotus kurnbudj",109463631,109463625,"Australasian","Terrestrial","2017-06-14 00:00:00 UTC","Endangered",3.1,"Unknown",NA,"Predation",NA,0,NA,"",NA,4,NA,"",NA,"","","","","","","",NA,"2025-03-01T00:00:00Z",NA,"included_species","Reptiles"
"182","Ctenotus serotinus","Ctenotus serotinus",109464606,109464601,"Australasian","Terrestrial","2017-06-14 00:00:00 UTC","Critically Endangered",3.1,"Decreasing",NA,"Predation",NA,0,NA,"",NA,1,NA,"",NA,"","","","","","","",NA,"2025-03-01T00:00:00Z",NA,"included_species","Reptiles"
"183","Ctenotus stuarti","Ctenotus stuarti",109464684,109464681,"Australasian","Terrestrial","2017-06-14 00:00:00 UTC","Endangered",3.1,"Decreasing",NA,"Predation",NA,0,NA,"",NA,4,NA,"",NA,"","","","","","","",NA,"2025-03-01T00:00:00Z",NA,"included_species","Reptiles"
"184","Cubophis brooksi","Cubophis brooksi",16013070,16013066,"Neotropical","Terrestrial","2020-02-06 00:00:00 UTC","Critically Endangered",3.1,"Decreasing","Alsophis brooksi, Cubophis cantherigerus brooksi","Predation",NA,0,NA,"",NA,1,NA,"",NA,"","","","","","","",NA,"2025-01-01T00:00:00Z",NA,"included_species","Reptiles"
"185","Cyanoramphus auriceps","Cyanoramphus auriceps",213764778,22685175,"Australasian","Terrestrial","2022-05-03 00:00:00 UTC","Near Threatened",3.1,"Decreasing",NA,"Predation",NA,1,NA,"",NA,2,NA,"",NA,"","","","","","","",NA,"2025-06-01T00:00:00Z",45.64,"included_species","Birds"
"186","Cyanoramphus forbesi","Cyanoramphus forbesi",213712534,22724553,"Australasian","Terrestrial","2022-02-07 00:00:00 UTC","Vulnerable",3.1,"Stable",NA,"Predation",NA,0,NA,"",NA,1,1,"",1,"","","","","","","",NA,"2025-07-01T00:00:00Z",88.5,"included_species","Birds"
"187","Cyclodomorphus praealtus","Cyclodomorphus praealtus",109465226,109465196,"Australasian","Terrestrial","2017-06-13 00:00:00 UTC","Endangered",3.1,"Decreasing",NA,"Predation",NA,0,NA,"",NA,0,NA,"",NA,"","","","","","","",NA,"2025-03-01T00:00:00Z",NA,"included_species","Reptiles"
"188","Cyclura carinata","Cyclura carinata",3097754,6026,"Neotropical","Terrestrial","2019-12-16 00:00:00 UTC","Endangered",3.1,"Stable","Cyclura carinata bartschi, Cyclura carinata carinata","Predation",NA,0,1,"",NA,3,2,"",2,"","","","2","","","",NA,"2025-01-01T00:00:00Z",355,"included_species","Reptiles"
"189","Cyclura collei","Cyclura collei",206739532,6027,"Neotropical","Terrestrial","2021-08-25 00:00:00 UTC","Critically Endangered",3.1,"Increasing",NA,"Predation",NA,1,NA,"",NA,1,3,"",1,"","","","0","","","",NA,"2025-05-01T00:00:00Z",NA,"included_species","Reptiles"
"190","Cyclura cornuta","Cyclura cornuta",3099941,6042,"Neotropical","Terrestrial","2018-01-10 00:00:00 UTC","Endangered",3.1,"Decreasing","Cyclura cornuta cornuta, Aloponotus cornutus, Iguana cornuta, Lacerta cornuta, Metopoceros cornutus","Predation",NA,0,NA,"",NA,0,3,"",1,"","","","0","","","",NA,"2025-01-01T00:00:00Z",NA,"included_species","Reptiles"
"191","Cyclura cychlura","Cyclura cychlura",12356382,6035,"Neotropical","Terrestrial","2004-04-30 00:00:00 UTC","Vulnerable",3.1,"Decreasing","Cyclura baeolopha, Iguana cychlura","Predation",NA,0,NA,"",NA,0,2,"",1,"","","","Not attributed","","","",NA,"2025-01-01T00:00:00Z",NA,"included_species","Reptiles"
"192","Cyclura lewisi","Cyclura lewisi",2994409,44275,"Neotropical","Terrestrial","2012-06-10 00:00:00 UTC","Endangered",3.1,"Increasing","Cyclura macleayi lewisi, Cyclura nubila lewisi","Predation",NA,0,NA,"",NA,1,2,"",1,"","","","0","","","",NA,"2025-01-01T00:00:00Z",NA,"included_species","Reptiles"
"193","Cyclura onchiopsis","Cyclura onchiopsis",6955940,173001,"Neotropical","Terrestrial","2010-09-23 00:00:00 UTC","Extinct",3.1,"","Cyclura cornuta onchiopsis","Predation",NA,0,NA,"",NA,1,NA,"",NA,"","","","","","","",NA,"2025-01-01T00:00:00Z",NA,"included_species","Reptiles"
"194","Cyclura pinguis","Cyclura pinguis",3098403,6031,"Neotropical","Terrestrial","2019-11-02 00:00:00 UTC","Critically Endangered",3.1,"Increasing","Cyclura mattea, Cyclura portoricensis","Predation",NA,0,NA,"",1,2,2,"",1,"","","","0","","","",NA,"2025-01-01T00:00:00Z",NA,"included_species","Reptiles"
"195","Cyclura ricordii","Cyclura ricordii",3098833,6032,"Neotropical","Terrestrial","2018-02-13 00:00:00 UTC","Endangered",3.1,"Decreasing","Aloponotus ricordii, Cyclura ricordi, Hypsilophus ricordii, Metopoceros cornutus","Predation",NA,0,NA,"",NA,2,1,"",NA,"","","","0","","","",NA,"2025-01-01T00:00:00Z",NA,"included_species","Reptiles"
"196","Cyclura stejnegeri","Cyclura stejnegeri",2790768,29605,"Neotropical","Terrestrial","2019-12-19 00:00:00 UTC","Critically Endangered",3.1,"Increasing","Cyclura cornuta stejnegeri","Predation",NA,0,NA,"",NA,1,1,"",NA,"","","","","","","",NA,"2025-01-01T00:00:00Z",NA,"included_species","Reptiles"
"197","Cylindrophis isolepis","Cylindrophis isolepis",42492712,42492703,"Australasian","Terrestrial","2019-08-08 00:00:00 UTC","Critically Endangered",3.1,"Unknown",NA,"Predation",NA,0,NA,"",NA,1,NA,"",NA,"","","","","","","",NA,"2025-02-01T00:00:00Z",NA,"included_species","Reptiles"
"198","Cyrtodactylus khelangensis","Cyrtodactylus khelangensis",104718601,104692853,"Indomalayan","Terrestrial","2017-05-23 00:00:00 UTC","Endangered",3.1,"Decreasing",NA,"Predation",NA,0,NA,"",NA,1,NA,"",NA,"","","","","","","",NA,"2025-03-01T00:00:00Z",NA,"included_species","Reptiles"
"199","Cyrtodactylus sadleiri","Cyrtodactylus sadleiri",129322054,102731769,"Australasian","Terrestrial","2017-02-20 00:00:00 UTC","Endangered",3.1,"Decreasing",NA,"Predation",NA,0,NA,"",NA,0,NA,"",NA,"","","","","","","",NA,"2025-04-01T00:00:00Z",NA,"included_species","Reptiles"
"200","Cyrtodactylus soba","Cyrtodactylus soba",123312107,197219,"Indomalayan","Terrestrial","2019-09-17 00:00:00 UTC","Vulnerable",3.1,"Unknown","Cyrtodactylus srilankensis","Predation",NA,0,NA,"",NA,0,NA,"",NA,"","","","","","","",NA,"2025-04-01T00:00:00Z",NA,"included_species","Reptiles"
"201","Cyrtodactylus thirakhupti","Cyrtodactylus thirakhupti",104718826,104716724,"Indomalayan","Terrestrial","2017-05-23 00:00:00 UTC","Near Threatened",3.1,"Unknown",NA,"Predation",NA,0,NA,"",NA,0,NA,"",NA,"","","","","","","",NA,"2025-03-01T00:00:00Z",NA,"included_species","Reptiles"
"202","Cyrtodactylus yakhuna","Cyrtodactylus yakhuna",104716867,104716837,"Indomalayan","Terrestrial","2019-09-17 00:00:00 UTC","Vulnerable",3.1,"Unknown","Gymnodactylus yakhuna","Predation",NA,0,NA,"",NA,0,NA,"",NA,"","","","","","","",NA,"2025-03-01T00:00:00Z",NA,"included_species","Reptiles"
"203","Dasia haliana","Dasia haliana",1366811,172685,"Indomalayan","Terrestrial","2019-09-14 00:00:00 UTC","Vulnerable",3.1,"Unknown","Euprepes halianus","Predation",NA,0,NA,"",NA,0,NA,"",NA,"","","","","","","",NA,"2025-01-01T00:00:00Z",NA,"included_species","Reptiles"
"204","Dasycercus cristicauda","Dasycercus cristicauda",21945813,6266,"Australasian","Terrestrial","2014-03-18 00:00:00 UTC","Near Threatened",3.1,"Stable","Chaetocercus cristicauda, Dasycercus hillieri","Predation",NA,4,NA,"6",NA,1,NA,"1",1,"1","","","","","","",NA,"2025-01-01T00:00:00Z",100,"included_species","Mammals"
"205","Dasyornis brachypterus","Dasyornis brachypterus",211760838,22704507,"Australasian","Terrestrial|Freshwater (=Inland waters)","2022-01-06 00:00:00 UTC","Vulnerable",3.1,"Decreasing",NA,"Predation",NA,0,NA,"",NA,1,1,"",NA,"","3","1","","","","",NA,"2025-05-01T00:00:00Z",41.8,"included_species","Birds"
"206","Dasyornis longirostris","Dasyornis longirostris",208565657,22704502,"Australasian","Terrestrial","2022-01-27 00:00:00 UTC","Endangered",3.1,"Decreasing",NA,"Predation",NA,0,NA,"",NA,1,3,"",NA,"","2","2","","","","",NA,"2025-05-01T00:00:00Z",32.7,"included_species","Birds"
"207","Dasyurus albopunctatus","Dasyurus albopunctatus",21946965,6299,"Australasian","Terrestrial","2016-06-29 00:00:00 UTC","Near Threatened",3.1,"Decreasing","Satanellus albopunctatus","Competition",NA,0,NA,"",NA,0,NA,"",NA,"","","","","","","",NA,"2025-01-01T00:00:00Z",637,"excluded_species","Mammals"
"208","Dasyurus geoffroii","Dasyurus geoffroii",21947461,6294,"Australasian","Terrestrial","2012-12-31 00:00:00 UTC","Near Threatened",3.1,"Stable",NA,"Predation",NA,18,NA,"10",NA,0,NA,"1",1,"1","","","","","","",NA,"2025-01-01T00:00:00Z",1100,"included_species","Mammals"
"209","Dasyurus hallucatus","Dasyurus hallucatus",21947321,6295,"Australasian","Terrestrial","2015-06-15 00:00:00 UTC","Endangered",3.1,"Decreasing","Satanellus hallucatus","Disease, Predation",NA,10,NA,"9",NA,0,3,"0",NA,"2","","","","","","",NA,"2025-01-01T00:00:00Z",525,"included_species","Mammals"
"210","Dasyurus maculatus","Dasyurus maculatus",21946847,6300,"Australasian","Terrestrial","2015-06-15 00:00:00 UTC","Near Threatened",3.1,"Decreasing",NA,"Competition",NA,22,NA,"2",NA,0,NA,"1",1,"1","","","","","","",NA,"2025-01-01T00:00:00Z",5500,"excluded_species","Mammals"
"211","Dasyurus spartacus","Dasyurus spartacus",21947093,6301,"Australasian","Terrestrial","2016-06-30 00:00:00 UTC","Near Threatened",3.1,"Unknown","Satanellus spartacus","Predation",NA,0,NA,"",NA,1,NA,"",NA,"","","","","","","",NA,"2025-01-01T00:00:00Z",1212.6,"included_species","Mammals"
"212","Dasyurus viverrinus","Dasyurus viverrinus",21947190,6296,"Australasian","Terrestrial","2014-03-15 00:00:00 UTC","Endangered",3.1,"Decreasing","Didelphis viverrina, Satanellus viverrinus","Competition, Predation",NA,11,NA,"5",NA,2,NA,"0",NA,"2","","","","","","",NA,"2025-01-01T00:00:00Z",1090,"included_species","Mammals"
"213","Delma impar","Delma impar",101742864,6315,"Australasian","Terrestrial","2017-06-13 00:00:00 UTC","Endangered",3.1,"Decreasing","Pseudodelma impar","Predation",NA,0,NA,"",NA,2,NA,"",NA,"","","","","","","",NA,"2025-03-01T00:00:00Z",NA,"included_species","Reptiles"
"214","Dendrocygna arborea","Dendrocygna arborea",154611660,22679770,"Neotropical","Terrestrial|Freshwater (=Inland waters)|Marine","2019-07-16 00:00:00 UTC","Near Threatened",3.1,"Decreasing",NA,"Predation",NA,0,NA,"",NA,2,1,"",NA,"","","","","","","",NA,"2025-06-01T00:00:00Z",1150,"included_species","Birds"
"215","Didunculus strigirostris","Didunculus strigirostris",156841404,22691890,"Oceanian","Terrestrial","2016-10-01 00:00:00 UTC","Critically Endangered",3.1,"Decreasing",NA,"Predation",NA,0,9,"",NA,2,3,"",NA,"","","","","","","",NA,"2025-06-01T00:00:00Z",400,"included_species","Birds"
"216","Dierogekko inexpectatus","Dierogekko inexpectatus",123251434,176154,"Australasian","Terrestrial","2017-12-11 00:00:00 UTC","Critically Endangered",3.1,"Decreasing",NA,"Predation",NA,0,2,"",NA,1,3,"",NA,"","","","","","","",NA,"2025-04-01T00:00:00Z",NA,"included_species","Reptiles"
"217","Dierogekko insularis","Dierogekko insularis",123257548,176200,"Australasian","Terrestrial","2017-12-11 00:00:00 UTC","Endangered",3.1,"Decreasing",NA,"Predation",NA,0,NA,"",NA,1,NA,"",NA,"","","","","","","",NA,"2025-04-01T00:00:00Z",NA,"included_species","Reptiles"
"218","Dierogekko kaalaensis","Dierogekko kaalaensis",123255835,176187,"Australasian","Terrestrial","2017-12-11 00:00:00 UTC","Critically Endangered",3.1,"Decreasing",NA,"Predation",NA,0,NA,"",NA,2,2,"",NA,"","","","","","","",NA,"2025-04-01T00:00:00Z",NA,"included_species","Reptiles"
"219","Dierogekko koniambo","Dierogekko koniambo",123254414,176177,"Australasian","Terrestrial","2017-12-11 00:00:00 UTC","Critically Endangered",3.1,"Decreasing",NA,"Predation",NA,0,NA,"",NA,2,2,"",NA,"","","","","","","",NA,"2025-04-01T00:00:00Z",NA,"included_species","Reptiles"
"220","Dierogekko nehoueensis","Dierogekko nehoueensis",123251745,176158,"Australasian","Terrestrial","2017-12-11 00:00:00 UTC","Endangered",3.1,"Decreasing",NA,"Predation",NA,0,1,"",NA,1,2,"",NA,"","","","","","","",NA,"2025-04-01T00:00:00Z",NA,"included_species","Reptiles"
"221","Dierogekko poumensis","Dierogekko poumensis",123254583,176178,"Australasian","Terrestrial","2017-12-11 00:00:00 UTC","Critically Endangered",3.1,"Decreasing",NA,"Predation",NA,0,NA,"",NA,1,2,"",NA,"","","","","","","",NA,"2025-04-01T00:00:00Z",NA,"included_species","Reptiles"
"222","Dierogekko thomaswhitei","Dierogekko thomaswhitei",123250842,176150,"Australasian","Terrestrial","2017-12-11 00:00:00 UTC","Critically Endangered",3.1,"Decreasing",NA,"Predation",NA,0,NA,"",NA,2,2,"",NA,"","","","","","","",NA,"2025-04-01T00:00:00Z",NA,"included_species","Reptiles"
"223","Dierogekko validiclavis","Dierogekko validiclavis",123256909,176196,"Australasian","Terrestrial","2017-12-11 00:00:00 UTC","Endangered",3.1,"Decreasing","Bavayia validiclavis","Predation",NA,0,NA,"",NA,1,2,"",NA,"","","","","","","",NA,"2025-04-01T00:00:00Z",NA,"included_species","Reptiles"
"224","Diomedea amsterdamensis","Diomedea amsterdamensis",132397831,22698310,"Afrotropical|Antarctic","Terrestrial|Marine","2018-08-07 00:00:00 UTC","Endangered",3.1,"Increasing",NA,"Predation",NA,0,NA,"",NA,1,2,"",2,"","","","","","","",NA,"2025-04-01T00:00:00Z",6270,"included_species","Birds"
"225","Diomedea antipodensis","Diomedea antipodensis",132656045,22728318,"Neotropical|Oceanian","Terrestrial|Marine","2018-08-07 00:00:00 UTC","Endangered",3.1,"Decreasing",NA,"Predation",NA,0,NA,"",NA,1,1,"",NA,"","0","0","","","","",NA,"2025-05-01T00:00:00Z",6961.29,"included_species","Birds"
"226","Diomedea dabbenena","Diomedea dabbenena",132657527,22728364,"Afrotropical|Neotropical","Terrestrial|Marine","2018-08-07 00:00:00 UTC","Critically Endangered",3.1,"Decreasing","Diomedea chionoptera chionoptera","Predation",NA,1,NA,"",NA,0,NA,"",NA,"","Not attributed","Not attributed","","","","",NA,"2025-05-01T00:00:00Z",6961.29,"included_species","Birds"
"227","Diomedea epomophora","Diomedea epomophora",132641187,22698314,"Afrotropical|Neotropical|Oceanian","Terrestrial|Marine","2018-08-07 00:00:00 UTC","Vulnerable",3.1,"Stable",NA,"Predation",NA,0,NA,"",NA,3,1,"",1,"","Not attributed","0","","","","",NA,"2025-05-01T00:00:00Z",8905.61,"included_species","Birds"
"228","Diomedea exulans","Diomedea exulans",132640680,22698305,"Afrotropical|Neotropical|Oceanian","Terrestrial|Marine","2018-08-07 00:00:00 UTC","Vulnerable",3.1,"Decreasing",NA,"Predation",NA,6,NA,"",NA,1,1,"",NA,"","Not attributed","0","","","","",NA,"2025-05-01T00:00:00Z",6961.29,"included_species","Birds"
"229","Diomedea sanfordi","Diomedea sanfordi",132656392,22728323,"Afrotropical|Antarctic|Neotropical|Oceanian","Terrestrial|Marine","2018-08-07 00:00:00 UTC","Endangered",3.1,"Decreasing",NA,"Predation",NA,0,NA,"",NA,0,2,"",NA,"","Not attributed","Not attributed","","","","",NA,"2025-05-01T00:00:00Z",8905.61,"included_species","Birds"
"230","Diploglossus montisserrati","Diploglossus montisserrati",115082920,6638,"Neotropical","Terrestrial","2014-07-20 00:00:00 UTC","Critically Endangered",3.1,"Unknown",NA,"Predation",NA,0,NA,"",NA,1,NA,"",NA,"","","","","","","",NA,"2025-04-01T00:00:00Z",NA,"included_species","Reptiles"
"231","Diplothrix legata","Diplothrix legata",22459891,6671,"Indomalayan","Terrestrial","2015-12-14 00:00:00 UTC","Endangered",3.1,"Decreasing","Diplothrix legatus","Predation",NA,1,NA,"",NA,0,3,"",NA,"","","","","","","",NA,"2025-02-01T00:00:00Z",505.9,"included_species","Mammals"
"232","Dipodomys stephensi","Dipodomys stephensi",22228640,6682,"Nearctic","Terrestrial","2016-07-11 00:00:00 UTC","Vulnerable",3.1,"Decreasing",NA,"Predation",NA,0,NA,"",NA,0,NA,"",NA,"","","","","","","",NA,"2025-01-01T00:00:00Z",69.8,"included_species","Mammals"
"233","Diporiphora vescus","Diporiphora vescus",83491797,83491786,"Australasian","Terrestrial","2017-02-22 00:00:00 UTC","Vulnerable",3.1,"Unknown",NA,"Predation",NA,0,NA,"",NA,0,NA,"",NA,"","","","","","","",NA,"2025-03-01T00:00:00Z",NA,"included_species","Reptiles"
"234","Dryolimnas augusti","Dryolimnas augusti",261999490,62258591,"Afrotropical","Terrestrial|Freshwater (=Inland waters)","2024-07-01 00:00:00 UTC","Extinct",3.1,"",NA,"Predation",NA,0,NA,"",NA,1,1,"",NA,"","","","","","","0",NA,"2025-01-01T00:00:00Z",NA,"included_species","Birds"
"235","Ducula aurorae","Ducula aurorae",118663538,22691668,"Oceanian","Terrestrial","2017-10-01 00:00:00 UTC","Endangered",3.1,"Increasing",NA,"Predation",NA,0,NA,"",NA,1,NA,"",NA,"","","","","","","",NA,"2025-04-01T00:00:00Z",507.19,"included_species","Birds"
"236","Ducula galeata","Ducula galeata",218092219,22691674,"Oceanian","Terrestrial","2023-06-15 00:00:00 UTC","Endangered",3.1,"Increasing","Serresius galeatus","Predation",NA,0,NA,"",NA,3,1,"",1,"","","","","","","",NA,"2025-07-01T00:00:00Z",605,"included_species","Birds"
"237","Dysmorodrepanis munroi","Dysmorodrepanis munroi",244849755,22720738,"Oceanian","Terrestrial","2023-09-11 00:00:00 UTC","Extinct",3.1,"",NA,"Predation",NA,0,NA,"",NA,1,1,"",NA,"","","","","","","1",NA,"2025-05-01T00:00:00Z",NA,"included_species","Birds"
"238","Elanus scriptus","Elanus scriptus",212864152,22695039,"Australasian","Terrestrial|Freshwater (=Inland waters)","2022-01-17 00:00:00 UTC","Near Threatened",3.1,"Stable",NA,"Competition, Predation",NA,1,NA,"",NA,3,NA,"",NA,"","2","2","","","","",NA,"2025-05-01T00:00:00Z",316,"included_species","Birds"
"239","Eleutherodactylus barlagnei","Eleutherodactylus barlagnei",3039910,56451,"Neotropical","Terrestrial|Freshwater (=Inland waters)","2020-11-10 00:00:00 UTC","Endangered",3.1,"Decreasing",NA,"Predation",NA,0,NA,"",NA,0,NA,"",NA,"","","","","","","",NA,"2025-01-01T00:00:00Z",NA,"included_species","Amphibians"
"240","Eleutherodactylus cavernicola","Eleutherodactylus cavernicola",3137506,7143,"Neotropical","Terrestrial","2020-10-07 00:00:00 UTC","Critically Endangered",3.1,"Decreasing",NA,"Predation",NA,0,NA,"",NA,0,NA,"",NA,"","","","","","","",NA,"2025-01-01T00:00:00Z",NA,"included_species","Amphibians"
"241","Eleutherodactylus pinchoni","Eleutherodactylus pinchoni",3051801,56860,"Neotropical","Terrestrial","2020-11-10 00:00:00 UTC","Endangered",3.1,"Decreasing",NA,"Predation",NA,0,NA,"",NA,0,NA,"",NA,"","","","","","","",NA,"2025-01-01T00:00:00Z",NA,"included_species","Amphibians"
"242","Eliomys quercinus","Eliomys quercinus",3139783,7618,"Palearctic","Terrestrial","2023-02-27 00:00:00 UTC","Vulnerable",3.1,"Decreasing","Mus quercinus","Predation",NA,2,NA,"",NA,1,NA,"",NA,"","","","","","","",NA,"2025-01-01T00:00:00Z",115,"included_species","Mammals"
"243","Emberiza socotrana","Emberiza socotrana",118847061,22720940,"Afrotropical|Palearctic","Terrestrial","2017-10-01 00:00:00 UTC","Near Threatened",3.1,"Stable",NA,"Predation",NA,0,NA,"",NA,0,2,"",NA,"","","","","","","",NA,"2025-04-01T00:00:00Z",14.42,"included_species","Birds"
"244","Emoia adspersa","Emoia adspersa",1527142,178217,"Oceanian","Terrestrial","2011-09-12 00:00:00 UTC","Endangered",3.1,"Decreasing","Eumeces adspersus, Eumeces microlepis, Euprepes parvisquameus","Predation",NA,0,NA,"",NA,1,1,"",NA,"","","","","","","",NA,"2025-01-01T00:00:00Z",NA,"included_species","Reptiles"
"245","Emoia concolor","Emoia concolor",2464821,196601,"Oceanian","Terrestrial","2011-09-12 00:00:00 UTC","Near Threatened",3.1,"Unknown","Gongylus concolor","Predation",NA,0,NA,"",NA,1,NA,"",NA,"","","","","","","",NA,"2025-01-01T00:00:00Z",NA,"included_species","Reptiles"
"246","Emoia lawesi","Emoia lawesi",1537910,178528,"Oceanian","Terrestrial","2011-09-16 00:00:00 UTC","Endangered",3.1,"Unknown","Mabouia lawesii","Predation",NA,0,NA,"",NA,0,1,"",NA,"","","","","","","",NA,"2025-01-01T00:00:00Z",NA,"included_species","Reptiles"
"247","Emoia loyaltiensis","Emoia loyaltiensis",123257233,176198,"Australasian","Terrestrial","2017-12-11 00:00:00 UTC","Vulnerable",3.1,"Decreasing","Lygosoma samoense","Predation",NA,0,NA,"",1,1,1,"",NA,"","","","","","","",NA,"2025-04-01T00:00:00Z",NA,"included_species","Reptiles"
"248","Emoia samoensis","Emoia samoensis",2467000,196618,"Oceanian","Terrestrial","2011-09-14 00:00:00 UTC","Endangered",3.1,"Decreasing","Gongylus samoensis","Predation",NA,0,NA,"",NA,0,1,"",NA,"","","","","","","",NA,"2025-01-01T00:00:00Z",NA,"included_species","Reptiles"
"249","Emoia tuitarere","Emoia tuitarere",2467555,196623,"Oceanian","Terrestrial","2011-09-14 00:00:00 UTC","Vulnerable",3.1,"Unknown",NA,"Predation",NA,0,NA,"",NA,1,1,"",NA,"","","","","","","",NA,"2025-01-01T00:00:00Z",NA,"included_species","Reptiles"
"250","Epibator greeri","Epibator greeri",123131743,176133,"Australasian","Terrestrial","2017-12-11 00:00:00 UTC","Endangered",3.1,"Decreasing","Leiolopisma greeri, Lioscincus greeri","Predation",NA,0,NA,"",NA,1,NA,"",NA,"","","","","","","",NA,"2025-04-01T00:00:00Z",NA,"included_species","Reptiles"
"251","Erythrolamprus juliae","Erythrolamprus juliae",50956204,50956167,"Neotropical","Terrestrial","2015-07-21 00:00:00 UTC","Near Threatened",3.1,"Decreasing","Aporophis juliae, Liophis juliae","Predation",NA,0,NA,"",NA,0,NA,"",NA,"","","","","","","",NA,"2025-03-01T00:00:00Z",NA,"included_species","Reptiles"
"252","Erythrolamprus perfuscus","Erythrolamprus perfuscus",115104581,12081,"Neotropical","Terrestrial","2015-07-21 00:00:00 UTC","Extinct",3.1,"",NA,"Predation",NA,0,NA,"",NA,0,NA,"",NA,"","","","","","","",NA,"2025-04-01T00:00:00Z",NA,"included_species","Reptiles"
"253","Eudyptes pachyrhynchus","Eudyptes pachyrhynchus",182279725,22697776,"Oceanian","Terrestrial|Marine","2020-08-18 00:00:00 UTC","Near Threatened",3.1,"Decreasing",NA,"Predation",NA,0,NA,"",NA,1,2,"",1,"","","","","","","",NA,"2025-07-01T00:00:00Z",3904.88,"included_species","Birds"
"254","Euleptes europaea","Euleptes europaea",12486542,61446,"Palearctic","Terrestrial","2008-12-14 00:00:00 UTC","Near Threatened",3.1,"Unknown","Phyllodactylus europaeus","Predation",NA,0,NA,"",NA,0,NA,"",NA,"","","","","","","",NA,"2025-01-01T00:00:00Z",NA,"included_species","Reptiles"
"255","Eupleres goudotii","Eupleres goudotii",45204582,68336601,"Afrotropical","Terrestrial","2015-03-02 00:00:00 UTC","Vulnerable",3.1,"Decreasing","Eupleres goudotii goudotti","Competition, Predation",NA,2,NA,"",NA,1,NA,"",NA,"","","","","","","",NA,"2025-03-01T00:00:00Z",3000,"included_species","Mammals"
"256","Eupleres major","Eupleres major",45204313,39547,"Afrotropical","Terrestrial","2015-03-02 00:00:00 UTC","Endangered",3.1,"Decreasing","Eupleres goudotii major","Predation",NA,0,NA,"",NA,0,NA,"",NA,"","","","","","","",NA,"2025-03-01T00:00:00Z",2715.2,"included_species","Mammals"
"257","Eupsittula nana","Eupsittula nana",179402014,45418540,"Neotropical","Terrestrial","2020-08-28 00:00:00 UTC","Near Threatened",3.1,"Decreasing",NA,"Predation",NA,0,NA,"",NA,0,NA,"",NA,"","","","","","","",NA,"2025-07-01T00:00:00Z",76.9,"included_species","Birds"
"258","Eupsophus insularis","Eupsophus insularis",79809055,8375,"Neotropical","Terrestrial|Freshwater (=Inland waters)","2018-05-28 00:00:00 UTC","Critically Endangered",3.1,"Decreasing","Cystignathus insularis","Predation",NA,0,NA,"",NA,2,NA,"",NA,"","","","","","","",NA,"2025-03-01T00:00:00Z",NA,"included_species","Amphibians"
"259","Eurostopodus exul","Eurostopodus exul",130437059,22726340,"Oceanian","Terrestrial|Freshwater (=Inland waters)|Marine","2018-08-07 00:00:00 UTC","Critically Endangered",3.1,"Unknown",NA,"Predation",NA,0,NA,"",NA,0,1,"",NA,"","","","","","","",NA,"2025-04-01T00:00:00Z",77,"included_species","Birds"
"260","Eurostopodus nigripennis","Eurostopodus nigripennis",226250634,22725672,"Australasian","Terrestrial|Freshwater (=Inland waters)|Marine","2023-02-09 00:00:00 UTC","Vulnerable",3.1,"Decreasing",NA,"Predation",NA,0,2,"",NA,2,NA,"",NA,"","","","","","","",NA,"2025-07-01T00:00:00Z",134.52,"included_species","Birds"
"261","Eurydactylodes agricolae","Eurydactylodes agricolae",123252637,176165,"Australasian","Terrestrial","2017-12-11 00:00:00 UTC","Near Threatened",3.1,"Stable",NA,"Predation",NA,0,NA,"",NA,1,NA,"",NA,"","","","","","","",NA,"2025-04-01T00:00:00Z",NA,"included_species","Reptiles"
"262","Eurydactylodes occidentalis","Eurydactylodes occidentalis",123258219,176204,"Australasian","Terrestrial","2017-12-11 00:00:00 UTC","Endangered",3.1,"Decreasing",NA,"Predation",NA,0,NA,"",NA,2,2,"",NA,"","","","","","","",NA,"2025-04-01T00:00:00Z",NA,"included_species","Reptiles"
"263","Eurydactylodes symmetricus","Eurydactylodes symmetricus",123249462,176141,"Australasian","Terrestrial","2017-12-11 00:00:00 UTC","Near Threatened",3.1,"Decreasing","Eurydactylus symmetricus","Predation",NA,0,NA,"",NA,1,1,"",NA,"","","","","","","",NA,"2025-04-01T00:00:00Z",NA,"included_species","Reptiles"
"264","Eurydactylodes vieillardi","Eurydactylodes vieillardi",123253576,176172,"Australasian","Terrestrial","2017-12-11 00:00:00 UTC","Near Threatened",3.1,"Decreasing","Platydactylus vieillardi","Predation",NA,0,NA,"",NA,2,NA,"",NA,"","","","","","","",NA,"2025-04-01T00:00:00Z",NA,"included_species","Reptiles"
"265","Falco araeus","Falco araeus",227717030,22696380,"Afrotropical","Terrestrial","2023-03-22 00:00:00 UTC","Vulnerable",3.1,"Stable","Falco araea","Predation",NA,0,NA,"",NA,6,NA,"",NA,"","","","","","","",NA,"2025-07-01T00:00:00Z",79.77,"included_species","Birds"
"266","Falco punctatus","Falco punctatus",226885309,22696373,"Afrotropical","Terrestrial","2023-02-08 00:00:00 UTC","Endangered",3.1,"Decreasing",NA,"Predation",NA,0,NA,"",NA,2,2,"",2,"","","","","","","",NA,"2025-01-01T00:00:00Z",167.41,"included_species","Birds"
"267","Falsistrellus tasmaniensis","Falsistrellus tasmaniensis",22123618,17367,"Australasian","Terrestrial","2019-08-18 00:00:00 UTC","Vulnerable",3.1,"Decreasing","Pipistrellus tasmaniensis","Predation",NA,0,NA,"0",NA,0,NA,"Cats not mentioned",NA,"Cats not mentioned","","","","0","Cats not mentioned","",NA,"2025-01-01T00:00:00Z",22.7,"included_species","Mammals"
"268","Flexiseps valhallae","Flexiseps valhallae",160883299,160883244,"Afrotropical","Terrestrial","2019-10-24 00:00:00 UTC","Critically Endangered",3.1,"Decreasing","Amphiglossus valhallae, Scelotes valhallae, Sepsina valhallae","Predation",NA,0,NA,"",NA,0,NA,"",NA,"","","","","","","",NA,"2025-06-01T00:00:00Z",NA,"included_species","Reptiles"
"269","Fossa fossana","Fossa fossana",45197868,8668,"Afrotropical","Terrestrial","2015-03-02 00:00:00 UTC","Vulnerable",3.1,"Decreasing","Viverra fossa","Competition",NA,2,NA,"",1,2,NA,"",NA,"","","","","","","",NA,"2025-03-01T00:00:00Z",1500,"excluded_species","Mammals"
"270","Foudia aldabrana","Foudia aldabrana",180471815,103811282,"Afrotropical","Terrestrial","2020-07-30 00:00:00 UTC","Endangered",3.1,"Increasing",NA,"Predation",NA,0,NA,"",NA,0,NA,"",NA,"","","","","","","",NA,"2025-07-01T00:00:00Z",24.51,"included_species","Birds"
"271","Foudia flavicans","Foudia flavicans",94614670,22719159,"Afrotropical","Terrestrial","2016-10-01 00:00:00 UTC","Near Threatened",3.1,"Increasing",NA,"Predation",NA,0,NA,"",NA,0,NA,"",NA,"","","","","","","",NA,"2025-03-01T00:00:00Z",15.34,"included_species","Birds"
"272","Fregata aquila","Fregata aquila",132597828,22697728,"Afrotropical","Terrestrial|Marine","2018-08-10 00:00:00 UTC","Vulnerable",3.1,"Stable",NA,"Predation",NA,0,NA,"",NA,0,2,"",1,"","","","","","","",NA,"2025-04-01T00:00:00Z",1620,"included_species","Birds"
"273","Fregetta maoriana","Fregetta maoriana",132659638,22728808,"Oceanian","Terrestrial|Marine","2018-08-07 00:00:00 UTC","Critically Endangered",3.1,"Unknown","Oceanites maorianus, Pealeornis maoriana","Predation",NA,0,NA,"",NA,0,NA,"",NA,"","","","","","","",NA,"2025-06-01T00:00:00Z",34.5,"included_species","Birds"
"274","Fringilla teydea","Fringilla teydea",205778691,103822567,"Palearctic","Terrestrial","2021-08-23 00:00:00 UTC","Near Threatened",3.1,"Increasing",NA,"Predation",NA,1,NA,"",NA,1,NA,"",NA,"","","","","","","",NA,"2025-07-01T00:00:00Z",30.3,"included_species","Birds"
"275","Fulica alai","Fulica alai",218635331,22692920,"Oceanian","Terrestrial|Freshwater (=Inland waters)|Marine","2023-07-20 00:00:00 UTC","Near Threatened",3.1,"Stable",NA,"Predation",NA,0,NA,"",NA,3,1,"",1,"","","","","","","",NA,"2025-07-01T00:00:00Z",459,"included_species","Birds"
"276","Galemys pyrenaicus","Galemys pyrenaicus",227363991,8826,"Palearctic","Terrestrial|Freshwater (=Inland waters)","2023-02-09 00:00:00 UTC","Endangered",3.1,"Decreasing","Mygale pyrenaica","Predation",NA,0,NA,"",NA,0,NA,"",NA,"","","","","","","",NA,"2025-07-01T00:00:00Z",60.2,"included_species","Mammals"
"277","Gallinula nesiotis","Gallinula nesiotis",262209629,22728763,"Afrotropical","Terrestrial|Freshwater (=Inland waters)","2024-07-03 00:00:00 UTC","Extinct",3.1,"",NA,"Predation",NA,0,NA,"",NA,2,NA,"",NA,"","","","","","","Not attributed",NA,"2025-01-01T00:00:00Z",NA,"included_species","Birds"
"278","Gallirallus lafresnayanus","Gallirallus lafresnayanus",93351848,22692388,"Oceanian","Terrestrial","2016-10-01 00:00:00 UTC","Critically Endangered",3.1,"Unknown","Tricholimnas lafresnayanus lafresnayanus","Predation",NA,0,1,"",NA,0,2,"",NA,"","","","","","","1",NA,"2025-03-01T00:00:00Z",NA,"included_species","Birds"
"279","Gallotia bravoana","Gallotia bravoana",137850527,61502,"Palearctic","Terrestrial","2022-10-07 00:00:00 UTC","Endangered",3.1,"Unknown","Gallotia gomerana, Gallotia simonyi gomerana, Gallotia simonyi bravoana","Predation",NA,1,NA,"",NA,0,2,"",NA,"","","","","","","",NA,"2025-06-01T00:00:00Z",NA,"included_species","Reptiles"
"280","Gallotia intermedia","Gallotia intermedia",207650471,61505,"Palearctic","Terrestrial","2022-10-07 00:00:00 UTC","Endangered",3.1,"Decreasing",NA,"Predation",NA,1,2,"",NA,2,2,"",1,"","","","","","","",NA,"2025-07-01T00:00:00Z",NA,"included_species","Reptiles"
"281","Gallotia simonyi","Gallotia simonyi",137842652,8881,"Palearctic","Terrestrial","2022-10-07 00:00:00 UTC","Vulnerable",3.1,"Unknown","Lacerta simonyi","Predation",NA,1,NA,"",NA,1,2,"",3,"","","","","","","",NA,"2025-06-01T00:00:00Z",NA,"included_species","Reptiles"
"282","Galvarinus chilensis","Galvarinus chilensis",61320360,177567,"Neotropical","Terrestrial","2015-05-28 00:00:00 UTC","Near Threatened",3.1,"Decreasing","Coronella chilensis, Dipsas chilensis, Tachymenis chilensis","Predation",NA,0,NA,"",NA,0,NA,"",NA,"","","","","","","",NA,"2025-03-01T00:00:00Z",NA,"included_species","Reptiles"
"283","Gastrotheca lojana","Gastrotheca lojana",57460905,57460899,"Neotropical","Terrestrial|Freshwater (=Inland waters)","2016-07-18 00:00:00 UTC","Vulnerable",3.1,"Decreasing","Gastrotheca marsupiata lojana","Predation",NA,0,NA,"",NA,0,NA,"",NA,"","","","","","","",NA,"2025-03-01T00:00:00Z",NA,"included_species","Amphibians"
"284","Gekko lauhachindai","Gekko lauhachindai",104718921,104717581,"Indomalayan","Terrestrial","2017-05-24 00:00:00 UTC","Critically Endangered",3.1,"Decreasing",NA,"Predation",NA,0,NA,"",NA,1,NA,"",NA,"","","","","","","",NA,"2025-03-01T00:00:00Z",NA,"included_species","Reptiles"
"285","Geocapromys brownii","Geocapromys brownii",22186569,9001,"Neotropical","Terrestrial","2017-02-03 00:00:00 UTC","Endangered",3.1,"Decreasing",NA,"Predation",NA,0,NA,"",NA,1,NA,"",NA,"","","","","","","",NA,"2025-01-01T00:00:00Z",1500,"included_species","Mammals"
"286","Geocapromys ingrahami","Geocapromys ingrahami",224590046,9002,"Neotropical","Terrestrial","2024-06-09 00:00:00 UTC","Critically Endangered",3.1,"Decreasing","Capromys ingrahami","Predation",NA,0,NA,"",NA,1,NA,"",NA,"","","","","","","",NA,"2025-07-01T00:00:00Z",800,"included_species","Mammals"
"287","Geocapromys thoracatus","Geocapromys thoracatus",22186735,9003,"Neotropical","Terrestrial","2018-01-26 00:00:00 UTC","Extinct",3.1,"","Capromys brachyurus thoractus","Predation",NA,0,NA,"",NA,0,1,"",2,"","","","","","","",NA,"2025-01-01T00:00:00Z",890,"included_species","Mammals"
"288","Geokichla guttata","Geokichla guttata",180490672,22708464,"Afrotropical","Terrestrial","2020-08-14 00:00:00 UTC","Vulnerable",3.1,"Decreasing","Turdus fischeri fischeri, Zoothera fischeri fischeri, Zoothera guttata","Predation",NA,0,NA,"",NA,2,NA,"",NA,"","","","","","","",NA,"2025-07-01T00:00:00Z",57.5,"included_species","Birds"
"289","Geospiza heliobates","Geospiza heliobates",182523098,22723786,"Neotropical","Terrestrial","2021-07-19 00:00:00 UTC","Critically Endangered",3.1,"Decreasing","Camarhynchus heliobates","Predation",NA,0,NA,"",NA,0,NA,"",NA,"","","","","","","",NA,"2025-07-01T00:00:00Z",18,"included_species","Birds"
"290","Geospiza pauper","Geospiza pauper",130488958,22723773,"Neotropical","Terrestrial","2018-08-07 00:00:00 UTC","Critically Endangered",3.1,"Decreasing","Camarhynchus pauper","Predation",NA,0,NA,"",NA,0,NA,"",NA,"","","","","","","",NA,"2025-04-01T00:00:00Z",16,"included_species","Birds"
"291","Geospiza psittacula","Geospiza psittacula",182382400,22723768,"Neotropical","Terrestrial","2020-08-19 00:00:00 UTC","Vulnerable",3.1,"Decreasing","Camarhynchus psittacula","Predation",NA,0,NA,"",NA,1,NA,"",NA,"","","","","","","",NA,"2025-07-01T00:00:00Z",18.7,"included_species","Birds"
"292","Gonatodes daudini","Gonatodes daudini",71748321,194258,"Neotropical","Terrestrial","2019-02-16 00:00:00 UTC","Critically Endangered",3.1,"Stable",NA,"Predation",NA,0,NA,"",NA,1,1,"",NA,"","","","","","","",NA,"2025-03-01T00:00:00Z",NA,"included_species","Reptiles"
"293","Gonatodes naufragus","Gonatodes naufragus",66083603,66083579,"Neotropical","Terrestrial","2014-11-25 00:00:00 UTC","Near Threatened",3.1,"Unknown",NA,"Predation",NA,0,NA,"",NA,0,NA,"",NA,"","","","","","","",NA,"2025-03-01T00:00:00Z",NA,"included_species","Reptiles"
"294","Gongylomorphus bojerii","Gongylomorphus bojerii",217761064,62251,"Afrotropical","Terrestrial","2015-05-11 00:00:00 UTC","Critically Endangered",3.1,"Stable","Scincus bojerii","Predation",NA,0,NA,"",NA,1,NA,"",NA,"","","","","","","",NA,"2025-07-01T00:00:00Z",NA,"included_species","Reptiles"
"295","Gongylomorphus fontenayi","Gongylomorphus fontenayi",13482739,9316,"Afrotropical","Terrestrial","2020-02-01 00:00:00 UTC","Endangered",3.1,"Decreasing","Gongylomorphus bojerii fontenayi","Predation",NA,0,NA,"",NA,6,NA,"",NA,"","","","","","","",NA,"2025-01-01T00:00:00Z",NA,"included_species","Reptiles"
"296","Goniurosaurus kuroiwae","Goniurosaurus kuroiwae",96877452,98152257,"Indomalayan","Terrestrial","2016-12-13 00:00:00 UTC","Vulnerable",3.1,"Decreasing","Eublepharis kuroiwae, Gymnodactylus albofasciatus kuroiwae","Predation",NA,0,NA,"",NA,0,1,"",NA,"","","","","","","",NA,"2025-03-01T00:00:00Z",NA,"included_species","Reptiles"
"297","Gymnomyza aubryana","Gymnomyza aubryana",130989260,22704320,"Oceanian","Terrestrial","2018-08-06 00:00:00 UTC","Critically Endangered",3.1,"Decreasing",NA,"Predation",NA,0,NA,"",NA,1,2,"",NA,"","","","","","","",NA,"2025-04-01T00:00:00Z",195.09,"included_species","Birds"
"298","Gymnomyza samoensis","Gymnomyza samoensis",218300594,22704317,"Oceanian","Terrestrial","2023-09-08 00:00:00 UTC","Endangered",3.1,"Decreasing",NA,"Predation",NA,0,NA,"",NA,1,NA,"",NA,"","","","","","","",NA,"2025-05-01T00:00:00Z",99,"included_species","Birds"
"299","Haematopus chathamensis","Haematopus chathamensis",214047293,22693656,"Australasian","Terrestrial|Marine","2022-04-12 00:00:00 UTC","Endangered",3.1,"Stable",NA,"Predation",NA,1,1,"",NA,0,4,"",NA,"","","","","","","",NA,"2025-05-01T00:00:00Z",598.66,"included_species","Birds"
"300","Haematopus meadewaldoi","Haematopus meadewaldoi",205917399,22693621,"Palearctic","Terrestrial|Marine","2021-08-03 00:00:00 UTC","Extinct",3.1,"",NA,"Predation",NA,0,NA,"",NA,1,1,"",NA,"","","","","","","Not attributed",NA,"2025-05-01T00:00:00Z",NA,"included_species","Birds"
"301","Haitiophis anomalus","Haitiophis anomalus",115326673,190577,"Neotropical","Terrestrial","2015-07-21 00:00:00 UTC","Vulnerable",3.1,"Decreasing","Dromicus anomalus, Ocyophis anomalus, Zamensis anomalus","Predation",NA,0,NA,"",NA,0,NA,"",NA,"","","","","","","",NA,"2025-04-01T00:00:00Z",NA,"included_species","Reptiles"
"302","Heleioporus australiacus","Heleioporus australiacus",78436864,41046,"Australasian","Terrestrial|Freshwater (=Inland waters)","2021-11-17 00:00:00 UTC","Endangered",3.1,"Decreasing","Rana australiaca","Predation",NA,0,NA,"",NA,1,NA,"",NA,"","","","","","","",NA,"2025-03-01T00:00:00Z",NA,"included_species","Amphibians"
"303","Hemidactylus bouvieri","Hemidactylus bouvieri",217782980,203840,"Afrotropical","Terrestrial","2012-09-17 00:00:00 UTC","Critically Endangered",3.1,"Unknown","Emydactylus bouvieri, Hemidactylus cessacii","Predation",NA,NA,NA,"",NA,0,NA,"",NA,"","","","","","","",NA,"2025-07-01T00:00:00Z",NA,"included_species","Reptiles"
"304","Hemignathus affinis","Hemignathus affinis",209512755,103823664,"Oceanian","Terrestrial","2024-02-26 00:00:00 UTC","Extinct",3.1,"",NA,"Predation",NA,0,NA,"",NA,1,NA,"",NA,"","","","","","","",NA,"2025-07-01T00:00:00Z",24.94,"included_species","Birds"
"305","Hemignathus hanapepe","Hemignathus hanapepe",250432785,103823616,"Oceanian","Terrestrial","2024-02-26 00:00:00 UTC","Extinct",3.1,"",NA,"Predation",NA,0,NA,"",NA,1,NA,"",NA,"","","","","","","",NA,"2025-07-01T00:00:00Z",24.94,"included_species","Birds"
"306","Hemignathus wilsoni","Hemignathus wilsoni",221368605,22720799,"Oceanian","Terrestrial","2022-10-07 00:00:00 UTC","Endangered",3.1,"Decreasing","Hemignathus munroi","Predation",NA,0,NA,"",NA,1,NA,"",NA,"","","","","","","",NA,"2025-07-01T00:00:00Z",27.98,"included_species","Birds"
"307","Hemiphaga chathamensis","Hemiphaga chathamensis",214005740,22732918,"Australasian","Terrestrial","2022-04-19 00:00:00 UTC","Vulnerable",3.1,"Increasing",NA,"Predation",NA,0,1,"",NA,0,1,"",NA,"","","","","","","",NA,"2025-07-01T00:00:00Z",789,"included_species","Birds"
"308","Henicophaps foersteri","Henicophaps foersteri",131925883,22690664,"Oceanian","Terrestrial","2018-08-09 00:00:00 UTC","Vulnerable",3.1,"Decreasing",NA,"Predation",NA,0,NA,"",NA,0,1,"",NA,"","","","","","","",NA,"2025-04-01T00:00:00Z",247,"included_species","Birds"
"309","Himantopus novaezelandiae","Himantopus novaezelandiae",129560535,22693690,"Australasian","Freshwater (=Inland waters)|Marine","2016-10-01 00:00:00 UTC","Critically Endangered",3.1,"Increasing",NA,"Predation",NA,3,NA,"",1,2,2,"",NA,"","","","","","","",NA,"2025-04-01T00:00:00Z",195,"included_species","Birds"
"310","Hipposideros demissus","Hipposideros demissus",22095744,10127,"Australasian","Terrestrial","2019-07-29 00:00:00 UTC","Endangered",3.1,"Unknown",NA,"Predation",NA,0,NA,"",NA,0,NA,"",NA,"","","","","Cats not mentioned","Cats not mentioned","",NA,"2025-01-01T00:00:00Z",24.9,"included_species","Mammals"
"311","Hipposideros dinops","Hipposideros dinops",22091011,10129,"Australasian","Terrestrial","2021-07-30 00:00:00 UTC","Vulnerable",3.1,"Decreasing",NA,"Predation",NA,0,NA,"",NA,0,NA,"",NA,"","","","","Cats not mentioned","Cats not mentioned","",NA,"2025-01-01T00:00:00Z",71.9,"included_species","Mammals"
"312","Holcosus orcesi","Holcosus orcesi",49981970,49981813,"Neotropical","Terrestrial","2016-02-17 00:00:00 UTC","Critically Endangered",3.1,"Unknown","Ameiva orcesi","Predation",NA,0,NA,"",NA,0,NA,"",NA,"","","","","","","",NA,"2025-03-01T00:00:00Z",NA,"included_species","Reptiles"
"313","Hoplocephalus stephensii","Hoplocephalus stephensii",83768293,177574,"Australasian","Terrestrial","2017-06-13 00:00:00 UTC","Near Threatened",3.1,"Decreasing",NA,"Predation",NA,0,NA,"",NA,1,NA,"",NA,"","","","","","","",NA,"2025-03-01T00:00:00Z",NA,"included_species","Reptiles"
"314","Horornis haddeni","Horornis haddeni",131113724,22734397,"Oceanian","Terrestrial","2018-08-07 00:00:00 UTC","Near Threatened",3.1,"Decreasing","Cettia haddeni","Predation",NA,0,NA,"",NA,0,NA,"",NA,"","","","","","","",NA,"2025-04-01T00:00:00Z",24.8,"included_species","Birds"
"315","Hydrobates leucorhous","Hydrobates leucorhous",132438484,132438298,"Afrotropical|Nearctic|Neotropical|Oceanian|Palearctic","Terrestrial|Marine","2018-08-07 00:00:00 UTC","Vulnerable",3.1,"Decreasing","Hydrobates leucorhoa leucorhoa, Oceanodroma leucorhoa","Predation",NA,0,NA,"",NA,0,NA,"",NA,"","","","","","","",NA,"2025-04-01T00:00:00Z",36.71,"included_species","Birds"
"316","Hydrobates macrodactylus","Hydrobates macrodactylus",132651919,22698530,"Nearctic","Terrestrial|Marine","2018-08-07 00:00:00 UTC","Critically Endangered",3.1,"Unknown","Oceanodroma macrodactyla","Predation",NA,0,NA,"",1,0,1,"",NA,"","","","","","","",NA,"2025-06-01T00:00:00Z",36.71,"included_species","Birds"
"317","Hydrobates socorroensis","Hydrobates socorroensis",132452334,132450926,"Afrotropical|Nearctic|Neotropical|Oceanian|Palearctic","Terrestrial|Marine","2018-08-14 00:00:00 UTC","Endangered",3.1,"Decreasing","Hydrobates leucorhous socorroensis, Oceanodroma socorroensis","Predation",NA,0,NA,"",NA,1,NA,"",NA,"","","","","","","",NA,"2025-04-01T00:00:00Z",36.71,"included_species","Birds"
"318","Hymenolaimus malacorhynchos","Hymenolaimus malacorhynchos",214275489,22680121,"Australasian","Terrestrial|Freshwater (=Inland waters)","2022-06-28 00:00:00 UTC","Endangered",3.1,"Decreasing",NA,"Predation",NA,0,1,"",NA,0,2,"",NA,"","","","","","","",NA,"2025-07-01T00:00:00Z",829.99,"included_species","Birds"
"319","Hypogeomys antimena","Hypogeomys antimena",216087357,10714,"Afrotropical","Terrestrial","2022-04-10 00:00:00 UTC","Critically Endangered",3.1,"Decreasing",NA,"Predation, disease",NA,0,NA,"",NA,0,NA,"",NA,"","","","","","","",NA,"2025-07-01T00:00:00Z",1250,"included_species","Mammals"
"320","Hypotaenidia dieffenbachii","Hypotaenidia dieffenbachii",229313877,22692455,"Australasian","Terrestrial","2023-03-02 00:00:00 UTC","Extinct",3.1,"","Gallirallus dieffenbachii","Predation",NA,0,NA,"",NA,1,1,"",NA,"","","","","","","Not attributed",NA,"2025-05-01T00:00:00Z",NA,"included_species","Birds"
"321","Hypotaenidia okinawae","Hypotaenidia okinawae",181706825,22692412,"Palearctic","Terrestrial|Freshwater (=Inland waters)","2020-08-13 00:00:00 UTC","Endangered",3.1,"Decreasing","Gallirallus okinawae, Rallus okinawae","Predation",NA,1,NA,"",NA,0,1,"",NA,"","","","","","","",NA,"2025-07-01T00:00:00Z",433,"included_species","Birds"
"322","Hypotaenidia owstoni","Hypotaenidia owstoni",156506469,22692441,"Oceanian","Terrestrial","2019-08-12 00:00:00 UTC","Critically Endangered",3.1,"Increasing","Gallirallus owstoni, Rallus owstoni","Predation",NA,0,NA,"",NA,2,2,"",NA,"","","","","","","",NA,"2025-06-01T00:00:00Z",226.03,"included_species","Birds"
"323","Hypotaenidia pacifica","Hypotaenidia pacifica",229345916,22692450,"Oceanian","Terrestrial","2023-03-03 00:00:00 UTC","Extinct",3.1,"","Gallirallus pacificus","Predation",NA,0,NA,"",NA,2,1,"",NA,"","","","","","","0",NA,"2025-05-01T00:00:00Z",NA,"included_species","Birds"
"324","Hypotaenidia poeciloptera","Hypotaenidia poeciloptera",228869111,22728740,"Oceanian","Terrestrial","2023-02-24 00:00:00 UTC","Extinct",3.1,"","Nesoclopeus poeciloptera, Nesoclopeus poecilopterus","Predation",NA,0,NA,"",NA,1,1,"",NA,"","","","","","","0",NA,"2025-05-01T00:00:00Z",NA,"included_species","Birds"
"325","Hypotaenidia sylvestris","Hypotaenidia sylvestris",212806713,22692395,"Australasian","Terrestrial","2022-01-14 00:00:00 UTC","Endangered",3.1,"Increasing","Gallirallus sylvestris, Ocydromus sylvestris, Tricholimnas sylvestris","Predation",NA,1,4,"",NA,0,1,"",NA,"","","","","","","",NA,"2025-07-01T00:00:00Z",494.38,"included_species","Birds"
"326","Hypsirhynchus polylepis","Hypsirhynchus polylepis",115327609,190583,"Neotropical","Terrestrial","2015-07-21 00:00:00 UTC","Endangered",3.1,"Decreasing","Arrhyton polylepis, Dromicus polylepis, Schwartzophis polylepis","Predation",NA,0,NA,"",NA,1,NA,"",NA,"","","","","","","",NA,"2025-04-01T00:00:00Z",NA,"included_species","Reptiles"
"327","Icterus northropi","Icterus northropi",197193663,22736369,"Neotropical","Terrestrial","2021-08-04 00:00:00 UTC","Endangered",3.1,"Decreasing","Icterus dominicensis","Predation",NA,0,NA,"",NA,0,1,"",NA,"","","","","","","",NA,"2025-07-01T00:00:00Z",40,"included_species","Birds"
"328","Iguana delicatissima","Iguana delicatissima",122936983,10800,"Neotropical","Terrestrial","2018-03-03 00:00:00 UTC","Critically Endangered",3.1,"Decreasing",NA,"Predation",NA,0,NA,"",NA,0,1,"",NA,"","","","0","","","",NA,"2025-04-01T00:00:00Z",NA,"included_species","Reptiles"
"329","Isoodon auratus","Isoodon auratus",115100163,10863,"Australasian","Terrestrial","2012-12-31 00:00:00 UTC","Vulnerable",3.1,"Decreasing",NA,"Predation",NA,6,1,"5",NA,2,3,"1",1,"0","","","","","","",NA,"2025-04-01T00:00:00Z",425,"included_species","Mammals"
"330","Junco insularis","Junco insularis",104279152,22721102,"Neotropical","Terrestrial","2016-10-01 00:00:00 UTC","Endangered",3.1,"Increasing",NA,"Predation",NA,0,NA,"",NA,0,NA,"",NA,"","","","","","","",NA,"2025-03-01T00:00:00Z",21.95,"included_species","Birds"
"331","Kanakysaurus viviparus","Kanakysaurus viviparus",123251904,176160,"Australasian","Terrestrial","2017-12-11 00:00:00 UTC","Endangered",3.1,"Decreasing",NA,"Predation",NA,1,NA,"",1,0,1,"",NA,"","","","","","","",NA,"2025-04-01T00:00:00Z",NA,"included_species","Reptiles"
"332","Kanakysaurus zebratus","Kanakysaurus zebratus",123256002,176189,"Australasian","Terrestrial","2017-12-11 00:00:00 UTC","Endangered",3.1,"Decreasing",NA,"Predation",NA,0,NA,"",1,1,1,"",NA,"","","","","","","",NA,"2025-04-01T00:00:00Z",NA,"included_species","Reptiles"
"333","Lacertoides pardalis","Lacertoides pardalis",123251293,176153,"Australasian","Terrestrial","2017-12-11 00:00:00 UTC","Vulnerable",3.1,"Decreasing",NA,"Predation",NA,0,NA,"",NA,1,1,"",NA,"","","","","","","",NA,"2025-04-01T00:00:00Z",NA,"included_species","Reptiles"
"334","Lagorchestes asomatus","Lagorchestes asomatus",21954573,11160,"Australasian","Terrestrial","2012-12-31 00:00:00 UTC","Extinct",3.1,"",NA,"Predation",NA,0,NA,"0",NA,0,1,"Cats not mentioned",NA,"0","","","","","","",NA,"2025-01-01T00:00:00Z",1500,"included_species","Mammals"
"335","Lagostrophus fasciatus","Lagostrophus fasciatus",21955969,11171,"Australasian","Terrestrial","2014-03-16 00:00:00 UTC","Vulnerable",3.1,"Stable","Kangurus fasciatus","Predation",NA,1,NA,"1",NA,1,3,"0",1,"0","","","","","","",NA,"2025-01-01T00:00:00Z",1700,"included_species","Mammals"
"336","Lalage newtoni","Lalage newtoni",94077305,22706569,"Afrotropical","Terrestrial","2016-10-01 00:00:00 UTC","Critically Endangered",3.1,"Decreasing","Coracina newtoni","Predation",NA,0,NA,"",NA,0,NA,"",NA,"","","","","","","",NA,"2025-03-01T00:00:00Z",42.9,"included_species","Birds"
"337","Lanius ludovicianus","Lanius ludovicianus",179538598,22705042,"Nearctic|Neotropical","Terrestrial","2020-08-30 00:00:00 UTC","Near Threatened",3.1,"Decreasing",NA,"Predation",NA,0,5,"",NA,3,NA,"",NA,"","","","","","","",NA,"2025-07-01T00:00:00Z",51.59,"included_species","Birds"
"338","Lanius newtoni","Lanius newtoni",176427891,22705080,"Afrotropical","Terrestrial","2020-06-01 00:00:00 UTC","Critically Endangered",3.1,"Decreasing",NA,"Predation",NA,0,NA,"",NA,1,NA,"",NA,"","","","","","","",NA,"2025-06-01T00:00:00Z",22.4,"included_species","Birds"
"339","Larosterna inca","Larosterna inca",132576903,22694834,"Neotropical","Terrestrial|Marine","2018-08-07 00:00:00 UTC","Near Threatened",3.1,"Decreasing",NA,"Predation",NA,1,NA,"",NA,0,NA,"",NA,"","","","","","","",NA,"2025-04-01T00:00:00Z",219,"included_species","Birds"
"340","Larus bulleri","Larus bulleri",176994991,22694413,"Oceanian","Terrestrial|Freshwater (=Inland waters)|Marine","2020-07-28 00:00:00 UTC","Near Threatened",3.1,"Unknown",NA,"Predation",NA,0,NA,"",NA,1,1,"",NA,"","","","","","","",NA,"2025-06-01T00:00:00Z",230.16,"included_species","Birds"
"341","Larus fuliginosus","Larus fuliginosus",132552501,22694452,"Neotropical","Terrestrial|Marine","2018-08-17 00:00:00 UTC","Vulnerable",3.1,"Stable",NA,"Predation",NA,0,NA,"",NA,2,2,"",NA,"","","","","","","",NA,"2025-04-01T00:00:00Z",380,"included_species","Birds"
"342","Larvivora tanensis","Larvivora tanensis",104217117,103767625,"Indomalayan|Palearctic","Terrestrial","2016-10-01 00:00:00 UTC","Vulnerable",3.1,"Decreasing",NA,"Predation",NA,0,NA,"",NA,0,NA,"",NA,"","","","","","","",NA,"2025-03-01T00:00:00Z",17,"included_species","Birds"
"343","Laterallus spilonota","Laterallus spilonota",181476400,22692366,"Neotropical","Terrestrial|Freshwater (=Inland waters)","2020-08-11 00:00:00 UTC","Vulnerable",3.1,"Decreasing","Laterallus spilonotus","Predation",NA,0,NA,"",NA,0,1,"",NA,"","","","","","","",NA,"2025-07-01T00:00:00Z",40.24,"included_species","Birds"
"344","Leiocephalus eremitus","Leiocephalus eremitus",207443416,11388,"Neotropical","Terrestrial","2015-07-23 00:00:00 UTC","Extinct",3.1,"","Liocephalus eremitus","Predation",NA,0,1,"",NA,3,1,"",1,"","","","","","","",NA,"2025-07-01T00:00:00Z",NA,"included_species","Reptiles"
"345","Leiocephalus psammodromus","Leiocephalus psammodromus",115483438,75316425,"Neotropical","Terrestrial","2015-07-24 00:00:00 UTC","Vulnerable",3.1,"Decreasing",NA,"Predation",NA,0,NA,"",NA,1,NA,"",NA,"","","","","","","",NA,"2025-04-01T00:00:00Z",NA,"included_species","Reptiles"
"346","Leiocephalus varius","Leiocephalus varius",75607574,75319032,"Neotropical","Terrestrial","2019-12-03 00:00:00 UTC","Endangered",3.1,"Decreasing","Leiocephalus carinatus varius","Predation",NA,0,NA,"",NA,0,NA,"",NA,"","","","","","","",NA,"2025-03-01T00:00:00Z",NA,"included_species","Reptiles"
"347","Leiolopisma alazon","Leiolopisma alazon",2468178,196628,"Oceanian","Terrestrial","2011-09-13 00:00:00 UTC","Critically Endangered",3.1,"Decreasing",NA,"Predation",NA,0,NA,"",NA,0,1,"",NA,"","","","","","","",NA,"2025-01-01T00:00:00Z",NA,"included_species","Reptiles"
"348","Leiolopisma ceciliae","Leiolopisma ceciliae",17023949,17023550,"Afrotropical","Terrestrial","2019-02-19 00:00:00 UTC","Extinct",3.1,"",NA,"Predation",NA,0,NA,"",NA,1,NA,"",NA,"","","","","","","",NA,"2025-01-01T00:00:00Z",NA,"included_species","Reptiles"
"349","Leiolopisma telfairii","Leiolopisma telfairii",152276731,11409,"Afrotropical","Terrestrial","2018-01-05 00:00:00 UTC","Vulnerable",3.1,"Increasing","Lygosoma telfairii, Scincus telfairii","Predation",NA,0,NA,"",NA,3,NA,"",NA,"","","","","","","",NA,"2025-06-01T00:00:00Z",NA,"included_species","Reptiles"
"350","Leipoa ocellata","Leipoa ocellata",212766400,22678646,"Australasian","Terrestrial","2022-01-13 00:00:00 UTC","Vulnerable",3.1,"Decreasing",NA,"Predation",NA,2,1,"",NA,0,4,"",NA,"","0","0","","","","",NA,"2025-05-01T00:00:00Z",1913.89,"included_species","Birds"
"351","Lepidodactylus euaensis","Lepidodactylus euaensis",192962177,196575,"Oceanian","Terrestrial","2020-12-21 00:00:00 UTC","Critically Endangered",3.1,"Stable",NA,"Predation",NA,0,NA,"",NA,1,NA,"",NA,"","","","","","","",NA,"2025-07-01T00:00:00Z",NA,"included_species","Reptiles"
"352","Lepidodactylus listeri","Lepidodactylus listeri",83321765,11559,"Indomalayan","Terrestrial","2017-02-20 00:00:00 UTC","Extinct in the Wild",3.1,"","Gecko listeri","Predation",NA,0,NA,"",NA,1,NA,"",NA,"","","","","","","",NA,"2025-03-01T00:00:00Z",NA,"included_species","Reptiles"
"353","Leporillus apicalis","Leporillus apicalis",254614193,11633,"Australasian","Terrestrial","2024-06-06 00:00:00 UTC","Extinct",3.1,"","Hapalotis apicalis","Predation",NA,1,NA,"0",NA,0,1,"Cats not mentioned",NA,"3","","","","","","",NA,"2025-03-01T00:00:00Z",150,"included_species","Mammals"
"354","Leporillus conditor","Leporillus conditor",254614477,11634,"Australasian","Terrestrial","2024-06-16 00:00:00 UTC","Near Threatened",3.1,"Unknown","Mus conditor","Predation",NA,4,NA,"3",NA,4,3,"2",1,"1","","","","","","",NA,"2025-03-01T00:00:00Z",350,"included_species","Mammals"
"355","Leptonycteris nivalis","Leptonycteris nivalis",22126172,11697,"Nearctic|Neotropical","Terrestrial","2015-02-21 00:00:00 UTC","Endangered",3.1,"Decreasing","Ischnoglossa nivalis","Predation",NA,0,NA,"",NA,1,1,"",NA,"","","","","0","Cats not mentioned","",NA,"2025-01-01T00:00:00Z",25.6,"included_species","Mammals"
"356","Leptotila wellsi","Leptotila wellsi",178391475,22690874,"Neotropical","Terrestrial","2021-03-12 00:00:00 UTC","Critically Endangered",3.1,"Decreasing",NA,"Predation",NA,0,NA,"",NA,0,1,"",NA,"","","","","","","",NA,"2025-06-01T00:00:00Z",200,"included_species","Birds"
"357","Lerista lineata","Lerista lineata",109476603,109476597,"Australasian","Terrestrial","2017-02-21 00:00:00 UTC","Endangered",3.1,"Unknown",NA,"Predation",NA,0,NA,"",NA,1,NA,"",NA,"","","","","","","",NA,"2025-03-01T00:00:00Z",NA,"included_species","Reptiles"
"358","Lerista puncticauda","Lerista puncticauda",109477316,109477311,"Australasian","Terrestrial","2017-02-23 00:00:00 UTC","Endangered",3.1,"Decreasing",NA,"Predation",NA,0,NA,"",NA,2,NA,"",NA,"","","","","","","",NA,"2025-03-01T00:00:00Z",NA,"included_species","Reptiles"
"359","Leucocarbo campbelli","Leucocarbo campbelli",133556928,22696840,"Oceanian","Terrestrial|Marine","2018-08-09 00:00:00 UTC","Vulnerable",3.1,"Stable","Leucocarbo campbelli campbelli, Phalacrocorax campbelli","Predation",NA,0,NA,"",NA,0,NA,"",NA,"","","","","","","",NA,"2025-06-01T00:00:00Z",1897.36,"included_species","Birds"
"360","Leucocarbo colensoi","Leucocarbo colensoi",133556641,22696869,"Oceanian","Terrestrial|Marine","2018-08-09 00:00:00 UTC","Vulnerable",3.1,"Stable","Leucocarbo colensoi colensoi, Phalacrocorax colensoi","Predation",NA,0,NA,"",NA,2,NA,"",NA,"","","","","","","",NA,"2025-06-01T00:00:00Z",2000,"included_species","Birds"
"361","Leucocarbo onslowi","Leucocarbo onslowi",131116322,22696861,"Oceanian","Terrestrial|Marine","2018-08-09 00:00:00 UTC","Critically Endangered",3.1,"Decreasing","Leucocarbo onslowi onslowi, Phalacrocorax onslowi","Predation",NA,0,NA,"",NA,0,NA,"",NA,"","","","","","","",NA,"2025-04-01T00:00:00Z",2072.67,"included_species","Birds"
"362","Lewinia muelleri","Lewinia muelleri",209458380,22692529,"Australasian","Terrestrial","2021-10-21 00:00:00 UTC","Vulnerable",3.1,"Stable",NA,"Predation",NA,0,1,"",NA,0,NA,"",NA,"","","","","","","",NA,"2025-06-01T00:00:00Z",93,"included_species","Birds"
"363","Liolaemus martorii","Liolaemus martorii",56065073,56065022,"Neotropical","Terrestrial","2014-11-14 00:00:00 UTC","Vulnerable",3.1,"Decreasing",NA,"Predation",NA,0,NA,"",NA,0,NA,"",NA,"","","","","","","",NA,"2025-03-01T00:00:00Z",NA,"included_species","Reptiles"
"364","Liolaemus paulinae","Liolaemus paulinae",69941033,12008,"Neotropical","Terrestrial","2015-05-28 00:00:00 UTC","Critically Endangered",3.1,"Decreasing",NA,"Predation",NA,0,NA,"",NA,1,NA,"",NA,"","","","","","","",NA,"2025-03-01T00:00:00Z",NA,"included_species","Reptiles"
"365","Liophidium mayottensis","Liophidium mayottensis",192766936,176831,"Afrotropical","Terrestrial","2020-09-29 00:00:00 UTC","Endangered",3.1,"Unknown","Ablabes rhodogaster mayottensis, Polyodontophis mayottensis","Predation",NA,0,NA,"",NA,2,NA,"",NA,"","","","","","","",NA,"2025-07-01T00:00:00Z",NA,"included_species","Reptiles"
"366","Liopholis guthega","Liopholis guthega",109478444,109477953,"Australasian","Terrestrial","2017-06-13 00:00:00 UTC","Endangered",3.1,"Decreasing","Egernia guthega","Predation",NA,0,NA,"",NA,1,NA,"",NA,"","","","","","","",NA,"2025-04-01T00:00:00Z",NA,"included_species","Reptiles"
"367","Liopholis kintorei","Liopholis kintorei",101743329,7040,"Australasian","Terrestrial","2017-02-23 00:00:00 UTC","Vulnerable",3.1,"Decreasing","Egernia kintorei","Predation",NA,2,NA,"",NA,2,NA,"",NA,"","","","","","","",NA,"2025-03-01T00:00:00Z",NA,"included_species","Reptiles"
"368","Lioscincus steindachneri","Lioscincus steindachneri",123259365,176212,"Australasian","Terrestrial","2017-12-11 00:00:00 UTC","Endangered",3.1,"Decreasing","Lygosoma steindachneri","Predation",NA,0,NA,"",1,1,1,"",NA,"","","","","","","",NA,"2025-04-01T00:00:00Z",NA,"included_species","Reptiles"
"369","Lioscincus vivae","Lioscincus vivae",123250127,176145,"Australasian","Terrestrial","2017-12-11 00:00:00 UTC","Critically Endangered",3.1,"Decreasing",NA,"Predation",NA,0,NA,"",1,1,1,"",NA,"","","","","","","",NA,"2025-04-01T00:00:00Z",NA,"included_species","Reptiles"
"370","Litoria kroombitensis","Litoria kroombitensis",78452061,78399187,"Australasian","Terrestrial|Freshwater (=Inland waters)","2020-08-13 00:00:00 UTC","Critically Endangered",3.1,"Decreasing","Dryopsophus kroombitensis, Ranoidea kroombitensis","Predation",NA,0,NA,"",NA,1,NA,"",NA,"","","","","","","",NA,"2025-03-01T00:00:00Z",NA,"included_species","Amphibians"
"371","Litoria littlejohni","Litoria littlejohni",78433749,196720463,"Australasian","Terrestrial|Freshwater (=Inland waters)","2021-07-23 00:00:00 UTC","Endangered",3.1,"Decreasing",NA,"Predation",NA,0,NA,"",NA,0,NA,"",NA,"","","","","","","",NA,"2025-03-01T00:00:00Z",NA,"included_species","Amphibians"
"372","Litoria raniformis","Litoria raniformis",78435466,12152,"Australasian","Terrestrial|Freshwater (=Inland waters)","2022-02-21 00:00:00 UTC","Vulnerable",3.1,"Decreasing","Chirodryas raniformis, Dryopsophus raniformis, Ranoidea raniformis","Predation",NA,1,NA,"",NA,0,NA,"",NA,"","","","","","","",NA,"2025-03-01T00:00:00Z",NA,"included_species","Amphibians"
"373","Litoria watsoni","Litoria watsoni",204891940,196720458,"Australasian","Terrestrial|Freshwater (=Inland waters)","2021-07-19 00:00:00 UTC","Endangered",3.1,"Decreasing",NA,"Predation",NA,0,NA,"",NA,1,NA,"",NA,"","","","","","","",NA,"2025-05-01T00:00:00Z",NA,"included_species","Amphibians"
"374","Lontra felina","Lontra felina",215395045,12303,"Neotropical","Terrestrial|Freshwater (=Inland waters)|Marine","2022-05-05 00:00:00 UTC","Endangered",3.1,"Decreasing","Lutra felina","Disease, competition",NA,1,NA,"",NA,3,NA,"",NA,"","","","","","","",NA,"2025-07-01T00:00:00Z",30600,"excluded_species","Mammals"
"375","Lophotibis cristata","Lophotibis cristata",254926243,22697504,"Afrotropical","Terrestrial|Freshwater (=Inland waters)","2024-07-11 00:00:00 UTC","Vulnerable",3.1,"Decreasing",NA,"Predation",NA,0,NA,"",NA,1,NA,"",NA,"","","","","","","",NA,"2025-01-01T00:00:00Z",583,"included_species","Birds"
"376","Loxioides bailleui","Loxioides bailleui",222477278,22720742,"Oceanian","Terrestrial","2023-07-20 00:00:00 UTC","Critically Endangered",3.1,"Decreasing",NA,"Predation",NA,3,15,"",NA,9,4,"",3,"","","","","","","",NA,"2025-07-01T00:00:00Z",37.84,"included_species","Birds"
"377","Loxops coccineus","Loxops coccineus",220920210,103823991,"Oceanian","Terrestrial","2022-10-07 00:00:00 UTC","Endangered",3.1,"Decreasing",NA,"Predation",NA,0,NA,"",NA,1,1,"",1,"","","","","","","",NA,"2025-07-01T00:00:00Z",10.5,"included_species","Birds"
"378","Loxops ochraceus","Loxops ochraceus",250520617,103824084,"Oceanian","Terrestrial","2024-02-26 00:00:00 UTC","Extinct",3.1,"",NA,"Predation",NA,0,NA,"",NA,1,NA,"",NA,"","","","","","","Not attributed",NA,"2025-05-01T00:00:00Z",10.5,"included_species","Birds"
"379","Lucasium occultum","Lucasium occultum",102675481,102675478,"Australasian","Terrestrial","2017-06-14 00:00:00 UTC","Endangered",3.1,"Unknown","Diplodactylus occultus","Predation",NA,0,NA,"",NA,4,NA,"",NA,"","","","","","","",NA,"2025-03-01T00:00:00Z",NA,"included_species","Reptiles"
"380","Lycodryas cococola","Lycodryas cococola",189774044,189774008,"Afrotropical","Terrestrial","2020-09-30 00:00:00 UTC","Near Threatened",3.1,"Unknown",NA,"Predation",NA,0,NA,"",NA,2,NA,"",NA,"","","","","","","",NA,"2025-07-01T00:00:00Z",NA,"included_species","Reptiles"
"381","Lycodryas maculatus","Lycodryas maculatus",189776617,193508,"Afrotropical","Terrestrial","2020-09-30 00:00:00 UTC","Near Threatened",3.1,"Unknown","Dipsadoboa maculata, Lycodryas sanctijohannis, Steophis maculatus","Predation",NA,0,NA,"",NA,2,NA,"",NA,"","","","","","","",NA,"2025-07-01T00:00:00Z",NA,"included_species","Reptiles"
"382","Lygodactylus insularis","Lygodactylus insularis",110211854,110211850,"Afrotropical","Terrestrial","2019-10-22 00:00:00 UTC","Critically Endangered",3.1,"Decreasing",NA,"Predation",NA,0,NA,"",NA,1,NA,"",NA,"","","","","","","",NA,"2025-04-01T00:00:00Z",NA,"included_species","Reptiles"
"383","Lyriocephalus scutatus","Lyriocephalus scutatus",123298967,170409,"Indomalayan","Terrestrial","2019-09-15 00:00:00 UTC","Vulnerable",3.1,"Unknown","Lacerta scutata","Predation",NA,0,NA,"",NA,0,NA,"",NA,"","","","","","","",NA,"2025-04-01T00:00:00Z",NA,"included_species","Reptiles"
"384","Mabuya cochonae","Mabuya cochonae",47102820,47102814,"Neotropical","Terrestrial","2015-07-24 00:00:00 UTC","Critically Endangered",3.1,"Unknown",NA,"Predation",NA,1,NA,"",NA,1,NA,"",NA,"","","","","","","",NA,"2025-03-01T00:00:00Z",NA,"included_species","Reptiles"
"385","Mabuya montserratae","Mabuya montserratae",115396914,47102881,"Neotropical","Terrestrial","2015-07-22 00:00:00 UTC","Critically Endangered",3.1,"Unknown",NA,"Predation",NA,1,NA,"",NA,0,NA,"",NA,"","","","","","","",NA,"2025-04-01T00:00:00Z",NA,"included_species","Reptiles"
"386","Macrotarsomys ingens","Macrotarsomys ingens",115105272,12646,"Afrotropical","Terrestrial","2016-05-10 00:00:00 UTC","Endangered",3.1,"Decreasing",NA,"Predation",NA,0,NA,"",NA,1,1,"",NA,"","","","","","","",NA,"2025-04-01T00:00:00Z",63.5,"included_species","Mammals"
"387","Macrotis lagotis","Macrotis lagotis",21967189,12650,"Australasian","Terrestrial","2015-06-15 00:00:00 UTC","Vulnerable",3.1,"Decreasing","Perameles lagotis","Predation",NA,18,NA,"18",2,0,5,"0",NA,"3","","","","","","",NA,"2025-04-01T00:00:00Z",1350,"included_species","Mammals"
"388","Macrotis leucura","Macrotis leucura",21967376,12651,"Australasian","Terrestrial","2012-12-31 00:00:00 UTC","Extinct",3.1,"",NA,"Predation",NA,1,NA,"0",NA,1,1,"Cats not mentioned",NA,"2","","","","","","",NA,"2025-01-01T00:00:00Z",354.3,"included_species","Mammals"
"389","Magumma parva","Magumma parva",182519540,22720774,"Oceanian","Terrestrial","2022-10-27 00:00:00 UTC","Endangered",3.1,"Decreasing","Hemignathus parvus, Viridonia parva","Predation",NA,0,NA,"",NA,2,NA,"",NA,"","","","","","","",NA,"2025-07-01T00:00:00Z",9.3,"included_species","Birds"
"390","Marmorosphax kaala","Marmorosphax kaala",123256612,176194,"Australasian","Terrestrial","2017-12-11 00:00:00 UTC","Critically Endangered",3.1,"Decreasing",NA,"Predation",NA,0,NA,"",NA,0,1,"",NA,"","","","","","","",NA,"2025-04-01T00:00:00Z",NA,"included_species","Reptiles"
"391","Marmorosphax montana","Marmorosphax montana",123248303,176136,"Australasian","Terrestrial","2017-12-11 00:00:00 UTC","Endangered",3.1,"Decreasing",NA,"Predation",NA,0,NA,"",NA,1,1,"",NA,"","","","","","","",NA,"2025-04-01T00:00:00Z",NA,"included_species","Reptiles"
"392","Marmorosphax taom","Marmorosphax taom",123259212,176211,"Australasian","Terrestrial","2017-12-11 00:00:00 UTC","Endangered",3.1,"Decreasing",NA,"Predation",NA,1,NA,"",1,1,1,"",NA,"","","","","","","",NA,"2025-04-01T00:00:00Z",NA,"included_species","Reptiles"
"393","Mascarenotus murivorus","Mascarenotus murivorus",262284504,22728856,"Afrotropical","Terrestrial","2024-07-04 00:00:00 UTC","Extinct",3.1,"","Strix (Athene) murivora","Predation",NA,0,NA,"",NA,1,NA,"",NA,"","","","","","","0",NA,"2025-01-01T00:00:00Z",NA,"included_species","Birds"
"394","Mastacomys fuscus","Mastacomys fuscus",22429430,18563,"Australasian","Terrestrial","2015-07-25 00:00:00 UTC","Near Threatened",3.1,"Decreasing","Pseudomys fuscus","Predation",NA,2,NA,"1",NA,2,NA,"Cats not mentioned",NA,"1","","","","","","",NA,"2025-02-01T00:00:00Z",122,"included_species","Mammals"
"395","Megadyptes antipodes","Megadyptes antipodes",182703046,22697800,"Oceanian","Terrestrial|Marine","2020-08-21 00:00:00 UTC","Endangered",3.1,"Decreasing",NA,"Predation",NA,8,17,"",NA,0,4,"",1,"","","","","","","",NA,"2025-07-01T00:00:00Z",5326.24,"included_species","Birds"
"396","Megapodius bernsteinii","Megapodius bernsteinii",195438398,22678593,"Australasian","Terrestrial","2021-02-09 00:00:00 UTC","Vulnerable",3.1,"Decreasing",NA,"Predation",NA,0,NA,"",NA,2,1,"",NA,"","","","","","","",NA,"2025-07-01T00:00:00Z",768.57,"included_species","Birds"
"397","Megapodius laperouse","Megapodius laperouse",216251541,22678620,"Oceanian","Terrestrial|Marine","2021-08-13 00:00:00 UTC","Near Threatened",3.1,"Unknown",NA,"Predation",NA,0,2,"",NA,4,1,"",1,"","","","","","","",NA,"2025-07-01T00:00:00Z",308,"included_species","Birds"
"398","Megapodius nicobariensis","Megapodius nicobariensis",195335202,22678583,"Indomalayan","Terrestrial","2021-01-27 00:00:00 UTC","Vulnerable",3.1,"Stable",NA,"Predation",NA,0,NA,"",NA,1,2,"",NA,"","","","","","","",NA,"2025-07-01T00:00:00Z",836.69,"included_species","Birds"
"399","Melamprosops phaeosoma","Melamprosops phaeosoma",153774712,22720863,"Oceanian","Terrestrial","2019-08-05 00:00:00 UTC","Extinct",3.1,"",NA,"Predation",NA,0,NA,"",NA,0,2,"",NA,"","","","","","","0",NA,"2025-05-01T00:00:00Z",NA,"included_species","Birds"
"400","Melanodryas vittata","Melanodryas vittata",211592401,22704840,"Australasian","Terrestrial","2021-12-03 00:00:00 UTC","Vulnerable",3.1,"Decreasing",NA,"Predation",NA,0,NA,"",NA,1,NA,"",NA,"","","","","","","",NA,"2025-07-01T00:00:00Z",26.6,"included_species","Birds"
"401","Melopyrrha grandis","Melopyrrha grandis",217577217,216918514,"Neotropical","Terrestrial","2022-06-20 00:00:00 UTC","Critically Endangered",3.1,"Unknown","Loxigilla portoricensis grandis, Pyrrhulagra portoricensis","Predation",NA,0,1,"",NA,6,NA,"",NA,"","","","","","","",NA,"2025-07-01T00:00:00Z",NA,"included_species","Birds"
"402","Mergus australis","Mergus australis",226964244,22680496,"Oceanian","Freshwater (=Inland waters)|Marine","2023-01-27 00:00:00 UTC","Extinct",3.1,"",NA,"Predation",NA,0,NA,"",NA,2,1,"",NA,"","","","","","","0",NA,"2025-05-01T00:00:00Z",NA,"included_species","Birds"
"403","Merulaxis stresemanni","Merulaxis stresemanni",161689029,22703477,"Neotropical","Terrestrial","2020-08-05 00:00:00 UTC","Critically Endangered",3.1,"Decreasing",NA,"Predation",NA,0,NA,"",NA,0,NA,"",NA,"","","","","","","",NA,"2025-06-01T00:00:00Z",35,"included_species","Birds"
"404","Mesembriomys gouldii","Mesembriomys gouldii",22448856,13211,"Australasian","Terrestrial","2015-07-19 00:00:00 UTC","Vulnerable",3.1,"Decreasing",NA,"Predation",NA,1,NA,"3",NA,1,NA,"Cats not mentioned",NA,"0","","","","","","",NA,"2025-02-01T00:00:00Z",716.5,"included_species","Mammals"
"405","Mesembriomys macrurus","Mesembriomys macrurus",22448770,13212,"Australasian","Terrestrial","2016-07-03 00:00:00 UTC","Near Threatened",3.1,"Decreasing",NA,"Predation",NA,0,NA,"0",NA,0,NA,"0",NA,"Not attributed","","","","","","",NA,"2025-02-01T00:00:00Z",267,"included_species","Mammals"
"406","Mesocapromys sanfelipensis","Mesocapromys sanfelipensis",22186444,13218,"Neotropical","Terrestrial","2017-02-02 00:00:00 UTC","Critically Endangered",3.1,"Unknown",NA,"Predation",NA,0,NA,"",NA,0,NA,"",NA,"","","","","","","",NA,"2025-01-01T00:00:00Z",550,"included_species","Mammals"
"407","Metabolus rugensis","Metabolus rugensis",233100582,22707227,"Oceanian","Terrestrial","2023-09-05 00:00:00 UTC","Endangered",3.1,"Decreasing",NA,"Predation",NA,0,NA,"",NA,2,NA,"",NA,"","","","","","","",NA,"2025-07-01T00:00:00Z",23.58,"included_species","Birds"
"408","Microgoura meeki","Microgoura meeki",228013744,22691086,"Australasian","Terrestrial","2023-02-14 00:00:00 UTC","Extinct",3.1,"",NA,"Predation",NA,0,NA,"",NA,1,2,"",1,"","","","","","","0",NA,"2025-05-01T00:00:00Z",NA,"included_species","Birds"
"409","Microlophus bivittatus","Microlophus bivittatus",217809016,48444538,"Neotropical","Terrestrial","2014-02-24 00:00:00 UTC","Near Threatened",3.1,"Unknown","Tropidurus bivittata","Predation",NA,0,NA,"",NA,2,NA,"",NA,"","","","","","","",NA,"2025-07-01T00:00:00Z",NA,"included_species","Reptiles"
"410","Microlophus grayii","Microlophus grayii",48444762,48444750,"Neotropical","Terrestrial","2014-02-24 00:00:00 UTC","Near Threatened",3.1,"Stable","Leiocephalus grayii","Predation",NA,0,NA,"",NA,0,NA,"",NA,"","","","","","","",NA,"2025-03-01T00:00:00Z",NA,"included_species","Reptiles"
"411","Micrurus meridensis","Micrurus meridensis",56041184,56041167,"Neotropical","Terrestrial","2015-03-10 00:00:00 UTC","Endangered",3.1,"Decreasing",NA,"Predation",NA,0,NA,"",NA,0,NA,"",NA,"","","","","","","",NA,"2025-03-01T00:00:00Z",NA,"included_species","Reptiles"
"412","Mimus graysoni","Mimus graysoni",179825007,22711084,"Neotropical","Terrestrial","2020-08-28 00:00:00 UTC","Critically Endangered",3.1,"Stable","Harporhynchus graysoni, Mimodes graysoni","Predation",NA,2,6,"",NA,4,3,"",3,"","","","","","","",NA,"2025-07-01T00:00:00Z",65.51,"included_species","Birds"
"413","Mimus melanotis","Mimus melanotis",180990415,22711078,"Neotropical","Terrestrial","2020-08-05 00:00:00 UTC","Near Threatened",3.1,"Stable",NA,"Predation",NA,0,NA,"",NA,3,1,"",NA,"","","","","","","",NA,"2025-07-01T00:00:00Z",50.53,"included_species","Birds"
"414","Mimus trifasciatus","Mimus trifasciatus",132093428,22711063,"Neotropical","Terrestrial","2018-08-09 00:00:00 UTC","Endangered",3.1,"Stable","Nesomimus trifasciatus, Orpheus trifasciatus","Predation",NA,0,NA,"",NA,3,3,"",NA,"","","","","","","",NA,"2025-04-01T00:00:00Z",62.68,"included_species","Birds"
"415","Miniopterus robustior","Miniopterus robustior",22103451,13570,"Australasian","Terrestrial","2020-06-25 00:00:00 UTC","Endangered",3.1,"Decreasing",NA,"Predation",NA,0,NA,"",NA,1,NA,"",NA,"","","","","Cats not mentioned","Cats not mentioned","",NA,"2025-01-01T00:00:00Z",8.1,"included_species","Mammals"
"416","Mniarogekko jalu","Mniarogekko jalu",123469199,122899301,"Australasian","Terrestrial","2017-12-11 00:00:00 UTC","Endangered",3.1,"Unknown",NA,"Predation",NA,0,NA,"",NA,1,NA,"",NA,"","","","","","","",NA,"2025-04-01T00:00:00Z",NA,"included_species","Reptiles"
"417","Mokopirirakau nebulosus","Mokopirirakau nebulosus",120192534,120188758,"Australasian","Terrestrial","2018-02-28 00:00:00 UTC","Near Threatened",3.1,"Increasing","Heteropholis nebulosus","Predation",NA,0,NA,"",NA,1,NA,"",NA,"","","","","","","",NA,"2025-04-01T00:00:00Z",NA,"included_species","Reptiles"
"418","Mundia elpenor","Mundia elpenor",262001031,22728746,"Afrotropical","Terrestrial","2024-07-01 00:00:00 UTC","Extinct",3.1,"","Atlantisia elpenor","Predation",NA,0,NA,"",NA,1,1,"",NA,"","","","","","","0",NA,"2025-01-01T00:00:00Z",NA,"included_species","Birds"
"419","Mus mayori","Mus mayori",22405572,13969,"Indomalayan","Terrestrial","2024-01-06 00:00:00 UTC","Vulnerable",3.1,"Decreasing","Coelomys bicolor, Coelomys mayori, Mus mayori pococki, Mus mayori mayori","Predation",NA,0,NA,"",NA,1,1,"",NA,"","","","","","","",NA,"2025-01-01T00:00:00Z",29.4,"included_species","Mammals"
"420","Myadestes obscurus","Myadestes obscurus",224016232,22708579,"Oceanian","Terrestrial","2023-07-20 00:00:00 UTC","Near Threatened",3.1,"Unknown",NA,"Predation",NA,0,NA,"",NA,1,NA,"",1,"","","","","","","",NA,"2025-07-01T00:00:00Z",50.44,"included_species","Birds"
"421","Myadestes palmeri","Myadestes palmeri",235833542,22708583,"Oceanian","Terrestrial","2023-06-02 00:00:00 UTC","Critically Endangered",3.1,"Stable",NA,"Predation",NA,0,NA,"",NA,2,NA,"",1,"","","","","","","",NA,"2025-07-01T00:00:00Z",39.6,"included_species","Birds"
"422","Myotis vivesi","Myotis vivesi",22069146,14209,"Nearctic","Terrestrial","2015-06-19 00:00:00 UTC","Vulnerable",3.1,"Decreasing","Pizonyx vivesi","Predation",NA,1,NA,"",NA,0,1,"",1,"","","","","0","1","",NA,"2025-01-01T00:00:00Z",25,"included_species","Mammals"
"423","Myrmecobius fasciatus","Myrmecobius fasciatus",21949380,14222,"Australasian","Terrestrial","2015-06-15 00:00:00 UTC","Endangered",3.1,"Decreasing",NA,"Predation",NA,2,NA,"2",NA,2,3,"1",NA,"0","","","","","","",NA,"2025-01-01T00:00:00Z",471.5,"included_species","Mammals"
"424","Mysateles prehensilis","Mysateles prehensilis",22187218,80211500,"Neotropical","Terrestrial","2024-03-04 00:00:00 UTC","Near Threatened",3.1,"Decreasing","Mysateles gundlachi, Mysateles meridionalis, Mysateles pallidus, Mysateles poeppingi, Mysateles poeyi","Predation",NA,0,NA,"",NA,4,1,"",NA,"","","","","","","",NA,"2025-01-01T00:00:00Z",1800,"included_species","Mammals"
"425","Mystacina tuberculata","Mystacina tuberculata",22070543,14261,"Australasian","Terrestrial","2020-10-15 00:00:00 UTC","Vulnerable",3.1,"Decreasing",NA,"Predation",NA,4,NA,"",NA,1,2,"",NA,"","","","","1","2","",NA,"2025-01-01T00:00:00Z",12.6,"included_species","Mammals"
"426","Nactus durrellorum","Nactus durrellorum",17424347,17424288,"Afrotropical","Terrestrial","2018-04-25 00:00:00 UTC","Vulnerable",3.1,"Increasing","Nactus durrelli, Nactus serpensinsula durrelli","Predation",NA,0,NA,"",NA,0,NA,"",NA,"","","","","","","",NA,"2025-01-01T00:00:00Z",NA,"included_species","Reptiles"
"427","Nactus serpensinsula","Nactus serpensinsula",17424282,17424269,"Afrotropical","Terrestrial","2018-04-30 00:00:00 UTC","Vulnerable",3.1,"Stable","Cyrtodactylus serpensinsula, Gymnodactylus serpensinsula, Nactus serpensinsula, Nactus serpensinsula serpensinsula","Predation",NA,0,NA,"",NA,10,NA,"",NA,"","","","","","","",NA,"2025-01-01T00:00:00Z",NA,"included_species","Reptiles"
"428","Nangura spinosa","Nangura spinosa",109480570,109480565,"Australasian","Terrestrial","2017-06-14 00:00:00 UTC","Endangered",3.1,"Decreasing",NA,"Predation",NA,0,NA,"",NA,1,NA,"",NA,"","","","","","","",NA,"2025-04-01T00:00:00Z",NA,"included_species","Reptiles"
"429","Nannopterum harrisi","Nannopterum harrisi",133546087,22696756,"Neotropical","Terrestrial|Marine","2018-08-09 00:00:00 UTC","Vulnerable",3.1,"Stable","Phalacrocorax harrisi","Predation",NA,1,NA,"",NA,0,NA,"",NA,"","","","","","","",NA,"2025-06-01T00:00:00Z",3016.62,"included_species","Birds"
"430","Nannoscincus gracilis","Nannoscincus gracilis",123249229,176140,"Australasian","Terrestrial","2017-12-11 00:00:00 UTC","Vulnerable",3.1,"Unknown","Anotis gracilis, Lygosoma gracilis, Mocoa micropus","Predation",NA,0,NA,"",NA,1,NA,"",NA,"","","","","","","",NA,"2025-04-01T00:00:00Z",NA,"included_species","Reptiles"
"431","Nannoscincus hanchisteus","Nannoscincus hanchisteus",123248509,176137,"Australasian","Terrestrial","2017-12-11 00:00:00 UTC","Critically Endangered",3.1,"Decreasing",NA,"Predation",NA,0,NA,"",1,1,1,"",NA,"","","","","","","",NA,"2025-04-01T00:00:00Z",NA,"included_species","Reptiles"
"432","Naultinus gemmeus","Naultinus gemmeus",120191388,177826,"Australasian","Terrestrial","2018-02-18 00:00:00 UTC","Endangered",3.1,"Decreasing","Heteropholis gemmeus, Naultinus elegans gemmeus","Predation",NA,0,NA,"",NA,1,NA,"",NA,"","","","","","","",NA,"2025-04-01T00:00:00Z",NA,"included_species","Reptiles"
"433","Naultinus manukanus","Naultinus manukanus",120191682,177827,"Australasian","Terrestrial","2018-02-25 00:00:00 UTC","Endangered",3.1,"Unknown","Heteropholis manukanus McCann, Naultinus elegans manukanus","Predation",NA,0,NA,"",NA,1,NA,"",NA,"","","","","","","",NA,"2025-04-01T00:00:00Z",NA,"included_species","Reptiles"
"434","Necropsittacus rodricanus","Necropsittacus rodricanus",262347522,22728851,"Afrotropical","Terrestrial","2024-07-05 00:00:00 UTC","Extinct",3.1,"","Necropsittacus rodericanus","Predation",NA,0,NA,"",NA,1,NA,"",NA,"","","","","","","0",NA,"2025-01-01T00:00:00Z",NA,"included_species","Birds"
"435","Neophema chrysogaster","Neophema chrysogaster",130894893,22685203,"Australasian","Terrestrial|Freshwater (=Inland waters)","2018-08-15 00:00:00 UTC","Critically Endangered",3.1,"Decreasing",NA,"Predation",NA,0,NA,"",NA,0,2,"",1,"","0","Not attributed","","","","",NA,"2025-04-01T00:00:00Z",45.9,"included_species","Birds"
"436","Neophema chrysostoma","Neophema chrysostoma",210989456,22685194,"Australasian","Terrestrial","2021-11-19 00:00:00 UTC","Vulnerable",3.1,"Decreasing",NA,"Predation",NA,0,NA,"",NA,1,NA,"",NA,"","Cats not mentioned","Cats not mentioned","","","","",NA,"2025-07-01T00:00:00Z",46.1,"included_species","Birds"
"437","Neotamias palmeri","Neotamias palmeri",22267875,21355,"Nearctic","Terrestrial","2016-07-11 00:00:00 UTC","Endangered",3.1,"Decreasing","Eutamias palmeri, Tamias palmeri","Predation",NA,0,NA,"",NA,0,1,"",NA,"","","","","","","",NA,"2025-01-01T00:00:00Z",69.4,"included_species","Mammals"
"438","Nesillas aldabrana","Nesillas aldabrana",262348658,22714587,"Afrotropical","Terrestrial","2024-07-08 00:00:00 UTC","Extinct",3.1,"","Nesillas aldabrana aldabrana","Predation",NA,0,NA,"",NA,1,1,"",NA,"","","","","","","",NA,"2025-01-01T00:00:00Z",NA,"included_species","Birds"
"439","Nesoenas duboisi","Nesoenas duboisi",261897803,22728712,"Afrotropical","Terrestrial","2024-06-28 00:00:00 UTC","Extinct",3.1,"","Columba duboisi","Predation",NA,0,NA,"",NA,2,2,"",NA,"","","","","","","0",NA,"2025-01-01T00:00:00Z",NA,"included_species","Birds"
"440","Nesoenas mayeri","Nesoenas mayeri",179390191,22690392,"Afrotropical","Terrestrial","2020-07-15 00:00:00 UTC","Vulnerable",3.1,"Stable","Columba mayeri mayeri, Columba mayeri, Streptopelia mayeri","Predation",NA,0,NA,"",NA,0,1,"",1,"","","","","","","",NA,"2025-07-01T00:00:00Z",302.76,"included_species","Birds"
"441","Nesofregetta fuliginosa","Nesofregetta fuliginosa",132649758,22698471,"Neotropical|Oceanian","Terrestrial|Marine","2018-08-07 00:00:00 UTC","Endangered",3.1,"Decreasing",NA,"Predation",NA,0,NA,"",NA,2,1,"",NA,"","","","","","","",NA,"2025-06-01T00:00:00Z",70,"included_species","Birds"
"442","Nesoryzomys darwini","Nesoryzomys darwini",22390382,14706,"Neotropical","Terrestrial","2019-01-25 00:00:00 UTC","Extinct",3.1,"",NA,"Predation",NA,0,NA,"",NA,0,NA,"",1,"","","","","","","",NA,"2025-01-01T00:00:00Z",33.7,"included_species","Mammals"
"443","Nesoryzomys indefessus","Nesoryzomys indefessus",22390443,14708,"Neotropical","Terrestrial","2017-08-23 00:00:00 UTC","Extinct",3.1,"",NA,"Predation",NA,0,NA,"",NA,0,NA,"",1,"","","","","","","",NA,"2025-01-01T00:00:00Z",80.3,"included_species","Mammals"
"444","Nestor notabilis","Nestor notabilis",119243358,22684831,"Oceanian","Terrestrial","2017-10-01 00:00:00 UTC","Endangered",3.1,"Decreasing",NA,"Predation",NA,1,NA,"",NA,0,2,"",NA,"","","","","","","",NA,"2025-04-01T00:00:00Z",862.97,"included_species","Birds"
"445","Notomys amplus","Notomys amplus",254618139,14861,"Australasian","Terrestrial","2024-06-06 00:00:00 UTC","Extinct",3.1,"",NA,"Predation",NA,0,NA,"0",NA,0,1,"Cats not mentioned",NA,"2","","","","","","",NA,"2025-04-01T00:00:00Z",100,"included_species","Mammals"
"446","Notomys aquilo","Notomys aquilo",22401364,14862,"Australasian","Terrestrial","2015-05-29 00:00:00 UTC","Endangered",3.1,"Decreasing",NA,"Predation",NA,0,NA,"0",NA,1,2,"0",NA,"0","","","","","","",NA,"2025-01-01T00:00:00Z",39,"included_species","Mammals"
"447","Notomys cervinus","Notomys cervinus",22401250,14868,"Australasian","Terrestrial","2012-12-31 00:00:00 UTC","Near Threatened",3.1,"Stable",NA,"Predation",NA,1,NA,"0",NA,0,1,"Cats not mentioned",NA,"1","","","","","","",NA,"2025-01-01T00:00:00Z",35,"included_species","Mammals"
"448","Notomys fuscus","Notomys fuscus",22401596,14863,"Australasian","Terrestrial","2012-12-31 00:00:00 UTC","Vulnerable",3.1,"Unknown",NA,"Predation",NA,3,NA,"7",NA,2,2,"0",NA,"2","","","","","","",NA,"2025-01-01T00:00:00Z",35,"included_species","Mammals"
"449","Notomys longicaudatus","Notomys longicaudatus",254618980,14864,"Australasian","Terrestrial","2024-06-06 00:00:00 UTC","Extinct",3.1,"","Hapalotis longicaudata","Predation",NA,0,NA,"0",NA,0,1,"Cats not mentioned",NA,"2","","","","","","",NA,"2025-04-01T00:00:00Z",100,"included_species","Mammals"
"450","Notomys macrotis","Notomys macrotis",254619200,14865,"Australasian","Terrestrial","2024-06-06 00:00:00 UTC","Extinct",3.1,"",NA,"Predation",NA,1,NA,"0",NA,0,1,"Cats not mentioned",NA,"2","","","","","","",NA,"2025-04-01T00:00:00Z",60,"included_species","Mammals"
"451","Notomys mordax","Notomys mordax",254619530,14866,"Australasian","Terrestrial","2024-06-06 00:00:00 UTC","Extinct",3.1,"","","Predation",NA,0,NA,"0",NA,1,1,"Cats not mentioned",NA,"3","","","","","","",NA,"2025-04-01T00:00:00Z",50,"included_species","Mammals"
"452","Notomys robustus","Notomys robustus",254614367,45958541,"Australasian","Terrestrial","2024-06-06 00:00:00 UTC","Extinct",3.1,"",NA,"Predation",NA,0,NA,"Cats not mentioned",NA,0,NA,"Cats not mentioned",NA,"2","","","","","","",NA,"2025-03-01T00:00:00Z",50,"included_species","Mammals"
"453","Notopteris neocaledonicus","Notopteris neocaledonicus",21982137,136519,"Australasian","Terrestrial","2018-08-31 00:00:00 UTC","Endangered",3.1,"Decreasing","Notopteris neocaledonica","Predation",NA,0,NA,"",NA,1,NA,"",NA,"","","","","","","",NA,"2025-01-01T00:00:00Z",NA,"included_species","Mammals"
"454","Numenius tahitiensis","Numenius tahitiensis",181357867,22693182,"Nearctic|Neotropical|Oceanian","Terrestrial|Marine","2020-08-10 00:00:00 UTC","Near Threatened",3.1,"Decreasing",NA,"Predation",NA,1,NA,"",NA,1,2,"",1,"","","","","","","",NA,"2025-06-01T00:00:00Z",400.08,"included_species","Birds"
"455","Nyctanassa carcinocatactes","Nyctanassa carcinocatactes",221213270,62286255,"Neotropical","Terrestrial|Freshwater (=Inland waters)","2022-09-16 00:00:00 UTC","Extinct",3.1,"",NA,"Predation",NA,0,NA,"",NA,0,1,"",NA,"","","","","","","0",NA,"2025-05-01T00:00:00Z",NA,"included_species","Birds"
"456","Nycticorax mauritianus","Nycticorax mauritianus",262276501,22728777,"Afrotropical","Terrestrial|Freshwater (=Inland waters)","2024-07-04 00:00:00 UTC","Extinct",3.1,"",NA,"Predation",NA,0,NA,"",NA,1,NA,"",NA,"","","","","","","0",NA,"2025-01-01T00:00:00Z",NA,"included_species","Birds"
"457","Nycticorax megacephalus","Nycticorax megacephalus",262277571,22728787,"Afrotropical","Freshwater (=Inland waters)","2024-07-04 00:00:00 UTC","Extinct",3.1,"",NA,"Predation",NA,0,NA,"",NA,1,NA,"",NA,"","","","","","","0",NA,"2025-01-01T00:00:00Z",NA,"included_species","Birds"
"458","Oedodera marmorata","Oedodera marmorata",123253917,176174,"Australasian","Terrestrial","2017-12-11 00:00:00 UTC","Endangered",3.1,"Decreasing",NA,"Predation",NA,0,NA,"",NA,2,2,"",NA,"","","","","","","",NA,"2025-04-01T00:00:00Z",NA,"included_species","Reptiles"
"459","Oligosoma acrinasum","Oligosoma acrinasum",120191980,178264,"Australasian","Terrestrial","2019-11-21 00:00:00 UTC","Near Threatened",3.1,"Increasing","Girardiscincus acrinasum, Leiolopisma acrinasum","Predation",NA,0,NA,"",NA,2,NA,"",NA,"","","","","","","",NA,"2025-04-01T00:00:00Z",NA,"included_species","Reptiles"
"460","Oligosoma burganae","Oligosoma burganae",120192574,120189166,"Australasian","Terrestrial","2018-02-17 00:00:00 UTC","Critically Endangered",3.1,"Decreasing",NA,"Predation",NA,0,NA,"",NA,0,NA,"",NA,"","","","","","","",NA,"2025-04-01T00:00:00Z",NA,"included_species","Reptiles"
"461","Oligosoma grande","Oligosoma grande",120190579,15257,"Australasian","Terrestrial","2018-02-18 00:00:00 UTC","Endangered",3.1,"Stable","Mocoa grandis","Predation",NA,1,2,"",1,1,NA,"",NA,"","","","","","","",NA,"2025-04-01T00:00:00Z",NA,"included_species","Reptiles"
"462","Oligosoma homalonotum","Oligosoma homalonotum",120192704,120190272,"Australasian","Terrestrial","2018-02-17 00:00:00 UTC","Endangered",3.1,"Stable","Leiolopisma gracilicorpus, Lygosoma homalonotum, Oligosoma gracilicorpus","Predation",NA,0,NA,"",NA,2,NA,"",NA,"","","","","","","",NA,"2025-04-01T00:00:00Z",NA,"included_species","Reptiles"
"463","Oligosoma hoparatea","Oligosoma hoparatea",120192594,120189462,"Australasian","Terrestrial","2018-02-17 00:00:00 UTC","Critically Endangered",3.1,"Decreasing",NA,"Predation",NA,0,NA,"",NA,1,NA,"",NA,"","","","","","","",NA,"2025-04-01T00:00:00Z",NA,"included_species","Reptiles"
"464","Oligosoma lineoocellatum","Oligosoma lineoocellatum",120192619,120189599,"Australasian","Terrestrial","2018-02-17 00:00:00 UTC","Endangered",3.1,"Decreasing","Lygosoma lineo-ocellatum","Predation",NA,0,NA,"",NA,0,NA,"",NA,"","","","","","","",NA,"2025-04-01T00:00:00Z",NA,"included_species","Reptiles"
"465","Oligosoma oliveri","Oligosoma oliveri",120190349,203035599,"Australasian","Terrestrial","2019-12-12 00:00:00 UTC","Near Threatened",3.1,"Stable","Cyclodina oliveri, Cyclodina pachysomaticum, Leiolopisma oliveri, Leiolopisma pachysomaticum, Oligosoma pachysomaticum","Predation",NA,0,NA,"",NA,1,NA,"",NA,"","","","","","","",NA,"2025-04-01T00:00:00Z",NA,"included_species","Reptiles"
"466","Oligosoma otagense","Oligosoma otagense",120190794,15260,"Australasian","Terrestrial","2018-02-17 00:00:00 UTC","Endangered",3.1,"Decreasing","Girardiscincus otagense, Leiolopisma grande otagense","Predation",NA,1,NA,"",1,2,2,"",NA,"","","","","","","",NA,"2025-04-01T00:00:00Z",NA,"included_species","Reptiles"
"467","Oligosoma salmo","Oligosoma salmo",156730436,156730274,"Australasian","Terrestrial","2019-10-31 00:00:00 UTC","Critically Endangered",3.1,"Decreasing","Oligosoma infrapunctatum","Predation",NA,0,NA,"",NA,0,NA,"",NA,"","","","","","","",NA,"2025-06-01T00:00:00Z",NA,"included_species","Reptiles"
"468","Oligosoma striatum","Oligosoma striatum",120191069,15261,"Australasian","Terrestrial","2018-02-17 00:00:00 UTC","Vulnerable",3.1,"Decreasing","Mocoa striata","Predation",NA,0,NA,"",NA,1,NA,"",NA,"","","","","","","",NA,"2025-04-01T00:00:00Z",NA,"included_species","Reptiles"
"469","Oligosoma toka","Oligosoma toka",120192694,120190199,"Australasian","Terrestrial","2018-02-18 00:00:00 UTC","Endangered",3.1,"Decreasing",NA,"Predation",NA,0,NA,"",NA,1,NA,"",NA,"","","","","","","",NA,"2025-04-01T00:00:00Z",NA,"included_species","Reptiles"
"470","Onychogalea fraenata","Onychogalea fraenata",21958130,15330,"Australasian","Terrestrial","2016-03-01 00:00:00 UTC","Vulnerable",3.1,"Stable","Macropus fraenatus","Predation",NA,1,NA,"6",NA,2,2,"1",NA,"2","","","","","","",NA,"2025-01-01T00:00:00Z",5500,"included_species","Mammals"
"471","Onychogalea lunata","Onychogalea lunata",21957917,15331,"Australasian","Terrestrial","2012-12-31 00:00:00 UTC","Extinct",3.1,"",NA,"Predation",NA,0,NA,"0",NA,1,1,"Cats not mentioned",NA,"1","","","","","","",NA,"2025-01-01T00:00:00Z",3500,"included_species","Mammals"
"472","Ornithorhynchus anatinus","Ornithorhynchus anatinus",21964009,40488,"Australasian","Terrestrial|Freshwater (=Inland waters)","2014-04-22 00:00:00 UTC","Near Threatened",3.1,"Decreasing","Platypus anatinus","Predation",NA,1,NA,"0",NA,0,NA,"0",NA,"Cats not mentioned","","","","","","",NA,"2025-01-01T00:00:00Z",1484.3,"included_species","Mammals"
"473","Otus bikegila","Otus bikegila",231652448,230025085,"Afrotropical","Terrestrial","2023-08-11 00:00:00 UTC","Critically Endangered",3.1,"Decreasing",NA,"Predation",NA,0,NA,"",NA,0,NA,"",NA,"","","","","","","",NA,"2025-07-01T00:00:00Z",NA,"included_species","Birds"
"474","Otus insularis","Otus insularis",177971497,22688667,"Afrotropical","Terrestrial","2020-07-17 00:00:00 UTC","Critically Endangered",3.1,"Decreasing",NA,"Predation",NA,0,NA,"",NA,3,1,"",NA,"","","","","","","",NA,"2025-06-01T00:00:00Z",144,"included_species","Birds"
"475","Palmeria dolei","Palmeria dolei",182550979,22720855,"Oceanian","Terrestrial","2020-08-28 00:00:00 UTC","Critically Endangered",3.1,"Decreasing",NA,"Predation",NA,0,NA,"",NA,4,1,"",1,"","","","","","","",NA,"2025-07-01T00:00:00Z",26.07,"included_species","Birds"
"476","Pampusana canifrons","Pampusana canifrons",216247017,22691071,"Oceanian","Terrestrial","2018-08-06 00:00:00 UTC","Endangered",3.1,"Decreasing","Alopecoenas canifrons, Gallicolumba canifrons","Predation",NA,0,NA,"",NA,1,NA,"",NA,"","","","","","","",NA,"2025-07-01T00:00:00Z",NA,"included_species","Birds"
"477","Pampusana erythroptera","Gallicolumba erythroptera",129084352,22691030,"Oceanian","Terrestrial","2017-10-01 00:00:00 UTC","Critically Endangered",3.1,"Decreasing","Alopecoenas erythropterus, Gallicolumba erythroptera","Predation",NA,1,NA,"",NA,0,NA,"",NA,"","","","","","","",NA,"2025-04-01T00:00:00Z",113.5,"included_species","Birds"
"478","Pampusana kubaryi","Pampusana kubaryi",172138008,22691024,"Oceanian","Terrestrial","2020-04-01 00:00:00 UTC","Endangered",3.1,"Decreasing","Alopecoenas kubaryi, Gallicolumba kubaryi","Predation",NA,0,NA,"",NA,1,NA,"",NA,"","","","","","","",NA,"2025-06-01T00:00:00Z",NA,"included_species","Birds"
"479","Pampusana rubescens","Pampusana rubescens",118535609,22691061,"Oceanian","Terrestrial","2017-10-01 00:00:00 UTC","Endangered",3.1,"Stable","Alopecoenas rubescens, Gallicolumba rubescens","Predation",NA,0,NA,"",NA,0,NA,"",NA,"","","","","","","",NA,"2025-04-01T00:00:00Z",NA,"included_species","Birds"
"480","Pampusana salamonis","Pampusana salamonis",228004766,22691056,"Australasian","Terrestrial","2023-02-14 00:00:00 UTC","Extinct",3.1,"","Alopecoenas salamonis, Gallicolumba salamonis","Predation",NA,1,NA,"",NA,0,NA,"",NA,"","","","","","","",NA,"2025-07-01T00:00:00Z",NA,"included_species","Birds"
"481","Pampusana sanctaecrucis","Pampusana sanctaecrucis",131854908,22691047,"Oceanian","Terrestrial","2018-08-08 00:00:00 UTC","Endangered",3.1,"Decreasing","Alopecoenas sanctaecrucis, Gallicolumba sanctaecrucis","Predation",NA,0,NA,"",NA,0,NA,"",NA,"","","","","","","",NA,"2025-04-01T00:00:00Z",NA,"included_species","Birds"
"482","Paniegekko madjo","Paniegekko madjo",123129097,176192,"Australasian","Terrestrial","2017-12-11 00:00:00 UTC","Endangered",3.1,"Decreasing","Bavayia madjo","Predation",NA,0,NA,"",NA,1,NA,"",NA,"","","","","","","",NA,"2025-04-01T00:00:00Z",NA,"included_species","Reptiles"
"483","Papagomys armandvillei","Papagomys armandvillei",22399875,15975,"Australasian","Terrestrial","2016-10-14 00:00:00 UTC","Near Threatened",3.1,"Decreasing",NA,"Predation",NA,0,NA,"",NA,1,NA,"",NA,"","","","","","","",NA,"2025-01-01T00:00:00Z",1048.1,"included_species","Mammals"
"484","Parantechinus apicalis","Parantechinus apicalis",21944584,16138,"Australasian","Terrestrial","2015-06-15 00:00:00 UTC","Endangered",3.1,"Decreasing",NA,"Predation",NA,0,NA,"1",NA,0,1,"1",1,"2","","","","","","",NA,"2025-01-01T00:00:00Z",68.8,"included_species","Mammals"
"485","Pareudiastes pacificus","Pareudiastes pacificus",129449004,22692854,"Oceanian","Terrestrial","2016-10-01 00:00:00 UTC","Critically Endangered",3.1,"Unknown","Gallinula pacifica","Predation",NA,0,NA,"",NA,0,1,"",NA,"","","","","","","1",NA,"2025-04-01T00:00:00Z",450,"included_species","Birds"
"486","Pareudiastes silvestris","Pareudiastes silvestris",126898664,22692857,"Oceanian","Terrestrial","2016-10-01 00:00:00 UTC","Critically Endangered",3.1,"Unknown","Edithornis silvestris, Gallinula silvestris, Gallinula sylvestris","Predation",NA,1,NA,"",NA,0,NA,"",NA,"","","","","","","0",NA,"2025-04-01T00:00:00Z",450,"included_species","Birds"
"487","Passer italiae","Passer italiae",207532978,103819014,"Afrotropical|Antarctic|Indomalayan|Nearctic|Neotropical|Palearctic","Terrestrial|Freshwater (=Inland waters)","2021-09-07 00:00:00 UTC","Vulnerable",3.1,"Decreasing",NA,"Predation",NA,0,NA,"",NA,1,NA,"",NA,"","","","","","","",NA,"2025-07-01T00:00:00Z",28.3,"included_species","Birds"
"488","Pelecanoides garnotii","Pelecanoides garnotii",179971538,22698280,"Neotropical","Terrestrial|Marine","2020-07-23 00:00:00 UTC","Near Threatened",3.1,"Increasing","Pelecanoides garnoti garnoti","Predation",NA,1,2,"",NA,0,1,"",1,"","","","","","","",NA,"2025-07-01T00:00:00Z",219.72,"included_species","Birds"
"489","Pentalagus furnessi","Pentalagus furnessi",45180151,16559,"Palearctic","Terrestrial","2016-07-21 00:00:00 UTC","Endangered",3.1,"Decreasing",NA,"Predation",NA,1,NA,"",NA,2,2,"",NA,"","","","","","","",NA,"2025-02-01T00:00:00Z",2396.3,"included_species","Mammals"
"490","Perameles bougainville","Perameles bougainville",21965819,16569,"Australasian","Terrestrial","2014-03-16 00:00:00 UTC","Vulnerable",3.1,"Stable",NA,"Predation",NA,2,NA,"3",NA,3,3,"0",NA,"1","","","","","","",NA,"2025-01-01T00:00:00Z",226,"included_species","Mammals"
"491","Perameles eremiana","Perameles eremiana",21965953,16570,"Australasian","Terrestrial","2012-12-31 00:00:00 UTC","Extinct",3.1,"",NA,"Predation",NA,0,NA,"0",NA,3,1,"Cats not mentioned",NA,"3","","","","","","",NA,"2025-01-01T00:00:00Z",200,"included_species","Mammals"
"492","Perochirus ateles","Perochirus ateles",96879085,196586,"Oceanian","Terrestrial","2016-12-20 00:00:00 UTC","Vulnerable",3.1,"Decreasing","Hemidactylus ateles","Predation",NA,0,NA,"",NA,0,1,"",NA,"","","","","","","",NA,"2025-03-01T00:00:00Z",NA,"included_species","Reptiles"
"493","Peromyscus caniceps","Peromyscus caniceps",22361697,16655,"Nearctic","Terrestrial","2017-01-16 00:00:00 UTC","Critically Endangered",3.1,"Decreasing",NA,"Predation",NA,0,NA,"",NA,0,NA,"",NA,"","","","","","","",NA,"2025-01-01T00:00:00Z",30.2,"included_species","Mammals"
"494","Peromyscus dickeyi","Peromyscus dickeyi",22360252,16657,"Nearctic","Terrestrial","2017-01-16 00:00:00 UTC","Critically Endangered",3.1,"Stable",NA,"Predation",NA,0,NA,"",NA,1,NA,"",NA,"","","","","","","",NA,"2025-01-01T00:00:00Z",28.6,"included_species","Mammals"
"495","Peromyscus guardia","Peromyscus guardia",22359973,16664,"Nearctic","Terrestrial","2017-01-16 00:00:00 UTC","Critically Endangered",3.1,"Decreasing",NA,"Predation",NA,0,NA,"",NA,2,2,"",2,"","","","","","","",NA,"2025-01-01T00:00:00Z",33.7,"included_species","Mammals"
"496","Peromyscus interparietalis","Peromyscus interparietalis",143640471,16668,"Nearctic","Terrestrial","2017-01-16 00:00:00 UTC","Critically Endangered",3.1,"Decreasing",NA,"Predation",NA,0,NA,"",NA,1,1,"",NA,"","","","","","","",NA,"2025-06-01T00:00:00Z",28,"included_species","Mammals"
"497","Peromyscus madrensis","Peromyscus madrensis",22361002,16671,"Neotropical","Terrestrial","2017-01-16 00:00:00 UTC","Endangered",3.1,"Decreasing",NA,"Predation",NA,0,NA,"",NA,0,NA,"",NA,"","","","","","","",NA,"2025-01-01T00:00:00Z",57,"included_species","Mammals"
"498","Peromyscus pseudocrinitus","Peromyscus pseudocrinitus",143642485,16687,"Nearctic","Terrestrial","2017-01-16 00:00:00 UTC","Critically Endangered",3.1,"Decreasing",NA,"Predation",NA,0,NA,"",NA,0,2,"",2,"","","","","","","",NA,"2025-06-01T00:00:00Z",24.5,"included_species","Mammals"
"499","Peromyscus sejugis","Peromyscus sejugis",22364100,16688,"Nearctic","Terrestrial","2017-01-17 00:00:00 UTC","Endangered",3.1,"Decreasing",NA,"Predation",NA,0,NA,"",NA,0,2,"",NA,"","","","","","","",NA,"2025-01-01T00:00:00Z",21.5,"included_species","Mammals"
"500","Peromyscus stephani","Peromyscus stephani",22362173,16692,"Nearctic","Terrestrial","2017-01-16 00:00:00 UTC","Critically Endangered",3.1,"Decreasing",NA,"Predation",NA,0,NA,"",NA,1,NA,"",NA,"","","","","","","",NA,"2025-01-01T00:00:00Z",26.1,"included_species","Mammals"
"501","Petrogale burbidgei","Petrogale burbidgei",21955902,16744,"Australasian","Terrestrial","2012-12-31 00:00:00 UTC","Near Threatened",3.1,"Unknown",NA,"Predation",NA,0,NA,"0",NA,0,NA,"Cats not mentioned",NA,"1","","","","","","",NA,"2025-01-01T00:00:00Z",1258,"included_species","Mammals"
"502","Petrogale concinna","Petrogale concinna",21955087,16761,"Australasian","Terrestrial","2014-03-21 00:00:00 UTC","Endangered",3.1,"Decreasing",NA,"Predation",NA,0,NA,"0",NA,0,NA,"Cats not mentioned",NA,"0","","","","","","",NA,"2025-01-01T00:00:00Z",1400,"included_species","Mammals"
"503","Petrogale lateralis","Petrogale lateralis",21955343,16751,"Australasian","Terrestrial","2014-03-17 00:00:00 UTC","Vulnerable",3.1,"Decreasing",NA,"Predation",NA,4,NA,"3",NA,0,NA,"1",NA,"0","","","","","","",NA,"2025-01-01T00:00:00Z",4625,"included_species","Mammals"
"504","Petrogale penicillata","Petrogale penicillata",21955754,16746,"Australasian","Terrestrial","2014-05-28 00:00:00 UTC","Vulnerable",3.1,"Decreasing",NA,"Predation",NA,1,NA,"1",NA,0,NA,"0",NA,"1","","","","","","",NA,"2025-01-01T00:00:00Z",7100,"included_species","Mammals"
"505","Petroica multicolor","Petroica multicolor",231294080,103734824,"Australasian","Terrestrial","2023-03-30 00:00:00 UTC","Endangered",3.1,"Decreasing","","Predation",NA,1,NA,"",NA,2,NA,"",NA,"","2","0","","","","",NA,"2025-05-01T00:00:00Z",11.36,"included_species","Birds"
"506","Petroica traversi","Petroica traversi",209015125,22704831,"Australasian","Terrestrial","2021-10-21 00:00:00 UTC","Vulnerable",3.1,"Stable",NA,"Predation",NA,0,1,"",NA,1,2,"",1,"","","","","","","",NA,"2025-07-01T00:00:00Z",23.5,"included_species","Birds"
"507","Pezophaps solitaria","Pezophaps solitaria",261927718,22690062,"Afrotropical","Terrestrial","2024-07-08 00:00:00 UTC","Extinct",3.1,"",NA,"Predation",NA,0,NA,"",NA,1,2,"",NA,"","","","","","","",NA,"2025-01-01T00:00:00Z",NA,"included_species","Birds"
"508","Pezoporus occidentalis","Pezoporus occidentalis",211825128,22685237,"Australasian","Terrestrial","2021-12-09 00:00:00 UTC","Critically Endangered",3.1,"Decreasing","Geopsittacus occidentalis","Predation",NA,3,NA,"",NA,3,1,"",NA,"","2","2","","","","",NA,"2025-05-01T00:00:00Z",130,"included_species","Birds"
"509","Phalacrocorax featherstoni","Phalacrocorax featherstoni",132595530,22696907,"Oceanian","Terrestrial|Marine","2018-08-08 00:00:00 UTC","Endangered",3.1,"Decreasing","Stictocarbo featherstoni featherstoni","Predation",NA,0,NA,"",NA,0,2,"",1,"","","","","","","",NA,"2025-04-01T00:00:00Z",1041.85,"included_species","Birds"
"510","Phalacrocorax nigrogularis","Phalacrocorax nigrogularis",155525071,22696802,"Afrotropical|Palearctic","Terrestrial|Marine","2018-08-08 00:00:00 UTC","Vulnerable",3.1,"Decreasing",NA,"Predation",NA,1,2,"",NA,1,1,"",NA,"","","","","","","",NA,"2025-06-01T00:00:00Z",1560,"included_species","Birds"
"511","Phascogale calura","Phascogale calura",21944219,16888,"Australasian","Terrestrial","2014-09-21 00:00:00 UTC","Near Threatened",3.1,"Stable",NA,"Predation",NA,2,NA,"1",NA,0,NA,"Cats not mentioned",NA,"2","","","","","","",NA,"2025-01-01T00:00:00Z",51.5,"included_species","Mammals"
"512","Phascogale pirata","Phascogale pirata",21944455,16889,"Australasian","Terrestrial","2015-06-15 00:00:00 UTC","Vulnerable",3.1,"Unknown","Phascogale tapoatafa, Phascogale tapoatafa pirata","Predation",NA,1,NA,"1",NA,1,2,"Cats not mentioned",NA,"1","","","","","","",NA,"2025-01-01T00:00:00Z",181.5,"included_species","Mammals"
"513","Phascogale tapoatafa","Phascogale tapoatafa",166495589,16890,"Australasian","Terrestrial","2012-12-31 00:00:00 UTC","Near Threatened",3.1,"Decreasing",NA,"Predation",NA,2,NA,"2",NA,0,NA,"1",NA,"1","","","","","","",NA,"2025-05-01T00:00:00Z",193.5,"included_species","Mammals"
"514","Phasmasaurus maruia","Phasmasaurus maruia",123260408,29454,"Australasian","Terrestrial","2017-12-11 00:00:00 UTC","Vulnerable",3.1,"Decreasing","Lioscincus maruia","Predation",NA,0,NA,"",1,0,NA,"",NA,"","","","","","","",NA,"2025-04-01T00:00:00Z",NA,"included_species","Reptiles"
"515","Phasmasaurus tillieri","Phasmasaurus tillieri",123260873,176190,"Australasian","Terrestrial","2017-12-11 00:00:00 UTC","Near Threatened",3.1,"Unknown","Lioscincus tillieri","Predation",NA,0,NA,"",1,0,NA,"",NA,"","","","","","","",NA,"2025-04-01T00:00:00Z",NA,"included_species","Reptiles"
"516","Phelsuma edwardnewtonii","Phelsuma edwardnewtonii",17432636,17432631,"Afrotropical","Terrestrial","2020-01-28 00:00:00 UTC","Extinct",3.1,"","Phelsuma newtoni","Predation",NA,0,NA,"",NA,2,NA,"",NA,"","","","","","","",NA,"2025-01-01T00:00:00Z",NA,"included_species","Reptiles"
"517","Phelsuma guentheri","Phelsuma guentheri",152274946,16926,"Afrotropical","Terrestrial","2018-04-23 00:00:00 UTC","Vulnerable",3.1,"Increasing",NA,"Predation",NA,0,NA,"",NA,1,NA,"",NA,"","","","","","","",NA,"2025-06-01T00:00:00Z",NA,"included_species","Reptiles"
"518","Phelsuma guimbeaui","Phelsuma guimbeaui",13484162,13484151,"Afrotropical","Terrestrial","2019-11-22 00:00:00 UTC","Endangered",3.1,"Decreasing",NA,"Predation",NA,0,NA,"",NA,0,NA,"",NA,"","","","","","","",NA,"2025-01-01T00:00:00Z",NA,"included_species","Reptiles"
"519","Phelsuma rosagularis","Phelsuma rosagularis",13484209,13484200,"Afrotropical","Terrestrial","2020-01-30 00:00:00 UTC","Endangered",3.1,"Decreasing",NA,"Predation",NA,0,NA,"",NA,0,NA,"",NA,"","","","","","","",NA,"2025-01-01T00:00:00Z",NA,"included_species","Reptiles"
"520","Philoria frosti","Philoria frosti",78428326,16997,"Australasian","Terrestrial|Freshwater (=Inland waters)","2021-06-07 00:00:00 UTC","Critically Endangered",3.1,"Decreasing",NA,"Predation",NA,0,1,"",NA,1,NA,"",NA,"","","","","","","",NA,"2025-03-01T00:00:00Z",NA,"included_species","Amphibians"
"521","Phoebastria immutabilis","Phoebastria immutabilis",132643073,22698365,"Indomalayan|Nearctic|Neotropical|Oceanian|Palearctic","Terrestrial|Marine","2018-08-07 00:00:00 UTC","Near Threatened",3.1,"Stable","Diomedea immutabilis","Predation",NA,1,1,"",NA,1,NA,"",1,"","","","","","","",1,"2025-05-01T00:00:00Z",3145.93,"included_species","Birds"
"522","Phoebetria fusca","Phoebetria fusca",132645596,22698431,"Afrotropical|Antarctic|Neotropical|Oceanian","Terrestrial|Marine","2018-08-07 00:00:00 UTC","Endangered",3.1,"Decreasing",NA,"Predation",NA,1,NA,"",NA,1,2,"",NA,"","Cats not mentioned","0","","","","",NA,"2025-05-01T00:00:00Z",2553.66,"included_species","Birds"
"523","Phoebetria palpebrata","Phoebetria palpebrata",132647449,22698448,"Afrotropical|Antarctic|Neotropical|Oceanian","Terrestrial|Marine","2018-08-07 00:00:00 UTC","Near Threatened",3.1,"Decreasing",NA,"Predation",NA,1,NA,"",NA,1,NA,"",NA,"","Not attributed","0","","","","",NA,"2025-05-01T00:00:00Z",3150,"included_species","Birds"
"524","Pholidoscelis dorsalis","Pholidoscelis dorsalis",121640494,50009027,"Neotropical","Terrestrial","2015-07-21 00:00:00 UTC","Endangered",3.1,"Decreasing","Ameiva dorsalis","Predation",NA,0,NA,"",NA,1,NA,"",NA,"","","","","","","",NA,"2025-04-01T00:00:00Z",NA,"included_species","Reptiles"
"525","Pholidoscelis griswoldi","Pholidoscelis griswoldi",121641260,50009821,"Neotropical","Terrestrial","2015-07-22 00:00:00 UTC","Near Threatened",3.1,"Decreasing","Ameiva griswoldi","Predation",NA,0,NA,"",NA,0,NA,"",NA,"","","","","","","",NA,"2025-04-01T00:00:00Z",NA,"included_species","Reptiles"
"526","Phoniscus papuensis","Phoniscus papuensis",22021190,10982,"Australasian","Terrestrial","2020-12-10 00:00:00 UTC","Vulnerable",3.1,"Unknown","Kerivoula papuensis","Predation",NA,0,NA,"0",NA,1,NA,"Cats not mentioned",NA,"Not attributed","","","","0","Cats not mentioned","",NA,"2025-01-01T00:00:00Z",6.2,"included_species","Mammals"
"527","Phyllodactylus darwini","Phyllodactylus darwini",217808624,48443561,"Neotropical","Terrestrial","2014-02-24 00:00:00 UTC","Near Threatened",3.1,"Decreasing",NA,"Predation",NA,0,NA,"",NA,0,NA,"",NA,"","","","","","","",NA,"2025-07-01T00:00:00Z",NA,"included_species","Reptiles"
"528","Phyllodactylus leei","Phyllodactylus leei",56282962,178276,"Neotropical","Terrestrial","2014-02-24 00:00:00 UTC","Near Threatened",3.1,"Unknown",NA,"Predation",NA,0,NA,"",NA,0,1,"",NA,"","","","","","","",NA,"2025-03-01T00:00:00Z",NA,"included_species","Reptiles"
"529","Phyllodactylus pulcher","Phyllodactylus pulcher",115401286,48443321,"Neotropical","Terrestrial","2015-07-22 00:00:00 UTC","Critically Endangered",3.1,"Decreasing",NA,"Predation",NA,0,NA,"",NA,0,NA,"",NA,"","","","","","","",NA,"2025-04-01T00:00:00Z",NA,"included_species","Reptiles"
"530","Phyllodactylus rutteni","Phyllodactylus rutteni",48443149,48443145,"Neotropical","Terrestrial","2014-11-24 00:00:00 UTC","Near Threatened",3.1,"Unknown",NA,"Predation",NA,0,NA,"",NA,0,NA,"",NA,"","","","","","","",NA,"2025-03-01T00:00:00Z",NA,"included_species","Reptiles"
"531","Phyllodactylus sentosus","Phyllodactylus sentosus",48442982,48442971,"Neotropical","Terrestrial","2014-02-26 00:00:00 UTC","Critically Endangered",3.1,"Decreasing",NA,"Predation",NA,0,NA,"",NA,1,NA,"",NA,"","","","","","","",NA,"2025-03-01T00:00:00Z",NA,"included_species","Reptiles"
"532","Phyllomys thomasi","Phyllomys thomasi",22210762,6989,"Neotropical","Terrestrial","2016-06-10 00:00:00 UTC","Endangered",3.1,"Decreasing","Echimys thomasi","Predation",NA,0,NA,"",NA,0,1,"",NA,"","","","","","","",NA,"2025-01-01T00:00:00Z",560.2,"included_species","Mammals"
"533","Phyllonycteris aphylla","Phyllonycteris aphylla",22133396,17173,"Neotropical","Terrestrial","2015-03-06 00:00:00 UTC","Critically Endangered",3.1,"Decreasing",NA,"Predation",NA,0,NA,"",NA,0,NA,"",NA,"","","","","0","Cats not mentioned","",NA,"2025-01-01T00:00:00Z",24.5,"included_species","Mammals"
"534","Pipilo socorroensis","Pipilo socorroensis",179961716,103773037,"Nearctic|Neotropical","Terrestrial","2020-08-31 00:00:00 UTC","Endangered",3.1,"Decreasing",NA,"Predation",NA,0,NA,"",NA,2,NA,"",NA,"","","","","","","",NA,"2025-07-01T00:00:00Z",39.28,"included_species","Birds"
"535","Pipistrellus maderensis","Pipistrellus maderensis",211010717,17315,"Palearctic","Terrestrial","2023-02-03 00:00:00 UTC","Endangered",3.1,"Decreasing","Vesperugo maderensis","Predation",NA,0,NA,"",NA,1,NA,"",NA,"","","","","0","Cats not mentioned","",NA,"2025-05-01T00:00:00Z",7,"included_species","Mammals"
"536","Pitta superba","Pitta superba",209885436,22698640,"Australasian","Terrestrial","2022-07-28 00:00:00 UTC","Endangered",3.1,"Decreasing",NA,"Predation",NA,0,NA,"",NA,0,1,"",NA,"","","","","","","",NA,"2025-07-01T00:00:00Z",115,"included_species","Birds"
"537","Plestiodon barbouri","Plestiodon barbouri",96879280,199742,"Indomalayan","Terrestrial","2016-12-13 00:00:00 UTC","Vulnerable",3.1,"Decreasing","Eumeces barbouri","Predation",NA,0,NA,"",NA,0,NA,"",NA,"","","","","","","",NA,"2025-03-01T00:00:00Z",NA,"included_species","Reptiles"
"538","Plestiodon kishinouyei","Plestiodon kishinouyei",96877356,8217,"Indomalayan","Terrestrial","2016-12-13 00:00:00 UTC","Vulnerable",3.1,"Decreasing","Eumeces kishinouyei","Predation",NA,0,NA,"",NA,0,NA,"",NA,"","","","","","","",NA,"2025-03-01T00:00:00Z",NA,"included_species","Reptiles"
"539","Plestiodon longirostris","Plestiodon longirostris",121499536,8218,"Nearctic","Terrestrial","2020-01-23 00:00:00 UTC","Critically Endangered",3.1,"Decreasing","Eumeces longirostris","Predation",NA,2,NA,"",NA,0,NA,"",NA,"","","","","","","",NA,"2025-04-01T00:00:00Z",NA,"included_species","Reptiles"
"540","Ploceus grandis","Ploceus grandis",176388594,22718925,"Afrotropical","Terrestrial","2020-06-01 00:00:00 UTC","Near Threatened",3.1,"Decreasing",NA,"Predation",NA,0,NA,"",NA,1,NA,"",NA,"","","","","","","",NA,"2025-06-01T00:00:00Z",63.48,"included_species","Birds"
"541","Podarcis lilfordi","Podarcis lilfordi",137843212,17795,"Palearctic","Terrestrial","2022-10-07 00:00:00 UTC","Near Threatened",3.1,"Stable","Zootoca lilfordi","Predation",NA,1,NA,"",NA,0,2,"",1,"","","","","","","",NA,"2025-06-01T00:00:00Z",NA,"included_species","Reptiles"
"542","Podarcis pityusensis","Podarcis pityusensis",137843475,17800,"Palearctic","Terrestrial","2022-10-08 00:00:00 UTC","Endangered",3.1,"Decreasing","Lacerta muralis pityusensis","Predation",NA,0,NA,"",NA,0,NA,"",NA,"","","","","","","",NA,"2025-06-01T00:00:00Z",NA,"included_species","Reptiles"
"543","Podomys floridanus","Podomys floridanus",22339074,17830,"Nearctic|Neotropical","Terrestrial","2017-03-22 00:00:00 UTC","Near Threatened",3.1,"Decreasing",NA,"Predation",NA,0,NA,"",NA,0,NA,"",NA,"","","","","","","",NA,"2025-01-01T00:00:00Z",30.8,"included_species","Mammals"
"544","Pomarea dimidiata","Pomarea dimidiata",132072143,22707172,"Oceanian","Terrestrial","2018-08-09 00:00:00 UTC","Vulnerable",3.1,"Increasing",NA,"Predation",NA,0,NA,"",NA,0,1,"",NA,"","","","","","","",NA,"2025-04-01T00:00:00Z",23,"included_species","Birds"
"545","Pomarea fluxa","Pomarea fluxa",230915546,22732926,"Oceanian","Terrestrial","2023-03-24 00:00:00 UTC","Extinct",3.1,"",NA,"Predation",NA,0,NA,"",NA,0,1,"",NA,"","","","","","","0",NA,"2025-05-01T00:00:00Z",NA,"included_species","Birds"
"546","Pomarea iphis","Pomarea iphis",119194254,22734314,"Oceanian","Terrestrial","2017-10-01 00:00:00 UTC","Critically Endangered",3.1,"Stable",NA,"Predation",NA,0,NA,"",NA,0,NA,"",NA,"","","","","","","",NA,"2025-04-01T00:00:00Z",23.9,"included_species","Birds"
"547","Pomarea mendozae","Pomarea mendozae",210741049,22734320,"Oceanian","Terrestrial","2022-06-01 00:00:00 UTC","Endangered",3.1,"Stable",NA,"Predation",NA,0,NA,"",NA,2,2,"",1,"","","","","","","Not attributed",NA,"2025-05-01T00:00:00Z",29.6,"included_species","Birds"
"548","Pomarea mira","Pomarea mira",157473406,22732931,"Oceanian","Terrestrial","2016-10-01 00:00:00 UTC","Critically Endangered",3.1,"Unknown",NA,"Predation",NA,0,NA,"",NA,0,NA,"",NA,"","","","","","","Not attributed",NA,"2025-05-01T00:00:00Z",29.6,"included_species","Birds"
"549","Pomarea nigra","Pomarea nigra",173465740,22707178,"Oceanian","Terrestrial","2020-07-02 00:00:00 UTC","Critically Endangered",3.1,"Increasing",NA,"Predation",NA,0,NA,"",NA,1,NA,"",NA,"","","","","","","",NA,"2025-06-01T00:00:00Z",25.4,"included_species","Birds"
"550","Pomarea whitneyi","Pomarea whitneyi",155462058,22707192,"Oceanian","Terrestrial","2018-08-07 00:00:00 UTC","Critically Endangered",3.1,"Decreasing",NA,"Predation",NA,1,NA,"",NA,0,1,"",NA,"","","","","","","",NA,"2025-06-01T00:00:00Z",42.5,"included_species","Birds"
"551","Poodytes rufescens","Poodytes rufescens",246108014,22728902,"Australasian","Terrestrial","2023-09-28 00:00:00 UTC","Extinct",3.1,"","Bowdleria rufescens, Megalurus rufescens, Sphenoeacus rufescens","Predation",NA,0,NA,"",NA,2,NA,"",NA,"","","","","","","1",NA,"2025-07-01T00:00:00Z",NA,"included_species","Birds"
"552","Porphyrio paepae","Porphyrio paepae",230907670,62263064,"Oceanian","Terrestrial|Freshwater (=Inland waters)","2023-03-24 00:00:00 UTC","Extinct",3.1,"",NA,"Predation",NA,0,NA,"",NA,0,1,"",NA,"","","","","","","Not attributed",NA,"2025-05-01T00:00:00Z",NA,"included_species","Birds"
"553","Potorous gilbertii","Potorous gilbertii",21960726,18107,"Australasian","Terrestrial","2016-06-27 00:00:00 UTC","Critically Endangered",3.1,"Decreasing","Potorous tridactylus gilbertii","Predation",NA,0,NA,"0",NA,0,2,"Cats not mentioned",NA,"0","","","","","","",NA,"2025-01-01T00:00:00Z",962.5,"included_species","Mammals"
"554","Potorous tridactylus","Potorous tridactylus",166499137,41511,"Australasian","Terrestrial","2014-05-28 00:00:00 UTC","Near Threatened",3.1,"Decreasing",NA,"Predation",NA,8,1,"6",NA,0,NA,"0",NA,"1","","","","","","",NA,"2025-05-01T00:00:00Z",1100,"included_species","Mammals"
"555","Pristidactylus volcanensis","Pristidactylus volcanensis",2761213,203156,"Neotropical","Terrestrial","2015-05-29 00:00:00 UTC","Endangered",3.1,"Decreasing",NA,"Predation",NA,0,NA,"",NA,2,NA,"",NA,"","","","","","","",NA,"2025-01-01T00:00:00Z",NA,"included_species","Reptiles"
"556","Procellaria aequinoctialis","Procellaria aequinoctialis",132628887,22698140,"Afrotropical|Neotropical|Oceanian","Terrestrial|Marine","2018-08-07 00:00:00 UTC","Vulnerable",3.1,"Decreasing",NA,"Predation",NA,5,NA,"",NA,2,2,"",4,"","0","Not attributed","","","","",NA,"2025-05-01T00:00:00Z",1213,"included_species","Birds"
"557","Procellaria cinerea","Procellaria cinerea",175348962,22698159,"Afrotropical|Antarctic|Neotropical|Oceanian","Terrestrial|Marine","2020-05-15 00:00:00 UTC","Near Threatened",3.1,"Decreasing",NA,"Predation",NA,3,2,"",NA,0,NA,"",NA,"","Not attributed","1","","","","",NA,"2025-05-01T00:00:00Z",1131,"included_species","Birds"
"558","Procellaria parkinsoni","Procellaria parkinsoni",132629374,22698150,"Neotropical|Oceanian","Terrestrial|Marine","2018-08-16 00:00:00 UTC","Vulnerable",3.1,"Stable",NA,"Predation",NA,1,1,"",NA,1,NA,"",3,"","0","1","","","","",NA,"2025-05-01T00:00:00Z",702.2,"included_species","Birds"
"559","Procellaria westlandica","Procellaria westlandica",132629809,22698155,"Neotropical|Oceanian","Terrestrial|Marine","2018-08-20 00:00:00 UTC","Endangered",3.1,"Unknown",NA,"Predation",NA,0,NA,"",NA,1,1,"",NA,"","Not attributed","Not attributed","","","","",NA,"2025-05-01T00:00:00Z",1199,"included_species","Birds"
"560","Procyon pygmaeus","Procyon pygmaeus",45201913,18267,"Neotropical","Terrestrial","2016-02-11 00:00:00 UTC","Critically Endangered",3.1,"Decreasing",NA,"Disease",NA,0,NA,"",NA,1,NA,"",NA,"","","","","","","",NA,"2025-02-01T00:00:00Z",2500,"excluded_species","Mammals"
"561","Prosobonia cancellata","Prosobonia parvirostris",246202198,62289108,"Oceanian","Terrestrial|Marine","2023-09-30 00:00:00 UTC","Extinct",3.1,"",NA,"Predation",NA,1,NA,"",NA,0,2,"",NA,"","","","","","","1",NA,"2025-06-01T00:00:00Z",36,"included_species","Birds"
"562","Prosobonia parvirostris","Prosobonia parvirostris",229059793,62289271,"Oceanian","Terrestrial|Marine","2023-03-07 00:00:00 UTC","Endangered",3.1,"Decreasing",NA,"Predation",NA,0,NA,"",NA,3,2,"",NA,"","","","","","","",NA,"2025-07-01T00:00:00Z",36,"included_species","Birds"
"563","Pseudalsophis biserialis","Pseudalsophis biserialis",56253872,190541,"Neotropical","Terrestrial","2014-01-26 00:00:00 UTC","Near Threatened",3.1,"Unknown","Alsophis biserialis, Herpetodryas biserialis","Predation",NA,0,NA,"",NA,0,NA,"",NA,"","","","","","","",NA,"2025-03-01T00:00:00Z",NA,"included_species","Reptiles"
"564","Pseudalsophis steindachneri","Pseudalsophis steindachneri",54447669,190542,"Neotropical","Terrestrial","2014-02-24 00:00:00 UTC","Near Threatened",3.1,"Decreasing","Antillophis steindachneri, Dromicus steindachneri","Predation",NA,0,NA,"",NA,0,NA,"",NA,"","","","","","","",NA,"2025-03-01T00:00:00Z",NA,"included_species","Reptiles"
"565","Pseudantechinus mimulus","Pseudantechinus mimulus",21945496,18447,"Australasian","Terrestrial","2014-03-08 00:00:00 UTC","Near Threatened",3.1,"Decreasing",NA,"Predation",NA,0,NA,"0",NA,1,2,"Cats not mentioned",NA,"0","","","","","","",NA,"2025-01-01T00:00:00Z",17,"included_species","Mammals"
"566","Pseudemoia cryodroma","Pseudemoia cryodroma",109480945,109480937,"Australasian","Terrestrial","2017-06-13 00:00:00 UTC","Endangered",3.1,"Unknown",NA,"Predation",NA,0,NA,"",NA,0,NA,"",NA,"","","","","","","",NA,"2025-04-01T00:00:00Z",NA,"included_species","Reptiles"
"567","Pseudobulweria aterrima","Pseudobulweria aterrima",132611797,22697896,"Afrotropical","Terrestrial|Marine","2018-08-07 00:00:00 UTC","Critically Endangered",3.1,"Decreasing","Procellaria aterrima, Pterodroma aterrima aterrima","Predation",NA,2,NA,"",NA,1,1,"",1,"","","","","","","",NA,"2025-04-01T00:00:00Z",232,"included_species","Birds"
"568","Pseudobulweria becki","Pseudobulweria becki",132612218,22697913,"Oceanian","Terrestrial|Marine","2018-08-07 00:00:00 UTC","Critically Endangered",3.1,"Decreasing","Procellaria becki, Pterodroma becki becki","Predation",NA,0,NA,"",NA,1,1,"",NA,"","","","","","","",NA,"2025-05-01T00:00:00Z",409,"included_species","Birds"
"569","Pseudobulweria macgillivrayi","Pseudobulweria macgillivrayi",132613365,22697935,"Oceanian","Terrestrial|Marine","2018-08-07 00:00:00 UTC","Critically Endangered",3.1,"Decreasing","Pterodroma macgillivrayi macgillivrayi, Thalassidroma macgillivrayi","Predation",NA,1,NA,"",NA,1,1,"",1,"","","","","","","",NA,"2025-05-01T00:00:00Z",143,"included_species","Birds"
"570","Pseudobulweria rostrata","Pseudobulweria rostrata",132612667,22697925,"Oceanian","Terrestrial|Marine","2018-08-07 00:00:00 UTC","Near Threatened",3.1,"Decreasing","Pterodroma rostrata","Predation",NA,0,NA,"",NA,1,NA,"",NA,"","1","1","","","","",NA,"2025-05-01T00:00:00Z",409,"included_species","Birds"
"571","Pseudocheirus occidentalis","Pseudocheirus occidentalis",21963100,18492,"Australasian","Terrestrial","2014-03-09 00:00:00 UTC","Critically Endangered",3.1,"Decreasing",NA,"Predation",NA,2,NA,"1",NA,2,2,"0",NA,"1","","","","","","",NA,"2025-01-01T00:00:00Z",987.5,"included_species","Mammals"
"572","Pseudomys auritus","Pseudomys auritus",254623623,75927882,"Australasian","Terrestrial","2024-06-06 00:00:00 UTC","Extinct",3.1,"",NA,"Predation",NA,0,NA,"0",NA,0,NA,"Cats not mentioned",NA,"3","","","","","","",NA,"2025-01-01T00:00:00Z",NA,"included_species","Mammals"
"573","Pseudomys australis","Pseudomys australis",115493152,75927871,"Australasian","Terrestrial","2015-07-25 00:00:00 UTC","Vulnerable",3.1,"Decreasing",NA,"Predation",NA,4,NA,"5",NA,1,4,"1",NA,"3","","","","","","",NA,"2025-04-01T00:00:00Z",65,"included_species","Mammals"
"574","Pseudomys calabyi","Pseudomys calabyi",22399037,136808,"Australasian","Terrestrial","2015-06-04 00:00:00 UTC","Vulnerable",3.1,"Decreasing",NA,"Predation",NA,0,NA,"Cats not mentioned",NA,0,1,"Cats not mentioned",NA,"0","","","","","","",NA,"2025-01-01T00:00:00Z",22.5,"included_species","Mammals"
"575","Pseudomys fieldi","Pseudomys fieldi",22398445,18549,"Australasian","Terrestrial","2012-12-31 00:00:00 UTC","Vulnerable",3.1,"Stable",NA,"Predation",NA,0,NA,"0",NA,1,1,"0",1,"1","","","","","","",NA,"2025-01-01T00:00:00Z",45,"included_species","Mammals"
"576","Pseudomys fumeus","Pseudomys fumeus",22398566,18550,"Australasian","Terrestrial","2015-07-26 00:00:00 UTC","Vulnerable",3.1,"Decreasing",NA,"Predation",NA,0,NA,"1",NA,0,2,"Cats not mentioned",NA,"5","","","","","","",NA,"2025-01-01T00:00:00Z",70,"included_species","Mammals"
"577","Pseudomys glaucus","Pseudomys glaucus",254617306,18564,"Australasian","Terrestrial","2024-06-06 00:00:00 UTC","Extinct",3.1,"",NA,"Predation",NA,0,1,"0",NA,1,1,"Cats not mentioned",NA,"1","","","","","","",NA,"2025-04-01T00:00:00Z",30,"included_species","Mammals"
"578","Pseudomys gouldii","Pseudomys gouldii",248638568,248637991,"Australasian","Terrestrial","2023-11-24 00:00:00 UTC","Vulnerable",3.1,"Increasing","Mus gouldii, Pseudomys praeconis, Pseudomys fieldi, Pseudomys rawlinnae","Predation",NA,0,NA,"Cats not mentioned",NA,0,1,"0",NA,"0","","","","","","",NA,"2025-06-01T00:00:00Z",50,"included_species","Mammals"
"579","Pseudomys novaehollandiae","Pseudomys novaehollandiae",254615075,18552,"Australasian","Terrestrial","2024-06-15 00:00:00 UTC","Vulnerable",3.1,"Decreasing","Mus novaehollandiae","Predation",NA,4,NA,"1",NA,0,NA,"1",NA,"0","","","","","","",NA,"2025-04-01T00:00:00Z",20,"included_species","Mammals"
"580","Pseudomys occidentalis","Pseudomys occidentalis",22398121,18553,"Australasian","Terrestrial","2016-07-03 00:00:00 UTC","Near Threatened",3.1,"Decreasing",NA,"Predation",NA,0,NA,"0",NA,0,NA,"Cats not mentioned",NA,"0","","","","","","",NA,"2025-01-01T00:00:00Z",34,"included_species","Mammals"
"581","Pseudomys oralis","Pseudomys oralis",115143455,18554,"Australasian","Terrestrial","2016-02-24 00:00:00 UTC","Vulnerable",3.1,"Decreasing",NA,"Predation",NA,0,NA,"0",NA,1,1,"0",NA,"3","","","","","","",NA,"2025-04-01T00:00:00Z",95,"included_species","Mammals"
"582","Pseudomys shortridgei","Pseudomys shortridgei",254616177,18557,"Australasian","Terrestrial","2024-06-15 00:00:00 UTC","Endangered",3.1,"Decreasing","Mus shortridgei","Predation",NA,1,NA,"0",NA,0,NA,"0",NA,"3","","","","","","",NA,"2025-04-01T00:00:00Z",70,"included_species","Mammals"
"583","Pseudonestor xanthophrys","Pseudonestor xanthophrys",224743508,22720753,"Oceanian","Terrestrial","2022-12-08 00:00:00 UTC","Critically Endangered",3.1,"Decreasing",NA,"Predation",NA,0,NA,"",NA,1,NA,"",NA,"","","","","","","",NA,"2025-07-01T00:00:00Z",22.1,"included_species","Birds"
"584","Psittirostra psittacea","Psittirostra psittacea",248950875,22720734,"Oceanian","Terrestrial","2024-02-26 00:00:00 UTC","Extinct",3.1,"",NA,"Predation",NA,0,NA,"",NA,1,NA,"",NA,"","","","","","","Not attributed",NA,"2025-05-01T00:00:00Z",28.62,"included_species","Birds"
"585","Pterodroma alba","Pterodroma alba",183088698,22698001,"Oceanian","Terrestrial|Marine","2020-08-25 00:00:00 UTC","Vulnerable",3.1,"Decreasing",NA,"Predation",NA,1,NA,"",NA,3,2,"",1,"","","","","","","",NA,"2025-07-01T00:00:00Z",259,"included_species","Birds"
"586","Pterodroma arminjoniana","Pterodroma arminjoniana",132618884,22698005,"Neotropical","Terrestrial|Marine","2018-08-07 00:00:00 UTC","Vulnerable",3.1,"Stable",NA,"Predation",NA,0,NA,"",NA,1,1,"",1,"","","","","","","",NA,"2025-05-01T00:00:00Z",394,"included_species","Birds"
"587","Pterodroma atrata","Pterodroma atrata",132659355,22728442,"Oceanian","Terrestrial|Marine","2018-08-17 00:00:00 UTC","Endangered",3.1,"Decreasing",NA,"Predation",NA,0,NA,"",NA,0,NA,"",1,"","","","","","","",NA,"2025-06-01T00:00:00Z",394,"included_species","Birds"
"588","Pterodroma axillaris","Pterodroma axillaris",132613763,22697949,"Oceanian","Terrestrial|Marine","2018-08-07 00:00:00 UTC","Vulnerable",3.1,"Increasing",NA,"Predation",NA,0,NA,"",NA,0,1,"",1,"","","","","","","",NA,"2025-05-01T00:00:00Z",165,"included_species","Birds"
"589","Pterodroma baraui","Pterodroma baraui",132621225,22698035,"Afrotropical|Indomalayan|Oceanian","Terrestrial|Marine","2018-08-20 00:00:00 UTC","Endangered",3.1,"Decreasing",NA,"Predation",NA,5,NA,"",NA,1,2,"",1,"","","","","","","",NA,"2025-05-01T00:00:00Z",400,"included_species","Birds"
"590","Pterodroma brevipes","Pterodroma brevipes",132617265,22697987,"Oceanian","Terrestrial|Marine","2018-08-07 00:00:00 UTC","Vulnerable",3.1,"Decreasing",NA,"Predation",NA,1,NA,"",NA,1,1,"",NA,"","","","","","","",NA,"2025-05-01T00:00:00Z",147.05,"included_species","Birds"
"591","Pterodroma cahow","Pterodroma cahow",132624115,22698088,"Nearctic|Neotropical","Terrestrial|Marine","2018-08-07 00:00:00 UTC","Endangered",3.1,"Increasing",NA,"Predation",NA,1,NA,"",NA,0,2,"",NA,"","","","","","","",NA,"2025-05-01T00:00:00Z",246,"included_species","Birds"
"592","Pterodroma cervicalis","Pterodroma cervicalis",132614556,22697957,"Nearctic|Neotropical|Oceanian|Palearctic","Terrestrial|Marine","2018-08-07 00:00:00 UTC","Vulnerable",3.1,"Increasing",NA,"Predation",NA,0,NA,"",NA,0,1,"",2,"","Not attributed","1","","","","",NA,"2025-05-01T00:00:00Z",444.99,"included_species","Birds"
"593","Pterodroma cookii","Pterodroma cookii",132616449,22697975,"Nearctic|Neotropical|Oceanian","Terrestrial|Marine","2018-08-16 00:00:00 UTC","Vulnerable",3.1,"Increasing","Pterodroma cooki","Predation",NA,1,NA,"",NA,0,3,"",3,"","","","","","","",NA,"2025-05-01T00:00:00Z",177.91,"included_species","Birds"
"594","Pterodroma defilippiana","Pterodroma defilippiana",132617737,22697990,"Neotropical","Terrestrial|Marine","2018-08-07 00:00:00 UTC","Vulnerable",3.1,"Stable",NA,"Predation",NA,0,NA,"",NA,0,1,"",1,"","","","","","","",NA,"2025-05-01T00:00:00Z",169,"included_species","Birds"
"595","Pterodroma deserta","Pterodroma deserta",132665941,22736135,"Afrotropical|Nearctic|Neotropical|Palearctic","Terrestrial|Marine","2018-08-20 00:00:00 UTC","Vulnerable",3.1,"Stable",NA,"Predation",NA,0,NA,"",NA,0,NA,"",NA,"","","","","","","",NA,"2025-06-01T00:00:00Z",311,"included_species","Birds"
"596","Pterodroma externa","Pterodroma externa",132620783,22698030,"Nearctic|Neotropical|Oceanian","Terrestrial|Marine","2018-08-07 00:00:00 UTC","Vulnerable",3.1,"Stable",NA,"Predation",NA,2,NA,"",NA,1,2,"",1,"","","","","","","",NA,"2025-05-01T00:00:00Z",428,"included_species","Birds"
"597","Pterodroma feae","Pterodroma feae",132655668,22728011,"Afrotropical|Nearctic|Palearctic","Terrestrial|Marine","2018-08-07 00:00:00 UTC","Near Threatened",3.1,"Unknown",NA,"Predation",NA,3,1,"",NA,1,NA,"",NA,"","","","","","","",NA,"2025-06-01T00:00:00Z",311,"included_species","Birds"
"598","Pterodroma incerta","Pterodroma incerta",152715347,22698084,"Afrotropical|Neotropical","Terrestrial|Marine","2019-06-14 00:00:00 UTC","Endangered",3.1,"Decreasing","Procellaria incerta","Predation",NA,0,NA,"",NA,0,NA,"",NA,"","","","","","","",NA,"2025-06-01T00:00:00Z",520,"included_species","Birds"
"599","Pterodroma leucoptera","Pterodroma leucoptera",132615952,22697970,"Neotropical|Oceanian","Terrestrial|Marine","2018-08-20 00:00:00 UTC","Vulnerable",3.1,"Decreasing",NA,"Predation",NA,1,NA,"",NA,1,1,"",NA,"","0","Not attributed","","","","",NA,"2025-05-01T00:00:00Z",147.05,"included_species","Birds"
"600","Pterodroma longirostris","Pterodroma longirostris",152684668,22697997,"Nearctic|Neotropical|Oceanian|Palearctic","Terrestrial|Marine","2019-06-13 00:00:00 UTC","Vulnerable",3.1,"Decreasing",NA,"Predation",NA,2,NA,"",NA,4,3,"",1,"","","","","","","",NA,"2025-06-01T00:00:00Z",143,"included_species","Birds"
"601","Pterodroma madeira","Pterodroma madeira",132622973,22698062,"Palearctic","Terrestrial|Marine","2018-08-17 00:00:00 UTC","Endangered",3.1,"Stable",NA,"Predation",NA,2,NA,"",NA,0,1,"",1,"","","","","","","",NA,"2025-05-01T00:00:00Z",201.05,"included_species","Birds"
"602","Pterodroma magentae","Pterodroma magentae",131879320,22698049,"Oceanian","Terrestrial|Marine","2018-08-07 00:00:00 UTC","Critically Endangered",3.1,"Increasing",NA,"Predation",NA,0,NA,"",NA,0,2,"",2,"","","","","","","",NA,"2025-04-01T00:00:00Z",465,"included_species","Birds"
"603","Pterodroma phaeopygia","Pterodroma phaeopygia",132619647,22698020,"Neotropical|Oceanian","Terrestrial|Marine","2018-08-07 00:00:00 UTC","Critically Endangered",3.1,"Decreasing",NA,"Predation",NA,2,NA,"",NA,0,3,"",4,"","","","","","","",NA,"2025-05-01T00:00:00Z",400.82,"included_species","Birds"
"604","Pterodroma rupinarum","Pterodroma rupinarum",262222743,22728800,"Afrotropical","Terrestrial|Marine","2024-07-04 00:00:00 UTC","Extinct",3.1,"",NA,"Predation",NA,0,NA,"",NA,1,NA,"",NA,"","","","","","","",NA,"2025-01-01T00:00:00Z",NA,"included_species","Birds"
"605","Pterodroma sandwichensis","Pterodroma sandwichensis",132378813,22698017,"Nearctic|Oceanian","Terrestrial|Marine","2018-08-07 00:00:00 UTC","Endangered",3.1,"Decreasing",NA,"Predation",NA,1,NA,"",NA,0,7,"",2,"","","","","","","",NA,"2025-04-01T00:00:00Z",400.82,"included_species","Birds"
"606","Pteropus dasymallus","Pteropus dasymallus",22080614,18722,"Indomalayan|Palearctic","Terrestrial","2016-12-31 00:00:00 UTC","Vulnerable",3.1,"Decreasing",NA,"Predation",NA,0,1,"",NA,0,NA,"",NA,"","","","","0","2","",NA,"2025-01-01T00:00:00Z",435,"included_species","Mammals"
"607","Pteropus melanotus","Pteropus melanotus",22082634,18740,"Indomalayan","Terrestrial","2021-08-31 00:00:00 UTC","Vulnerable",3.1,"Decreasing","Pteropus melanotus tytleri, Pteropus melanotus niadicus","Predation",NA,1,NA,"Cats not mentioned",NA,1,3,"1",NA,"2","","","","1","1","",NA,"2025-01-01T00:00:00Z",375,"included_species","Mammals"
"608","Pteropus ornatus","Pteropus ornatus",22084917,18746,"Australasian","Terrestrial","2019-08-06 00:00:00 UTC","Vulnerable",3.1,"Decreasing",NA,"Predation",NA,0,NA,"",NA,1,NA,"",NA,"","","","","1","Cats not mentioned","",NA,"2025-01-01T00:00:00Z",330,"included_species","Mammals"
"609","Pteropus pselaphon","Pteropus pselaphon",22085351,18752,"Indomalayan","Terrestrial","2017-02-13 00:00:00 UTC","Endangered",3.1,"Stable",NA,"Predation",NA,0,NA,"",NA,0,NA,"",NA,"","","","","0","Not attributed","",NA,"2025-01-01T00:00:00Z",397.2,"included_species","Mammals"
"610","Pteropus vetula","Pteropus vetula",22089080,18767,"Australasian","Terrestrial","2019-08-06 00:00:00 UTC","Near Threatened",3.1,"Decreasing","Pteropus vetulus","Predation",NA,0,NA,"",NA,1,NA,"",NA,"","","","","0","Cats not mentioned","",NA,"2025-01-01T00:00:00Z",NA,"included_species","Mammals"
"611","Ptilinopus chrysogaster","Ptilinopus chrysogaster",131388042,60760066,"Oceanian","Terrestrial","2018-08-07 00:00:00 UTC","Endangered",3.1,"Decreasing","Ptilonopus chrysogaster","Predation",NA,0,NA,"",NA,1,NA,"",NA,"","","","","","","",NA,"2025-04-01T00:00:00Z",97.55,"included_species","Birds"
"612","Ptilinopus huttoni","Ptilinopus huttoni",131333951,22691470,"Oceanian","Terrestrial","2018-08-07 00:00:00 UTC","Critically Endangered",3.1,"Decreasing",NA,"Predation",NA,0,NA,"",NA,0,1,"",NA,"","","","","","","",NA,"2025-04-01T00:00:00Z",130,"included_species","Birds"
"613","Ptilinopus mercierii","Ptilinopus mercierii",228024595,22691495,"Oceanian","Terrestrial","2023-02-14 00:00:00 UTC","Extinct",3.1,"","Jotreron melanospila","Predation",NA,0,NA,"",NA,2,1,"",NA,"","","","","","","1",NA,"2025-05-01T00:00:00Z",NA,"included_species","Birds"
"614","Ptychoramphus aleuticus","Ptychoramphus aleuticus",180893939,22694903,"Nearctic","Terrestrial|Marine","2020-08-28 00:00:00 UTC","Near Threatened",3.1,"Decreasing",NA,"Predation",NA,1,5,"",NA,2,NA,"",NA,"","","","","","","",1,"2025-06-01T00:00:00Z",184,"included_species","Birds"
"615","Puffinus auricularis","Puffinus auricularis",132637811,22698235,"Nearctic|Neotropical","Terrestrial|Marine","2018-08-17 00:00:00 UTC","Critically Endangered",3.1,"Decreasing",NA,"Predation",NA,1,NA,"",NA,4,1,"",2,"","","","","","","",NA,"2025-05-01T00:00:00Z",350.8,"included_species","Birds"
"616","Puffinus heinrothi","Puffinus heinrothi",132639135,22698277,"Oceanian","Terrestrial|Marine","2018-08-07 00:00:00 UTC","Vulnerable",3.1,"Stable",NA,"Predation",NA,0,NA,"",NA,1,1,"",NA,"","","","","","","",NA,"2025-05-01T00:00:00Z",192.76,"included_species","Birds"
"617","Puffinus huttoni","Puffinus huttoni",152719059,22698252,"Oceanian","Terrestrial|Marine","2019-06-14 00:00:00 UTC","Endangered",3.1,"Stable",NA,"Predation",NA,1,NA,"",NA,3,NA,"",NA,"","Not attributed","Not attributed","","","","",NA,"2025-05-01T00:00:00Z",364,"included_species","Birds"
"618","Puffinus mauretanicus","Puffinus mauretanicus",132658315,22728432,"Palearctic","Terrestrial|Marine","2018-08-07 00:00:00 UTC","Critically Endangered",3.1,"Decreasing",NA,"Predation",NA,2,1,"",1,3,1,"",1,"","","","","","","",NA,"2025-06-01T00:00:00Z",497,"included_species","Birds"
"619","Puffinus newelli","Puffinus newelli",152723568,132467692,"Nearctic|Oceanian","Terrestrial|Marine","2019-06-14 00:00:00 UTC","Critically Endangered",3.1,"Decreasing","Puffinus newelli newelli","Predation",NA,1,2,"",NA,4,2,"",2,"","","","","","","",NA,"2025-06-01T00:00:00Z",350.8,"included_species","Birds"
"620","Puffinus opisthomelas","Puffinus opisthomelas",117364166,22698246,"Nearctic|Neotropical","Terrestrial|Marine","2021-10-01 00:00:00 UTC","Near Threatened",3.1,"Stable",NA,"Predation",NA,2,3,"",NA,3,NA,"",NA,"","","","","","","",1,"2025-04-01T00:00:00Z",408,"included_species","Birds"
"621","Puffinus yelkouan","Puffinus yelkouan",132637221,22698230,"Palearctic","Terrestrial|Marine","2018-08-17 00:00:00 UTC","Vulnerable",3.1,"Decreasing",NA,"Predation",NA,6,NA,"",NA,1,4,"",NA,"","","","","","","",NA,"2025-05-01T00:00:00Z",497,"included_species","Birds"
"622","Pyrrhula murina","Pyrrhula murina",205920049,22720676,"Palearctic","Terrestrial","2021-08-19 00:00:00 UTC","Vulnerable",3.1,"Stable",NA,"Predation",NA,0,NA,"",1,3,NA,"",NA,"","","","","","","",NA,"2025-07-01T00:00:00Z",30,"included_species","Birds"
"623","Ramphocinclus brachyurus","Ramphocinclus brachyurus",179788434,22711137,"Neotropical","Terrestrial","2020-08-28 00:00:00 UTC","Endangered",3.1,"Decreasing",NA,"Predation",NA,0,NA,"",NA,1,NA,"",NA,"","","","","","","",NA,"2025-07-01T00:00:00Z",50,"included_species","Birds"
"624","Raorchestes primarrumpfi","Raorchestes primarrumpfi",73788145,73787995,"Indomalayan","Terrestrial|Freshwater (=Inland waters)","2020-10-15 00:00:00 UTC","Critically Endangered",3.1,"Decreasing",NA,"Predation",NA,0,NA,"",NA,1,NA,"",NA,"","","","","","","",NA,"2025-03-01T00:00:00Z",NA,"included_species","Amphibians"
"625","Raorchestes tinniens","Raorchestes tinniens",166108604,58926,"Indomalayan","Terrestrial","2020-10-19 00:00:00 UTC","Endangered",3.1,"Decreasing","Ixalus montanus, Ixalus punctatus, Philautus melanensis, Philautus tinniens, Phyllomedusa tinniens, Pseudophilautus tinniens, Raorchestes punctatus, Raorchestes melanensis","Predation",NA,0,NA,"",NA,1,NA,"",NA,"","","","","","","",NA,"2025-06-01T00:00:00Z",NA,"included_species","Amphibians"
"626","Rattus detentus","Rattus detentus",258514107,112139816,"Australasian","Terrestrial","2024-06-17 00:00:00 UTC","Critically Endangered",3.1,"Unknown",NA,"Predation",NA,0,NA,"",NA,1,NA,"",NA,"","","","","","","",NA,"2025-01-01T00:00:00Z",NA,"included_species","Mammals"
"627","Reithrodontomys musseri","Reithrodontomys musseri",259145520,45959367,"Neotropical","Terrestrial","2024-05-10 00:00:00 UTC","Near Threatened",3.1,"Unknown",NA,"Predation",NA,0,NA,"",NA,0,NA,"",NA,"","","","","","","",NA,"2025-01-01T00:00:00Z",NA,"included_species","Mammals"
"628","Reithrodontomys raviventris","Reithrodontomys raviventris",22385344,19401,"Nearctic","Terrestrial","2017-01-16 00:00:00 UTC","Endangered",3.1,"Decreasing",NA,"Predation",NA,0,NA,"",NA,0,2,"",NA,"","","","","","","",NA,"2025-01-01T00:00:00Z",11.1,"included_species","Mammals"
"629","Reithrodontomys spectabilis","Reithrodontomys spectabilis",22386261,19416,"Neotropical","Terrestrial","2017-04-24 00:00:00 UTC","Critically Endangered",3.1,"Decreasing",NA,"Predation",NA,0,NA,"",NA,0,1,"",NA,"","","","","","","",NA,"2025-01-01T00:00:00Z",20.2,"included_species","Mammals"
"630","Rhynchortyx cinctus","Rhynchortyx cinctus",137690102,22679720,"Neotropical","Terrestrial","2021-09-29 00:00:00 UTC","Near Threatened",3.1,"Decreasing",NA,"Predation",NA,0,NA,"",NA,1,NA,"",NA,"","","","","","","",NA,"2025-06-01T00:00:00Z",150,"included_species","Birds"
"631","Rhynochetos jubatus","Rhynochetos jubatus",156666402,22692211,"Oceanian","Terrestrial","2019-08-14 00:00:00 UTC","Endangered",3.1,"Decreasing",NA,"Predation",NA,1,NA,"",NA,0,2,"",NA,"","","","","","","",NA,"2025-06-01T00:00:00Z",859.99,"included_species","Birds"
"632","Ristella rurkii","Ristella rurkii",158415414,174133,"Indomalayan","Terrestrial","2019-09-04 00:00:00 UTC","Near Threatened",3.1,"Unknown","Ateuchosaurus travancoricus, Ristella malabarica, Ristella travancorica","Predation",NA,0,NA,"",NA,0,NA,"",NA,"","","","","","","",NA,"2025-06-01T00:00:00Z",NA,"included_species","Reptiles"
"633","Salanoia concolor","Salanoia concolor",45202205,19852,"Afrotropical","Terrestrial","2015-03-02 00:00:00 UTC","Vulnerable",3.1,"Decreasing","Galidia concolor, Salanoia durrelli, Salanoia olivacea, Salanoia unicolor","Predation",NA,2,NA,"",NA,3,NA,"",NA,"","","","","","","",NA,"2025-03-01T00:00:00Z",650,"included_species","Mammals"
"634","Sauromalus hispidus","Sauromalus hispidus",130061591,174482,"Nearctic","Terrestrial","2018-06-04 00:00:00 UTC","Endangered",3.1,"Decreasing",NA,"Predation",NA,0,NA,"",NA,0,NA,"",NA,"","","","","","","",NA,"2025-04-01T00:00:00Z",NA,"included_species","Reptiles"
"635","Sauromalus klauberi","Sauromalus klauberi",1414907,174483,"Nearctic","Terrestrial","2018-06-04 00:00:00 UTC","Vulnerable",3.1,"Unknown","Sauromalus ater klauberi","Predation",NA,0,NA,"",NA,3,NA,"",NA,"","","","","","","",NA,"2025-01-01T00:00:00Z",NA,"included_species","Reptiles"
"636","Sauromalus slevini","Sauromalus slevini",1414913,174484,"Nearctic","Terrestrial","2018-06-04 00:00:00 UTC","Near Threatened",3.1,"Unknown","Sauromalus ater slevini","Predation",NA,0,NA,"",NA,0,NA,"",NA,"","","","","","","",NA,"2025-01-01T00:00:00Z",NA,"included_species","Reptiles"
"637","Saxicola dacotiae","Saxicola dacotiae",205920538,22710177,"Palearctic","Terrestrial","2022-05-04 00:00:00 UTC","Near Threatened",3.1,"Decreasing",NA,"Predation",NA,2,3,"",NA,2,NA,"",NA,"","","","","","","",NA,"2025-07-01T00:00:00Z",12.2,"included_species","Birds"
"638","Scolopax mira","Scolopax mira",93381144,22693056,"Palearctic","Terrestrial","2016-10-01 00:00:00 UTC","Vulnerable",3.1,"Stable",NA,"Predation",NA,1,NA,"",NA,0,1,"",NA,"","","","","","","",NA,"2025-03-01T00:00:00Z",447,"included_species","Birds"
"639","Sephanoides fernandensis","Sephanoides fernandensis",179402328,22687863,"Neotropical","Terrestrial","2020-07-15 00:00:00 UTC","Critically Endangered",3.1,"Decreasing",NA,"Predation",NA,0,NA,"",NA,5,1,"",1,"","","","","","","0",NA,"2025-06-01T00:00:00Z",8.73,"included_species","Birds"
"640","Setonix brachyurus","Setonix brachyurus",166611530,20165,"Australasian","Terrestrial","2012-12-31 00:00:00 UTC","Vulnerable",3.1,"Decreasing",NA,"Predation",NA,2,3,"2",NA,6,3,"1",NA,"Not attributed","","","","","","",NA,"2025-05-01T00:00:00Z",3250,"included_species","Mammals"
"641","Setophaga graysoni","Setophaga graysoni",180119340,103798676,"Neotropical","Terrestrial","2020-08-31 00:00:00 UTC","Near Threatened",3.1,"Unknown",NA,"Predation",NA,0,NA,"",NA,0,NA,"",NA,"","","","","","","",NA,"2025-07-01T00:00:00Z",6.82,"included_species","Birds"
"642","Sigaloseps balios","Sigaloseps balios",123469229,122904066,"Australasian","Terrestrial","2017-12-11 00:00:00 UTC","Vulnerable",3.1,"Stable",NA,"Predation",NA,0,NA,"",NA,1,NA,"",NA,"","","","","","","",NA,"2025-04-01T00:00:00Z",NA,"included_species","Reptiles"
"643","Sigaloseps conditus","Sigaloseps conditus",123469234,122904352,"Australasian","Terrestrial","2017-12-11 00:00:00 UTC","Endangered",3.1,"Decreasing",NA,"Predation",NA,0,NA,"",NA,1,NA,"",NA,"","","","","","","",NA,"2025-04-01T00:00:00Z",NA,"included_species","Reptiles"
"644","Sigaloseps ruficauda","Sigaloseps ruficauda",123734325,123732608,"Australasian","Terrestrial","2017-12-11 00:00:00 UTC","Critically Endangered",3.1,"Decreasing",NA,"Predation",NA,0,NA,"",NA,1,1,"",NA,"","","","","","","",NA,"2025-04-01T00:00:00Z",NA,"included_species","Reptiles"
"645","Sittiparus owstoni","Sittiparus owstoni",118641514,103758982,"Palearctic","Terrestrial","2017-10-01 00:00:00 UTC","Endangered",3.1,"Decreasing",NA,"Predation",NA,0,NA,"",NA,0,NA,"",NA,"","","","","","","",NA,"2025-04-01T00:00:00Z",17,"included_species","Birds"
"646","Sminthopsis bindi","Sminthopsis bindi",21948917,40551,"Australasian","Terrestrial","2014-03-16 00:00:00 UTC","Near Threatened",3.1,"Decreasing",NA,"Predation",NA,0,NA,"1",NA,0,NA,"Cats not mentioned",NA,"1","","","","","","",NA,"2025-01-01T00:00:00Z",16,"included_species","Mammals"
"647","Sminthopsis butleri","Sminthopsis butleri",21948035,20295,"Australasian","Terrestrial","2015-06-15 00:00:00 UTC","Vulnerable",3.1,"Decreasing",NA,"Predation",NA,0,NA,"1",NA,1,2,"0",NA,"0","","","","","","",NA,"2025-01-01T00:00:00Z",25,"included_species","Mammals"
"648","Sminthopsis douglasi","Sminthopsis douglasi",21948305,20290,"Australasian","Terrestrial","2015-06-15 00:00:00 UTC","Near Threatened",3.1,"Decreasing","Antechinomys douglasi","Predation",NA,1,NA,"5",NA,1,NA,"0",NA,"5","","","","","","",NA,"2025-01-01T00:00:00Z",55,"included_species","Mammals"
"649","Sminthopsis psammophila","Sminthopsis psammophila",21947794,20293,"Australasian","Terrestrial","2014-03-17 00:00:00 UTC","Vulnerable",3.1,"Decreasing","Antechinomys psammophila","Predation",NA,0,NA,"0",NA,0,2,"0",NA,"1","","","","","","",NA,"2025-01-01T00:00:00Z",33.5,"included_species","Mammals"
"650","Solenodon marcanoi","Solenodon marcanoi",22327069,20322,"Neotropical","Terrestrial","2018-01-09 00:00:00 UTC","Extinct",3.1,"",NA,"Predation",NA,0,NA,"",NA,0,1,"",NA,"","","","","","","",NA,"2025-01-01T00:00:00Z",230,"included_species","Mammals"
"651","Sphaerodactylus beattyi","Sphaerodactylus beattyi",115485806,75605335,"Neotropical","Terrestrial","2015-07-24 00:00:00 UTC","Endangered",3.1,"Decreasing",NA,"Predation",NA,0,NA,"",NA,1,NA,"",NA,"","","","","","","",NA,"2025-04-01T00:00:00Z",NA,"included_species","Reptiles"
"652","Sphaerodactylus inaguae","Sphaerodactylus inaguae",75607769,75605460,"Neotropical","Terrestrial","2015-07-23 00:00:00 UTC","Endangered",3.1,"Unknown",NA,"Predation",NA,0,NA,"",NA,1,NA,"",NA,"","","","","","","",NA,"2025-03-01T00:00:00Z",NA,"included_species","Reptiles"
"653","Sphaerodactylus kirbyi","Sphaerodactylus kirbyi",115333701,194266,"Neotropical","Terrestrial","2011-01-28 00:00:00 UTC","Vulnerable",3.1,"Unknown",NA,"Predation",NA,1,NA,"",NA,0,1,"",NA,"","","","","","","",NA,"2025-04-01T00:00:00Z",NA,"included_species","Reptiles"
"654","Sphaerodactylus mariguanae","Sphaerodactylus mariguanae",75607804,75605520,"Neotropical","Terrestrial","2015-07-23 00:00:00 UTC","Endangered",3.1,"Unknown",NA,"Predation",NA,0,NA,"",NA,3,NA,"",NA,"","","","","","","",NA,"2025-03-01T00:00:00Z",NA,"included_species","Reptiles"
"655","Spheniscus demersus","Spheniscus demersus",256021744,22697810,"Afrotropical","Terrestrial|Marine","2024-07-04 00:00:00 UTC","Critically Endangered",3.1,"Decreasing","Diomedea demersa","Predation",NA,2,NA,"",NA,4,1,"",3,"","","","","","","",NA,"2025-01-01T00:00:00Z",3130.11,"included_species","Birds"
"656","Spheniscus humboldti","Spheniscus humboldti",182714418,22697817,"Neotropical","Terrestrial|Marine","2020-08-21 00:00:00 UTC","Vulnerable",3.1,"Decreasing",NA,"Predation",NA,1,NA,"",NA,0,2,"",NA,"","","","","","","",NA,"2025-07-01T00:00:00Z",4366.39,"included_species","Birds"
"657","Spheniscus mendiculus","Spheniscus mendiculus",182729677,22697825,"Neotropical","Terrestrial|Marine","2020-08-21 00:00:00 UTC","Endangered",3.1,"Decreasing",NA,"Predation, disease",NA,1,6,"",NA,4,3,"",1,"","","","","","","",NA,"2025-07-01T00:00:00Z",1921.86,"included_species","Birds"
"658","Spilogale pygmaea","Spilogale pygmaea",45211592,41637,"Neotropical","Terrestrial","2015-05-15 00:00:00 UTC","Vulnerable",3.1,"Decreasing",NA,"Predation",NA,0,NA,"",NA,0,1,"",NA,"","","","","","","",NA,"2025-03-01T00:00:00Z",235,"included_species","Mammals"
"659","Spizocorys fringillaris","Spizocorys fringillaris",177702444,22717368,"Afrotropical","Terrestrial","2020-06-19 00:00:00 UTC","Endangered",3.1,"Decreasing","Alauda fringillaris","Predation",NA,0,NA,"",NA,1,NA,"",NA,"","","","","","","",NA,"2025-06-01T00:00:00Z",19.15,"included_species","Birds"
"660","Spondylurus anegadae","Spondylurus anegadae",115397395,47103121,"Neotropical","Terrestrial","2015-07-24 00:00:00 UTC","Critically Endangered",3.1,"Unknown","Spondylurus anegadeae","Predation",NA,1,NA,"",NA,1,NA,"",NA,"","","","","","","",NA,"2025-04-01T00:00:00Z",NA,"included_species","Reptiles"
"661","Spondylurus caicosae","Spondylurus caicosae",115397545,47103133,"Neotropical","Terrestrial","2015-07-23 00:00:00 UTC","Near Threatened",3.1,"Decreasing",NA,"Predation",NA,1,NA,"",NA,1,NA,"",NA,"","","","","","","",NA,"2025-04-01T00:00:00Z",NA,"included_species","Reptiles"
"662","Spondylurus fulgidus","Spondylurus fulgidus",115397740,47103157,"Neotropical","Terrestrial","2015-07-21 00:00:00 UTC","Endangered",3.1,"Decreasing","Mabuia fulgida, Mabuya fulgida, Spondylurus fulgida","Predation",NA,1,NA,"",NA,0,NA,"",NA,"","","","","","","",NA,"2025-04-01T00:00:00Z",NA,"included_species","Reptiles"
"663","Spondylurus monae","Spondylurus monae",47103254,47103248,"Neotropical","Terrestrial","2013-08-13 00:00:00 UTC","Critically Endangered",3.1,"Unknown",NA,"Predation",NA,1,NA,"",NA,0,2,"",NA,"","","","","","","",NA,"2025-03-01T00:00:00Z",NA,"included_species","Reptiles"
"664","Sterna striata","Sterna striata",155620380,22694607,"Oceanian","Terrestrial|Freshwater (=Inland waters)|Marine","2018-08-07 00:00:00 UTC","Near Threatened",3.1,"Decreasing",NA,"Predation",NA,0,NA,"",NA,1,NA,"",NA,"","0","0","","","","",NA,"2025-05-01T00:00:00Z",129,"included_species","Birds"
"665","Sterna virgata","Sterna virgata",132564557,22694641,"Afrotropical|Antarctic","Terrestrial|Freshwater (=Inland waters)|Marine","2018-08-07 00:00:00 UTC","Near Threatened",3.1,"Stable",NA,"Predation",NA,1,NA,"",NA,2,NA,"",NA,"","","","","","","",NA,"2025-04-01T00:00:00Z",126,"included_species","Birds"
"666","Sternula lorata","Sternula lorata",155621597,22694685,"Neotropical","Terrestrial|Marine","2018-08-07 00:00:00 UTC","Endangered",3.1,"Decreasing","Sterna lorata","Predation",NA,1,1,"",NA,2,NA,"",NA,"","","","","","","",NA,"2025-06-01T00:00:00Z",53.8,"included_species","Birds"
"667","Sternula nereis","Sternula nereis",132568135,22694691,"Oceanian","Terrestrial|Marine","2018-08-07 00:00:00 UTC","Vulnerable",3.1,"Decreasing","Sterna nereis, Sternula nereis nereis","Predation",NA,1,2,"",NA,2,4,"",NA,"","0","Not attributed","","","","",NA,"2025-04-01T00:00:00Z",72.3,"included_species","Birds"
"668","Strigops habroptilus","Strigops habroptilus",129751169,22685245,"Oceanian","Terrestrial","2018-08-07 00:00:00 UTC","Critically Endangered",3.1,"Increasing","Strigops habroptila","Predation",NA,1,NA,"",4,1,NA,"",1,"","","","","","","",NA,"2025-04-01T00:00:00Z",NA,"included_species","Birds"
"669","Sylvilagus dicei","Sylvilagus dicei",45180947,21209,"Neotropical","Terrestrial","2016-07-21 00:00:00 UTC","Vulnerable",3.1,"Decreasing",NA,"Predation",NA,0,NA,"",NA,0,NA,"",NA,"","","","","","","",NA,"2025-02-01T00:00:00Z",1442.9,"included_species","Mammals"
"670","Sylvilagus mansuetus","Sylvilagus mansuetus",131232447,21210,"Neotropical","Terrestrial","2016-05-31 00:00:00 UTC","Critically Endangered",3.1,"Decreasing",NA,"Predation",NA,1,NA,"",NA,6,2,"",NA,"","","","","","","",NA,"2025-04-01T00:00:00Z",649.8,"included_species","Mammals"
"671","Synthliboramphus craveri","Synthliboramphus craveri",179078444,22694887,"Nearctic","Terrestrial|Marine","2020-08-27 00:00:00 UTC","Vulnerable",3.1,"Decreasing","Brachyramphus craveri craveri","Predation",NA,1,3,"",NA,2,1,"",NA,"","","","","","","",NA,"2025-07-01T00:00:00Z",151,"included_species","Birds"
"672","Synthliboramphus hypoleucus","Synthliboramphus hypoleucus",132673655,62101215,"Nearctic","Terrestrial|Marine","2018-08-07 00:00:00 UTC","Endangered",3.1,"Decreasing","Synthliboramphus hypoleucus, Endomychura hypoleuca","Predation",NA,1,4,"",NA,2,2,"",1,"","","","","","","",NA,"2025-06-01T00:00:00Z",167,"included_species","Birds"
"673","Synthliboramphus scrippsi","Synthliboramphus scrippsi",178995789,62101249,"Nearctic","Terrestrial|Marine","2020-08-28 00:00:00 UTC","Vulnerable",3.1,"Decreasing","Synthliboramphus hypoleucus","Predation",NA,2,3,"",NA,2,2,"",NA,"","","","","","","",NA,"2025-06-01T00:00:00Z",167,"included_species","Birds"
"674","Synthliboramphus wumizusume","Synthliboramphus wumizusume",132580332,22694899,"Palearctic","Terrestrial|Marine","2018-08-07 00:00:00 UTC","Vulnerable",3.1,"Decreasing",NA,"Predation",NA,0,NA,"",NA,2,2,"",NA,"","","","","","","",NA,"2025-04-01T00:00:00Z",198,"included_species","Birds"
"675","Syrmaticus soemmerringii","Syrmaticus soemmerringii",92811551,22679340,"Palearctic","Terrestrial","2016-10-01 00:00:00 UTC","Near Threatened",3.1,"Decreasing","Syrmaticus soemmerringi soemmerringi","Predation",NA,0,NA,"",NA,0,NA,"",NA,"","","","","","","",NA,"2025-03-01T00:00:00Z",1081.66,"included_species","Birds"
"676","Tarentola raziana","Tarentola raziana",13152206,13152199,"Afrotropical","Terrestrial","2012-09-17 00:00:00 UTC","Near Threatened",3.1,"Unknown","Tarentola caboverdiana raziana, Tarentola caboverdianus raziana, Tarentola delalandii rudis, Tarentola delalandii delalandii","Predation",NA,0,NA,"",NA,0,NA,"",NA,"","","","","","","",NA,"2025-01-01T00:00:00Z",NA,"included_species","Reptiles"
"677","Tarsius dentatus","Tarsius dentatus",17977790,21489,"Australasian","Terrestrial","2015-11-23 00:00:00 UTC","Vulnerable",3.1,"Decreasing","Tarsius dianae","Predation",NA,0,NA,"",NA,0,1,"",NA,"","","","","","","",NA,"2025-01-01T00:00:00Z",107,"included_species","Mammals"
"678","Tarsius fuscus","Tarsius fuscus",162369616,162369593,"Australasian","Terrestrial","2020-03-26 00:00:00 UTC","Vulnerable",3.1,"Decreasing","Tarsius fuscomanus","Predation",NA,0,NA,"",NA,0,NA,"",NA,"","","","","","","",NA,"2025-06-01T00:00:00Z",NA,"included_species","Mammals"
"679","Tarsius niemitzi","Tarsius niemitzi",171341769,162337005,"Australasian","Terrestrial","2020-03-22 00:00:00 UTC","Endangered",3.1,"Decreasing",NA,"Predation",NA,0,NA,"",NA,0,NA,"",NA,"","","","","","","",NA,"2025-06-01T00:00:00Z",NA,"included_species","Mammals"
"680","Tarsius pelengensis","Tarsius pelengensis",17977515,21494,"Australasian","Terrestrial","2015-11-23 00:00:00 UTC","Endangered",3.1,"Decreasing",NA,"Predation",NA,0,NA,"",NA,0,1,"",NA,"","","","","","","",NA,"2025-01-01T00:00:00Z",170,"included_species","Mammals"
"681","Tarsius spectrumgurskyae","Tarsius spectrumgurskyae",162336580,162336422,"Australasian","Terrestrial","2020-03-20 00:00:00 UTC","Vulnerable",3.1,"Decreasing",NA,"Predation",NA,0,NA,"",NA,0,NA,"",NA,"","","","","","","",NA,"2025-06-01T00:00:00Z",NA,"included_species","Mammals"
"682","Tarsius supriatnai","Tarsius supriatnai",220971513,162336881,"Indomalayan","Terrestrial","2020-03-20 00:00:00 UTC","Vulnerable",3.1,"Decreasing",NA,"Predation",NA,0,NA,"",NA,0,NA,"",NA,"","","","","","","",NA,"2025-07-01T00:00:00Z",NA,"included_species","Mammals"
"683","Tarsius tarsier","Tarsius tarsier",17978304,162369551,"Australasian","Terrestrial","2015-11-23 00:00:00 UTC","Vulnerable",3.1,"Decreasing","Lemur tarsier, Tarsius buffonii, Tarsius daubentonii, Tarsius macrotarsos, Tarsius pallassii, Tarsius podje, Tarsius spectrum","Predation",NA,0,NA,"",NA,0,1,"",NA,"","","","","","","",NA,"2025-01-01T00:00:00Z",200,"included_species","Mammals"
"684","Thalassarche steadi","Thalassarche steadi",132661314,22729609,"Afrotropical|Oceanian","Terrestrial|Marine","2018-08-07 00:00:00 UTC","Near Threatened",3.1,"Decreasing",NA,"Predation",NA,0,3,"",NA,3,NA,"",NA,"","1","0","","","","",NA,"2025-05-01T00:00:00Z",3897.7,"included_species","Birds"
"685","Thamnophis gigas","Thamnophis gigas",9310655,21706,"Nearctic","Terrestrial|Freshwater (=Inland waters)","2007-03-01 00:00:00 UTC","Vulnerable",3.1,"Decreasing",NA,"Predation",NA,0,NA,"",NA,1,2,"",NA,"","","","","","","",NA,"2025-01-01T00:00:00Z",NA,"included_species","Reptiles"
"686","Thinornis cucullatus","Thinornis cucullatus",93429190,22693883,"Oceanian","Freshwater (=Inland waters)|Marine","2016-10-01 00:00:00 UTC","Vulnerable",3.1,"Decreasing","Charadrius rubricollis rubricollis, Thinornis rubricollis","Predation",NA,0,NA,"",NA,2,1,"",NA,"","4","Cats not mentioned","","","","",NA,"2025-03-01T00:00:00Z",100,"included_species","Birds"
"687","Thinornis novaeseelandiae","Thinornis novaeseelandiae",214215381,22693899,"Australasian","Terrestrial|Marine","2022-06-16 00:00:00 UTC","Endangered",3.1,"Increasing",NA,"Predation",NA,0,1,"",1,3,1,"",1,"","","","","","","",NA,"2025-07-01T00:00:00Z",61,"included_species","Birds"
"688","Threskiornis solitarius","Threskiornis solitarius",262272153,22728791,"Afrotropical","Terrestrial|Freshwater (=Inland waters)","2024-07-04 00:00:00 UTC","Extinct",3.1,"","Apterornis solitarius, Apterornis solitarius, Raphus solitarius","Predation",NA,0,NA,"",NA,1,NA,"",NA,"","","","","","","0",NA,"2025-01-01T00:00:00Z",NA,"included_species","Birds"
"689","Todiramphus cinnamominus","Todiramphus cinnamominus",261269865,22725862,"Oceanian","Terrestrial","2024-06-18 00:00:00 UTC","Extinct in the Wild",3.1,"",NA,"Predation",NA,0,NA,"",NA,0,1,"",NA,"","","","","","","",NA,"2025-01-01T00:00:00Z",62.2,"included_species","Birds"
"690","Todiramphus gambieri","Todiramphus gambieri",232219952,22683499,"Oceanian","Terrestrial","2024-06-14 00:00:00 UTC","Critically Endangered",3.1,"Stable","Halcyon gambieri, Todirhamphus gambieri","Predation",NA,1,NA,"",NA,2,1,"",NA,"","","","","","","",NA,"2025-07-01T00:00:00Z",39,"included_species","Birds"
"691","Todiramphus godeffroyi","Todiramphus godeffroyi",149519891,22683487,"Oceanian","Terrestrial|Freshwater (=Inland waters)","2019-08-15 00:00:00 UTC","Critically Endangered",3.1,"Decreasing","Halcyon godeffroyi godeffroyi, Todirhamphus godeffroyi godeffroyi, Todirhamphus godeffroyi godeffroyi","Predation",NA,0,NA,"",NA,0,1,"",NA,"","","","","","","",NA,"2025-06-01T00:00:00Z",63.35,"included_species","Birds"
"692","Todiramphus pelewensis","Todiramphus pelewensis",216509802,22725870,"Oceanian","Terrestrial","2022-04-20 00:00:00 UTC","Near Threatened",3.1,"Unknown",NA,"Predation",NA,0,NA,"",NA,0,NA,"",NA,"","","","","","","",NA,"2025-07-01T00:00:00Z",62.2,"included_species","Birds"
"693","Todiramphus tutus","Todiramphus tutus",156621538,22683479,"Oceanian","Terrestrial|Freshwater (=Inland waters)","2019-08-13 00:00:00 UTC","Near Threatened",3.1,"Decreasing","Todirhamphus tuta tuta","Predation",NA,0,NA,"",NA,2,NA,"",NA,"","","","","","","",NA,"2025-06-01T00:00:00Z",42.32,"included_species","Birds"
"694","Tokudaia muenninki","Tokudaia muenninki",22409515,21972,"Indomalayan","Terrestrial","2015-12-14 00:00:00 UTC","Critically Endangered",3.1,"Decreasing",NA,"Predation",NA,0,NA,"",NA,2,1,"",NA,"","","","","","","",NA,"2025-02-01T00:00:00Z",177.4,"included_species","Mammals"
"695","Tokudaia osimensis","Tokudaia osimensis",22409638,21973,"Indomalayan","Terrestrial","2015-12-14 00:00:00 UTC","Endangered",3.1,"Decreasing","Rattus jerdoni osimensis","Predation",NA,1,NA,"",NA,1,2,"",NA,"","","","","","","",NA,"2025-02-01T00:00:00Z",129.6,"included_species","Mammals"
"696","Tokudaia tokunoshimensis","Tokudaia tokunoshimensis",22409747,136695,"Indomalayan","Terrestrial","2015-12-14 00:00:00 UTC","Endangered",3.1,"Decreasing",NA,"Predation",NA,0,NA,"",NA,1,1,"",NA,"","","","","","","",NA,"2025-02-01T00:00:00Z",290.5,"included_species","Mammals"
"697","Toxostoma guttatum","Toxostoma guttatum",179828104,22711105,"Neotropical","Terrestrial","2020-08-28 00:00:00 UTC","Critically Endangered",3.1,"Decreasing",NA,"Predation",NA,0,NA,"",NA,2,1,"",NA,"","","","","","","0",NA,"2025-05-01T00:00:00Z",52.8,"included_species","Birds"
"698","Traversia lyalli","Traversia lyalli",235580956,22698593,"Australasian","Terrestrial","2023-05-22 00:00:00 UTC","Extinct",3.1,"","Xenicus lyalli lyalli","Predation",NA,0,6,"",NA,2,1,"",2,"","","","","","","6",NA,"2025-06-01T00:00:00Z",NA,"included_species","Birds"
"699","Trichechus manatus","Trichechus manatus",43792740,22103,"Nearctic|Neotropical","Freshwater (=Inland waters)|Marine","2023-09-04 00:00:00 UTC","Vulnerable",3.1,"Unknown",NA,"Disease",NA,1,NA,"",NA,1,NA,"",NA,"","","","","","","",NA,"2025-02-01T00:00:00Z",341000,"excluded_species","Mammals"
"700","Troglodytes sissonii","Troglodytes sissonii",179767818,22711380,"Neotropical","Terrestrial","2020-08-31 00:00:00 UTC","Near Threatened",3.1,"Unknown","Thryomanes sissonii","Predation",NA,0,NA,"",NA,0,NA,"",NA,"","","","","","","",NA,"2025-07-01T00:00:00Z",7.8,"included_species","Birds"
"701","Tropidophis bucculentus","Tropidophis bucculentus",75607979,75606372,"Neotropical","Terrestrial","2015-07-21 00:00:00 UTC","Critically Endangered",3.1,"Unknown","Ungalia bucculenta","Predation",NA,0,NA,"",NA,0,NA,"",NA,"","","","","","","",NA,"2025-03-01T00:00:00Z",NA,"included_species","Reptiles"
"702","Tropidophis jamaicensis","Tropidophis jamaicensis",75608034,75606528,"Neotropical","Terrestrial","2015-07-21 00:00:00 UTC","Endangered",3.1,"Decreasing","Tropidophis haetianus jamaicensis","Predation",NA,0,NA,"",NA,2,NA,"",NA,"","","","","","","",NA,"2025-03-01T00:00:00Z",NA,"included_species","Reptiles"
"703","Tropidophis schwartzi","Tropidophis schwartzi",75608069,75606623,"Neotropical","Terrestrial","2015-07-21 00:00:00 UTC","Critically Endangered",3.1,"Unknown","Tropidophis caymanensis schwartzi","Predation",NA,0,NA,"",NA,1,NA,"",NA,"","","","","","","",NA,"2025-03-01T00:00:00Z",NA,"included_species","Reptiles"
"704","Tropidophis stejnegeri","Tropidophis stejnegeri",75608084,75606659,"Neotropical","Terrestrial","2015-07-21 00:00:00 UTC","Near Threatened",3.1,"Decreasing","Tropidophis pardalis stejnegeri","Predation",NA,0,NA,"",NA,0,NA,"",NA,"","","","","","","",NA,"2025-03-01T00:00:00Z",NA,"included_species","Reptiles"
"705","Tropidophis stullae","Tropidophis stullae",75608089,75606669,"Neotropical","Terrestrial","2014-11-08 00:00:00 UTC","Critically Endangered",3.1,"Decreasing","Tropidophis maculatus stullae","Predation",NA,0,NA,"",NA,2,NA,"",NA,"","","","","","","",NA,"2025-03-01T00:00:00Z",NA,"included_species","Reptiles"
"706","Tropidoscincus aubrianus","Tropidoscincus aubrianus",123255524,176184,"Australasian","Terrestrial","2017-12-11 00:00:00 UTC","Vulnerable",3.1,"Decreasing",NA,"Predation",NA,0,NA,"",NA,1,1,"",NA,"","","","","","","",NA,"2025-04-01T00:00:00Z",NA,"included_species","Reptiles"
"707","Tukutuku rakiurae","Tukutuku rakiurae",120188000,10252,"Australasian","Terrestrial","2018-02-17 00:00:00 UTC","Endangered",3.1,"Decreasing","Hoplodactylus rakiurae","Predation",NA,0,NA,"",NA,1,NA,"",NA,"","","","","","","",NA,"2025-04-01T00:00:00Z",NA,"included_species","Reptiles"
"708","Tupaia nicobarica","Tupaia nicobarica",115166757,22454,"Indomalayan","Terrestrial","2016-07-11 00:00:00 UTC","Endangered",3.1,"Decreasing",NA,"Predation",NA,0,NA,"",NA,1,1,"",NA,"","","","","","","",NA,"2025-04-01T00:00:00Z",170.3,"included_species","Mammals"
"709","Turdus celaenops","Turdus celaenops",132076271,22708803,"Palearctic","Terrestrial","2018-08-09 00:00:00 UTC","Vulnerable",3.1,"Decreasing",NA,"Predation",NA,0,NA,"",NA,0,1,"",1,"","","","","","","",NA,"2025-04-01T00:00:00Z",84.5,"included_species","Birds"
"710","Turdus ravidus","Turdus ravidus",235578991,22708835,"Neotropical","Terrestrial","2023-05-23 00:00:00 UTC","Extinct",3.1,"",NA,"Predation",NA,0,NA,"",NA,1,NA,"",NA,"","","","","","","Not attributed",NA,"2025-05-01T00:00:00Z",NA,"included_species","Birds"
"711","Turdus xanthorhynchus","Turdus xanthorhynchus",176239121,22736414,"Afrotropical","Terrestrial","2020-05-29 00:00:00 UTC","Critically Endangered",3.1,"Decreasing",NA,"Predation",NA,0,NA,"",NA,1,NA,"",NA,"","","","","","","",NA,"2025-06-01T00:00:00Z",82.5,"included_species","Birds"
"712","Turnagra tanagra","Turnagra tanagra",230957445,22728820,"Oceanian","Terrestrial","2023-03-24 00:00:00 UTC","Extinct",3.1,"",NA,"Predation",NA,0,NA,"",NA,1,2,"",NA,"","","","","","","0",NA,"2025-05-01T00:00:00Z",NA,"included_species","Birds"
"713","Turnix melanogaster","Turnix melanogaster",211931315,22680556,"Australasian","Terrestrial","2021-12-13 00:00:00 UTC","Vulnerable",3.1,"Decreasing",NA,"Predation",NA,0,NA,"",NA,1,NA,"",NA,"","Not attributed","1","","","","",NA,"2025-05-01T00:00:00Z",87.06,"included_species","Birds"
"714","Turnix olivii","Turnix olivii",210960314,22680572,"Australasian","Terrestrial","2021-11-18 00:00:00 UTC","Critically Endangered",3.1,"Unknown","Turnix olivii olivii","Predation",NA,0,NA,"",NA,1,1,"",NA,"","1","0","","","","",NA,"2025-05-01T00:00:00Z",56.39,"included_species","Birds"
"715","Tylomys bullaris","Tylomys bullaris",22340265,22570,"Neotropical","Terrestrial","2017-01-15 00:00:00 UTC","Critically Endangered",3.1,"Decreasing",NA,"Predation",NA,0,NA,"",NA,1,NA,"",NA,"","","","","","","",NA,"2025-01-01T00:00:00Z",280,"included_species","Mammals"
"716","Tympanocryptis condaminensis","Tympanocryptis condaminensis",83494963,83494956,"Australasian","Terrestrial","2017-06-15 00:00:00 UTC","Endangered",3.1,"Decreasing",NA,"Predation",NA,0,NA,"",NA,1,NA,"",NA,"","","","","","","",NA,"2025-03-01T00:00:00Z",NA,"included_species","Reptiles"
"717","Uperoleia mahonyi","Uperoleia mahonyi",114116571,114116565,"Australasian","Terrestrial|Freshwater (=Inland waters)","2020-08-10 00:00:00 UTC","Endangered",3.1,"Decreasing",NA,"Predation",NA,0,NA,"",NA,1,NA,"",NA,"","","","","","","",NA,"2025-04-01T00:00:00Z",NA,"included_species","Amphibians"
"718","Urocyon littoralis","Urocyon littoralis",13985603,22781,"Nearctic","Terrestrial","2013-07-23 00:00:00 UTC","Near Threatened",3.1,"Increasing","Vulpes littoralis","Competition",NA,4,NA,"",NA,0,NA,"",NA,"","","","","","","",NA,"2025-01-01T00:00:00Z",1896,"excluded_species","Mammals"
"719","Urosaurus auriculatus","Urosaurus auriculatus",12750339,64167,"Neotropical","Terrestrial","2007-03-01 00:00:00 UTC","Endangered",3.1,"Decreasing",NA,"Predation",NA,1,NA,"",NA,1,1,"",3,"","","","","","","",NA,"2025-01-01T00:00:00Z",NA,"included_species","Reptiles"
"720","Varanus komodoensis","Varanus komodoensis",123633058,22884,"Indomalayan","Terrestrial","2019-08-05 00:00:00 UTC","Endangered",3.1,"Stable",NA,"Predation",NA,2,NA,"",NA,1,NA,"",NA,"","","","","","","",NA,"2025-04-01T00:00:00Z",NA,"included_species","Reptiles"
"721","Vini kuhlii","Vini kuhlii",209660102,22684630,"Oceanian","Terrestrial","2023-06-20 00:00:00 UTC","Endangered",3.1,"Stable","","Predation",NA,0,2,"",NA,0,1,"",NA,"","","","","","","",NA,"2025-07-01T00:00:00Z",40,"included_species","Birds"
"722","Vini peruviana","Vini peruviana",198765127,22684641,"Oceanian","Terrestrial","2021-07-13 00:00:00 UTC","Vulnerable",3.1,"Decreasing",NA,"Predation",NA,1,NA,"",NA,1,1,"",NA,"","","","","","","",NA,"2025-07-01T00:00:00Z",29,"included_species","Birds"
"723","Vini ultramarina","Vini ultramarina",132055913,22684647,"Oceanian","Terrestrial","2018-08-09 00:00:00 UTC","Critically Endangered",3.1,"Stable",NA,"Predation",NA,0,NA,"",NA,1,NA,"",NA,"","","","","","","",NA,"2025-04-01T00:00:00Z",49.5,"included_species","Birds"
"724","Vireo gracilirostris","Vireo gracilirostris",244053439,22705251,"Neotropical","Terrestrial","2024-02-26 00:00:00 UTC","Vulnerable",3.1,"Decreasing",NA,"Predation",NA,0,NA,"",NA,2,NA,"",NA,"","","","","","","",NA,"2025-07-01T00:00:00Z",16.5,"included_species","Birds"
"725","Wyulda squamicaudata","Wyulda squamicaudata",21950421,23091,"Australasian","Terrestrial","2014-03-16 00:00:00 UTC","Near Threatened",3.1,"Decreasing",NA,"Predation",NA,0,NA,"0",NA,0,NA,"Cats not mentioned",NA,"0","","","","","","",NA,"2025-01-01T00:00:00Z",1675,"included_species","Mammals"
"726","Xenosaurus platyceps","Xenosaurus platyceps",12762122,64373,"Nearctic|Neotropical","Terrestrial","2007-03-01 00:00:00 UTC","Endangered",3.1,"Decreasing",NA,"Predation",NA,0,NA,"",NA,0,1,"",NA,"","","","","","","",NA,"2025-01-01T00:00:00Z",NA,"included_species","Reptiles"
"727","Xeromys myoides","Xeromys myoides",22454469,23141,"Australasian","Terrestrial|Freshwater (=Inland waters)","2015-07-25 00:00:00 UTC","Vulnerable",3.1,"Decreasing",NA,"Predation",NA,1,NA,"0",NA,1,3,"0",NA,"3","","","","","","",NA,"2025-02-01T00:00:00Z",41,"included_species","Mammals"
"728","Zapornia sandwichensis","Zapornia sandwichensis",229349404,22692693,"Oceanian","Terrestrial","2023-03-03 00:00:00 UTC","Extinct",3.1,"","Porzana sandwichensis","Predation",NA,0,NA,"",NA,1,1,"",NA,"","","","","","","0",NA,"2025-05-01T00:00:00Z",NA,"included_species","Birds"
"729","Zenaida galapagoensis","Zenaida galapagoensis",157400314,22690758,"Neotropical","Terrestrial","2020-08-14 00:00:00 UTC","Near Threatened",3.1,"Decreasing",NA,"Predation",NA,0,NA,"",NA,1,NA,"",NA,"","","","","","","",NA,"2025-06-01T00:00:00Z",111,"included_species","Birds"
"730","Zenaida graysoni","Zenaida graysoni",178409463,22690740,"Neotropical","Terrestrial","2020-08-26 00:00:00 UTC","Extinct in the Wild",3.1,"",NA,"Predation",NA,1,1,"",NA,2,1,"",2,"","","","","","","",NA,"2025-06-01T00:00:00Z",192,"included_species","Birds"
"731","Zoothera terrestris","Zoothera terrestris",228158791,22708535,"Palearctic","Terrestrial","2023-02-16 00:00:00 UTC","Extinct",3.1,"",NA,"Predation",NA,0,NA,"",NA,2,2,"",1,"","","","","","","0",NA,"2025-05-01T00:00:00Z",NA,"included_species","Birds"
"732","Zoothera turipavae","Zoothera turipavae",245818482,22728359,"Australasian","Terrestrial","2024-02-26 00:00:00 UTC","Near Threatened",3.1,"Unknown",NA,"Predation",NA,0,NA,"",NA,0,1,"",1,"","","","","","","",NA,"2025-07-01T00:00:00Z",65.26,"included_species","Birds"
"733","Zosterops albogularis","Zosterops albogularis",250085125,22714229,"Australasian","Terrestrial","2024-01-26 00:00:00 UTC","Extinct",3.1,"",NA,"Predation",NA,1,NA,"",NA,1,1,"",NA,"","0","0","","","","Not attributed",NA,"2025-06-01T00:00:00Z",30,"included_species","Birds"
"734","Zosterops tenuirostris","Zosterops tenuirostris",211535599,22714226,"Australasian","Terrestrial","2021-12-02 00:00:00 UTC","Vulnerable",3.1,"Decreasing",NA,"Predation",NA,0,NA,"",NA,2,NA,"",NA,"","2","1","","","","",NA,"2025-05-01T00:00:00Z",17.2,"included_species","Birds"
"735","Zyzomys maini","Zyzomys maini",22457141,23326,"Australasian","Terrestrial","2015-05-06 00:00:00 UTC","Vulnerable",3.1,"Decreasing",NA,"Predation",NA,0,NA,"1",NA,1,NA,"Cats not mentioned",NA,"0","","","","","","",NA,"2025-02-01T00:00:00Z",94,"included_species","Mammals"
"736","Zyzomys palatalis","Zyzomys palatalis",22457211,23327,"Australasian","Terrestrial","2015-06-05 00:00:00 UTC","Critically Endangered",3.1,"Unknown",NA,"Predation",NA,0,NA,"0",NA,2,1,"Cats not mentioned",NA,"0","","","","","","",NA,"2025-02-01T00:00:00Z",123,"included_species","Mammals"
"737","Zyzomys pedunculatus","Zyzomys pedunculatus",22456932,23324,"Australasian","Terrestrial","2015-07-20 00:00:00 UTC","Critically Endangered",3.1,"Decreasing",NA,"Predation",NA,2,1,"1",NA,1,NA,"0",NA,"0","","","","","","",NA,"2025-02-01T00:00:00Z",100,"included_species","Mammals"
