scientificName,spp_name_corrected,assessmentId,internalTaxonId,realm,systems,assessmentDate,redlistCategory,criteriaVersion,populationTrend,Synonyms_or_previous_lump,Cat_effect,EXCLUDE_cats_not_attributed,Web_of_Science_no_claim,Snowball,Wallach_AU_mammal_no_claim,Opportunistic,IUCN_references,Doherty_references0_NA,Dickman_AU_mammal,Medina_references0_NA,Woinarski_AU_mammal,Garnett2020_AU_birds,Garnett2010_AU_birds,Alberts_iguanas,Oedin_bats,Welch_bats,Hume_EX_birds,Hess,Search_conducted,Mass_g_final,exclude_species,class
Acrocephalus aequinoctialis,Acrocephalus aequinoctialis,149571193,22714802,Oceanian,Terrestrial,2019-07-26 00:00:00 UTC,Endangered,3.1,Decreasing,NA,Predation,,1,,,,0,1,,,,,,,,,,,2025-06-01T00:00:00Z,25,included_species,Birds
Acrocephalus hiwae,Acrocephalus hiwae,242055637,103780118,Oceanian,Terrestrial|Freshwater (=Inland waters),2024-02-26 00:00:00 UTC,Endangered,3.1,Decreasing,NA,Predation,,0,,,,3,,,,,,,,,,,,2025-07-01T00:00:00Z,35.6,included_species,Birds
Acrocephalus longirostris,Acrocephalus longirostris,154471605,22735588,Oceanian,Terrestrial,2019-07-15 00:00:00 UTC,Critically Endangered,3.1,Unknown,NA,Predation,,0,,,,2,,,,,,,,,,0,,2025-05-01T00:00:00Z,43.8,included_species,Birds
Acrocephalus musae,Acrocephalus musae,243950218,22735592,Oceanian,Terrestrial,2023-08-29 00:00:00 UTC,Extinct,3.1,,NA,Predation,,0,,,,1,,,,,,,,,,Not attributed,,2025-05-01T00:00:00Z,,included_species,
Acrocephalus rimitarae,Acrocephalus rimitarae,171783171,22714826,Oceanian,Terrestrial|Freshwater (=Inland waters),2020-04-08 00:00:00 UTC,Critically Endangered,3.1,Decreasing,Acrocephalus rimatarae,Predation,,0,1,,,2,,,,,,,,,,,,2025-06-01T00:00:00Z,26.5,included_species,Birds
Acrocephalus rodericanus,Acrocephalus rodericanus,94431545,22714874,Afrotropical,Terrestrial,2016-10-01 00:00:00 UTC,Near Threatened,3.1,Increasing,Bebrornis rodericanus rodericanus,Predation,,0,,,,1,,,1,,,,,,,,,2025-03-01T00:00:00Z,11.8,included_species,Birds
Acrocephalus vaughani,Acrocephalus vaughani,180626682,22714832,Oceanian,Terrestrial,2020-08-03 00:00:00 UTC,Endangered,3.1,Decreasing,NA,Predation,,0,,,,1,1,,,,,,,,,,,2025-07-01T00:00:00Z,24.37,included_species,Birds
Acrocephalus yamashinae,Acrocephalus yamashinae,241594199,103780103,Oceanian,Terrestrial|Freshwater (=Inland waters),2023-08-04 00:00:00 UTC,Extinct,3.1,,,Predation,,0,,,,1,,,,,,,,,,0,,2025-05-01T00:00:00Z,,included_species,
Aegotheles savesi,Aegotheles savesi,129328996,22689559,Oceanian,Terrestrial,2016-10-01 00:00:00 UTC,Critically Endangered,3.1,Decreasing,NA,Predation,,0,,,,0,2,,,,,,,,,,,2025-04-01T00:00:00Z,52,included_species,Birds
Agelaius xanthomus,Agelaius xanthomus,180529449,22724209,Neotropical,Terrestrial,2020-08-27 00:00:00 UTC,Endangered,3.1,Decreasing,NA,Predation,,0,,,,0,,,,,,,,,,,,2025-07-01T00:00:00Z,38.4,included_species,Birds
Algyroides marchi,Algyroides marchi,137842545,840,Palearctic,Terrestrial,2022-10-08 00:00:00 UTC,Endangered,3.1,Decreasing,NA,Predation,,0,,,,0,1,,,,,,,,,,,2025-06-01T00:00:00Z,,included_species,
Alopochen mauritiana,Alopochen mauritiana,246374796,22728658,Afrotropical,Freshwater (=Inland waters),2023-10-06 00:00:00 UTC,Extinct,3.1,,Alopochen mauritianus,Predation,,0,,,,1,,,,,,,,,,0,,2025-05-01T00:00:00Z,,included_species,
Alsophis rijgersmaei,Alsophis rijgersmaei,115053801,941,Neotropical,Terrestrial,2015-07-20 00:00:00 UTC,Endangered,3.1,Decreasing,Alsophis rijersmai,Predation,,0,,,,0,,,,,,,,,,,,2025-04-01T00:00:00Z,,included_species,
Alsophis rufiventris,Alsophis rufiventris,115053994,942,Neotropical,Terrestrial,2015-07-21 00:00:00 UTC,Vulnerable,3.1,Stable,Dromicus rufiventris,Predation,,0,,,,0,2,,,,,,,,,,,2025-04-01T00:00:00Z,,included_species,
Amazona barbadensis,Amazona barbadensis,198373501,22686325,Neotropical,Terrestrial,2021-07-06 00:00:00 UTC,Near Threatened,3.1,Decreasing,NA,Predation,,1,,,,1,1,,,,,,,,,Not attributed,,2025-05-01T00:00:00Z,270,included_species,Birds
Amazona vittata,Amazona vittata,179276011,22686239,Neotropical,Terrestrial,2020-08-27 00:00:00 UTC,Critically Endangered,3.1,Increasing,NA,Predation,,1,,,,1,1,,1,,,,,,,Not attributed,,2025-05-01T00:00:00Z,279.28,included_species,Birds
Amblyrhynchus cristatus,Amblyrhynchus cristatus,177552193,1086,Neotropical,Terrestrial|Marine,2019-12-01 00:00:00 UTC,Vulnerable,3.1,Decreasing,NA,Predation,,1,1,,,3,2,,2,,,,,,,,,2025-06-01T00:00:00Z,,included_species,Reptiles
Ameiva provitaae,Ameiva provitaae,50008982,50008980,Neotropical,Terrestrial,2014-11-26 00:00:00 UTC,Endangered,3.1,Decreasing,NA,Predation,,0,,,,0,,,,,,,,,,,,2025-03-01T00:00:00Z,,included_species,Reptiles
Amerotyphlops tasymicris,Amerotyphlops tasymicris,115333951,194268,Neotropical,Terrestrial,2011-01-26 00:00:00 UTC,Endangered,3.1,Unknown,Typhlops tasymicris,Predation,,1,,,,1,,,,,,,,,,,,2025-04-01T00:00:00Z,,included_species,
Amytornis ballarae,Amytornis ballarae,211119632,22735654,Australasian,Terrestrial,2021-11-23 00:00:00 UTC,Vulnerable,3.1,Decreasing,NA,Predation,,0,,,,1,,,,,,,,,,,,2025-07-01T00:00:00Z,20.97,included_species,Birds
Amytornis dorotheae,Amytornis dorotheae,213217656,22703786,Australasian,Terrestrial,2022-01-24 00:00:00 UTC,Vulnerable,3.1,Decreasing,NA,Predation,,0,,,,1,,,,,1,Not attributed,,,,,,2025-05-01T00:00:00Z,23.22,included_species,Birds
Amytornis merrotsyi,Amytornis merrotsyi,211877212,22732155,Australasian,Terrestrial,2021-12-13 00:00:00 UTC,Near Threatened,3.1,Decreasing,NA,Predation,,0,,,,1,,,,,Not attributed,Not attributed,,,,,,2025-05-01T00:00:00Z,19.64,included_species,Birds
Anadia bogotensis,Anadia bogotensis,44578157,44578148,Neotropical,Terrestrial,2013-10-22 00:00:00 UTC,Near Threatened,3.1,Decreasing,Ecpleopus bogotensis,Predation,,0,,,,0,,,,,,,,,,,,2025-02-01T00:00:00Z,,included_species,
Anairetes fernandezianus,Anairetes fernandezianus,226451282,22699401,Neotropical,Terrestrial,2023-05-17 00:00:00 UTC,Endangered,3.1,Decreasing,NA,Predation,,0,,,,2,,,,,,,,,,,,2025-07-01T00:00:00Z,6.85,included_species,Birds
Anarhynchus frontalis,Anarhynchus frontalis,131876706,22693928,Oceanian,Freshwater (=Inland waters)|Marine,2018-08-07 00:00:00 UTC,Vulnerable,3.1,Decreasing,NA,Predation,,0,,,,1,2,,,,,,,,,,,2025-04-01T00:00:00Z,57.64,included_species,Birds
Anas aucklandica,Anas aucklandica,194816119,22680280,Australasian,Freshwater (=Inland waters),2021-01-20 00:00:00 UTC,Near Threatened,3.1,Stable,NA,Predation,,1,3,,,2,2,,1,,,,,,,,,2025-06-01T00:00:00Z,499.09,included_species,Birds
Anas chlorotis,Anas chlorotis,182985187,22728303,Oceanian,Terrestrial|Freshwater (=Inland waters)|Marine,2020-08-24 00:00:00 UTC,Near Threatened,3.1,Increasing,NA,Predation,,2,7,,,5,4,,,,,,,,,,,2025-07-01T00:00:00Z,499.09,included_species,Birds
Anas eatoni,Anas eatoni,92854679,22680306,Afrotropical|Antarctic,Freshwater (=Inland waters)|Marine,2016-10-01 00:00:00 UTC,Vulnerable,3.1,Decreasing,NA,Predation,,1,1,,,1,1,,,,,,,,,,,2025-03-01T00:00:00Z,944.62,included_species,Birds
Anas wyvilliana,Anas wyvilliana,221561950,22680199,Oceanian,Terrestrial|Freshwater (=Inland waters)|Marine,2023-07-04 00:00:00 UTC,Vulnerable,3.1,Increasing,NA,Predation,,1,5,,,1,2,,1,,,,,,,,,2025-07-01T00:00:00Z,843.42,included_species,Birds
Anolis bicaorum,Anolis bicaorum,2760000,203080,Neotropical,Terrestrial,2012-05-07 00:00:00 UTC,Critically Endangered,3.1,Stable,"Anolis lemurinus, Norops bicaorum",Predation,,0,,,,0,,,,,,,,,,,,2025-01-01T00:00:00Z,,included_species,
Anolis brunneus,Anolis brunneus,75171481,74994610,Neotropical,Terrestrial,2015-07-22 00:00:00 UTC,Near Threatened,3.1,Stable,Anolis principalis brunneus,Predation,,0,,,,1,,,,,,,,,,,,2025-03-01T00:00:00Z,,included_species,
Anolis gorgonae,Anolis gorgonae,44577366,44577361,Neotropical,Terrestrial,2013-10-22 00:00:00 UTC,Near Threatened,3.1,Decreasing,Dactyloa gorgonae,Predation,,0,,,,0,,,,,,,,,,,,2025-02-01T00:00:00Z,,included_species,
Anolis lividus,Anolis lividus,75171676,74995754,Neotropical,Terrestrial,2015-07-21 00:00:00 UTC,Near Threatened,3.1,Decreasing,Ctenonotus lividus,Predation,,0,,,,0,,,,,,,,,,,,2025-03-01T00:00:00Z,,included_species,
Anolis nelsoni,Anolis nelsoni,75171736,74995991,Neotropical,Terrestrial,2020-01-10 00:00:00 UTC,Critically Endangered,3.1,Decreasing,Norops nelsoni,Predation,,0,,,,0,,,,,,,,,,,,2025-03-01T00:00:00Z,,included_species,
Anolis pigmaequestris,Anolis pigmaequestris,75171771,75084777,Neotropical,Terrestrial,2016-08-30 00:00:00 UTC,Endangered,3.1,Unknown,Deiroptyx pigmaequestris,Predation,,0,,,,0,,,,,,,,,,,,2025-03-01T00:00:00Z,,included_species,
Antechinus bellus,Antechinus bellus,21946388,40523,Australasian,Terrestrial,2014-03-15 00:00:00 UTC,Vulnerable,3.1,Decreasing,NA,Predation,,0,,1,,1,,Cats not mentioned,,0,,,,,,,,2025-01-01T00:00:00Z,44.5,included_species,Mammals
Anthornis melanocephala,Anthornis melanocephala,246163701,22728814,Australasian,Terrestrial,2023-09-29 00:00:00 UTC,Extinct,3.1,,NA,Predation,,0,,,,1,2,,1,,,,,,,0,,2025-06-01T00:00:00Z,,included_species,
Antillotyphlops monastus,Antillotyphlops monastus,115492884,75607344,Neotropical,Terrestrial,2015-07-23 00:00:00 UTC,Near Threatened,3.1,Decreasing,Typhlops monastus,Predation,,0,,,,0,,,,,,,,,,,,2025-04-01T00:00:00Z,,included_species,Reptiles
Antillotyphlops richardii,Antillotyphlops richardii,217812615,75607416,Neotropical,Terrestrial,2015-07-23 00:00:00 UTC,Near Threatened,3.1,Decreasing,"Typhlops richardi, Typhlops richardii",Predation,,0,,,,0,,,,,,,,,,,,2025-07-01T00:00:00Z,,included_species,
Antrostomus noctitherus,Antrostomus noctitherus,233621957,22689809,Neotropical,Terrestrial,2023-07-03 00:00:00 UTC,Vulnerable,3.1,Decreasing,Caprimulgus noctitherus,Predation,,0,2,,,2,1,,,,,,,,,,,2025-07-01T00:00:00Z,36.1,included_species,Birds
Aphanapteryx bonasia,Aphanapteryx bonasia,261990244,22728884,Afrotropical,Terrestrial,2024-07-01 00:00:00 UTC,Extinct,3.1,,NA,Predation,,0,,,,1,2,,,,,,,,,1,,2025-01-01T00:00:00Z,,included_species,
Aphelocoma coerulescens,Aphelocoma coerulescens,179678639,22705629,Nearctic,Terrestrial,2020-08-28 00:00:00 UTC,Vulnerable,3.1,Decreasing,NA,Predation,,1,,,,2,1,,,,,,,,,,,2025-07-01T00:00:00Z,77.12,included_species,Birds
Aphrastura masafuerae,Aphrastura masafuerae,235928752,22702156,Neotropical,Terrestrial|Freshwater (=Inland waters),2023-08-17 00:00:00 UTC,Critically Endangered,3.1,Stable,Aphrastura masafucrae,Predation,,2,2,,,3,2,,,,,,,,,,,2025-07-01T00:00:00Z,,included_species,
Aplonis santovestris,Aplonis santovestris,119060447,22710485,Oceanian,Terrestrial,2017-10-01 00:00:00 UTC,Endangered,3.1,Decreasing,NA,Predation,,0,,,,0,1,,,,,,,,,,,2025-04-01T00:00:00Z,68.66,included_species,Birds
Apteryx australis,Apteryx australis,214272214,22678122,Australasian,Terrestrial,2022-08-11 00:00:00 UTC,Vulnerable,3.1,Decreasing,NA,Predation,,2,2,,,2,4,,1,,,,,,,,,2025-05-01T00:00:00Z,2320.51,included_species,Birds
Apteryx haastii,Apteryx haastii,214091794,22678132,Australasian,Terrestrial,2022-08-10 00:00:00 UTC,Vulnerable,3.1,Decreasing,NA,Predation,,1,,,,0,1,,,,,,,,,,,2025-07-01T00:00:00Z,2022.68,included_species,Birds
Apteryx mantelli,Apteryx mantelli,119177586,45353580,Oceanian,Terrestrial,2017-10-01 00:00:00 UTC,Vulnerable,3.1,Stable,NA,Predation,,9,,,,4,5,,,,,,,,,,,2025-04-01T00:00:00Z,2320.51,included_species,Birds
Ardenna creatopus,Ardenna creatopus,132633266,22698195,Nearctic|Neotropical,Terrestrial|Marine,2018-08-07 00:00:00 UTC,Vulnerable,3.1,Unknown,Puffinus creatopus,Predation,,5,,,,1,1,,,,,,,,,,,2025-05-01T00:00:00Z,743.99,included_species,Birds
Aristelliger hechti,Aristelliger hechti,115347895,203169,Neotropical,Terrestrial,2015-07-23 00:00:00 UTC,Vulnerable,3.1,Unknown,NA,Predation,,0,,,,1,,,,,,,,,,,,2025-04-01T00:00:00Z,,included_species,
Aspidoscelis catalinensis,Aspidoscelis catalinensis,12758948,64255,Nearctic,Terrestrial,2007-03-01 00:00:00 UTC,Vulnerable,3.1,Stable,Cnemidophorus catalinensis,Predation,,0,,,,0,1,,,,,,,,,,,2025-01-01T00:00:00Z,,included_species,
Atelopus guanujo,Atelopus guanujo,98641500,54515,Neotropical,Terrestrial|Freshwater (=Inland waters),2016-07-16 00:00:00 UTC,Critically Endangered,3.1,Decreasing,NA,Predation,,0,,,,0,,,,,,,,,,,,2025-03-01T00:00:00Z,,included_species,Amphibians
Atopogale cubana,Atopogale cubana,22327125,20320,Neotropical,Terrestrial,2015-11-20 00:00:00 UTC,Endangered,3.1,Decreasing,"Atopogale cubanus, Solenodon cubanus",Predation,,0,,,,0,,,1,,,,,,,,,2025-01-01T00:00:00Z,,included_species,
Atrichornis clamosus,Atrichornis clamosus,213149507,22703612,Australasian,Terrestrial|Freshwater (=Inland waters),2022-01-21 00:00:00 UTC,Endangered,3.1,Stable,NA,Predation,,0,,,,3,2,,,,2,2,,,,,,2025-05-01T00:00:00Z,42.15,included_species,Birds
Atrichornis rufescens,Atrichornis rufescens,213120966,22703608,Australasian,Terrestrial,2022-01-21 00:00:00 UTC,Endangered,3.1,Decreasing,NA,Predation,,0,,,,1,,,,,,,,,,,,2025-07-01T00:00:00Z,24,included_species,Birds
Bavayia exsuccida,Bavayia exsuccida,123246845,29452,Australasian,Terrestrial,2017-12-11 00:00:00 UTC,Critically Endangered,3.1,Decreasing,NA,Predation,,0,,,,0,1,,,,,,,,,,,2025-04-01T00:00:00Z,,included_species,
Bavayia goroensis,Bavayia goroensis,123257719,176201,Australasian,Terrestrial,2017-12-11 00:00:00 UTC,Endangered,3.1,Decreasing,NA,Predation,,0,,,,1,1,,,,,,,,,,,2025-04-01T00:00:00Z,,included_species,
Bavayia montana,Bavayia montana,123259816,176215,Australasian,Terrestrial,2017-12-11 00:00:00 UTC,Endangered,3.1,Decreasing,Bavayia cyclura montana,Predation,,0,,,,0,,,,,,,,,,,,2025-04-01T00:00:00Z,,included_species,
Bavayia nubila,Bavayia nubila,123469169,122893197,Australasian,Terrestrial,2017-12-11 00:00:00 UTC,Endangered,3.1,Decreasing,NA,Predation,,0,,,,1,,,,,,,,,,,,2025-04-01T00:00:00Z,,included_species,
Bavayia ornata,Bavayia ornata,123259662,176214,Australasian,Terrestrial,2017-12-11 00:00:00 UTC,Critically Endangered,3.1,Decreasing,Bavayia sauvagei ornata,Predation,,0,,,,0,1,,,,,,,,,,,2025-04-01T00:00:00Z,,included_species,
Bavayia robusta,Bavayia robusta,123252960,176167,Australasian,Terrestrial,2017-12-11 00:00:00 UTC,Near Threatened,3.1,Stable,NA,Predation,,0,,,,0,,,,,,,,,,,,2025-04-01T00:00:00Z,,included_species,
Bavayia sauvagii,Bavayia sauvagii,123256289,176191,Australasian,Terrestrial,2017-12-11 00:00:00 UTC,Endangered,3.1,Decreasing,Lepidodactylus sauvagii,Predation,,0,,,,0,,,,,,,,,,,,2025-04-01T00:00:00Z,,included_species,
Bavayia septuiclavis,Bavayia septuiclavis,123257896,176202,Australasian,Terrestrial,2017-12-11 00:00:00 UTC,Near Threatened,3.1,Unknown,NA,Predation,,1,,,,1,,,,,,,,,,,,2025-04-01T00:00:00Z,,included_species,
Bellatorias obiri,Bellatorias obiri,47155335,47155317,Australasian,Terrestrial,2017-06-14 00:00:00 UTC,Critically Endangered,3.1,Decreasing,Hortonia obiri,Predation,,0,2,,,1,,,,,,,,,,,,2025-03-01T00:00:00Z,,included_species,
Bettongia anhydra,Bettongia anhydra,71510399,71510353,Australasian,Terrestrial,2014-03-17 00:00:00 UTC,Extinct,3.1,,NA,Predation,,0,,0,,1,,Cats not mentioned,,1,,,,,,,,2025-03-01T00:00:00Z,1582.3,included_species,Mammals
Bettongia gaimardi,Bettongia gaimardi,21960911,2783,Australasian,Terrestrial,2016-02-11 00:00:00 UTC,Near Threatened,3.1,Unknown,Kangurus gaimardi,Predation,,4,,3,,3,,Cats not mentioned,,Not attributed,,,,,,,,2025-01-01T00:00:00Z,1660,included_species,Mammals
Bettongia lesueur,Bettongia lesueur,21961179,2784,Australasian,Terrestrial,2016-02-11 00:00:00 UTC,Near Threatened,3.1,Unknown,"Bettongia lesueuri, Hypsiprymnus lesueur",Predation,,15,,9,1,3,,1,,2,,,,,,,,2025-01-01T00:00:00Z,1500,included_species,Mammals
Bettongia penicillata,Bettongia penicillata,21961347,2785,Australasian,Terrestrial,2012-12-31 00:00:00 UTC,Critically Endangered,3.1,Decreasing,NA,Predation,,13,,11,,2,4,1,,2,,,,,,,,2025-01-01T00:00:00Z,1300,included_species,Mammals
Bettongia tropica,Bettongia tropica,115063540,2787,Australasian,Terrestrial,2012-12-31 00:00:00 UTC,Endangered,3.1,Decreasing,NA,Predation,,2,,0,1,2,1,Cats not mentioned,,0,,,,,,,,2025-04-01T00:00:00Z,1200,included_species,Mammals
Boa orophias,Boa orophias,75171346,74866530,Neotropical,Terrestrial,2015-07-20 00:00:00 UTC,Endangered,3.1,Decreasing,Boa constrictor orophias,Predation,,0,,,,0,,,,,,,,,,,,2025-03-01T00:00:00Z,,included_species,
Bolyeria multocarinata,Bolyeria multocarinata,13483086,2864,Afrotropical,Terrestrial,2020-01-29 00:00:00 UTC,Extinct,3.1,,Eryx multocarinata,Predation,,0,,,,0,,,,,,,,,,,,2025-01-01T00:00:00Z,,included_species,
Bostrychia bocagei,Bostrychia bocagei,177028688,22697478,Afrotropical,Terrestrial,2020-06-09 00:00:00 UTC,Critically Endangered,3.1,Decreasing,NA,Predation,,0,,,,1,,,,,,,,,,,,2025-06-01T00:00:00Z,866,included_species,Birds
Botaurus poiciloptilus,Botaurus poiciloptilus,217377735,22697353,Oceanian,Freshwater (=Inland waters)|Marine,2022-06-06 00:00:00 UTC,Vulnerable,3.1,Decreasing,,Predation,,1,,,,0,,,,,0,Not attributed,,,,,,2025-05-01T00:00:00Z,1083.69,included_species,Birds
Brachylophus bulabula,Brachylophus bulabula,1414101,174471,Oceanian,Terrestrial,2012-06-19 00:00:00 UTC,Endangered,3.1,Decreasing,Brachylophus fasciatus,Predation,,0,,,,0,2,,1,,,,,,,,,2025-01-01T00:00:00Z,,included_species,
Brachylophus fasciatus,Brachylophus fasciatus,2791124,19243030,Oceanian,Terrestrial,2012-06-21 00:00:00 UTC,Endangered,3.1,Decreasing,Iguana fasciata,Predation,,0,,,,0,2,,1,,,,,,,,,2025-01-01T00:00:00Z,,included_species,
Brachylophus gau,Brachylophus gau,152294669,152294642,Oceanian,Terrestrial,2019-06-05 00:00:00 UTC,Endangered,3.1,Decreasing,NA,Predation,,0,,,,1,,,,,,,,,,,,2025-06-01T00:00:00Z,,included_species,
Brachylophus vitiensis,Brachylophus vitiensis,2791620,2965,Oceanian,Terrestrial,2012-06-22 00:00:00 UTC,Critically Endangered,3.1,Decreasing,NA,Predation,,0,,,2,0,3,,1,,,,,,,,,2025-01-01T00:00:00Z,,included_species,Reptiles
Branta sandvicensis,Branta sandvicensis,194369606,22679929,Oceanian,Terrestrial,2021-01-14 00:00:00 UTC,Near Threatened,3.1,Increasing,Anser sandvicensis,Predation,,2,2,,,2,3,,2,,,,,,,,,2025-07-01T00:00:00Z,2044.12,included_species,Birds
Bulweria fallax,Bulweria fallax,132628433,22698136,Afrotropical|Palearctic,Terrestrial|Marine,2018-08-07 00:00:00 UTC,Near Threatened,3.1,Unknown,NA,Predation,,0,,,,1,,,,,,,,,,,,2025-05-01T00:00:00Z,173,included_species,Birds
Burramys parvus,Burramys parvus,9775825,3339,Australasian,Terrestrial,2008-06-30 00:00:00 UTC,Critically Endangered,3.1,Decreasing,NA,Predation,,0,12,1,,0,3,0,,2,,,,,,,,2025-01-01T00:00:00Z,41.5,included_species,Mammals
Cabalus modestus,Cabalus modestus,228867194,22728873,Australasian,Terrestrial,2023-02-24 00:00:00 UTC,Extinct,3.1,,"Gallirallus modestus modestus, Rallus modestus",Predation,,0,,,,1,2,,1,,,,,,,0,,2025-05-01T00:00:00Z,,included_species,
Caledoniscincus aquilonius,Caledoniscincus aquilonius,123255378,176183,Australasian,Terrestrial,2017-12-11 00:00:00 UTC,Near Threatened,3.1,Unknown,NA,Predation,,0,,,1,2,,,,,,,,,,,,2025-04-01T00:00:00Z,,included_species,Reptiles
Caledoniscincus auratus,Caledoniscincus auratus,123255218,176182,Australasian,Terrestrial,2017-12-11 00:00:00 UTC,Endangered,3.1,Decreasing,NA,Predation,,0,,,1,2,1,,,,,,,,,,,2025-04-01T00:00:00Z,,included_species,Reptiles
Caledoniscincus chazeaui,Caledoniscincus chazeaui,123258617,176207,Australasian,Terrestrial,2017-12-11 00:00:00 UTC,Endangered,3.1,Decreasing,NA,Predation,,0,,,,1,1,,,,,,,,,,,2025-04-01T00:00:00Z,,included_species,
Caledoniscincus constellatus,Caledoniscincus constellatus,123469174,122893519,Australasian,Terrestrial,2017-12-11 00:00:00 UTC,Critically Endangered,3.1,Decreasing,NA,Predation,,0,,,,1,,,,,,,,,,,,2025-04-01T00:00:00Z,,included_species,
Caledoniscincus orestes,Caledoniscincus orestes,123251144,176152,Australasian,Terrestrial,2017-12-11 00:00:00 UTC,Vulnerable,3.1,Decreasing,NA,Predation,,0,,,1,1,1,,,,,,,,,,,2025-04-01T00:00:00Z,,included_species,Reptiles
Caledoniscincus pelletieri,Caledoniscincus pelletieri,123469184,122894031,Australasian,Terrestrial,2017-12-11 00:00:00 UTC,Endangered,3.1,Decreasing,NA,Predation,,0,,,,1,,,,,,,,,,,,2025-04-01T00:00:00Z,,included_species,
Caledoniscincus renevieri,Caledoniscincus renevieri,123254740,176179,Australasian,Terrestrial,2017-12-11 00:00:00 UTC,Endangered,3.1,Decreasing,NA,Predation,,0,,,,2,1,,,,,,,,,,,2025-04-01T00:00:00Z,,included_species,
Caloenas nicobarica,Caloenas nicobarica,178136167,22690974,Indomalayan|Oceanian,Terrestrial,2020-06-26 00:00:00 UTC,Near Threatened,3.1,Decreasing,NA,Predation,,0,,,,0,,,,,,,,,,,,2025-06-01T00:00:00Z,537.86,included_species,Birds
Calonectris edwardsii,Calonectris edwardsii,132660464,22729421,Afrotropical,Terrestrial|Marine,2018-08-07 00:00:00 UTC,Near Threatened,3.1,Decreasing,NA,Predation,,2,,,,1,,,,,,,,,,,,2025-06-01T00:00:00Z,534.99,included_species,Birds
Calonectris leucomelas,Calonectris leucomelas,132630766,22698172,Indomalayan|Nearctic|Oceanian|Palearctic,Terrestrial|Marine,2018-08-07 00:00:00 UTC,Near Threatened,3.1,Decreasing,NA,Predation,,2,,,,0,,,,,,,,,,,,2025-05-01T00:00:00Z,579.99,included_species,Birds
Caloprymnus campestris,Caloprymnus campestris,21961545,3626,Australasian,Terrestrial,2012-12-31 00:00:00 UTC,Extinct,3.1,,NA,Predation,,1,,0,,0,1,Cats not mentioned,,1,,,,,,,,2025-01-01T00:00:00Z,900,included_species,Mammals
Calyptophilus tertius,Calyptophilus tertius,190919306,22729082,Neotropical,Terrestrial,2020-11-25 00:00:00 UTC,Vulnerable,3.1,Decreasing,NA,Predation,,1,,,,1,,,,,,,,,,,,2025-07-01T00:00:00Z,49.2,included_species,Birds
Caribicus anelpistus,Caribicus anelpistus,116419247,39258,Neotropical,Terrestrial,2015-07-20 00:00:00 UTC,Critically Endangered,3.1,Unknown,"Celestus anelpistus, Diploglossus anelpistus",Predation,,0,,,,0,,,,,,,,,,,,2025-04-01T00:00:00Z,,included_species,
Caribicus warreni,Caribicus warreni,115172613,39260,Neotropical,Terrestrial,2015-07-21 00:00:00 UTC,Vulnerable,3.1,Decreasing,"Celestus carraui, Celestus warreni, Diploglossus carraui Inchaústegui, Diploglossus warreni",Predation,,0,,,,0,1,,,,,,,,,,,2025-04-01T00:00:00Z,,included_species,
Carpodacus ferreorostris,Carpodacus ferreorostris,228156835,22720622,Palearctic,Terrestrial,2023-02-16 00:00:00 UTC,Extinct,3.1,,Chaunoproctus ferreorostris,Predation,,0,,,,2,,,,,,,,,,0,,2025-07-01T00:00:00Z,,included_species,
Casarea dussumieri,Casarea dussumieri,152276140,3989,Afrotropical,Terrestrial,2018-04-24 00:00:00 UTC,Vulnerable,3.1,Increasing,"Boa dussumieri, Casarea dussumieri, Leptoboa dussumieri",Predation,,0,,,,0,,,,,,,,,,,,2025-06-01T00:00:00Z,,included_species,
Celatiscincus euryotis,Celatiscincus euryotis,123249918,176143,Australasian,Terrestrial,2017-12-11 00:00:00 UTC,Endangered,3.1,Decreasing,"Leiolopisma euryotis, Lygosoma euryotis, Marmorosphax euryotis",Predation,,0,,,,1,,,,,,,,,,,,2025-04-01T00:00:00Z,,included_species,
Celatiscincus similis,Celatiscincus similis,123254893,176180,Australasian,Terrestrial,2017-12-11 00:00:00 UTC,Endangered,3.1,Decreasing,NA,Predation,,0,,,1,1,1,,,,,,,,,,,2025-04-01T00:00:00Z,,included_species,Reptiles
Celestus duquesneyi,Celestus duquesneyi,71739426,4094,Neotropical,Terrestrial,2015-07-20 00:00:00 UTC,Critically Endangered,3.1,Decreasing,NA,Predation,,0,,,,1,,,,,,,,,,,,2025-03-01T00:00:00Z,,included_species,
Celestus hewardi,Celestus hewardi,2758749,203031,Neotropical,Terrestrial,2015-07-20 00:00:00 UTC,Endangered,3.1,Decreasing,NA,Predation,,0,,,,1,,,,,,,,,,,,2025-01-01T00:00:00Z,,included_species,
Celestus microblepharis,Celestus microblepharis,115067750,4096,Neotropical,Terrestrial,2015-07-21 00:00:00 UTC,Critically Endangered,3.1,Decreasing,Diploglossus microblepharis,Predation,,0,,,,1,,,,,,,,,,,,2025-04-01T00:00:00Z,,included_species,
Celestus molesworthi,Celestus molesworthi,115481457,75166713,Neotropical,Terrestrial,2015-07-21 00:00:00 UTC,Endangered,3.1,Decreasing,Celestus crusculus molesworthi,Predation,,0,,,,1,,,,,,,,,,,,2025-04-01T00:00:00Z,,included_species,
Chaeropus ecaudatus,Chaeropus ecaudatus,21965168,4322,Australasian,Terrestrial,2012-12-31 00:00:00 UTC,Extinct,3.1,,NA,Predation,,0,,0,,2,1,0,,2,,,,,,,,2025-01-01T00:00:00Z,200,included_species,Mammals
Chalinolobus neocaledonicus,Chalinolobus neocaledonicus,21984825,4420,Australasian,Terrestrial,2019-07-04 00:00:00 UTC,Endangered,3.1,Decreasing,NA,Predation,,0,,,,1,,,,,,,,,,,,2025-01-01T00:00:00Z,11.9,included_species,Mammals
Chalinolobus picatus,Chalinolobus picatus,21984147,4422,Australasian,Terrestrial,2019-07-29 00:00:00 UTC,Near Threatened,3.1,Decreasing,NA,Predation,,0,,,,0,,,,,,,,,,,,2025-01-01T00:00:00Z,5.1,included_species,Mammals
Chalinolobus tuberculatus,Chalinolobus tuberculatus,21985132,4425,Australasian,Terrestrial,2020-10-15 00:00:00 UTC,Critically Endangered,3.1,Decreasing,NA,Predation,,1,1,,,3,2,,,,,,,0,1,,,2025-01-01T00:00:00Z,8.5,included_species,Mammals
Charadrius bicinctus,Charadrius bicinctus,180230226,22693845,Oceanian,Terrestrial|Freshwater (=Inland waters)|Marine,2020-07-30 00:00:00 UTC,Near Threatened,3.1,Decreasing,NA,Predation,,2,,,1,2,,,,,,,,,,,,2025-07-01T00:00:00Z,59.4,included_species,Birds
Charadrius obscurus,Charadrius obscurus,126893184,62290750,Oceanian,Terrestrial|Freshwater (=Inland waters)|Marine,2017-10-01 00:00:00 UTC,Critically Endangered,3.1,Decreasing,NA,Predation,,1,,,,3,4,,3,,,,,,,,,2025-04-01T00:00:00Z,146,included_species,Birds
Charadrius sanctaehelenae,Charadrius sanctaehelenae,179182366,22693785,Afrotropical,Terrestrial,2020-07-13 00:00:00 UTC,Vulnerable,3.1,Increasing,NA,Predation,,2,,,,4,3,,1,,,,,,,,,2025-07-01T00:00:00Z,48.7,included_species,Birds
Charadrius thoracicus,Charadrius thoracicus,231072418,22693780,Afrotropical,Terrestrial|Marine,2023-05-15 00:00:00 UTC,Vulnerable,3.1,Decreasing,NA,Predation,,0,,,,1,,,,,,,,,,,,2025-07-01T00:00:00Z,11.5,included_species,Birds
Charmosyna amabilis,Charmosyna amabilis,129622366,22684693,Oceanian,Terrestrial,2016-10-01 00:00:00 UTC,Critically Endangered,3.1,Decreasing,NA,Predation,,0,,,,2,,,,,,,,,,,,2025-04-01T00:00:00Z,8.54,included_species,Birds
Chasiempis ibidis,Chasiempis ibidis,224391681,22736423,Oceanian,Terrestrial,2023-07-20 00:00:00 UTC,Vulnerable,3.1,Decreasing,Chasiempis sandwichensis,Predation,,0,,,,0,,,,,,,,,,,,2025-07-01T00:00:00Z,13.1,included_species,Birds
Chasiempis sandwichensis,Chasiempis sandwichensis,224140553,22736440,Oceanian,Terrestrial,2023-07-20 00:00:00 UTC,Near Threatened,3.1,Decreasing,NA,Predation,,0,,,,2,,,2,,,,,,,,,2025-07-01T00:00:00Z,13.69,included_species,Birds
Chasiempis sclateri,Chasiempis sclateri,224210872,22736432,Oceanian,Terrestrial,2023-07-20 00:00:00 UTC,Near Threatened,3.1,Decreasing,Chasiempis sandwichensis,Predation,,0,,,,0,1,,,,,,,,,,,2025-07-01T00:00:00Z,12.9,included_species,Birds
Chelonoidis becki,Chelonoidis becki,82426296,9018,Neotropical,Terrestrial,2015-08-13 00:00:00 UTC,Vulnerable,3.1,Unknown,"Chelonoidis becki, Chelonoidis nigra becki, Geochelone becki, Geochelone elephantopus becki, Geochelone nigra becki, Testudo becki",Predation,,0,,,,0,,,,,,,,,,,,2025-03-01T00:00:00Z,,included_species,
Chelonoidis chathamensis,Chelonoidis chathamensis,82688009,9019,Neotropical,Terrestrial,2017-01-15 00:00:00 UTC,Endangered,3.1,Increasing,"Chelonoidis nigra chathamensis, Geochelone elephantopus chathamensis, Geochelone nigra chathamensis, Testudo chathamensis",Predation,,0,,,,0,,,,,,,,,,,,2025-03-01T00:00:00Z,,included_species,
Chelonoidis donfaustoi,Chelonoidis donfaustoi,90377135,90377132,Neotropical,Terrestrial,2016-03-26 00:00:00 UTC,Critically Endangered,3.1,Increasing,NA,Predation,,0,,,,0,,,,,,,,,,,,2025-03-01T00:00:00Z,,included_species,
Chelonoidis guntheri,Chelonoidis guntheri,116505802,9022,Neotropical,Terrestrial,2015-08-15 00:00:00 UTC,Critically Endangered,3.1,Unknown,"Chelonoidis guntheri, Chelonoidis nigra guentheri, Chelonoidis nigra wallacei, Chelonoidis vicina guntheri, Chelonoidis vicina guentheri,Geochelone nigra guntheri, Geochelone nigra guentheri, Geochelone nigra wallacei, Testudo guntheri, Testudo wallacei",Predation,,0,,,,0,,,,,,,,,,,,2025-04-01T00:00:00Z,,included_species,
Chelonoidis microphyes,Chelonoidis microphyes,116506297,9025,Neotropical,Terrestrial,2015-08-15 00:00:00 UTC,Endangered,3.1,Unknown,"Chelonoidis nigra microphyes, Chelonoidis vicina microphyes, Geochelone nigra microphyes, Testudo macrophyes, Testudo microphyes",Predation,,0,,,,0,,,,,,,,,,,,2025-04-01T00:00:00Z,,included_species,
Chelonoidis niger,Chelonoidis niger,3149101,9023,Neotropical,Terrestrial,2017-01-25 00:00:00 UTC,Extinct,3.1,,"Chelonoidis nigra nigra, Geochelone elephantopus galapagoensis, Geochelone elephantopus nigra, Geochelone nigra galapagoensis, Geochelone nigra nigra, Testudo californiana, Testudo galapagoensis, Testudo nigra",Predation,,1,,,,0,2,,,,,,,,,,,2025-01-01T00:00:00Z,80,included_species,Reptiles
Chelonoidis porteri,Chelonoidis porteri,82777132,9026,Neotropical,Terrestrial,2016-03-26 00:00:00 UTC,Critically Endangered,3.1,Increasing,"Chelonoidis nigra nigrita, Chelonoidis nigra porteri, Chelonoidis porteri, Geochelone elephantopus nigrita, Geochelone elephantopus porteri, Geochelone nigra porteri, Geochelone nigra nigrita, Testudo nigrita, Testudo porteri",Predation,,0,,,,0,,,,,,,,,,,,2025-03-01T00:00:00Z,,included_species,
Chelonoidis vicina,Chelonoidis vicina,144765855,9028,Neotropical,Terrestrial,2015-08-15 00:00:00 UTC,Endangered,3.1,Unknown,"Chelonoidis nigra vicina, Chelonoidis vicina vicina, Geochelone elephantopus vicina, Geochelone nigra vicina",Predation,,0,,,,0,,,,,,,,,,,,2025-06-01T00:00:00Z,,included_species,
Chilabothrus chrysogaster,Chilabothrus chrysogaster,15154888,15154880,Neotropical,Terrestrial,2015-07-22 00:00:00 UTC,Near Threatened,3.1,Decreasing,"Epicrates chrysogaster, Homalochilus chrysogaster",Predation,,0,,,,1,,,,,,,,,,,,2025-01-01T00:00:00Z,,included_species,Reptiles
Chilabothrus exsul,Chilabothrus exsul,15155082,15155078,Neotropical,Terrestrial,2015-07-22 00:00:00 UTC,Vulnerable,3.1,Decreasing,Epicrates exsul,Predation,,0,,,,0,,,,,,,,,,,,2025-01-01T00:00:00Z,,included_species,
Chilabothrus granti,Chilabothrus granti,18979910,7829,Neotropical,Terrestrial,2015-07-22 00:00:00 UTC,Endangered,3.1,Decreasing,"Chilabothrus monensis granti, Epicrates monensis granti",Predation,,0,,,,1,,,,,,,,,,,,2025-01-01T00:00:00Z,,included_species,
Chilabothrus monensis,Chilabothrus monensis,18979328,7823,Neotropical,Terrestrial,2015-07-22 00:00:00 UTC,Near Threatened,3.1,Stable,"Chilabothrus monensis monensis, Epicrates gracilis monensis, Epicrates monensis monensis",Predation,,0,1,,,3,2,,,,,,,,,,,2025-01-01T00:00:00Z,,included_species,
Chilabothrus subflavus,Chilabothrus subflavus,18979286,7826,Neotropical,Terrestrial,2015-07-21 00:00:00 UTC,Vulnerable,3.1,Decreasing,Epicrates subflavus,Predation,,0,,,,1,1,,,,,,,,,,,2025-01-01T00:00:00Z,,included_species,Reptiles
Chioninia coctei,Chioninia coctei,217783334,13152363,Afrotropical,Terrestrial,2012-09-17 00:00:00 UTC,Extinct,3.1,,"Charactodon coctei, Euprepes coctei, Gongylus coctei, Macroscincus coctaei, Macroscincus coctei","Predation, competition",,0,,,,1,2,,,,,,,,,,,2025-07-01T00:00:00Z,,included_species,
Chioninia stangeri,Chioninia stangeri,13152438,13152431,Afrotropical,Terrestrial,2012-09-17 00:00:00 UTC,Near Threatened,3.1,Unknown,"Euprepes hopfferi, Euprepes polylepis, Euprepis stangeri",Predation,,0,,,,1,,,,,,,,,,,,2025-01-01T00:00:00Z,,included_species,
Chlidonias albostriatus,Chlidonias albostriatus,131931677,22694750,Australasian,Terrestrial|Freshwater (=Inland waters)|Marine,2022-07-25 00:00:00 UTC,Endangered,3.1,Decreasing,Hydrochelidon albostriata,Predation,,3,,,,4,5,,,,,,,,,,,2025-04-01T00:00:00Z,94.69,included_species,Birds
Chlorodrepanis stejnegeri,Chlorodrepanis stejnegeri,223174818,22720756,Oceanian,Terrestrial,2023-07-20 00:00:00 UTC,Endangered,3.1,Decreasing,"Hemignathus kauaiensis, Viridonia stejnegeri",Predation,,0,,,,5,,,,,,,,,,,,2025-07-01T00:00:00Z,16.64,included_species,Birds
Cinclodes antarcticus,Cinclodes antarcticus,93860479,103670928,Neotropical,Terrestrial|Marine,2016-10-01 00:00:00 UTC,Near Threatened,3.1,Decreasing,NA,Predation,,0,,,,1,,,,,,,,,,,,2025-03-01T00:00:00Z,63.2,included_species,Birds
Cinclodes maculirostris,Cinclodes maculirostris,192074027,103670944,Neotropical,Terrestrial|Marine,2020-12-07 00:00:00 UTC,Near Threatened,3.1,Decreasing,NA,Predation,,0,,,,1,,,,,,,,,,,,2025-07-01T00:00:00Z,63.2,included_species,Birds
Cincloramphus llaneae,Cincloramphus llaneae,152667776,22715535,Oceanian,Terrestrial,2019-06-13 00:00:00 UTC,Near Threatened,3.1,Decreasing,"Cichlornis llaneae llaneae, Megalurulus llaneae",Predation,,0,,,,0,,,,,,,,,,,,2025-06-01T00:00:00Z,,included_species,
Cincloramphus turipavae,Cincloramphus turipavae,208344323,103798488,Australasian,Terrestrial,2021-09-29 00:00:00 UTC,Near Threatened,3.1,Decreasing,Megalurulus turipavae,Predation,,0,,,,1,,,,,,,,,,,,2025-07-01T00:00:00Z,,included_species,
Cnemaspis anslemi,Cnemaspis anslemi,158782483,158782388,Indomalayan,Terrestrial,2019-09-16 00:00:00 UTC,Vulnerable,3.1,Unknown,NA,Predation,,0,,,,0,,,,,,,,,,,,2025-06-01T00:00:00Z,,included_species,
Cnemaspis latha,Cnemaspis latha,123312187,197235,Indomalayan,Terrestrial,2019-09-16 00:00:00 UTC,Critically Endangered,3.1,Unknown,NA,Predation,,0,,,,0,,,,,,,,,,,,2025-04-01T00:00:00Z,,included_species,
Cnemaspis nilgala,Cnemaspis nilgala,149323785,149323623,Indomalayan,Terrestrial,2019-07-16 00:00:00 UTC,Critically Endangered,3.1,Unknown,NA,Predation,,0,,,,0,,,,,,,,,,,,2025-06-01T00:00:00Z,,included_species,
Cnemaspis rammalensis,Cnemaspis rammalensis,127938924,127938795,Indomalayan,Terrestrial,2019-09-16 00:00:00 UTC,Critically Endangered,3.1,Unknown,NA,Predation,,0,,,,0,,,,,,,,,,,,2025-04-01T00:00:00Z,,included_species,
Cnemaspis thachanaensis,Cnemaspis thachanaensis,112239688,112239651,Indomalayan,Terrestrial,2017-05-23 00:00:00 UTC,Near Threatened,3.1,Unknown,NA,Predation,,0,,,,1,,,,,,,,,,,,2025-04-01T00:00:00Z,,included_species,Reptiles
Cnemidophorus flavissimus,Cnemidophorus flavissimus,50011770,50011766,Neotropical,Terrestrial,2014-11-26 00:00:00 UTC,Near Threatened,3.1,Unknown,NA,Predation,,0,,,,0,,,,,,,,,,,,2025-03-01T00:00:00Z,,included_species,
Cnemidophorus rostralis,Cnemidophorus rostralis,50012116,50012113,Neotropical,Terrestrial,2014-11-26 00:00:00 UTC,Near Threatened,3.1,Stable,NA,Predation,,0,,,,1,,,,,,,,,,,,2025-03-01T00:00:00Z,,included_species,
Coccyzus bahamensis,Coccyzus bahamensis,178654750,22728160,Neotropical,Terrestrial,2020-08-27 00:00:00 UTC,Near Threatened,3.1,Unknown,NA,Predation,,0,,,,0,,,,,,,,,,,,2025-06-01T00:00:00Z,169.59,included_species,Birds
Coccyzus ferrugineus,Coccyzus ferrugineus,178653886,22684340,Neotropical,Terrestrial,2020-08-27 00:00:00 UTC,Vulnerable,3.1,Stable,NA,Predation,,1,,,,0,1,,,,,,,,,,,2025-06-01T00:00:00Z,70,included_species,Birds
Coenocorypha aucklandica,Coenocorypha aucklandica,182916100,22727499,Australasian,Terrestrial,2022-02-17 00:00:00 UTC,Near Threatened,3.1,Stable,"Coenocorypha huegeli, Coenocorypha barrierensis, Coenocorypha iredalei",Predation,,1,2,,,2,,,1,,,,,,,,,2025-06-01T00:00:00Z,108.24,included_species,Birds
Coenocorypha barrierensis,Coenocorypha barrierensis,246199261,62178398,Oceanian,Terrestrial,2023-09-30 00:00:00 UTC,Extinct,3.1,,Coenocorypha aucklandica barrierensis,Predation,,1,4,,,1,1,,3,,,,,,,1,,2025-06-01T00:00:00Z,,included_species,Birds
Coenocorypha iredalei,Coenocorypha iredalei,209950103,22727515,Oceanian,Terrestrial,2023-09-30 00:00:00 UTC,Extinct,3.1,,NA,Predation,,0,,,,1,1,,,,,,,,,Not attributed,,2025-05-01T00:00:00Z,,included_species,
Coenocorypha pusilla,Coenocorypha pusilla,182890601,22693137,Australasian,Terrestrial,2022-04-11 00:00:00 UTC,Vulnerable,3.1,Stable,Coenocorypha aucklandica,Predation,,0,1,,,2,2,,2,,,,,,,,,2025-06-01T00:00:00Z,80.5,included_species,Birds
Colaptes fernandinae,Colaptes fernandinae,179186511,22681293,Neotropical,Terrestrial|Freshwater (=Inland waters),2021-07-02 00:00:00 UTC,Endangered,3.1,Decreasing,NA,Predation,,0,,,,1,,,,,,,,,,,,2025-07-01T00:00:00Z,135,included_species,Birds
Coleura seychellensis,Coleura seychellensis,22089794,5112,Afrotropical,Terrestrial,2016-04-24 00:00:00 UTC,Critically Endangered,3.1,Decreasing,NA,Predation,,0,,,,0,2,,,,,,,0,Not attributed,,,2025-01-01T00:00:00Z,10.6,included_species,Mammals
Columba jouyi,Columba jouyi,228150824,22690222,Palearctic,Terrestrial,2023-02-16 00:00:00 UTC,Extinct,3.1,,NA,Predation,,0,,,,1,,,,,,,,,,Not attributed,,2025-05-01T00:00:00Z,,included_species,
Columba junoniae,Columba junoniae,111025271,22690122,Palearctic,Terrestrial,2016-10-01 00:00:00 UTC,Near Threatened,3.1,Increasing,NA,Predation,,0,,,,3,,,,,,,,,,,,2025-04-01T00:00:00Z,440,included_species,Birds
Columba versicolor,Columba versicolor,228153391,22690218,Palearctic,Terrestrial,2023-02-16 00:00:00 UTC,Extinct,3.1,,NA,Predation,,0,,,,1,1,,,,,,,,,Not attributed,,2025-05-01T00:00:00Z,,included_species,
Conilurus albipes,Conilurus albipes,22450334,5223,Australasian,Terrestrial,2015-06-04 00:00:00 UTC,Extinct,3.1,,Hapalotis albipes,Predation,,0,,0,,0,1,0,,5,,,,,,,,2025-02-01T00:00:00Z,200,included_species,Mammals
Conilurus capricornensis,Conilurus capricornensis,75927844,75927841,Australasian,Terrestrial,2015-05-27 00:00:00 UTC,Extinct,3.1,,NA,Predation,,0,,0,,0,,Cats not mentioned,,Not attributed,,,,,,,,2025-03-01T00:00:00Z,194.7,included_species,Mammals
Conilurus penicillatus,Conilurus penicillatus,22450418,5224,Australasian,Terrestrial,2015-07-18 00:00:00 UTC,Vulnerable,3.1,Decreasing,NA,Predation,,4,,6,,0,,Cats not mentioned,,0,,,,,,,,2025-02-01T00:00:00Z,153.5,included_species,Mammals
Conolophus marthae,Conolophus marthae,1414375,174472,Neotropical,Terrestrial,2012-02-19 00:00:00 UTC,Critically Endangered,3.1,Unknown,NA,Predation,,0,,,,0,1,,,,,,,,,,,2025-01-01T00:00:00Z,,included_species,
Conolophus subcristatus,Conolophus subcristatus,3014082,5240,Neotropical,Terrestrial,2020-02-02 00:00:00 UTC,Vulnerable,3.1,Decreasing,Amblyrhynchus subcristatus,Predation,,0,,,,6,,,,,,,,,,,,2025-01-01T00:00:00Z,,included_species,Reptiles
Contomastix charrua,Contomastix charrua,63488710,63488699,Neotropical,Terrestrial,2014-11-12 00:00:00 UTC,Extinct,3.1,,NA,Predation,,0,,,,1,,,,,,,,,,,,2025-03-01T00:00:00Z,,included_species,
Coracopsis barklyi,Coracopsis barklyi,179281607,22727890,Afrotropical,Terrestrial,2020-07-14 00:00:00 UTC,Vulnerable,3.1,Stable,NA,Predation,,0,,,,0,,,,,,,,,,,,2025-07-01T00:00:00Z,186.24,included_species,Birds
Cornufer vitianus,Cornufer vitianus,83669326,17518,Oceanian,Terrestrial,2018-12-20 00:00:00 UTC,Near Threatened,3.1,Decreasing,"Hylodes vitianus, Platymantis vitiana, Platymantis vitianus",Predation,,0,,,,0,,,,,,,,,,,,2025-03-01T00:00:00Z,,included_species,
Correlophus belepensis,Correlophus belepensis,123469189,122894804,Australasian,Terrestrial,2017-12-11 00:00:00 UTC,Critically Endangered,3.1,Unknown,NA,Predation,,0,,,,1,,,,,,,,,,,,2025-04-01T00:00:00Z,,included_species,
Correlophus ciliatus,Correlophus ciliatus,123253756,176173,Australasian,Terrestrial,2017-12-11 00:00:00 UTC,Vulnerable,3.1,Decreasing,Rhacodactylus ciliatus,Predation,,0,,,,1,,,,,,,,,,,,2025-04-01T00:00:00Z,,included_species,
Correlophus sarasinorum,Correlophus sarasinorum,123259501,176213,Australasian,Terrestrial,2017-12-11 00:00:00 UTC,Vulnerable,3.1,Decreasing,Rhacodactylus sarasinorum,Predation,,0,,,,1,,,,,,,,,,,,2025-04-01T00:00:00Z,,included_species,
Corvus hawaiiensis,Corvus hawaiiensis,94048187,22706052,Oceanian,Terrestrial,2016-10-01 00:00:00 UTC,Extinct in the Wild,3.1,,NA,"Predation, disease",,2,,,,4,2,,2,,,,,,,,,2025-03-01T00:00:00Z,518.82,included_species,Birds
Corvus kubaryi,Corvus kubaryi,129626293,22705959,Oceanian,Terrestrial,2018-08-07 00:00:00 UTC,Critically Endangered,3.1,Decreasing,NA,Predation,,2,,,,1,2,,,,,,,,,,,2025-04-01T00:00:00Z,249.92,included_species,Birds
Coturnix novaezelandiae,Coturnix novaezelandiae,227794604,22678955,Oceanian,Terrestrial,2023-02-09 00:00:00 UTC,Extinct,3.1,,NA,Predation,,0,,,,2,1,,,,,,,,,0,,2025-05-01T00:00:00Z,,included_species,
Crithagra concolor,Crithagra concolor,176571427,22720310,Afrotropical,Terrestrial,2020-06-04 00:00:00 UTC,Critically Endangered,3.1,Decreasing,"Amblyospiza concolor, Neospiza concolor",Predation,,0,,,,1,,,,,,,,,,,,2025-06-01T00:00:00Z,50,included_species,Birds
Crocidura canariensis,Crocidura canariensis,221582276,5560,Palearctic,Terrestrial,2022-08-23 00:00:00 UTC,Endangered,3.1,Decreasing,NA,Predation,,1,,,,3,1,,,,,,,,,,,2025-07-01T00:00:00Z,7.5,included_species,Mammals
Crocidura trichura,Crocidura trichura,22304640,136379,Australasian,Terrestrial,2015-07-18 00:00:00 UTC,Critically Endangered,3.1,Decreasing,NA,Predation,,0,,Cats not mentioned,,0,3,Cats not mentioned,,0,,,,,,,,2025-01-01T00:00:00Z,5.3,included_species,Mammals
Crotalus catalinensis,Crotalus catalinensis,12764544,64314,Nearctic,Terrestrial,2007-03-01 00:00:00 UTC,Critically Endangered,3.1,Decreasing,NA,Predation,,0,,,,1,1,,,,,,,,,,,2025-01-01T00:00:00Z,,included_species,Reptiles
Cryptoblepharus boutonii,Cryptoblepharus boutonii,1374500,172864,Afrotropical,Terrestrial,2020-01-31 00:00:00 UTC,Near Threatened,3.1,Stable,Scincus boutonii,Predation,,0,,,,5,,,,,,,,,,,,2025-01-01T00:00:00Z,,included_species,
Cryptoblepharus caudatus,Cryptoblepharus caudatus,109452879,109452875,Afrotropical,Terrestrial,2019-10-22 00:00:00 UTC,Critically Endangered,3.1,Decreasing,Ablepharus boutoni caudatus,Predation,,0,,,,0,,,,,,,,,,,,2025-03-01T00:00:00Z,,included_species,
Cryptoblepharus egeriae,Cryptoblepharus egeriae,102327566,102327291,Indomalayan,Terrestrial,2017-02-20 00:00:00 UTC,Extinct in the Wild,3.1,,Ablepharus egeriae,Predation,,0,,,,1,,,,,,,,,,,,2025-03-01T00:00:00Z,,included_species,
Cryptoprocta ferox,Cryptoprocta ferox,45197189,5760,Afrotropical,Terrestrial,2015-02-21 00:00:00 UTC,Vulnerable,3.1,Decreasing,NA,Competition,,9,,,,1,,,,,,,,,,,,2025-03-01T00:00:00Z,9500,excluded_species,Mammals
Ctenosaura bakeri,Ctenosaura bakeri,125203850,44181,Neotropical,Terrestrial,2018-02-04 00:00:00 UTC,Critically Endangered,3.1,Decreasing,Enyaliosaurus bakeri,Predation,,1,,,,0,1,,,,,,,,,,,2025-04-01T00:00:00Z,,included_species,
Ctenosaura flavidorsalis,Ctenosaura flavidorsalis,2993811,44188,Neotropical,Terrestrial,2020-03-10 00:00:00 UTC,Near Threatened,3.1,Decreasing,NA,Predation,,0,,,,0,,,,,,,,,,,,2025-01-01T00:00:00Z,,included_species,
Ctenosaura melanosterna,Ctenosaura melanosterna,14857036,44189,Neotropical,Terrestrial,2012-03-01 00:00:00 UTC,Endangered,3.1,Decreasing,NA,Predation,,0,,,,0,1,,,,,,,,,,,2025-01-01T00:00:00Z,,included_species,
Ctenosaura oedirhina,Ctenosaura oedirhina,122558520,44191,Neotropical,Terrestrial,2018-06-05 00:00:00 UTC,Endangered,3.1,Decreasing,NA,Predation,,0,,,1,0,,,,,,,,,,,,2025-04-01T00:00:00Z,,included_species,Reptiles
Ctenotus kurnbudj,Ctenotus kurnbudj,109463631,109463625,Australasian,Terrestrial,2017-06-14 00:00:00 UTC,Endangered,3.1,Unknown,NA,Predation,,0,,,,4,,,,,,,,,,,,2025-03-01T00:00:00Z,,included_species,
Ctenotus serotinus,Ctenotus serotinus,109464606,109464601,Australasian,Terrestrial,2017-06-14 00:00:00 UTC,Critically Endangered,3.1,Decreasing,NA,Predation,,0,,,,1,,,,,,,,,,,,2025-03-01T00:00:00Z,,included_species,
Ctenotus stuarti,Ctenotus stuarti,109464684,109464681,Australasian,Terrestrial,2017-06-14 00:00:00 UTC,Endangered,3.1,Decreasing,NA,Predation,,0,,,,4,,,,,,,,,,,,2025-03-01T00:00:00Z,,included_species,
Cubophis brooksi,Cubophis brooksi,16013070,16013066,Neotropical,Terrestrial,2020-02-06 00:00:00 UTC,Critically Endangered,3.1,Decreasing,"Alsophis brooksi, Cubophis cantherigerus brooksi",Predation,,0,,,,1,,,,,,,,,,,,2025-01-01T00:00:00Z,,included_species,
Cyanoramphus auriceps,Cyanoramphus auriceps,213764778,22685175,Australasian,Terrestrial,2022-05-03 00:00:00 UTC,Near Threatened,3.1,Decreasing,NA,Predation,,1,,,,2,,,,,,,,,,,,2025-06-01T00:00:00Z,45.64,included_species,Birds
Cyanoramphus forbesi,Cyanoramphus forbesi,213712534,22724553,Australasian,Terrestrial,2022-02-07 00:00:00 UTC,Vulnerable,3.1,Stable,NA,Predation,,0,,,,1,1,,1,,,,,,,,,2025-07-01T00:00:00Z,88.5,included_species,Birds
Cyclodomorphus praealtus,Cyclodomorphus praealtus,109465226,109465196,Australasian,Terrestrial,2017-06-13 00:00:00 UTC,Endangered,3.1,Decreasing,NA,Predation,,0,,,,0,,,,,,,,,,,,2025-03-01T00:00:00Z,,included_species,
Cyclura carinata,Cyclura carinata,3097754,6026,Neotropical,Terrestrial,2019-12-16 00:00:00 UTC,Endangered,3.1,Stable,"Cyclura carinata bartschi, Cyclura carinata carinata",Predation,,0,1,,,3,2,,2,,,,2,,,,,2025-01-01T00:00:00Z,355,included_species,Reptiles
Cyclura collei,Cyclura collei,206739532,6027,Neotropical,Terrestrial,2021-08-25 00:00:00 UTC,Critically Endangered,3.1,Increasing,NA,Predation,,1,,,,1,3,,1,,,,0,,,,,2025-05-01T00:00:00Z,,included_species,Reptiles
Cyclura cornuta,Cyclura cornuta,3099941,6042,Neotropical,Terrestrial,2018-01-10 00:00:00 UTC,Endangered,3.1,Decreasing,"Cyclura cornuta cornuta, Aloponotus cornutus, Iguana cornuta, Lacerta cornuta, Metopoceros cornutus",Predation,,0,,,,0,3,,1,,,,0,,,,,2025-01-01T00:00:00Z,,included_species,
Cyclura cychlura,Cyclura cychlura,12356382,6035,Neotropical,Terrestrial,2004-04-30 00:00:00 UTC,Vulnerable,3.1,Decreasing,"Cyclura baeolopha, Iguana cychlura",Predation,,0,,,,0,2,,1,,,,Not attributed,,,,,2025-01-01T00:00:00Z,,included_species,
Cyclura lewisi,Cyclura lewisi,2994409,44275,Neotropical,Terrestrial,2012-06-10 00:00:00 UTC,Endangered,3.1,Increasing,"Cyclura macleayi lewisi, Cyclura nubila lewisi",Predation,,0,,,,1,2,,1,,,,0,,,,,2025-01-01T00:00:00Z,,included_species,Reptiles
Cyclura onchiopsis,Cyclura onchiopsis,6955940,173001,Neotropical,Terrestrial,2010-09-23 00:00:00 UTC,Extinct,3.1,,Cyclura cornuta onchiopsis,Predation,,0,,,,1,,,,,,,,,,,,2025-01-01T00:00:00Z,,included_species,
Cyclura pinguis,Cyclura pinguis,3098403,6031,Neotropical,Terrestrial,2019-11-02 00:00:00 UTC,Critically Endangered,3.1,Increasing,"Cyclura mattea, Cyclura portoricensis",Predation,,0,,,1,2,2,,1,,,,0,,,,,2025-01-01T00:00:00Z,,included_species,Reptiles
Cyclura ricordii,Cyclura ricordii,3098833,6032,Neotropical,Terrestrial,2018-02-13 00:00:00 UTC,Endangered,3.1,Decreasing,"Aloponotus ricordii, Cyclura ricordi, Hypsilophus ricordii, Metopoceros cornutus",Predation,,0,,,,2,1,,,,,,0,,,,,2025-01-01T00:00:00Z,,included_species,
Cyclura stejnegeri,Cyclura stejnegeri,2790768,29605,Neotropical,Terrestrial,2019-12-19 00:00:00 UTC,Critically Endangered,3.1,Increasing,Cyclura cornuta stejnegeri,Predation,,0,,,,1,1,,,,,,1,,,,,2025-01-01T00:00:00Z,,included_species,Reptiles
Cylindrophis isolepis,Cylindrophis isolepis,42492712,42492703,Australasian,Terrestrial,2019-08-08 00:00:00 UTC,Critically Endangered,3.1,Unknown,NA,Predation,,0,,,,1,,,,,,,,,,,,2025-02-01T00:00:00Z,,included_species,
Cyrtodactylus khelangensis,Cyrtodactylus khelangensis,104718601,104692853,Indomalayan,Terrestrial,2017-05-23 00:00:00 UTC,Endangered,3.1,Decreasing,NA,Predation,,0,,,,1,,,,,,,,,,,,2025-03-01T00:00:00Z,,included_species,
Cyrtodactylus sadleiri,Cyrtodactylus sadleiri,129322054,102731769,Australasian,Terrestrial,2017-02-20 00:00:00 UTC,Endangered,3.1,Decreasing,NA,Predation,,0,,,,0,,,,,,,,,,,,2025-04-01T00:00:00Z,,included_species,
Cyrtodactylus soba,Cyrtodactylus soba,123312107,197219,Indomalayan,Terrestrial,2019-09-17 00:00:00 UTC,Vulnerable,3.1,Unknown,Cyrtodactylus srilankensis,Predation,,0,,,,0,,,,,,,,,,,,2025-04-01T00:00:00Z,,included_species,Reptiles
Cyrtodactylus thirakhupti,Cyrtodactylus thirakhupti,104718826,104716724,Indomalayan,Terrestrial,2017-05-23 00:00:00 UTC,Near Threatened,3.1,Unknown,NA,Predation,,0,,,,0,,,,,,,,,,,,2025-03-01T00:00:00Z,,included_species,
Cyrtodactylus yakhuna,Cyrtodactylus yakhuna,104716867,104716837,Indomalayan,Terrestrial,2019-09-17 00:00:00 UTC,Vulnerable,3.1,Unknown,Gymnodactylus yakhuna,Predation,,0,,,,0,,,,,,,,,,,,2025-03-01T00:00:00Z,,included_species,
Dasia haliana,Dasia haliana,1366811,172685,Indomalayan,Terrestrial,2019-09-14 00:00:00 UTC,Vulnerable,3.1,Unknown,Euprepes halianus,Predation,,0,,,,0,,,,,,,,,,,,2025-01-01T00:00:00Z,,included_species,
Dasycercus cristicauda,Dasycercus cristicauda,21945813,6266,Australasian,Terrestrial,2014-03-18 00:00:00 UTC,Near Threatened,3.1,Stable,"Chaetocercus cristicauda, Dasycercus hillieri",Predation,,4,,6,,1,,1,1,1,,,,,,,,2025-01-01T00:00:00Z,100,included_species,Mammals
Dasyornis brachypterus,Dasyornis brachypterus,211760838,22704507,Australasian,Terrestrial|Freshwater (=Inland waters),2022-01-06 00:00:00 UTC,Vulnerable,3.1,Decreasing,NA,Predation,,0,,,,1,1,,,,3,1,,,,,,2025-05-01T00:00:00Z,41.8,included_species,Birds
Dasyornis longirostris,Dasyornis longirostris,208565657,22704502,Australasian,Terrestrial,2022-01-27 00:00:00 UTC,Endangered,3.1,Decreasing,NA,Predation,,0,,,,1,3,,,,2,2,,,,,,2025-05-01T00:00:00Z,32.7,included_species,Birds
Dasyurus albopunctatus,Dasyurus albopunctatus,21946965,6299,Australasian,Terrestrial,2016-06-29 00:00:00 UTC,Near Threatened,3.1,Decreasing,Satanellus albopunctatus,Competition,,0,,,,0,,,,,,,,,,,,2025-01-01T00:00:00Z,637,excluded_species,Mammals
Dasyurus geoffroii,Dasyurus geoffroii,21947461,6294,Australasian,Terrestrial,2012-12-31 00:00:00 UTC,Near Threatened,3.1,Stable,NA,Predation,,18,,10,,0,,1,1,1,,,,,,,,2025-01-01T00:00:00Z,1100,included_species,Mammals
Dasyurus hallucatus,Dasyurus hallucatus,21947321,6295,Australasian,Terrestrial,2015-06-15 00:00:00 UTC,Endangered,3.1,Decreasing,Satanellus hallucatus,"Disease, Predation",,10,,9,,0,3,0,,2,,,,,,,,2025-01-01T00:00:00Z,525,included_species,Mammals
Dasyurus maculatus,Dasyurus maculatus,21946847,6300,Australasian,Terrestrial,2015-06-15 00:00:00 UTC,Near Threatened,3.1,Decreasing,NA,Competition,,22,,2,,0,,1,1,1,,,,,,,,2025-01-01T00:00:00Z,5500,excluded_species,Mammals
Dasyurus spartacus,Dasyurus spartacus,21947093,6301,Australasian,Terrestrial,2016-06-30 00:00:00 UTC,Near Threatened,3.1,Unknown,Satanellus spartacus,Predation,,0,,,,1,,,,,,,,,,,,2025-01-01T00:00:00Z,1212.6,included_species,Mammals
Dasyurus viverrinus,Dasyurus viverrinus,21947190,6296,Australasian,Terrestrial,2014-03-15 00:00:00 UTC,Endangered,3.1,Decreasing,"Didelphis viverrina, Satanellus viverrinus","Competition, Predation",,11,,5,,2,,0,,2,,,,,,,,2025-01-01T00:00:00Z,1090,included_species,Mammals
Delma impar,Delma impar,101742864,6315,Australasian,Terrestrial,2017-06-13 00:00:00 UTC,Endangered,3.1,Decreasing,Pseudodelma impar,Predation,,0,,,,2,,,,,,,,,,,,2025-03-01T00:00:00Z,,included_species,
Dendrocygna arborea,Dendrocygna arborea,154611660,22679770,Neotropical,Terrestrial|Freshwater (=Inland waters)|Marine,2019-07-16 00:00:00 UTC,Near Threatened,3.1,Decreasing,NA,Predation,,0,,,,2,1,,,,,,,,,,,2025-06-01T00:00:00Z,1150,included_species,Birds
Didunculus strigirostris,Didunculus strigirostris,156841404,22691890,Oceanian,Terrestrial,2016-10-01 00:00:00 UTC,Critically Endangered,3.1,Decreasing,NA,Predation,,0,9,,,2,3,,,,,,,,,,,2025-06-01T00:00:00Z,400,included_species,Birds
Dierogekko inexpectatus,Dierogekko inexpectatus,123251434,176154,Australasian,Terrestrial,2017-12-11 00:00:00 UTC,Critically Endangered,3.1,Decreasing,NA,Predation,,0,2,,,1,3,,,,,,,,,,,2025-04-01T00:00:00Z,,included_species,
Dierogekko insularis,Dierogekko insularis,123257548,176200,Australasian,Terrestrial,2017-12-11 00:00:00 UTC,Endangered,3.1,Decreasing,NA,Predation,,0,,,,1,,,,,,,,,,,,2025-04-01T00:00:00Z,,included_species,
Dierogekko kaalaensis,Dierogekko kaalaensis,123255835,176187,Australasian,Terrestrial,2017-12-11 00:00:00 UTC,Critically Endangered,3.1,Decreasing,NA,Predation,,0,,,,2,2,,,,,,,,,,,2025-04-01T00:00:00Z,,included_species,
Dierogekko koniambo,Dierogekko koniambo,123254414,176177,Australasian,Terrestrial,2017-12-11 00:00:00 UTC,Critically Endangered,3.1,Decreasing,NA,Predation,,0,,,,2,2,,,,,,,,,,,2025-04-01T00:00:00Z,,included_species,
Dierogekko nehoueensis,Dierogekko nehoueensis,123251745,176158,Australasian,Terrestrial,2017-12-11 00:00:00 UTC,Endangered,3.1,Decreasing,NA,Predation,,0,1,,,1,2,,,,,,,,,,,2025-04-01T00:00:00Z,,included_species,
Dierogekko poumensis,Dierogekko poumensis,123254583,176178,Australasian,Terrestrial,2017-12-11 00:00:00 UTC,Critically Endangered,3.1,Decreasing,NA,Predation,,0,,,,1,2,,,,,,,,,,,2025-04-01T00:00:00Z,,included_species,
Dierogekko thomaswhitei,Dierogekko thomaswhitei,123250842,176150,Australasian,Terrestrial,2017-12-11 00:00:00 UTC,Critically Endangered,3.1,Decreasing,NA,Predation,,0,,,,2,2,,,,,,,,,,,2025-04-01T00:00:00Z,,included_species,
Dierogekko validiclavis,Dierogekko validiclavis,123256909,176196,Australasian,Terrestrial,2017-12-11 00:00:00 UTC,Endangered,3.1,Decreasing,Bavayia validiclavis,Predation,,0,,,,1,2,,,,,,,,,,,2025-04-01T00:00:00Z,,included_species,
Diomedea amsterdamensis,Diomedea amsterdamensis,132397831,22698310,Afrotropical|Antarctic,Terrestrial|Marine,2018-08-07 00:00:00 UTC,Endangered,3.1,Increasing,NA,Predation,,0,,,,1,2,,2,,,,,,,,,2025-04-01T00:00:00Z,6270,included_species,Birds
Diomedea antipodensis,Diomedea antipodensis,132656045,22728318,Neotropical|Oceanian,Terrestrial|Marine,2018-08-07 00:00:00 UTC,Endangered,3.1,Decreasing,NA,Predation,,0,,,,1,1,,,,0,0,,,,,,2025-05-01T00:00:00Z,6961.29,included_species,Birds
Diomedea dabbenena,Diomedea dabbenena,132657527,22728364,Afrotropical|Neotropical,Terrestrial|Marine,2018-08-07 00:00:00 UTC,Critically Endangered,3.1,Decreasing,Diomedea chionoptera chionoptera,Predation,,1,,,,0,,,,,Not attributed,Not attributed,,,,,,2025-05-01T00:00:00Z,6961.29,included_species,Birds
Diomedea epomophora,Diomedea epomophora,132641187,22698314,Afrotropical|Neotropical|Oceanian,Terrestrial|Marine,2018-08-07 00:00:00 UTC,Vulnerable,3.1,Stable,NA,Predation,,0,,,,3,1,,1,,Not attributed,0,,,,,,2025-05-01T00:00:00Z,8905.61,included_species,Birds
Diomedea exulans,Diomedea exulans,132640680,22698305,Afrotropical|Neotropical|Oceanian,Terrestrial|Marine,2018-08-07 00:00:00 UTC,Vulnerable,3.1,Decreasing,NA,Predation,,6,,,,1,1,,,,Not attributed,0,,,,,,2025-05-01T00:00:00Z,6961.29,included_species,Birds
Diomedea sanfordi,Diomedea sanfordi,132656392,22728323,Afrotropical|Antarctic|Neotropical|Oceanian,Terrestrial|Marine,2018-08-07 00:00:00 UTC,Endangered,3.1,Decreasing,NA,Predation,,0,,,,0,2,,,,Not attributed,Not attributed,,,,,,2025-05-01T00:00:00Z,8905.61,included_species,Birds
Diploglossus montisserrati,Diploglossus montisserrati,115082920,6638,Neotropical,Terrestrial,2014-07-20 00:00:00 UTC,Critically Endangered,3.1,Unknown,NA,Predation,,0,,,,1,,,,,,,,,,,,2025-04-01T00:00:00Z,,included_species,
Diplothrix legata,Diplothrix legata,22459891,6671,Indomalayan,Terrestrial,2015-12-14 00:00:00 UTC,Endangered,3.1,Decreasing,Diplothrix legatus,Predation,,1,,,,0,3,,,,,,,,,,,2025-02-01T00:00:00Z,505.9,included_species,Mammals
Dipodomys stephensi,Dipodomys stephensi,22228640,6682,Nearctic,Terrestrial,2016-07-11 00:00:00 UTC,Vulnerable,3.1,Decreasing,NA,Predation,,0,,,,0,,,,,,,,,,,,2025-01-01T00:00:00Z,69.8,included_species,Mammals
Diporiphora vescus,Diporiphora vescus,83491797,83491786,Australasian,Terrestrial,2017-02-22 00:00:00 UTC,Vulnerable,3.1,Unknown,NA,Predation,,0,,,,0,,,,,,,,,,,,2025-03-01T00:00:00Z,,included_species,
Dryolimnas augusti,Dryolimnas augusti,261999490,62258591,Afrotropical,Terrestrial|Freshwater (=Inland waters),2024-07-01 00:00:00 UTC,Extinct,3.1,,NA,Predation,,0,,,,1,1,,,,,,,,,0,,2025-01-01T00:00:00Z,,included_species,
Ducula aurorae,Ducula aurorae,118663538,22691668,Oceanian,Terrestrial,2017-10-01 00:00:00 UTC,Endangered,3.1,Increasing,NA,Predation,,0,,,,1,,,,,,,,,,,,2025-04-01T00:00:00Z,507.19,included_species,Birds
Ducula galeata,Ducula galeata,218092219,22691674,Oceanian,Terrestrial,2023-06-15 00:00:00 UTC,Endangered,3.1,Increasing,Serresius galeatus,Predation,,0,,,,3,1,,1,,,,,,,,,2025-07-01T00:00:00Z,605,included_species,Birds
Dysmorodrepanis munroi,Dysmorodrepanis munroi,244849755,22720738,Oceanian,Terrestrial,2023-09-11 00:00:00 UTC,Extinct,3.1,,NA,Predation,,0,,,,1,1,,,,,,,,,1,,2025-05-01T00:00:00Z,,included_species,
Elanus scriptus,Elanus scriptus,212864152,22695039,Australasian,Terrestrial|Freshwater (=Inland waters),2022-01-17 00:00:00 UTC,Near Threatened,3.1,Stable,NA,"Competition, Predation",,1,,,,3,,,,,2,2,,,,,,2025-05-01T00:00:00Z,316,included_species,Birds
Eleutherodactylus barlagnei,Eleutherodactylus barlagnei,3039910,56451,Neotropical,Terrestrial|Freshwater (=Inland waters),2020-11-10 00:00:00 UTC,Endangered,3.1,Decreasing,NA,Predation,,0,,,,0,,,,,,,,,,,,2025-01-01T00:00:00Z,,included_species,
Eleutherodactylus cavernicola,Eleutherodactylus cavernicola,3137506,7143,Neotropical,Terrestrial,2020-10-07 00:00:00 UTC,Critically Endangered,3.1,Decreasing,NA,Predation,,0,,,,0,,,,,,,,,,,,2025-01-01T00:00:00Z,,included_species,
Eleutherodactylus pinchoni,Eleutherodactylus pinchoni,3051801,56860,Neotropical,Terrestrial,2020-11-10 00:00:00 UTC,Endangered,3.1,Decreasing,NA,Predation,,0,,,,0,,,,,,,,,,,,2025-01-01T00:00:00Z,,included_species,
Eliomys quercinus,Eliomys quercinus,3139783,7618,Palearctic,Terrestrial,2023-02-27 00:00:00 UTC,Vulnerable,3.1,Decreasing,Mus quercinus,Predation,,2,,,,1,,,,,,,,,,,,2025-01-01T00:00:00Z,115,included_species,Mammals
Emberiza socotrana,Emberiza socotrana,118847061,22720940,Afrotropical|Palearctic,Terrestrial,2017-10-01 00:00:00 UTC,Near Threatened,3.1,Stable,NA,Predation,,0,,,,0,2,,,,,,,,,,,2025-04-01T00:00:00Z,14.42,included_species,Birds
Emoia adspersa,Emoia adspersa,1527142,178217,Oceanian,Terrestrial,2011-09-12 00:00:00 UTC,Endangered,3.1,Decreasing,"Eumeces adspersus, Eumeces microlepis, Euprepes parvisquameus",Predation,,0,,,,1,1,,,,,,,,,,,2025-01-01T00:00:00Z,,included_species,
Emoia concolor,Emoia concolor,2464821,196601,Oceanian,Terrestrial,2011-09-12 00:00:00 UTC,Near Threatened,3.1,Unknown,Gongylus concolor,Predation,,0,,,,1,,,,,,,,,,,,2025-01-01T00:00:00Z,,included_species,
Emoia lawesi,Emoia lawesi,1537910,178528,Oceanian,Terrestrial,2011-09-16 00:00:00 UTC,Endangered,3.1,Unknown,Mabouia lawesii,Predation,,0,,,,0,1,,,,,,,,,,,2025-01-01T00:00:00Z,,included_species,
Emoia loyaltiensis,Emoia loyaltiensis,123257233,176198,Australasian,Terrestrial,2017-12-11 00:00:00 UTC,Vulnerable,3.1,Decreasing,Lygosoma samoense,Predation,,0,,,1,1,1,,,,,,,,,,,2025-04-01T00:00:00Z,,included_species,Reptiles
Emoia samoensis,Emoia samoensis,2467000,196618,Oceanian,Terrestrial,2011-09-14 00:00:00 UTC,Endangered,3.1,Decreasing,Gongylus samoensis,Predation,,0,,,,0,1,,,,,,,,,,,2025-01-01T00:00:00Z,,included_species,
Emoia tuitarere,Emoia tuitarere,2467555,196623,Oceanian,Terrestrial,2011-09-14 00:00:00 UTC,Vulnerable,3.1,Unknown,NA,Predation,,0,,,,1,1,,,,,,,,,,,2025-01-01T00:00:00Z,,included_species,
Epibator greeri,Epibator greeri,123131743,176133,Australasian,Terrestrial,2017-12-11 00:00:00 UTC,Endangered,3.1,Decreasing,"Leiolopisma greeri, Lioscincus greeri",Predation,,0,,,,1,,,,,,,,,,,,2025-04-01T00:00:00Z,,included_species,
Erythrolamprus juliae,Erythrolamprus juliae,50956204,50956167,Neotropical,Terrestrial,2015-07-21 00:00:00 UTC,Near Threatened,3.1,Decreasing,"Aporophis juliae, Liophis juliae",Predation,,0,,,,0,,,,,,,,,,,,2025-03-01T00:00:00Z,,included_species,
Erythrolamprus perfuscus,Erythrolamprus perfuscus,115104581,12081,Neotropical,Terrestrial,2015-07-21 00:00:00 UTC,Extinct,3.1,,NA,Predation,,0,,,,0,,,,,,,,,,,,2025-04-01T00:00:00Z,,included_species,
Eudyptes pachyrhynchus,Eudyptes pachyrhynchus,182279725,22697776,Oceanian,Terrestrial|Marine,2020-08-18 00:00:00 UTC,Near Threatened,3.1,Decreasing,NA,Predation,,0,,,,1,2,,1,,,,,,,,,2025-07-01T00:00:00Z,3904.88,included_species,Birds
Euleptes europaea,Euleptes europaea,12486542,61446,Palearctic,Terrestrial,2008-12-14 00:00:00 UTC,Near Threatened,3.1,Unknown,Phyllodactylus europaeus,Predation,,0,,,,0,,,,,,,,,,,,2025-01-01T00:00:00Z,,included_species,
Eupleres goudotii,Eupleres goudotii,45204582,68336601,Afrotropical,Terrestrial,2015-03-02 00:00:00 UTC,Vulnerable,3.1,Decreasing,Eupleres goudotii goudotti,"Competition, Predation",,2,,,,1,,,,,,,,,,,,2025-03-01T00:00:00Z,3000,included_species,Mammals
Eupleres major,Eupleres major,45204313,39547,Afrotropical,Terrestrial,2015-03-02 00:00:00 UTC,Endangered,3.1,Decreasing,Eupleres goudotii major,Predation,,0,,,,0,,,,,,,,,,,,2025-03-01T00:00:00Z,2715.2,included_species,Mammals
Eupsittula nana,Eupsittula nana,179402014,45418540,Neotropical,Terrestrial,2020-08-28 00:00:00 UTC,Near Threatened,3.1,Decreasing,NA,Predation,,0,,,,0,,,,,,,,,,,,2025-07-01T00:00:00Z,76.9,included_species,Birds
Eupsophus insularis,Eupsophus insularis,79809055,8375,Neotropical,Terrestrial|Freshwater (=Inland waters),2018-05-28 00:00:00 UTC,Critically Endangered,3.1,Decreasing,Cystignathus insularis,Predation,,0,,,,2,,,,,,,,,,,,2025-03-01T00:00:00Z,,included_species,
Eurostopodus exul,Eurostopodus exul,130437059,22726340,Oceanian,Terrestrial|Freshwater (=Inland waters)|Marine,2018-08-07 00:00:00 UTC,Critically Endangered,3.1,Unknown,NA,Predation,,0,,,,0,1,,,,,,,,,,,2025-04-01T00:00:00Z,77,included_species,Birds
Eurostopodus nigripennis,Eurostopodus nigripennis,226250634,22725672,Australasian,Terrestrial|Freshwater (=Inland waters)|Marine,2023-02-09 00:00:00 UTC,Vulnerable,3.1,Decreasing,NA,Predation,,0,2,,,2,,,,,,,,,,,,2025-07-01T00:00:00Z,134.52,included_species,Birds
Eurydactylodes agricolae,Eurydactylodes agricolae,123252637,176165,Australasian,Terrestrial,2017-12-11 00:00:00 UTC,Near Threatened,3.1,Stable,NA,Predation,,0,,,,1,,,,,,,,,,,,2025-04-01T00:00:00Z,,included_species,
Eurydactylodes occidentalis,Eurydactylodes occidentalis,123258219,176204,Australasian,Terrestrial,2017-12-11 00:00:00 UTC,Endangered,3.1,Decreasing,NA,Predation,,0,,,,2,2,,,,,,,,,,,2025-04-01T00:00:00Z,,included_species,
Eurydactylodes symmetricus,Eurydactylodes symmetricus,123249462,176141,Australasian,Terrestrial,2017-12-11 00:00:00 UTC,Near Threatened,3.1,Decreasing,Eurydactylus symmetricus,Predation,,0,,,,1,1,,,,,,,,,,,2025-04-01T00:00:00Z,,included_species,
Eurydactylodes vieillardi,Eurydactylodes vieillardi,123253576,176172,Australasian,Terrestrial,2017-12-11 00:00:00 UTC,Near Threatened,3.1,Decreasing,Platydactylus vieillardi,Predation,,0,,,,2,,,,,,,,,,,,2025-04-01T00:00:00Z,,included_species,
Falco araeus,Falco araeus,227717030,22696380,Afrotropical,Terrestrial,2023-03-22 00:00:00 UTC,Vulnerable,3.1,Stable,Falco araea,Predation,,0,,,,6,,,,,,,,,,,,2025-07-01T00:00:00Z,79.77,included_species,Birds
Falco punctatus,Falco punctatus,226885309,22696373,Afrotropical,Terrestrial,2023-02-08 00:00:00 UTC,Endangered,3.1,Decreasing,NA,Predation,,0,,,,2,2,,2,,,,,,,,,2025-01-01T00:00:00Z,167.41,included_species,Birds
Falsistrellus tasmaniensis,Falsistrellus tasmaniensis,22123618,17367,Australasian,Terrestrial,2019-08-18 00:00:00 UTC,Vulnerable,3.1,Decreasing,Pipistrellus tasmaniensis,Predation,,0,,0,,0,,Cats not mentioned,,Cats not mentioned,,,,0,Cats not mentioned,,,2025-01-01T00:00:00Z,22.7,included_species,Mammals
Flexiseps valhallae,Flexiseps valhallae,160883299,160883244,Afrotropical,Terrestrial,2019-10-24 00:00:00 UTC,Critically Endangered,3.1,Decreasing,"Amphiglossus valhallae, Scelotes valhallae, Sepsina valhallae",Predation,,0,,,,0,,,,,,,,,,,,2025-06-01T00:00:00Z,,included_species,
Fossa fossana,Fossa fossana,45197868,8668,Afrotropical,Terrestrial,2015-03-02 00:00:00 UTC,Vulnerable,3.1,Decreasing,Viverra fossa,Competition,,2,,,1,2,,,,,,,,,,,,2025-03-01T00:00:00Z,1500,excluded_species,Mammals
Foudia aldabrana,Foudia aldabrana,180471815,103811282,Afrotropical,Terrestrial,2020-07-30 00:00:00 UTC,Endangered,3.1,Increasing,NA,Predation,,0,,,,0,,,,,,,,,,,,2025-07-01T00:00:00Z,24.51,included_species,Birds
Foudia flavicans,Foudia flavicans,94614670,22719159,Afrotropical,Terrestrial,2016-10-01 00:00:00 UTC,Near Threatened,3.1,Increasing,NA,Predation,,0,,,,0,,,,,,,,,,,,2025-03-01T00:00:00Z,15.34,included_species,Birds
Fregata aquila,Fregata aquila,132597828,22697728,Afrotropical,Terrestrial|Marine,2018-08-10 00:00:00 UTC,Vulnerable,3.1,Stable,NA,Predation,,0,,,,0,2,,1,,,,,,,,,2025-04-01T00:00:00Z,1620,included_species,Birds
Fregetta maoriana,Fregetta maoriana,132659638,22728808,Oceanian,Terrestrial|Marine,2018-08-07 00:00:00 UTC,Critically Endangered,3.1,Unknown,"Oceanites maorianus, Pealeornis maoriana",Predation,,0,,,,0,,,,,,,,,,,,2025-06-01T00:00:00Z,34.5,included_species,Birds
Fringilla teydea,Fringilla teydea,205778691,103822567,Palearctic,Terrestrial,2021-08-23 00:00:00 UTC,Near Threatened,3.1,Increasing,NA,Predation,,1,,,,1,,,,,,,,,,,,2025-07-01T00:00:00Z,30.3,included_species,Birds
Fulica alai,Fulica alai,218635331,22692920,Oceanian,Terrestrial|Freshwater (=Inland waters)|Marine,2023-07-20 00:00:00 UTC,Near Threatened,3.1,Stable,NA,Predation,,0,,,,3,1,,1,,,,,,,,,2025-07-01T00:00:00Z,459,included_species,Birds
Galemys pyrenaicus,Galemys pyrenaicus,227363991,8826,Palearctic,Terrestrial|Freshwater (=Inland waters),2023-02-09 00:00:00 UTC,Endangered,3.1,Decreasing,Mygale pyrenaica,Predation,,0,,,,0,,,,,,,,,,,,2025-07-01T00:00:00Z,60.2,included_species,Mammals
Pampusana erythroptera,Gallicolumba erythroptera,129084352,22691030,Oceanian,Terrestrial,2017-10-01 00:00:00 UTC,Critically Endangered,3.1,Decreasing,"Alopecoenas erythropterus, Gallicolumba erythroptera",Predation,,1,,,,0,,,,,,,,,,,,2025-04-01T00:00:00Z,113.5,included_species,Birds
Gallinula nesiotis,Gallinula nesiotis,262209629,22728763,Afrotropical,Terrestrial|Freshwater (=Inland waters),2024-07-03 00:00:00 UTC,Extinct,3.1,,NA,Predation,,0,,,,2,,,,,,,,,,Not attributed,,2025-01-01T00:00:00Z,,included_species,
Gallirallus lafresnayanus,Gallirallus lafresnayanus,93351848,22692388,Oceanian,Terrestrial,2016-10-01 00:00:00 UTC,Critically Endangered,3.1,Unknown,Tricholimnas lafresnayanus lafresnayanus,Predation,,0,1,,,0,2,,,,,,,,,1,,2025-03-01T00:00:00Z,,included_species,
Gallotia bravoana,Gallotia bravoana,137850527,61502,Palearctic,Terrestrial,2022-10-07 00:00:00 UTC,Endangered,3.1,Unknown,"Gallotia gomerana, Gallotia simonyi gomerana, Gallotia simonyi bravoana",Predation,,1,,,,0,2,,,,,,,,,,,2025-06-01T00:00:00Z,,included_species,
Gallotia intermedia,Gallotia intermedia,207650471,61505,Palearctic,Terrestrial,2022-10-07 00:00:00 UTC,Endangered,3.1,Decreasing,NA,Predation,,1,2,,,2,2,,1,,,,,,,,,2025-07-01T00:00:00Z,,included_species,Reptiles
Gallotia simonyi,Gallotia simonyi,137842652,8881,Palearctic,Terrestrial,2022-10-07 00:00:00 UTC,Vulnerable,3.1,Unknown,Lacerta simonyi,Predation,,1,,,,1,2,,3,,,,,,,,,2025-06-01T00:00:00Z,,included_species,Reptiles
Galvarinus chilensis,Galvarinus chilensis,61320360,177567,Neotropical,Terrestrial,2015-05-28 00:00:00 UTC,Near Threatened,3.1,Decreasing,"Coronella chilensis, Dipsas chilensis, Tachymenis chilensis",Predation,,0,,,,0,,,,,,,,,,,,2025-03-01T00:00:00Z,,included_species,
Gastrotheca lojana,Gastrotheca lojana,57460905,57460899,Neotropical,Terrestrial|Freshwater (=Inland waters),2016-07-18 00:00:00 UTC,Vulnerable,3.1,Decreasing,Gastrotheca marsupiata lojana,Predation,,0,,,,0,,,,,,,,,,,,2025-03-01T00:00:00Z,,included_species,
Gekko lauhachindai,Gekko lauhachindai,104718921,104717581,Indomalayan,Terrestrial,2017-05-24 00:00:00 UTC,Critically Endangered,3.1,Decreasing,NA,Predation,,0,,,,1,,,,,,,,,,,,2025-03-01T00:00:00Z,,included_species,
Geocapromys brownii,Geocapromys brownii,22186569,9001,Neotropical,Terrestrial,2017-02-03 00:00:00 UTC,Endangered,3.1,Decreasing,NA,Predation,,0,,,,1,,,,,,,,,,,,2025-01-01T00:00:00Z,1500,included_species,Mammals
Geocapromys ingrahami,Geocapromys ingrahami,224590046,9002,Neotropical,Terrestrial,2024-06-09 00:00:00 UTC,Critically Endangered,3.1,Decreasing,Capromys ingrahami,Predation,,0,,,,1,,,,,,,,,,,,2025-07-01T00:00:00Z,800,included_species,Mammals
Geocapromys thoracatus,Geocapromys thoracatus,22186735,9003,Neotropical,Terrestrial,2018-01-26 00:00:00 UTC,Extinct,3.1,,Capromys brachyurus thoractus,Predation,,0,,,,0,1,,2,,,,,,,,,2025-01-01T00:00:00Z,890,included_species,Mammals
Geokichla guttata,Geokichla guttata,180490672,22708464,Afrotropical,Terrestrial,2020-08-14 00:00:00 UTC,Vulnerable,3.1,Decreasing,"Turdus fischeri fischeri, Zoothera fischeri fischeri, Zoothera guttata",Predation,,0,,,,2,,,,,,,,,,,,2025-07-01T00:00:00Z,57.5,included_species,Birds
Geospiza heliobates,Geospiza heliobates,182523098,22723786,Neotropical,Terrestrial,2021-07-19 00:00:00 UTC,Critically Endangered,3.1,Decreasing,Camarhynchus heliobates,Predation,,0,,,,0,,,,,,,,,,,,2025-07-01T00:00:00Z,18,included_species,Birds
Geospiza pauper,Geospiza pauper,130488958,22723773,Neotropical,Terrestrial,2018-08-07 00:00:00 UTC,Critically Endangered,3.1,Decreasing,Camarhynchus pauper,Predation,,0,,,,0,,,,,,,,,,,,2025-04-01T00:00:00Z,16,included_species,Birds
Geospiza psittacula,Geospiza psittacula,182382400,22723768,Neotropical,Terrestrial,2020-08-19 00:00:00 UTC,Vulnerable,3.1,Decreasing,Camarhynchus psittacula,Predation,,0,,,,1,,,,,,,,,,,,2025-07-01T00:00:00Z,18.7,included_species,Birds
Gonatodes daudini,Gonatodes daudini,71748321,194258,Neotropical,Terrestrial,2019-02-16 00:00:00 UTC,Critically Endangered,3.1,Stable,NA,Predation,,0,,,,1,1,,,,,,,,,,,2025-03-01T00:00:00Z,,included_species,
Gonatodes naufragus,Gonatodes naufragus,66083603,66083579,Neotropical,Terrestrial,2014-11-25 00:00:00 UTC,Near Threatened,3.1,Unknown,NA,Predation,,0,,,,0,,,,,,,,,,,,2025-03-01T00:00:00Z,,included_species,
Gongylomorphus bojerii,Gongylomorphus bojerii,217761064,62251,Afrotropical,Terrestrial,2015-05-11 00:00:00 UTC,Critically Endangered,3.1,Stable,Scincus bojerii,Predation,,0,,,,1,,,,,,,,,,,,2025-07-01T00:00:00Z,,included_species,
Gongylomorphus fontenayi,Gongylomorphus fontenayi,13482739,9316,Afrotropical,Terrestrial,2020-02-01 00:00:00 UTC,Endangered,3.1,Decreasing,Gongylomorphus bojerii fontenayi,Predation,,0,,,,6,,,,,,,,,,,,2025-01-01T00:00:00Z,,included_species,
Goniurosaurus kuroiwae,Goniurosaurus kuroiwae,96877452,98152257,Indomalayan,Terrestrial,2016-12-13 00:00:00 UTC,Vulnerable,3.1,Decreasing,"Eublepharis kuroiwae, Gymnodactylus albofasciatus kuroiwae",Predation,,0,,,,0,1,,,,,,,,,,,2025-03-01T00:00:00Z,,included_species,
Gymnomyza aubryana,Gymnomyza aubryana,130989260,22704320,Oceanian,Terrestrial,2018-08-06 00:00:00 UTC,Critically Endangered,3.1,Decreasing,NA,Predation,,0,,,,1,2,,,,,,,,,,,2025-04-01T00:00:00Z,195.09,included_species,Birds
Gymnomyza samoensis,Gymnomyza samoensis,218300594,22704317,Oceanian,Terrestrial,2023-09-08 00:00:00 UTC,Endangered,3.1,Decreasing,NA,Predation,,0,,,,1,,,,,,,,,,,,2025-05-01T00:00:00Z,99,included_species,Birds
Haematopus chathamensis,Haematopus chathamensis,214047293,22693656,Australasian,Terrestrial|Marine,2022-04-12 00:00:00 UTC,Endangered,3.1,Stable,NA,Predation,,1,1,,,0,4,,,,,,,,,,,2025-05-01T00:00:00Z,598.66,included_species,Birds
Haematopus meadewaldoi,Haematopus meadewaldoi,205917399,22693621,Palearctic,Terrestrial|Marine,2021-08-03 00:00:00 UTC,Extinct,3.1,,NA,Predation,,0,,,,1,1,,,,,,,,,Not attributed,,2025-05-01T00:00:00Z,,included_species,
Haitiophis anomalus,Haitiophis anomalus,115326673,190577,Neotropical,Terrestrial,2015-07-21 00:00:00 UTC,Vulnerable,3.1,Decreasing,"Dromicus anomalus, Ocyophis anomalus, Zamensis anomalus",Predation,,0,,,,0,,,,,,,,,,,,2025-04-01T00:00:00Z,,included_species,
Heleioporus australiacus,Heleioporus australiacus,78436864,41046,Australasian,Terrestrial|Freshwater (=Inland waters),2021-11-17 00:00:00 UTC,Endangered,3.1,Decreasing,Rana australiaca,Predation,,0,,,,1,,,,,,,,,,,,2025-03-01T00:00:00Z,,included_species,
Hemidactylus bouvieri,Hemidactylus bouvieri,217782980,203840,Afrotropical,Terrestrial,2012-09-17 00:00:00 UTC,Critically Endangered,3.1,Unknown,"Emydactylus bouvieri, Hemidactylus cessacii",Predation,,,,,,0,,,,,,,,,,,,2025-07-01T00:00:00Z,,included_species,
Hemignathus affinis,Hemignathus affinis,209512755,103823664,Oceanian,Terrestrial,2024-02-26 00:00:00 UTC,Extinct,3.1,,NA,Predation,,0,,,,1,,,,,,,,,,,,2025-07-01T00:00:00Z,24.94,included_species,Birds
Hemignathus hanapepe,Hemignathus hanapepe,250432785,103823616,Oceanian,Terrestrial,2024-02-26 00:00:00 UTC,Extinct,3.1,,NA,Predation,,0,,,,1,,,,,,,,,,,,2025-07-01T00:00:00Z,24.94,included_species,Birds
Hemignathus wilsoni,Hemignathus wilsoni,221368605,22720799,Oceanian,Terrestrial,2022-10-07 00:00:00 UTC,Endangered,3.1,Decreasing,Hemignathus munroi,Predation,,0,,,,1,,,,,,,,,,,,2025-07-01T00:00:00Z,27.98,included_species,Birds
Hemiphaga chathamensis,Hemiphaga chathamensis,214005740,22732918,Australasian,Terrestrial,2022-04-19 00:00:00 UTC,Vulnerable,3.1,Increasing,NA,Predation,,0,1,,,0,1,,,,,,,,,,,2025-07-01T00:00:00Z,789,included_species,Birds
Henicophaps foersteri,Henicophaps foersteri,131925883,22690664,Oceanian,Terrestrial,2018-08-09 00:00:00 UTC,Vulnerable,3.1,Decreasing,NA,Predation,,0,,,,0,1,,,,,,,,,,,2025-04-01T00:00:00Z,247,included_species,Birds
Himantopus novaezelandiae,Himantopus novaezelandiae,129560535,22693690,Australasian,Freshwater (=Inland waters)|Marine,2016-10-01 00:00:00 UTC,Critically Endangered,3.1,Increasing,NA,Predation,,3,,,1,2,2,,,,,,,,,,,2025-04-01T00:00:00Z,195,included_species,Birds
Hipposideros demissus,Hipposideros demissus,22095744,10127,Australasian,Terrestrial,2019-07-29 00:00:00 UTC,Endangered,3.1,Unknown,NA,Predation,,0,,,,0,,,,,,,,Cats not mentioned,Cats not mentioned,,,2025-01-01T00:00:00Z,24.9,included_species,Mammals
Hipposideros dinops,Hipposideros dinops,22091011,10129,Australasian,Terrestrial,2021-07-30 00:00:00 UTC,Vulnerable,3.1,Decreasing,NA,Predation,,0,,,,0,,,,,,,,Cats not mentioned,Cats not mentioned,,,2025-01-01T00:00:00Z,71.9,included_species,Mammals
Holcosus orcesi,Holcosus orcesi,49981970,49981813,Neotropical,Terrestrial,2016-02-17 00:00:00 UTC,Critically Endangered,3.1,Unknown,Ameiva orcesi,Predation,,0,,,,0,,,,,,,,,,,,2025-03-01T00:00:00Z,,included_species,
Hoplocephalus stephensii,Hoplocephalus stephensii,83768293,177574,Australasian,Terrestrial,2017-06-13 00:00:00 UTC,Near Threatened,3.1,Decreasing,NA,Predation,,0,,,,1,,,,,,,,,,,,2025-03-01T00:00:00Z,,included_species,
Horornis haddeni,Horornis haddeni,131113724,22734397,Oceanian,Terrestrial,2018-08-07 00:00:00 UTC,Near Threatened,3.1,Decreasing,Cettia haddeni,Predation,,0,,,,0,,,,,,,,,,,,2025-04-01T00:00:00Z,24.8,included_species,Birds
Hydrobates leucorhous,Hydrobates leucorhous,132438484,132438298,Afrotropical|Nearctic|Neotropical|Oceanian|Palearctic,Terrestrial|Marine,2018-08-07 00:00:00 UTC,Vulnerable,3.1,Decreasing,"Hydrobates leucorhoa leucorhoa, Oceanodroma leucorhoa",Predation,,0,,,,0,,,,,,,,,,,,2025-04-01T00:00:00Z,36.71,included_species,Birds
Hydrobates macrodactylus,Hydrobates macrodactylus,132651919,22698530,Nearctic,Terrestrial|Marine,2018-08-07 00:00:00 UTC,Critically Endangered,3.1,Unknown,Oceanodroma macrodactyla,Predation,,0,,,1,0,1,,,,,,,,,,,2025-06-01T00:00:00Z,36.71,included_species,Birds
Hydrobates socorroensis,Hydrobates socorroensis,132452334,132450926,Afrotropical|Nearctic|Neotropical|Oceanian|Palearctic,Terrestrial|Marine,2018-08-14 00:00:00 UTC,Endangered,3.1,Decreasing,"Hydrobates leucorhous socorroensis, Oceanodroma socorroensis",Predation,,0,,,,1,,,,,,,,,,,,2025-04-01T00:00:00Z,36.71,included_species,Birds
Hymenolaimus malacorhynchos,Hymenolaimus malacorhynchos,214275489,22680121,Australasian,Terrestrial|Freshwater (=Inland waters),2022-06-28 00:00:00 UTC,Endangered,3.1,Decreasing,NA,Predation,,0,1,,,0,2,,,,,,,,,,,2025-07-01T00:00:00Z,829.99,included_species,Birds
Hypogeomys antimena,Hypogeomys antimena,216087357,10714,Afrotropical,Terrestrial,2022-04-10 00:00:00 UTC,Critically Endangered,3.1,Decreasing,NA,"Predation, disease",,0,,,,0,,,,,,,,,,,,2025-07-01T00:00:00Z,1250,included_species,Mammals
Hypotaenidia dieffenbachii,Hypotaenidia dieffenbachii,229313877,22692455,Australasian,Terrestrial,2023-03-02 00:00:00 UTC,Extinct,3.1,,Gallirallus dieffenbachii,Predation,,0,,,,1,1,,,,,,,,,Not attributed,,2025-05-01T00:00:00Z,,included_species,
Hypotaenidia okinawae,Hypotaenidia okinawae,181706825,22692412,Palearctic,Terrestrial|Freshwater (=Inland waters),2020-08-13 00:00:00 UTC,Endangered,3.1,Decreasing,"Gallirallus okinawae, Rallus okinawae",Predation,,1,,,,0,1,,,,,,,,,,,2025-07-01T00:00:00Z,433,included_species,Birds
Hypotaenidia owstoni,Hypotaenidia owstoni,156506469,22692441,Oceanian,Terrestrial,2019-08-12 00:00:00 UTC,Critically Endangered,3.1,Increasing,"Gallirallus owstoni, Rallus owstoni",Predation,,0,,,,2,2,,,,,,,,,,,2025-06-01T00:00:00Z,226.03,included_species,Birds
Hypotaenidia pacifica,Hypotaenidia pacifica,229345916,22692450,Oceanian,Terrestrial,2023-03-03 00:00:00 UTC,Extinct,3.1,,Gallirallus pacificus,Predation,,0,,,,2,1,,,,,,,,,0,,2025-05-01T00:00:00Z,,included_species,
Hypotaenidia poeciloptera,Hypotaenidia poeciloptera,228869111,22728740,Oceanian,Terrestrial,2023-02-24 00:00:00 UTC,Extinct,3.1,,"Nesoclopeus poeciloptera, Nesoclopeus poecilopterus",Predation,,0,,,,1,1,,,,,,,,,0,,2025-05-01T00:00:00Z,,included_species,
Hypotaenidia sylvestris,Hypotaenidia sylvestris,212806713,22692395,Australasian,Terrestrial,2022-01-14 00:00:00 UTC,Endangered,3.1,Increasing,"Gallirallus sylvestris, Ocydromus sylvestris, Tricholimnas sylvestris",Predation,,1,4,,,0,1,,,,,,,,,,,2025-07-01T00:00:00Z,494.38,included_species,Birds
Hypsirhynchus polylepis,Hypsirhynchus polylepis,115327609,190583,Neotropical,Terrestrial,2015-07-21 00:00:00 UTC,Endangered,3.1,Decreasing,"Arrhyton polylepis, Dromicus polylepis, Schwartzophis polylepis",Predation,,0,,,,1,,,,,,,,,,,,2025-04-01T00:00:00Z,,included_species,
Icterus northropi,Icterus northropi,197193663,22736369,Neotropical,Terrestrial,2021-08-04 00:00:00 UTC,Endangered,3.1,Decreasing,Icterus dominicensis,Predation,,0,,,,0,1,,,,,,,,,,,2025-07-01T00:00:00Z,40,included_species,Birds
Iguana delicatissima,Iguana delicatissima,122936983,10800,Neotropical,Terrestrial,2018-03-03 00:00:00 UTC,Critically Endangered,3.1,Decreasing,NA,Predation,,0,,,,0,1,,,,,,0,,,,,2025-04-01T00:00:00Z,,included_species,
Isoodon auratus,Isoodon auratus,115100163,10863,Australasian,Terrestrial,2012-12-31 00:00:00 UTC,Vulnerable,3.1,Decreasing,NA,Predation,,6,1,5,,2,3,1,1,0,,,,,,,,2025-04-01T00:00:00Z,425,included_species,Mammals
Junco insularis,Junco insularis,104279152,22721102,Neotropical,Terrestrial,2016-10-01 00:00:00 UTC,Endangered,3.1,Increasing,NA,Predation,,0,,,,0,,,,,,,,,,,,2025-03-01T00:00:00Z,21.95,included_species,Birds
Kanakysaurus viviparus,Kanakysaurus viviparus,123251904,176160,Australasian,Terrestrial,2017-12-11 00:00:00 UTC,Endangered,3.1,Decreasing,NA,Predation,,1,,,1,0,1,,,,,,,,,,,2025-04-01T00:00:00Z,,included_species,Reptiles
Kanakysaurus zebratus,Kanakysaurus zebratus,123256002,176189,Australasian,Terrestrial,2017-12-11 00:00:00 UTC,Endangered,3.1,Decreasing,NA,Predation,,0,,,1,1,1,,,,,,,,,,,2025-04-01T00:00:00Z,,included_species,Reptiles
Lacertoides pardalis,Lacertoides pardalis,123251293,176153,Australasian,Terrestrial,2017-12-11 00:00:00 UTC,Vulnerable,3.1,Decreasing,NA,Predation,,0,,,,1,1,,,,,,,,,,,2025-04-01T00:00:00Z,,included_species,
Lagorchestes asomatus,Lagorchestes asomatus,21954573,11160,Australasian,Terrestrial,2012-12-31 00:00:00 UTC,Extinct,3.1,,NA,Predation,,0,,0,,0,1,Cats not mentioned,,0,,,,,,,,2025-01-01T00:00:00Z,1500,included_species,Mammals
Lagostrophus fasciatus,Lagostrophus fasciatus,21955969,11171,Australasian,Terrestrial,2014-03-16 00:00:00 UTC,Vulnerable,3.1,Stable,Kangurus fasciatus,Predation,,1,,1,,1,3,0,1,0,,,,,,,,2025-01-01T00:00:00Z,1700,included_species,Mammals
Lalage newtoni,Lalage newtoni,94077305,22706569,Afrotropical,Terrestrial,2016-10-01 00:00:00 UTC,Critically Endangered,3.1,Decreasing,Coracina newtoni,Predation,,0,,,,0,,,,,,,,,,,,2025-03-01T00:00:00Z,42.9,included_species,Birds
Lanius ludovicianus,Lanius ludovicianus,179538598,22705042,Nearctic|Neotropical,Terrestrial,2020-08-30 00:00:00 UTC,Near Threatened,3.1,Decreasing,NA,Predation,,0,5,,,3,,,,,,,,,,,,2025-07-01T00:00:00Z,51.59,included_species,Birds
Lanius newtoni,Lanius newtoni,176427891,22705080,Afrotropical,Terrestrial,2020-06-01 00:00:00 UTC,Critically Endangered,3.1,Decreasing,NA,Predation,,0,,,,1,,,,,,,,,,,,2025-06-01T00:00:00Z,22.4,included_species,Birds
Larosterna inca,Larosterna inca,132576903,22694834,Neotropical,Terrestrial|Marine,2018-08-07 00:00:00 UTC,Near Threatened,3.1,Decreasing,NA,Predation,,1,,,,0,,,,,,,,,,,,2025-04-01T00:00:00Z,219,included_species,Birds
Larus bulleri,Larus bulleri,176994991,22694413,Oceanian,Terrestrial|Freshwater (=Inland waters)|Marine,2020-07-28 00:00:00 UTC,Near Threatened,3.1,Unknown,NA,Predation,,0,,,,1,1,,,,,,,,,,,2025-06-01T00:00:00Z,230.16,included_species,Birds
Larus fuliginosus,Larus fuliginosus,132552501,22694452,Neotropical,Terrestrial|Marine,2018-08-17 00:00:00 UTC,Vulnerable,3.1,Stable,NA,Predation,,0,,,,2,2,,,,,,,,,,,2025-04-01T00:00:00Z,380,included_species,Birds
Larvivora tanensis,Larvivora tanensis,104217117,103767625,Indomalayan|Palearctic,Terrestrial,2016-10-01 00:00:00 UTC,Vulnerable,3.1,Decreasing,NA,Predation,,0,,,,0,,,,,,,,,,,,2025-03-01T00:00:00Z,17,included_species,Birds
Laterallus spilonota,Laterallus spilonota,181476400,22692366,Neotropical,Terrestrial|Freshwater (=Inland waters),2020-08-11 00:00:00 UTC,Vulnerable,3.1,Decreasing,Laterallus spilonotus,Predation,,0,,,,0,1,,,,,,,,,,,2025-07-01T00:00:00Z,40.24,included_species,Birds
Leiocephalus eremitus,Leiocephalus eremitus,207443416,11388,Neotropical,Terrestrial,2015-07-23 00:00:00 UTC,Extinct,3.1,,Liocephalus eremitus,Predation,,0,1,,,3,1,,1,,,,,,,,,2025-07-01T00:00:00Z,,included_species,
Leiocephalus psammodromus,Leiocephalus psammodromus,115483438,75316425,Neotropical,Terrestrial,2015-07-24 00:00:00 UTC,Vulnerable,3.1,Decreasing,NA,Predation,,0,,,,1,,,,,,,,,,,,2025-04-01T00:00:00Z,,included_species,Reptiles
Leiocephalus varius,Leiocephalus varius,75607574,75319032,Neotropical,Terrestrial,2019-12-03 00:00:00 UTC,Endangered,3.1,Decreasing,Leiocephalus carinatus varius,Predation,,0,,,,0,,,,,,,,,,,,2025-03-01T00:00:00Z,,included_species,
Leiolopisma alazon,Leiolopisma alazon,2468178,196628,Oceanian,Terrestrial,2011-09-13 00:00:00 UTC,Critically Endangered,3.1,Decreasing,NA,Predation,,0,,,,0,1,,,,,,,,,,,2025-01-01T00:00:00Z,,included_species,
Leiolopisma ceciliae,Leiolopisma ceciliae,17023949,17023550,Afrotropical,Terrestrial,2019-02-19 00:00:00 UTC,Extinct,3.1,,NA,Predation,,0,,,,1,,,,,,,,,,,,2025-01-01T00:00:00Z,,included_species,
Leiolopisma telfairii,Leiolopisma telfairii,152276731,11409,Afrotropical,Terrestrial,2018-01-05 00:00:00 UTC,Vulnerable,3.1,Increasing,"Lygosoma telfairii, Scincus telfairii",Predation,,0,,,,3,,,,,,,,,,,,2025-06-01T00:00:00Z,,included_species,
Leipoa ocellata,Leipoa ocellata,212766400,22678646,Australasian,Terrestrial,2022-01-13 00:00:00 UTC,Vulnerable,3.1,Decreasing,NA,Predation,,2,1,,,0,4,,,,0,0,,,,,,2025-05-01T00:00:00Z,1913.89,included_species,Birds
Lepidodactylus euaensis,Lepidodactylus euaensis,192962177,196575,Oceanian,Terrestrial,2020-12-21 00:00:00 UTC,Critically Endangered,3.1,Stable,NA,Predation,,0,,,,1,,,,,,,,,,,,2025-07-01T00:00:00Z,,included_species,
Lepidodactylus listeri,Lepidodactylus listeri,83321765,11559,Indomalayan,Terrestrial,2017-02-20 00:00:00 UTC,Extinct in the Wild,3.1,,Gecko listeri,Predation,,0,,,,1,,,,,,,,,,,,2025-03-01T00:00:00Z,,included_species,
Leporillus apicalis,Leporillus apicalis,254614193,11633,Australasian,Terrestrial,2024-06-06 00:00:00 UTC,Extinct,3.1,,Hapalotis apicalis,Predation,,1,,0,,0,1,Cats not mentioned,,3,,,,,,,,2025-03-01T00:00:00Z,150,included_species,Mammals
Leporillus conditor,Leporillus conditor,254614477,11634,Australasian,Terrestrial,2024-06-16 00:00:00 UTC,Near Threatened,3.1,Unknown,Mus conditor,Predation,,4,,3,,4,3,2,1,1,,,,,,,,2025-03-01T00:00:00Z,350,included_species,Mammals
Leptonycteris nivalis,Leptonycteris nivalis,22126172,11697,Nearctic|Neotropical,Terrestrial,2015-02-21 00:00:00 UTC,Endangered,3.1,Decreasing,Ischnoglossa nivalis,Predation,,0,,,,1,1,,,,,,,0,Cats not mentioned,,,2025-01-01T00:00:00Z,25.6,included_species,Mammals
Leptotila wellsi,Leptotila wellsi,178391475,22690874,Neotropical,Terrestrial,2021-03-12 00:00:00 UTC,Critically Endangered,3.1,Decreasing,NA,Predation,,0,,,,0,1,,,,,,,,,,,2025-06-01T00:00:00Z,200,included_species,Birds
Lerista lineata,Lerista lineata,109476603,109476597,Australasian,Terrestrial,2017-02-21 00:00:00 UTC,Endangered,3.1,Unknown,NA,Predation,,0,,,,1,,,,,,,,,,,,2025-03-01T00:00:00Z,,included_species,
Lerista puncticauda,Lerista puncticauda,109477316,109477311,Australasian,Terrestrial,2017-02-23 00:00:00 UTC,Endangered,3.1,Decreasing,NA,Predation,,0,,,,2,,,,,,,,,,,,2025-03-01T00:00:00Z,,included_species,Reptiles
Leucocarbo campbelli,Leucocarbo campbelli,133556928,22696840,Oceanian,Terrestrial|Marine,2018-08-09 00:00:00 UTC,Vulnerable,3.1,Stable,"Leucocarbo campbelli campbelli, Phalacrocorax campbelli",Predation,,0,,,,0,,,,,,,,,,,,2025-06-01T00:00:00Z,1897.36,included_species,Birds
Leucocarbo colensoi,Leucocarbo colensoi,133556641,22696869,Oceanian,Terrestrial|Marine,2018-08-09 00:00:00 UTC,Vulnerable,3.1,Stable,"Leucocarbo colensoi colensoi, Phalacrocorax colensoi",Predation,,0,,,,2,,,,,,,,,,,,2025-06-01T00:00:00Z,2000,included_species,Birds
Leucocarbo onslowi,Leucocarbo onslowi,131116322,22696861,Oceanian,Terrestrial|Marine,2018-08-09 00:00:00 UTC,Critically Endangered,3.1,Decreasing,"Leucocarbo onslowi onslowi, Phalacrocorax onslowi",Predation,,0,,,,0,,,,,,,,,,,,2025-04-01T00:00:00Z,2072.67,included_species,Birds
Lewinia muelleri,Lewinia muelleri,209458380,22692529,Australasian,Terrestrial,2021-10-21 00:00:00 UTC,Vulnerable,3.1,Stable,NA,Predation,,0,1,,,0,,,,,,,,,,,,2025-06-01T00:00:00Z,93,included_species,Birds
Liolaemus martorii,Liolaemus martorii,56065073,56065022,Neotropical,Terrestrial,2014-11-14 00:00:00 UTC,Vulnerable,3.1,Decreasing,NA,Predation,,0,,,,0,,,,,,,,,,,,2025-03-01T00:00:00Z,,included_species,Reptiles
Liolaemus paulinae,Liolaemus paulinae,69941033,12008,Neotropical,Terrestrial,2015-05-28 00:00:00 UTC,Critically Endangered,3.1,Decreasing,NA,Predation,,0,,,,1,,,,,,,,,,,,2025-03-01T00:00:00Z,,included_species,Reptiles
Liophidium mayottensis,Liophidium mayottensis,192766936,176831,Afrotropical,Terrestrial,2020-09-29 00:00:00 UTC,Endangered,3.1,Unknown,"Ablabes rhodogaster mayottensis, Polyodontophis mayottensis",Predation,,0,,,,2,,,,,,,,,,,,2025-07-01T00:00:00Z,,included_species,
Liopholis guthega,Liopholis guthega,109478444,109477953,Australasian,Terrestrial,2017-06-13 00:00:00 UTC,Endangered,3.1,Decreasing,Egernia guthega,Predation,,0,,,,1,,,,,,,,,,,,2025-04-01T00:00:00Z,,included_species,
Liopholis kintorei,Liopholis kintorei,101743329,7040,Australasian,Terrestrial,2017-02-23 00:00:00 UTC,Vulnerable,3.1,Decreasing,Egernia kintorei,Predation,,2,,,,2,,,,,,,,,,,,2025-03-01T00:00:00Z,,included_species,Reptiles
Lioscincus steindachneri,Lioscincus steindachneri,123259365,176212,Australasian,Terrestrial,2017-12-11 00:00:00 UTC,Endangered,3.1,Decreasing,Lygosoma steindachneri,Predation,,0,,,1,1,1,,,,,,,,,,,2025-04-01T00:00:00Z,,included_species,Reptiles
Lioscincus vivae,Lioscincus vivae,123250127,176145,Australasian,Terrestrial,2017-12-11 00:00:00 UTC,Critically Endangered,3.1,Decreasing,NA,Predation,,0,,,1,1,1,,,,,,,,,,,2025-04-01T00:00:00Z,,included_species,Reptiles
Litoria kroombitensis,Litoria kroombitensis,78452061,78399187,Australasian,Terrestrial|Freshwater (=Inland waters),2020-08-13 00:00:00 UTC,Critically Endangered,3.1,Decreasing,"Dryopsophus kroombitensis, Ranoidea kroombitensis",Predation,,0,,,,1,,,,,,,,,,,,2025-03-01T00:00:00Z,,included_species,
Litoria littlejohni,Litoria littlejohni,78433749,196720463,Australasian,Terrestrial|Freshwater (=Inland waters),2021-07-23 00:00:00 UTC,Endangered,3.1,Decreasing,NA,Predation,,0,,,,0,,,,,,,,,,,,2025-03-01T00:00:00Z,,included_species,
Litoria raniformis,Litoria raniformis,78435466,12152,Australasian,Terrestrial|Freshwater (=Inland waters),2022-02-21 00:00:00 UTC,Vulnerable,3.1,Decreasing,"Chirodryas raniformis, Dryopsophus raniformis, Ranoidea raniformis",Predation,,1,,,,0,,,,,,,,,,,,2025-03-01T00:00:00Z,,included_species,Amphibians
Litoria watsoni,Litoria watsoni,204891940,196720458,Australasian,Terrestrial|Freshwater (=Inland waters),2021-07-19 00:00:00 UTC,Endangered,3.1,Decreasing,NA,Predation,,0,,,,1,,,,,,,,,,,,2025-05-01T00:00:00Z,,included_species,
Lontra felina,Lontra felina,215395045,12303,Neotropical,Terrestrial|Freshwater (=Inland waters)|Marine,2022-05-05 00:00:00 UTC,Endangered,3.1,Decreasing,Lutra felina,"Disease, competition",,1,,,,3,,,,,,,,,,,,2025-07-01T00:00:00Z,30600,excluded_species,Mammals
Lophotibis cristata,Lophotibis cristata,254926243,22697504,Afrotropical,Terrestrial|Freshwater (=Inland waters),2024-07-11 00:00:00 UTC,Vulnerable,3.1,Decreasing,NA,Predation,,0,,,,1,,,,,,,,,,,,2025-01-01T00:00:00Z,583,included_species,Birds
Loxioides bailleui,Loxioides bailleui,222477278,22720742,Oceanian,Terrestrial,2023-07-20 00:00:00 UTC,Critically Endangered,3.1,Decreasing,NA,Predation,,3,15,,,9,4,,3,,,,,,,,,2025-07-01T00:00:00Z,37.84,included_species,Birds
Loxops coccineus,Loxops coccineus,220920210,103823991,Oceanian,Terrestrial,2022-10-07 00:00:00 UTC,Endangered,3.1,Decreasing,NA,Predation,,0,,,,1,1,,1,,,,,,,,,2025-07-01T00:00:00Z,10.5,included_species,Birds
Loxops ochraceus,Loxops ochraceus,250520617,103824084,Oceanian,Terrestrial,2024-02-26 00:00:00 UTC,Extinct,3.1,,NA,Predation,,0,,,,1,,,,,,,,,,Not attributed,,2025-05-01T00:00:00Z,10.5,included_species,Birds
Lucasium occultum,Lucasium occultum,102675481,102675478,Australasian,Terrestrial,2017-06-14 00:00:00 UTC,Endangered,3.1,Unknown,Diplodactylus occultus,Predation,,0,,,,4,,,,,,,,,,,,2025-03-01T00:00:00Z,,included_species,
Lycodryas cococola,Lycodryas cococola,189774044,189774008,Afrotropical,Terrestrial,2020-09-30 00:00:00 UTC,Near Threatened,3.1,Unknown,NA,Predation,,0,,,,2,,,,,,,,,,,,2025-07-01T00:00:00Z,,included_species,
Lycodryas maculatus,Lycodryas maculatus,189776617,193508,Afrotropical,Terrestrial,2020-09-30 00:00:00 UTC,Near Threatened,3.1,Unknown,"Dipsadoboa maculata, Lycodryas sanctijohannis, Steophis maculatus",Predation,,0,,,,2,,,,,,,,,,,,2025-07-01T00:00:00Z,,included_species,
Lygodactylus insularis,Lygodactylus insularis,110211854,110211850,Afrotropical,Terrestrial,2019-10-22 00:00:00 UTC,Critically Endangered,3.1,Decreasing,NA,Predation,,0,,,,1,,,,,,,,,,,,2025-04-01T00:00:00Z,,included_species,Reptiles
Lyriocephalus scutatus,Lyriocephalus scutatus,123298967,170409,Indomalayan,Terrestrial,2019-09-15 00:00:00 UTC,Vulnerable,3.1,Unknown,Lacerta scutata,Predation,,0,,,,0,,,,,,,,,,,,2025-04-01T00:00:00Z,,included_species,
Mabuya cochonae,Mabuya cochonae,47102820,47102814,Neotropical,Terrestrial,2015-07-24 00:00:00 UTC,Critically Endangered,3.1,Unknown,NA,Predation,,1,,,,1,,,,,,,,,,,,2025-03-01T00:00:00Z,,included_species,
Mabuya montserratae,Mabuya montserratae,115396914,47102881,Neotropical,Terrestrial,2015-07-22 00:00:00 UTC,Critically Endangered,3.1,Unknown,NA,Predation,,1,,,,0,,,,,,,,,,,,2025-04-01T00:00:00Z,,included_species,
Macrotarsomys ingens,Macrotarsomys ingens,115105272,12646,Afrotropical,Terrestrial,2016-05-10 00:00:00 UTC,Endangered,3.1,Decreasing,NA,Predation,,0,,,,1,1,,,,,,,,,,,2025-04-01T00:00:00Z,63.5,included_species,Mammals
Macrotis lagotis,Macrotis lagotis,21967189,12650,Australasian,Terrestrial,2015-06-15 00:00:00 UTC,Vulnerable,3.1,Decreasing,Perameles lagotis,Predation,,18,,18,2,0,5,0,,3,,,,,,,,2025-04-01T00:00:00Z,1350,included_species,Mammals
Macrotis leucura,Macrotis leucura,21967376,12651,Australasian,Terrestrial,2012-12-31 00:00:00 UTC,Extinct,3.1,,NA,Predation,,1,,0,,1,1,Cats not mentioned,,2,,,,,,,,2025-01-01T00:00:00Z,354.3,included_species,Mammals
Magumma parva,Magumma parva,182519540,22720774,Oceanian,Terrestrial,2022-10-27 00:00:00 UTC,Endangered,3.1,Decreasing,"Hemignathus parvus, Viridonia parva",Predation,,0,,,,2,,,,,,,,,,,,2025-07-01T00:00:00Z,9.3,included_species,Birds
Marmorosphax kaala,Marmorosphax kaala,123256612,176194,Australasian,Terrestrial,2017-12-11 00:00:00 UTC,Critically Endangered,3.1,Decreasing,NA,Predation,,0,,,,0,1,,,,,,,,,,,2025-04-01T00:00:00Z,,included_species,
Marmorosphax montana,Marmorosphax montana,123248303,176136,Australasian,Terrestrial,2017-12-11 00:00:00 UTC,Endangered,3.1,Decreasing,NA,Predation,,0,,,,1,1,,,,,,,,,,,2025-04-01T00:00:00Z,,included_species,
Marmorosphax taom,Marmorosphax taom,123259212,176211,Australasian,Terrestrial,2017-12-11 00:00:00 UTC,Endangered,3.1,Decreasing,NA,Predation,,1,,,1,1,1,,,,,,,,,,,2025-04-01T00:00:00Z,,included_species,Reptiles
Mascarenotus murivorus,Mascarenotus murivorus,262284504,22728856,Afrotropical,Terrestrial,2024-07-04 00:00:00 UTC,Extinct,3.1,,Strix (Athene) murivora,Predation,,0,,,,1,,,,,,,,,,0,,2025-01-01T00:00:00Z,,included_species,
Mastacomys fuscus,Mastacomys fuscus,22429430,18563,Australasian,Terrestrial,2015-07-25 00:00:00 UTC,Near Threatened,3.1,Decreasing,Pseudomys fuscus,Predation,,2,,1,,2,,Cats not mentioned,,1,,,,,,,,2025-02-01T00:00:00Z,122,included_species,Mammals
Megadyptes antipodes,Megadyptes antipodes,182703046,22697800,Oceanian,Terrestrial|Marine,2020-08-21 00:00:00 UTC,Endangered,3.1,Decreasing,NA,Predation,,8,17,,,0,4,,1,,,,,,,,,2025-07-01T00:00:00Z,5326.24,included_species,Birds
Megapodius bernsteinii,Megapodius bernsteinii,195438398,22678593,Australasian,Terrestrial,2021-02-09 00:00:00 UTC,Vulnerable,3.1,Decreasing,NA,Predation,,0,,,,2,1,,,,,,,,,,,2025-07-01T00:00:00Z,768.57,included_species,Birds
Megapodius laperouse,Megapodius laperouse,216251541,22678620,Oceanian,Terrestrial|Marine,2021-08-13 00:00:00 UTC,Near Threatened,3.1,Unknown,NA,Predation,,0,2,,,4,1,,1,,,,,,,,,2025-07-01T00:00:00Z,308,included_species,Birds
Megapodius nicobariensis,Megapodius nicobariensis,195335202,22678583,Indomalayan,Terrestrial,2021-01-27 00:00:00 UTC,Vulnerable,3.1,Stable,NA,Predation,,0,,,,1,2,,,,,,,,,,,2025-07-01T00:00:00Z,836.69,included_species,Birds
Melamprosops phaeosoma,Melamprosops phaeosoma,153774712,22720863,Oceanian,Terrestrial,2019-08-05 00:00:00 UTC,Extinct,3.1,,NA,Predation,,0,,,,0,2,,,,,,,,,0,,2025-05-01T00:00:00Z,,included_species,
Melanodryas vittata,Melanodryas vittata,211592401,22704840,Australasian,Terrestrial,2021-12-03 00:00:00 UTC,Vulnerable,3.1,Decreasing,NA,Predation,,0,,,,1,,,,,,,,,,,,2025-07-01T00:00:00Z,26.6,included_species,Birds
Melopyrrha grandis,Melopyrrha grandis,217577217,216918514,Neotropical,Terrestrial,2022-06-20 00:00:00 UTC,Critically Endangered,3.1,Unknown,"Loxigilla portoricensis grandis, Pyrrhulagra portoricensis",Predation,,0,1,,,6,,,,,,,,,,,,2025-07-01T00:00:00Z,,included_species,
Mergus australis,Mergus australis,226964244,22680496,Oceanian,Freshwater (=Inland waters)|Marine,2023-01-27 00:00:00 UTC,Extinct,3.1,,NA,Predation,,0,,,,2,1,,,,,,,,,0,,2025-05-01T00:00:00Z,,included_species,
Merulaxis stresemanni,Merulaxis stresemanni,161689029,22703477,Neotropical,Terrestrial,2020-08-05 00:00:00 UTC,Critically Endangered,3.1,Decreasing,NA,Predation,,0,,,,0,,,,,,,,,,,,2025-06-01T00:00:00Z,35,included_species,Birds
Mesembriomys gouldii,Mesembriomys gouldii,22448856,13211,Australasian,Terrestrial,2015-07-19 00:00:00 UTC,Vulnerable,3.1,Decreasing,NA,Predation,,1,,3,,1,,Cats not mentioned,,0,,,,,,,,2025-02-01T00:00:00Z,716.5,included_species,Mammals
Mesembriomys macrurus,Mesembriomys macrurus,22448770,13212,Australasian,Terrestrial,2016-07-03 00:00:00 UTC,Near Threatened,3.1,Decreasing,NA,Predation,,0,,0,,0,,0,,Not attributed,,,,,,,,2025-02-01T00:00:00Z,267,included_species,Mammals
Mesocapromys sanfelipensis,Mesocapromys sanfelipensis,22186444,13218,Neotropical,Terrestrial,2017-02-02 00:00:00 UTC,Critically Endangered,3.1,Unknown,NA,Predation,,0,,,,0,,,,,,,,,,,,2025-01-01T00:00:00Z,550,included_species,Mammals
Metabolus rugensis,Metabolus rugensis,233100582,22707227,Oceanian,Terrestrial,2023-09-05 00:00:00 UTC,Endangered,3.1,Decreasing,NA,Predation,,0,,,,2,,,,,,,,,,,,2025-07-01T00:00:00Z,23.58,included_species,Birds
Microgoura meeki,Microgoura meeki,228013744,22691086,Australasian,Terrestrial,2023-02-14 00:00:00 UTC,Extinct,3.1,,NA,Predation,,0,,,,1,2,,1,,,,,,,0,,2025-05-01T00:00:00Z,,included_species,Birds
Microlophus bivittatus,Microlophus bivittatus,217809016,48444538,Neotropical,Terrestrial,2014-02-24 00:00:00 UTC,Near Threatened,3.1,Unknown,Tropidurus bivittata,Predation,,0,,,,2,,,,,,,,,,,,2025-07-01T00:00:00Z,,included_species,
Microlophus grayii,Microlophus grayii,48444762,48444750,Neotropical,Terrestrial,2014-02-24 00:00:00 UTC,Near Threatened,3.1,Stable,Leiocephalus grayii,Predation,,0,,,,0,,,,,,,,,,,,2025-03-01T00:00:00Z,,included_species,
Micrurus meridensis,Micrurus meridensis,56041184,56041167,Neotropical,Terrestrial,2015-03-10 00:00:00 UTC,Endangered,3.1,Decreasing,NA,Predation,,0,,,,0,,,,,,,,,,,,2025-03-01T00:00:00Z,,included_species,
Mimus graysoni,Mimus graysoni,179825007,22711084,Neotropical,Terrestrial,2020-08-28 00:00:00 UTC,Critically Endangered,3.1,Stable,"Harporhynchus graysoni, Mimodes graysoni",Predation,,2,6,,,4,3,,3,,,,,,,,,2025-07-01T00:00:00Z,65.51,included_species,Birds
Mimus melanotis,Mimus melanotis,180990415,22711078,Neotropical,Terrestrial,2020-08-05 00:00:00 UTC,Near Threatened,3.1,Stable,NA,Predation,,0,,,,3,1,,,,,,,,,,,2025-07-01T00:00:00Z,50.53,included_species,Birds
Mimus trifasciatus,Mimus trifasciatus,132093428,22711063,Neotropical,Terrestrial,2018-08-09 00:00:00 UTC,Endangered,3.1,Stable,"Nesomimus trifasciatus, Orpheus trifasciatus",Predation,,0,,,,3,3,,,,,,,,,,,2025-04-01T00:00:00Z,62.68,included_species,Birds
Miniopterus robustior,Miniopterus robustior,22103451,13570,Australasian,Terrestrial,2020-06-25 00:00:00 UTC,Endangered,3.1,Decreasing,NA,Predation,,0,,,,1,,,,,,,,Cats not mentioned,Cats not mentioned,,,2025-01-01T00:00:00Z,8.1,included_species,Mammals
Mniarogekko jalu,Mniarogekko jalu,123469199,122899301,Australasian,Terrestrial,2017-12-11 00:00:00 UTC,Endangered,3.1,Unknown,NA,Predation,,0,,,,1,,,,,,,,,,,,2025-04-01T00:00:00Z,,included_species,
Mokopirirakau nebulosus,Mokopirirakau nebulosus,120192534,120188758,Australasian,Terrestrial,2018-02-28 00:00:00 UTC,Near Threatened,3.1,Increasing,Heteropholis nebulosus,Predation,,0,,,,1,,,,,,,,,,,,2025-04-01T00:00:00Z,,included_species,
Mundia elpenor,Mundia elpenor,262001031,22728746,Afrotropical,Terrestrial,2024-07-01 00:00:00 UTC,Extinct,3.1,,Atlantisia elpenor,Predation,,0,,,,1,1,,,,,,,,,0,,2025-01-01T00:00:00Z,,included_species,Birds
Mus mayori,Mus mayori,22405572,13969,Indomalayan,Terrestrial,2024-01-06 00:00:00 UTC,Vulnerable,3.1,Decreasing,"Coelomys bicolor, Coelomys mayori, Mus mayori pococki, Mus mayori mayori",Predation,,0,,,,1,1,,,,,,,,,,,2025-01-01T00:00:00Z,29.4,included_species,Mammals
Myadestes obscurus,Myadestes obscurus,224016232,22708579,Oceanian,Terrestrial,2023-07-20 00:00:00 UTC,Near Threatened,3.1,Unknown,NA,Predation,,0,,,,1,,,1,,,,,,,,,2025-07-01T00:00:00Z,50.44,included_species,Birds
Myadestes palmeri,Myadestes palmeri,235833542,22708583,Oceanian,Terrestrial,2023-06-02 00:00:00 UTC,Critically Endangered,3.1,Stable,NA,Predation,,0,,,,2,,,1,,,,,,,,,2025-07-01T00:00:00Z,39.6,included_species,Birds
Myotis vivesi,Myotis vivesi,22069146,14209,Nearctic,Terrestrial,2015-06-19 00:00:00 UTC,Vulnerable,3.1,Decreasing,Pizonyx vivesi,Predation,,1,,,,0,1,,1,,,,,0,1,,,2025-01-01T00:00:00Z,25,included_species,Mammals
Myrmecobius fasciatus,Myrmecobius fasciatus,21949380,14222,Australasian,Terrestrial,2015-06-15 00:00:00 UTC,Endangered,3.1,Decreasing,NA,Predation,,2,,2,,2,3,1,,0,,,,,,,,2025-01-01T00:00:00Z,471.5,included_species,Mammals
Mysateles prehensilis,Mysateles prehensilis,22187218,80211500,Neotropical,Terrestrial,2024-03-04 00:00:00 UTC,Near Threatened,3.1,Decreasing,"Mysateles gundlachi, Mysateles meridionalis, Mysateles pallidus, Mysateles poeppingi, Mysateles poeyi",Predation,,0,,,,4,1,,,,,,,,,,,2025-01-01T00:00:00Z,1800,included_species,Mammals
Mystacina tuberculata,Mystacina tuberculata,22070543,14261,Australasian,Terrestrial,2020-10-15 00:00:00 UTC,Vulnerable,3.1,Decreasing,NA,Predation,,4,,,,1,2,,,,,,,1,2,,,2025-01-01T00:00:00Z,12.6,included_species,Mammals
Nactus durrellorum,Nactus durrellorum,17424347,17424288,Afrotropical,Terrestrial,2018-04-25 00:00:00 UTC,Vulnerable,3.1,Increasing,"Nactus durrelli, Nactus serpensinsula durrelli",Predation,,0,,,,0,,,,,,,,,,,,2025-01-01T00:00:00Z,,included_species,
Nactus serpensinsula,Nactus serpensinsula,17424282,17424269,Afrotropical,Terrestrial,2018-04-30 00:00:00 UTC,Vulnerable,3.1,Stable,"Cyrtodactylus serpensinsula, Gymnodactylus serpensinsula, Nactus serpensinsula, Nactus serpensinsula serpensinsula",Predation,,0,,,,10,,,,,,,,,,,,2025-01-01T00:00:00Z,,included_species,
Nangura spinosa,Nangura spinosa,109480570,109480565,Australasian,Terrestrial,2017-06-14 00:00:00 UTC,Endangered,3.1,Decreasing,NA,Predation,,0,,,,1,,,,,,,,,,,,2025-04-01T00:00:00Z,,included_species,
Nannopterum harrisi,Nannopterum harrisi,133546087,22696756,Neotropical,Terrestrial|Marine,2018-08-09 00:00:00 UTC,Vulnerable,3.1,Stable,Phalacrocorax harrisi,Predation,,1,,,,0,,,,,,,,,,,,2025-06-01T00:00:00Z,3016.62,included_species,Birds
Nannoscincus gracilis,Nannoscincus gracilis,123249229,176140,Australasian,Terrestrial,2017-12-11 00:00:00 UTC,Vulnerable,3.1,Unknown,"Anotis gracilis, Lygosoma gracilis, Mocoa micropus",Predation,,0,,,,1,,,,,,,,,,,,2025-04-01T00:00:00Z,,included_species,
Nannoscincus hanchisteus,Nannoscincus hanchisteus,123248509,176137,Australasian,Terrestrial,2017-12-11 00:00:00 UTC,Critically Endangered,3.1,Decreasing,NA,Predation,,0,,,,1,,,,,,,,,,,,2025-04-01T00:00:00Z,,included_species,Reptiles
Naultinus gemmeus,Naultinus gemmeus,120191388,177826,Australasian,Terrestrial,2018-02-18 00:00:00 UTC,Endangered,3.1,Decreasing,"Heteropholis gemmeus, Naultinus elegans gemmeus",Predation,,0,,,,1,,,,,,,,,,,,2025-04-01T00:00:00Z,,included_species,
Naultinus manukanus,Naultinus manukanus,120191682,177827,Australasian,Terrestrial,2018-02-25 00:00:00 UTC,Endangered,3.1,Unknown,"Heteropholis manukanus McCann, Naultinus elegans manukanus",Predation,,0,,,,1,,,,,,,,,,,,2025-04-01T00:00:00Z,,included_species,
Necropsittacus rodricanus,Necropsittacus rodricanus,262347522,22728851,Afrotropical,Terrestrial,2024-07-05 00:00:00 UTC,Extinct,3.1,,Necropsittacus rodericanus,Predation,,0,,,,1,,,,,,,,,,0,,2025-01-01T00:00:00Z,,included_species,
Neophema chrysogaster,Neophema chrysogaster,130894893,22685203,Australasian,Terrestrial|Freshwater (=Inland waters),2018-08-15 00:00:00 UTC,Critically Endangered,3.1,Decreasing,NA,Predation,,0,,,,0,2,,1,,0,Not attributed,,,,,,2025-04-01T00:00:00Z,45.9,included_species,Birds
Neophema chrysostoma,Neophema chrysostoma,210989456,22685194,Australasian,Terrestrial,2021-11-19 00:00:00 UTC,Vulnerable,3.1,Decreasing,NA,Predation,,0,,,,1,,,,,Cats not mentioned,Cats not mentioned,,,,,,2025-07-01T00:00:00Z,46.1,included_species,Birds
Neotamias palmeri,Neotamias palmeri,22267875,21355,Nearctic,Terrestrial,2016-07-11 00:00:00 UTC,Endangered,3.1,Decreasing,"Eutamias palmeri, Tamias palmeri",Predation,,0,,,,0,1,,,,,,,,,,,2025-01-01T00:00:00Z,69.4,included_species,Mammals
Nesillas aldabrana,Nesillas aldabrana,262348658,22714587,Afrotropical,Terrestrial,2024-07-08 00:00:00 UTC,Extinct,3.1,,Nesillas aldabrana aldabrana,Predation,,0,,,,1,1,,,,,,,,,,,2025-01-01T00:00:00Z,,included_species,
Nesoenas duboisi,Nesoenas duboisi,261897803,22728712,Afrotropical,Terrestrial,2024-06-28 00:00:00 UTC,Extinct,3.1,,Columba duboisi,Predation,,0,,,,2,2,,,,,,,,,0,,2025-01-01T00:00:00Z,,included_species,Birds
Nesoenas mayeri,Nesoenas mayeri,179390191,22690392,Afrotropical,Terrestrial,2020-07-15 00:00:00 UTC,Vulnerable,3.1,Stable,"Columba mayeri mayeri, Columba mayeri, Streptopelia mayeri",Predation,,0,,,,0,1,,1,,,,,,,,,2025-07-01T00:00:00Z,302.76,included_species,Birds
Nesofregetta fuliginosa,Nesofregetta fuliginosa,132649758,22698471,Neotropical|Oceanian,Terrestrial|Marine,2018-08-07 00:00:00 UTC,Endangered,3.1,Decreasing,NA,Predation,,0,,,,2,1,,,,,,,,,,,2025-06-01T00:00:00Z,70,included_species,Birds
Nesoryzomys darwini,Nesoryzomys darwini,22390382,14706,Neotropical,Terrestrial,2019-01-25 00:00:00 UTC,Extinct,3.1,,NA,Predation,,0,,,,0,,,1,,,,,,,,,2025-01-01T00:00:00Z,33.7,included_species,Mammals
Nesoryzomys indefessus,Nesoryzomys indefessus,22390443,14708,Neotropical,Terrestrial,2017-08-23 00:00:00 UTC,Extinct,3.1,,NA,Predation,,0,,,,0,,,1,,,,,,,,,2025-01-01T00:00:00Z,80.3,included_species,Mammals
Nestor notabilis,Nestor notabilis,119243358,22684831,Oceanian,Terrestrial,2017-10-01 00:00:00 UTC,Endangered,3.1,Decreasing,NA,Predation,,1,,,,0,2,,,,,,,,,,,2025-04-01T00:00:00Z,862.97,included_species,Birds
Notomys amplus,Notomys amplus,254618139,14861,Australasian,Terrestrial,2024-06-06 00:00:00 UTC,Extinct,3.1,,NA,Predation,,0,,0,,0,1,Cats not mentioned,,2,,,,,,,,2025-04-01T00:00:00Z,100,included_species,Mammals
Notomys aquilo,Notomys aquilo,22401364,14862,Australasian,Terrestrial,2015-05-29 00:00:00 UTC,Endangered,3.1,Decreasing,NA,Predation,,0,,0,,1,2,0,,0,,,,,,,,2025-01-01T00:00:00Z,39,included_species,Mammals
Notomys cervinus,Notomys cervinus,22401250,14868,Australasian,Terrestrial,2012-12-31 00:00:00 UTC,Near Threatened,3.1,Stable,NA,Predation,,1,,0,,0,1,Cats not mentioned,,1,,,,,,,,2025-01-01T00:00:00Z,35,included_species,Mammals
Notomys fuscus,Notomys fuscus,22401596,14863,Australasian,Terrestrial,2012-12-31 00:00:00 UTC,Vulnerable,3.1,Unknown,NA,Predation,,3,,7,,2,2,0,,2,,,,,,,,2025-01-01T00:00:00Z,35,included_species,Mammals
Notomys longicaudatus,Notomys longicaudatus,254618980,14864,Australasian,Terrestrial,2024-06-06 00:00:00 UTC,Extinct,3.1,,Hapalotis longicaudata,Predation,,0,,0,,0,1,Cats not mentioned,,2,,,,,,,,2025-04-01T00:00:00Z,100,included_species,Mammals
Notomys macrotis,Notomys macrotis,254619200,14865,Australasian,Terrestrial,2024-06-06 00:00:00 UTC,Extinct,3.1,,NA,Predation,,1,,0,,0,1,Cats not mentioned,,2,,,,,,,,2025-04-01T00:00:00Z,60,included_species,Mammals
Notomys mordax,Notomys mordax,254619530,14866,Australasian,Terrestrial,2024-06-06 00:00:00 UTC,Extinct,3.1,,,Predation,,0,,0,,1,1,Cats not mentioned,,3,,,,,,,,2025-04-01T00:00:00Z,50,included_species,Mammals
Notomys robustus,Notomys robustus,254614367,45958541,Australasian,Terrestrial,2024-06-06 00:00:00 UTC,Extinct,3.1,,NA,Predation,,0,,Cats not mentioned,,0,,Cats not mentioned,,2,,,,,,,,2025-03-01T00:00:00Z,50,included_species,Mammals
Notopteris neocaledonicus,Notopteris neocaledonicus,21982137,136519,Australasian,Terrestrial,2018-08-31 00:00:00 UTC,Endangered,3.1,Decreasing,Notopteris neocaledonica,Predation,,0,,,,1,,,,,,,,,,,,2025-01-01T00:00:00Z,,included_species,
Numenius tahitiensis,Numenius tahitiensis,181357867,22693182,Nearctic|Neotropical|Oceanian,Terrestrial|Marine,2020-08-10 00:00:00 UTC,Near Threatened,3.1,Decreasing,NA,Predation,,1,,,,1,2,,1,,,,,,,,,2025-06-01T00:00:00Z,400.08,included_species,Birds
Nyctanassa carcinocatactes,Nyctanassa carcinocatactes,221213270,62286255,Neotropical,Terrestrial|Freshwater (=Inland waters),2022-09-16 00:00:00 UTC,Extinct,3.1,,NA,Predation,,0,,,,0,1,,,,,,,,,0,,2025-05-01T00:00:00Z,,included_species,
Nycticorax mauritianus,Nycticorax mauritianus,262276501,22728777,Afrotropical,Terrestrial|Freshwater (=Inland waters),2024-07-04 00:00:00 UTC,Extinct,3.1,,NA,Predation,,0,,,,1,,,,,,,,,,0,,2025-01-01T00:00:00Z,,included_species,
Nycticorax megacephalus,Nycticorax megacephalus,262277571,22728787,Afrotropical,Freshwater (=Inland waters),2024-07-04 00:00:00 UTC,Extinct,3.1,,NA,Predation,,0,,,,1,,,,,,,,,,0,,2025-01-01T00:00:00Z,,included_species,
Oedodera marmorata,Oedodera marmorata,123253917,176174,Australasian,Terrestrial,2017-12-11 00:00:00 UTC,Endangered,3.1,Decreasing,NA,Predation,,0,,,,2,2,,,,,,,,,,,2025-04-01T00:00:00Z,,included_species,
Oligosoma acrinasum,Oligosoma acrinasum,120191980,178264,Australasian,Terrestrial,2019-11-21 00:00:00 UTC,Near Threatened,3.1,Increasing,"Girardiscincus acrinasum, Leiolopisma acrinasum",Predation,,0,,,,2,,,,,,,,,,,,2025-04-01T00:00:00Z,,included_species,
Oligosoma burganae,Oligosoma burganae,120192574,120189166,Australasian,Terrestrial,2018-02-17 00:00:00 UTC,Critically Endangered,3.1,Decreasing,NA,Predation,,0,,,,0,,,,,,,,,,,,2025-04-01T00:00:00Z,,included_species,
Oligosoma grande,Oligosoma grande,120190579,15257,Australasian,Terrestrial,2018-02-18 00:00:00 UTC,Endangered,3.1,Stable,Mocoa grandis,Predation,,1,2,,1,1,,,,,,,,,,,,2025-04-01T00:00:00Z,,included_species,Reptiles
Oligosoma homalonotum,Oligosoma homalonotum,120192704,120190272,Australasian,Terrestrial,2018-02-17 00:00:00 UTC,Endangered,3.1,Stable,"Leiolopisma gracilicorpus, Lygosoma homalonotum, Oligosoma gracilicorpus",Predation,,0,,,,2,,,,,,,,,,,,2025-04-01T00:00:00Z,,included_species,
Oligosoma hoparatea,Oligosoma hoparatea,120192594,120189462,Australasian,Terrestrial,2018-02-17 00:00:00 UTC,Critically Endangered,3.1,Decreasing,NA,Predation,,0,,,,1,,,,,,,,,,,,2025-04-01T00:00:00Z,,included_species,
Oligosoma lineoocellatum,Oligosoma lineoocellatum,120192619,120189599,Australasian,Terrestrial,2018-02-17 00:00:00 UTC,Endangered,3.1,Decreasing,Lygosoma lineo-ocellatum,Predation,,0,,,,0,,,,,,,,,,,,2025-04-01T00:00:00Z,,included_species,
Oligosoma oliveri,Oligosoma oliveri,120190349,203035599,Australasian,Terrestrial,2019-12-12 00:00:00 UTC,Near Threatened,3.1,Stable,"Cyclodina oliveri, Cyclodina pachysomaticum, Leiolopisma oliveri, Leiolopisma pachysomaticum, Oligosoma pachysomaticum",Predation,,0,,,,1,,,,,,,,,,,,2025-04-01T00:00:00Z,,included_species,
Oligosoma otagense,Oligosoma otagense,120190794,15260,Australasian,Terrestrial,2018-02-17 00:00:00 UTC,Endangered,3.1,Decreasing,"Girardiscincus otagense, Leiolopisma grande otagense",Predation,,1,,,1,2,2,,,,,,,,,,,2025-04-01T00:00:00Z,,included_species,Reptiles
Oligosoma salmo,Oligosoma salmo,156730436,156730274,Australasian,Terrestrial,2019-10-31 00:00:00 UTC,Critically Endangered,3.1,Decreasing,Oligosoma infrapunctatum,Predation,,0,,,,0,,,,,,,,,,,,2025-06-01T00:00:00Z,,included_species,
Oligosoma striatum,Oligosoma striatum,120191069,15261,Australasian,Terrestrial,2018-02-17 00:00:00 UTC,Vulnerable,3.1,Decreasing,Mocoa striata,Predation,,0,,,,1,,,,,,,,,,,,2025-04-01T00:00:00Z,,included_species,
Oligosoma toka,Oligosoma toka,120192694,120190199,Australasian,Terrestrial,2018-02-18 00:00:00 UTC,Endangered,3.1,Decreasing,NA,Predation,,0,,,,1,,,,,,,,,,,,2025-04-01T00:00:00Z,,included_species,
Onychogalea fraenata,Onychogalea fraenata,21958130,15330,Australasian,Terrestrial,2016-03-01 00:00:00 UTC,Vulnerable,3.1,Stable,Macropus fraenatus,Predation,,1,,6,,2,2,1,,2,,,,,,,,2025-01-01T00:00:00Z,5500,included_species,Mammals
Onychogalea lunata,Onychogalea lunata,21957917,15331,Australasian,Terrestrial,2012-12-31 00:00:00 UTC,Extinct,3.1,,NA,Predation,,0,,0,,1,1,Cats not mentioned,,1,,,,,,,,2025-01-01T00:00:00Z,3500,included_species,Mammals
Ornithorhynchus anatinus,Ornithorhynchus anatinus,21964009,40488,Australasian,Terrestrial|Freshwater (=Inland waters),2014-04-22 00:00:00 UTC,Near Threatened,3.1,Decreasing,Platypus anatinus,Predation,,1,,0,,0,,0,,Cats not mentioned,,,,,,,,2025-01-01T00:00:00Z,1484.3,included_species,Mammals
Otus bikegila,Otus bikegila,231652448,230025085,Afrotropical,Terrestrial,2023-08-11 00:00:00 UTC,Critically Endangered,3.1,Decreasing,NA,Predation,,0,,,,0,,,,,,,,,,,,2025-07-01T00:00:00Z,,included_species,
Otus insularis,Otus insularis,177971497,22688667,Afrotropical,Terrestrial,2020-07-17 00:00:00 UTC,Critically Endangered,3.1,Decreasing,NA,Predation,,0,,,,3,1,,,,,,,,,,,2025-06-01T00:00:00Z,144,included_species,Birds
Palmeria dolei,Palmeria dolei,182550979,22720855,Oceanian,Terrestrial,2020-08-28 00:00:00 UTC,Critically Endangered,3.1,Decreasing,NA,Predation,,0,,,,4,1,,1,,,,,,,,,2025-07-01T00:00:00Z,26.07,included_species,Birds
Pampusana canifrons,Pampusana canifrons,216247017,22691071,Oceanian,Terrestrial,2018-08-06 00:00:00 UTC,Endangered,3.1,Decreasing,"Alopecoenas canifrons, Gallicolumba canifrons",Predation,,0,,,,1,,,,,,,,,,,,2025-07-01T00:00:00Z,,included_species,
Pampusana kubaryi,Pampusana kubaryi,172138008,22691024,Oceanian,Terrestrial,2020-04-01 00:00:00 UTC,Endangered,3.1,Decreasing,"Alopecoenas kubaryi, Gallicolumba kubaryi",Predation,,0,,,,1,,,,,,,,,,,,2025-06-01T00:00:00Z,,included_species,
Pampusana rubescens,Pampusana rubescens,118535609,22691061,Oceanian,Terrestrial,2017-10-01 00:00:00 UTC,Endangered,3.1,Stable,"Alopecoenas rubescens, Gallicolumba rubescens",Predation,,0,,,,0,,,,,,,,,,,,2025-04-01T00:00:00Z,,included_species,
Pampusana salamonis,Pampusana salamonis,228004766,22691056,Australasian,Terrestrial,2023-02-14 00:00:00 UTC,Extinct,3.1,,"Alopecoenas salamonis, Gallicolumba salamonis",Predation,,1,,,,0,,,,,,,,,,,,2025-07-01T00:00:00Z,,included_species,
Pampusana sanctaecrucis,Pampusana sanctaecrucis,131854908,22691047,Oceanian,Terrestrial,2018-08-08 00:00:00 UTC,Endangered,3.1,Decreasing,"Alopecoenas sanctaecrucis, Gallicolumba sanctaecrucis",Predation,,0,,,,0,,,,,,,,,,,,2025-04-01T00:00:00Z,,included_species,
Paniegekko madjo,Paniegekko madjo,123129097,176192,Australasian,Terrestrial,2017-12-11 00:00:00 UTC,Endangered,3.1,Decreasing,Bavayia madjo,Predation,,0,,,,1,,,,,,,,,,,,2025-04-01T00:00:00Z,,included_species,
Papagomys armandvillei,Papagomys armandvillei,22399875,15975,Australasian,Terrestrial,2016-10-14 00:00:00 UTC,Near Threatened,3.1,Decreasing,NA,Predation,,0,,,,1,,,,,,,,,,,,2025-01-01T00:00:00Z,1048.1,included_species,Mammals
Parantechinus apicalis,Parantechinus apicalis,21944584,16138,Australasian,Terrestrial,2015-06-15 00:00:00 UTC,Endangered,3.1,Decreasing,NA,Predation,,0,,1,,0,1,1,1,2,,,,,,,,2025-01-01T00:00:00Z,68.8,included_species,Mammals
Pareudiastes pacificus,Pareudiastes pacificus,129449004,22692854,Oceanian,Terrestrial,2016-10-01 00:00:00 UTC,Critically Endangered,3.1,Unknown,Gallinula pacifica,Predation,,0,,,,0,1,,,,,,,,,1,,2025-04-01T00:00:00Z,450,included_species,Birds
Pareudiastes silvestris,Pareudiastes silvestris,126898664,22692857,Oceanian,Terrestrial,2016-10-01 00:00:00 UTC,Critically Endangered,3.1,Unknown,"Edithornis silvestris, Gallinula silvestris, Gallinula sylvestris",Predation,,1,,,,0,,,,,,,,,,0,,2025-04-01T00:00:00Z,450,included_species,Birds
Passer italiae,Passer italiae,207532978,103819014,Afrotropical|Antarctic|Indomalayan|Nearctic|Neotropical|Palearctic,Terrestrial|Freshwater (=Inland waters),2021-09-07 00:00:00 UTC,Vulnerable,3.1,Decreasing,NA,Predation,,0,,,,1,,,,,,,,,,,,2025-07-01T00:00:00Z,28.3,included_species,Birds
Pelecanoides garnotii,Pelecanoides garnotii,179971538,22698280,Neotropical,Terrestrial|Marine,2020-07-23 00:00:00 UTC,Near Threatened,3.1,Increasing,Pelecanoides garnoti garnoti,Predation,,1,2,,,0,1,,1,,,,,,,,,2025-07-01T00:00:00Z,219.72,included_species,Birds
Pentalagus furnessi,Pentalagus furnessi,45180151,16559,Palearctic,Terrestrial,2016-07-21 00:00:00 UTC,Endangered,3.1,Decreasing,NA,Predation,,1,,,,2,2,,,,,,,,,,,2025-02-01T00:00:00Z,2396.3,included_species,Mammals
Perameles bougainville,Perameles bougainville,21965819,16569,Australasian,Terrestrial,2014-03-16 00:00:00 UTC,Vulnerable,3.1,Stable,NA,Predation,,2,,3,,3,3,0,,1,,,,,,,,2025-01-01T00:00:00Z,226,included_species,Mammals
Perameles eremiana,Perameles eremiana,21965953,16570,Australasian,Terrestrial,2012-12-31 00:00:00 UTC,Extinct,3.1,,NA,Predation,,0,,0,,3,1,Cats not mentioned,,3,,,,,,,,2025-01-01T00:00:00Z,200,included_species,Mammals
Perochirus ateles,Perochirus ateles,96879085,196586,Oceanian,Terrestrial,2016-12-20 00:00:00 UTC,Vulnerable,3.1,Decreasing,Hemidactylus ateles,Predation,,0,,,,0,1,,,,,,,,,,,2025-03-01T00:00:00Z,,included_species,
Peromyscus caniceps,Peromyscus caniceps,22361697,16655,Nearctic,Terrestrial,2017-01-16 00:00:00 UTC,Critically Endangered,3.1,Decreasing,NA,Predation,,0,,,,0,,,,,,,,,,,,2025-01-01T00:00:00Z,30.2,included_species,Mammals
Peromyscus dickeyi,Peromyscus dickeyi,22360252,16657,Nearctic,Terrestrial,2017-01-16 00:00:00 UTC,Critically Endangered,3.1,Stable,NA,Predation,,0,,,,1,,,,,,,,,,,,2025-01-01T00:00:00Z,28.6,included_species,Mammals
Peromyscus guardia,Peromyscus guardia,22359973,16664,Nearctic,Terrestrial,2017-01-16 00:00:00 UTC,Critically Endangered,3.1,Decreasing,NA,Predation,,0,,,,2,2,,2,,,,,,,,,2025-01-01T00:00:00Z,33.7,included_species,Mammals
Peromyscus interparietalis,Peromyscus interparietalis,143640471,16668,Nearctic,Terrestrial,2017-01-16 00:00:00 UTC,Critically Endangered,3.1,Decreasing,NA,Predation,,0,,,,1,1,,,,,,,,,,,2025-06-01T00:00:00Z,28,included_species,Mammals
Peromyscus madrensis,Peromyscus madrensis,22361002,16671,Neotropical,Terrestrial,2017-01-16 00:00:00 UTC,Endangered,3.1,Decreasing,NA,Predation,,0,,,,0,,,,,,,,,,,,2025-01-01T00:00:00Z,57,included_species,Mammals
Peromyscus pseudocrinitus,Peromyscus pseudocrinitus,143642485,16687,Nearctic,Terrestrial,2017-01-16 00:00:00 UTC,Critically Endangered,3.1,Decreasing,NA,Predation,,0,,,,0,2,,2,,,,,,,,,2025-06-01T00:00:00Z,24.5,included_species,Mammals
Peromyscus sejugis,Peromyscus sejugis,22364100,16688,Nearctic,Terrestrial,2017-01-17 00:00:00 UTC,Endangered,3.1,Decreasing,NA,Predation,,0,,,,0,2,,,,,,,,,,,2025-01-01T00:00:00Z,21.5,included_species,Mammals
Peromyscus stephani,Peromyscus stephani,22362173,16692,Nearctic,Terrestrial,2017-01-16 00:00:00 UTC,Critically Endangered,3.1,Decreasing,NA,Predation,,0,,,,1,,,,,,,,,,,,2025-01-01T00:00:00Z,26.1,included_species,Mammals
Petrogale burbidgei,Petrogale burbidgei,21955902,16744,Australasian,Terrestrial,2012-12-31 00:00:00 UTC,Near Threatened,3.1,Unknown,NA,Predation,,0,,0,,0,,Cats not mentioned,,1,,,,,,,,2025-01-01T00:00:00Z,1258,included_species,Mammals
Petrogale concinna,Petrogale concinna,21955087,16761,Australasian,Terrestrial,2014-03-21 00:00:00 UTC,Endangered,3.1,Decreasing,NA,Predation,,0,,0,,0,,Cats not mentioned,,0,,,,,,,,2025-01-01T00:00:00Z,1400,included_species,Mammals
Petrogale lateralis,Petrogale lateralis,21955343,16751,Australasian,Terrestrial,2014-03-17 00:00:00 UTC,Vulnerable,3.1,Decreasing,NA,Predation,,4,,3,,0,,1,,0,,,,,,,,2025-01-01T00:00:00Z,4625,included_species,Mammals
Petrogale penicillata,Petrogale penicillata,21955754,16746,Australasian,Terrestrial,2014-05-28 00:00:00 UTC,Vulnerable,3.1,Decreasing,NA,Predation,,1,,1,,0,,0,,1,,,,,,,,2025-01-01T00:00:00Z,7100,included_species,Mammals
Petroica multicolor,Petroica multicolor,231294080,103734824,Australasian,Terrestrial,2023-03-30 00:00:00 UTC,Endangered,3.1,Decreasing,,Predation,,1,,,,2,,,,,2,0,,,,,,2025-05-01T00:00:00Z,11.36,included_species,Birds
Petroica traversi,Petroica traversi,209015125,22704831,Australasian,Terrestrial,2021-10-21 00:00:00 UTC,Vulnerable,3.1,Stable,NA,Predation,,0,1,,,1,2,,1,,,,,,,,,2025-07-01T00:00:00Z,23.5,included_species,Birds
Pezophaps solitaria,Pezophaps solitaria,261927718,22690062,Afrotropical,Terrestrial,2024-07-08 00:00:00 UTC,Extinct,3.1,,NA,Predation,,0,,,,1,2,,,,,,,,,,,2025-01-01T00:00:00Z,,included_species,Birds
Pezoporus occidentalis,Pezoporus occidentalis,211825128,22685237,Australasian,Terrestrial,2021-12-09 00:00:00 UTC,Critically Endangered,3.1,Decreasing,Geopsittacus occidentalis,Predation,,3,,,,3,1,,,,2,2,,,,,,2025-05-01T00:00:00Z,130,included_species,Birds
Phalacrocorax featherstoni,Phalacrocorax featherstoni,132595530,22696907,Oceanian,Terrestrial|Marine,2018-08-08 00:00:00 UTC,Endangered,3.1,Decreasing,Stictocarbo featherstoni featherstoni,Predation,,0,,,,0,2,,1,,,,,,,,,2025-04-01T00:00:00Z,1041.85,included_species,Birds
Phalacrocorax nigrogularis,Phalacrocorax nigrogularis,155525071,22696802,Afrotropical|Palearctic,Terrestrial|Marine,2018-08-08 00:00:00 UTC,Vulnerable,3.1,Decreasing,NA,Predation,,1,2,,,1,1,,,,,,,,,,,2025-06-01T00:00:00Z,1560,included_species,Birds
Phascogale calura,Phascogale calura,21944219,16888,Australasian,Terrestrial,2014-09-21 00:00:00 UTC,Near Threatened,3.1,Stable,NA,Predation,,2,,1,,0,,Cats not mentioned,,2,,,,,,,,2025-01-01T00:00:00Z,51.5,included_species,Mammals
Phascogale pirata,Phascogale pirata,21944455,16889,Australasian,Terrestrial,2015-06-15 00:00:00 UTC,Vulnerable,3.1,Unknown,"Phascogale tapoatafa, Phascogale tapoatafa pirata",Predation,,1,,1,,1,2,Cats not mentioned,,1,,,,,,,,2025-01-01T00:00:00Z,181.5,included_species,Mammals
Phascogale tapoatafa,Phascogale tapoatafa,166495589,16890,Australasian,Terrestrial,2012-12-31 00:00:00 UTC,Near Threatened,3.1,Decreasing,NA,Predation,,2,,2,,0,,1,,1,,,,,,,,2025-05-01T00:00:00Z,193.5,included_species,Mammals
Phasmasaurus maruia,Phasmasaurus maruia,123260408,29454,Australasian,Terrestrial,2017-12-11 00:00:00 UTC,Vulnerable,3.1,Decreasing,Lioscincus maruia,Predation,,0,,,1,0,,,,,,,,,,,,2025-04-01T00:00:00Z,,included_species,Reptiles
Phasmasaurus tillieri,Phasmasaurus tillieri,123260873,176190,Australasian,Terrestrial,2017-12-11 00:00:00 UTC,Near Threatened,3.1,Unknown,Lioscincus tillieri,Predation,,0,,,1,0,,,,,,,,,,,,2025-04-01T00:00:00Z,,included_species,Reptiles
Phelsuma edwardnewtonii,Phelsuma edwardnewtonii,17432636,17432631,Afrotropical,Terrestrial,2020-01-28 00:00:00 UTC,Extinct,3.1,,Phelsuma newtoni,Predation,,0,,,,2,,,,,,,,,,,,2025-01-01T00:00:00Z,,included_species,
Phelsuma guentheri,Phelsuma guentheri,152274946,16926,Afrotropical,Terrestrial,2018-04-23 00:00:00 UTC,Vulnerable,3.1,Increasing,NA,Predation,,0,,,,1,,,,,,,,,,,,2025-06-01T00:00:00Z,,included_species,
Phelsuma guimbeaui,Phelsuma guimbeaui,13484162,13484151,Afrotropical,Terrestrial,2019-11-22 00:00:00 UTC,Endangered,3.1,Decreasing,NA,Predation,,0,,,,0,,,,,,,,,,,,2025-01-01T00:00:00Z,,included_species,
Phelsuma rosagularis,Phelsuma rosagularis,13484209,13484200,Afrotropical,Terrestrial,2020-01-30 00:00:00 UTC,Endangered,3.1,Decreasing,NA,Predation,,0,,,,0,,,,,,,,,,,,2025-01-01T00:00:00Z,,included_species,
Philoria frosti,Philoria frosti,78428326,16997,Australasian,Terrestrial|Freshwater (=Inland waters),2021-06-07 00:00:00 UTC,Critically Endangered,3.1,Decreasing,NA,Predation,,0,1,,,1,,,,,,,,,,,,2025-03-01T00:00:00Z,,included_species,
Phoebastria immutabilis,Phoebastria immutabilis,132643073,22698365,Indomalayan|Nearctic|Neotropical|Oceanian|Palearctic,Terrestrial|Marine,2018-08-07 00:00:00 UTC,Near Threatened,3.1,Stable,Diomedea immutabilis,Predation,,1,1,,,1,,,1,,,,,,,,1,2025-05-01T00:00:00Z,3145.93,included_species,Birds
Phoebetria fusca,Phoebetria fusca,132645596,22698431,Afrotropical|Antarctic|Neotropical|Oceanian,Terrestrial|Marine,2018-08-07 00:00:00 UTC,Endangered,3.1,Decreasing,NA,Predation,,1,,,,1,2,,,,Cats not mentioned,0,,,,,,2025-05-01T00:00:00Z,2553.66,included_species,Birds
Phoebetria palpebrata,Phoebetria palpebrata,132647449,22698448,Afrotropical|Antarctic|Neotropical|Oceanian,Terrestrial|Marine,2018-08-07 00:00:00 UTC,Near Threatened,3.1,Decreasing,NA,Predation,,1,,,,1,,,,,Not attributed,0,,,,,,2025-05-01T00:00:00Z,3150,included_species,Birds
Pholidoscelis dorsalis,Pholidoscelis dorsalis,121640494,50009027,Neotropical,Terrestrial,2015-07-21 00:00:00 UTC,Endangered,3.1,Decreasing,Ameiva dorsalis,Predation,,0,,,,1,,,,,,,,,,,,2025-04-01T00:00:00Z,,included_species,
Pholidoscelis griswoldi,Pholidoscelis griswoldi,121641260,50009821,Neotropical,Terrestrial,2015-07-22 00:00:00 UTC,Near Threatened,3.1,Decreasing,Ameiva griswoldi,Predation,,0,,,,0,,,,,,,,,,,,2025-04-01T00:00:00Z,,included_species,
Phoniscus papuensis,Phoniscus papuensis,22021190,10982,Australasian,Terrestrial,2020-12-10 00:00:00 UTC,Vulnerable,3.1,Unknown,Kerivoula papuensis,Predation,,0,,0,,1,,Cats not mentioned,,Not attributed,,,,0,Cats not mentioned,,,2025-01-01T00:00:00Z,6.2,included_species,Mammals
Phyllodactylus darwini,Phyllodactylus darwini,217808624,48443561,Neotropical,Terrestrial,2014-02-24 00:00:00 UTC,Near Threatened,3.1,Decreasing,NA,Predation,,0,,,,0,,,,,,,,,,,,2025-07-01T00:00:00Z,,included_species,
Phyllodactylus leei,Phyllodactylus leei,56282962,178276,Neotropical,Terrestrial,2014-02-24 00:00:00 UTC,Near Threatened,3.1,Unknown,NA,Predation,,0,,,,0,1,,,,,,,,,,,2025-03-01T00:00:00Z,,included_species,
Phyllodactylus pulcher,Phyllodactylus pulcher,115401286,48443321,Neotropical,Terrestrial,2015-07-22 00:00:00 UTC,Critically Endangered,3.1,Decreasing,NA,Predation,,0,,,,0,,,,,,,,,,,,2025-04-01T00:00:00Z,,included_species,
Phyllodactylus rutteni,Phyllodactylus rutteni,48443149,48443145,Neotropical,Terrestrial,2014-11-24 00:00:00 UTC,Near Threatened,3.1,Unknown,NA,Predation,,0,,,,0,,,,,,,,,,,,2025-03-01T00:00:00Z,,included_species,
Phyllodactylus sentosus,Phyllodactylus sentosus,48442982,48442971,Neotropical,Terrestrial,2014-02-26 00:00:00 UTC,Critically Endangered,3.1,Decreasing,NA,Predation,,0,,,,1,,,,,,,,,,,,2025-03-01T00:00:00Z,,included_species,
Phyllomys thomasi,Phyllomys thomasi,22210762,6989,Neotropical,Terrestrial,2016-06-10 00:00:00 UTC,Endangered,3.1,Decreasing,Echimys thomasi,Predation,,0,,,,0,1,,,,,,,,,,,2025-01-01T00:00:00Z,560.2,included_species,Mammals
Phyllonycteris aphylla,Phyllonycteris aphylla,22133396,17173,Neotropical,Terrestrial,2015-03-06 00:00:00 UTC,Critically Endangered,3.1,Decreasing,NA,Predation,,0,,,,0,,,,,,,,0,Cats not mentioned,,,2025-01-01T00:00:00Z,24.5,included_species,Mammals
Pipilo socorroensis,Pipilo socorroensis,179961716,103773037,Nearctic|Neotropical,Terrestrial,2020-08-31 00:00:00 UTC,Endangered,3.1,Decreasing,NA,Predation,,0,,,,2,,,,,,,,,,,,2025-07-01T00:00:00Z,39.28,included_species,Birds
Pipistrellus maderensis,Pipistrellus maderensis,211010717,17315,Palearctic,Terrestrial,2023-02-03 00:00:00 UTC,Endangered,3.1,Decreasing,Vesperugo maderensis,Predation,,0,,,,1,,,,,,,,0,Cats not mentioned,,,2025-05-01T00:00:00Z,7,included_species,Mammals
Pitta superba,Pitta superba,209885436,22698640,Australasian,Terrestrial,2022-07-28 00:00:00 UTC,Endangered,3.1,Decreasing,NA,Predation,,0,,,,0,1,,,,,,,,,,,2025-07-01T00:00:00Z,115,included_species,Birds
Plestiodon barbouri,Plestiodon barbouri,96879280,199742,Indomalayan,Terrestrial,2016-12-13 00:00:00 UTC,Vulnerable,3.1,Decreasing,Eumeces barbouri,Predation,,0,,,,0,,,,,,,,,,,,2025-03-01T00:00:00Z,,included_species,
Plestiodon kishinouyei,Plestiodon kishinouyei,96877356,8217,Indomalayan,Terrestrial,2016-12-13 00:00:00 UTC,Vulnerable,3.1,Decreasing,Eumeces kishinouyei,Predation,,0,,,,0,,,,,,,,,,,,2025-03-01T00:00:00Z,,included_species,
Plestiodon longirostris,Plestiodon longirostris,121499536,8218,Nearctic,Terrestrial,2020-01-23 00:00:00 UTC,Critically Endangered,3.1,Decreasing,Eumeces longirostris,Predation,,2,,,,0,,,,,,,,,,,,2025-04-01T00:00:00Z,,included_species,Reptiles
Ploceus grandis,Ploceus grandis,176388594,22718925,Afrotropical,Terrestrial,2020-06-01 00:00:00 UTC,Near Threatened,3.1,Decreasing,NA,Predation,,0,,,,1,,,,,,,,,,,,2025-06-01T00:00:00Z,63.48,included_species,Birds
Podarcis lilfordi,Podarcis lilfordi,137843212,17795,Palearctic,Terrestrial,2022-10-07 00:00:00 UTC,Near Threatened,3.1,Stable,Zootoca lilfordi,Predation,,1,,,,0,2,,1,,,,,,,,,2025-06-01T00:00:00Z,,included_species,Reptiles
Podarcis pityusensis,Podarcis pityusensis,137843475,17800,Palearctic,Terrestrial,2022-10-08 00:00:00 UTC,Endangered,3.1,Decreasing,Lacerta muralis pityusensis,Predation,,0,,,,0,,,,,,,,,,,,2025-06-01T00:00:00Z,,included_species,
Podomys floridanus,Podomys floridanus,22339074,17830,Nearctic|Neotropical,Terrestrial,2017-03-22 00:00:00 UTC,Near Threatened,3.1,Decreasing,NA,Predation,,0,,,,0,,,,,,,,,,,,2025-01-01T00:00:00Z,30.8,included_species,Mammals
Pomarea dimidiata,Pomarea dimidiata,132072143,22707172,Oceanian,Terrestrial,2018-08-09 00:00:00 UTC,Vulnerable,3.1,Increasing,NA,Predation,,0,,,,0,1,,,,,,,,,,,2025-04-01T00:00:00Z,23,included_species,Birds
Pomarea fluxa,Pomarea fluxa,230915546,22732926,Oceanian,Terrestrial,2023-03-24 00:00:00 UTC,Extinct,3.1,,NA,Predation,,0,,,,0,1,,,,,,,,,0,,2025-05-01T00:00:00Z,,included_species,
Pomarea iphis,Pomarea iphis,119194254,22734314,Oceanian,Terrestrial,2017-10-01 00:00:00 UTC,Critically Endangered,3.1,Stable,NA,Predation,,0,,,,0,,,,,,,,,,,,2025-04-01T00:00:00Z,23.9,included_species,Birds
Pomarea mendozae,Pomarea mendozae,210741049,22734320,Oceanian,Terrestrial,2022-06-01 00:00:00 UTC,Endangered,3.1,Stable,NA,Predation,,0,,,,2,2,,1,,,,,,,Not attributed,,2025-05-01T00:00:00Z,29.6,included_species,Birds
Pomarea mira,Pomarea mira,157473406,22732931,Oceanian,Terrestrial,2016-10-01 00:00:00 UTC,Critically Endangered,3.1,Unknown,NA,Predation,,0,,,,0,,,,,,,,,,Not attributed,,2025-05-01T00:00:00Z,29.6,included_species,Birds
Pomarea nigra,Pomarea nigra,173465740,22707178,Oceanian,Terrestrial,2020-07-02 00:00:00 UTC,Critically Endangered,3.1,Increasing,NA,Predation,,0,,,,1,,,,,,,,,,,,2025-06-01T00:00:00Z,25.4,included_species,Birds
Pomarea whitneyi,Pomarea whitneyi,155462058,22707192,Oceanian,Terrestrial,2018-08-07 00:00:00 UTC,Critically Endangered,3.1,Decreasing,NA,Predation,,1,,,,0,1,,,,,,,,,,,2025-06-01T00:00:00Z,42.5,included_species,Birds
Poodytes rufescens,Poodytes rufescens,246108014,22728902,Australasian,Terrestrial,2023-09-28 00:00:00 UTC,Extinct,3.1,,"Bowdleria rufescens, Megalurus rufescens, Sphenoeacus rufescens",Predation,,0,,,,2,,,,,,,,,,1,,2025-07-01T00:00:00Z,,included_species,
Porphyrio paepae,Porphyrio paepae,230907670,62263064,Oceanian,Terrestrial|Freshwater (=Inland waters),2023-03-24 00:00:00 UTC,Extinct,3.1,,NA,Predation,,0,,,,0,1,,,,,,,,,Not attributed,,2025-05-01T00:00:00Z,,included_species,
Potorous gilbertii,Potorous gilbertii,21960726,18107,Australasian,Terrestrial,2016-06-27 00:00:00 UTC,Critically Endangered,3.1,Decreasing,Potorous tridactylus gilbertii,Predation,,0,,0,,0,2,Cats not mentioned,,0,,,,,,,,2025-01-01T00:00:00Z,962.5,included_species,Mammals
Potorous tridactylus,Potorous tridactylus,166499137,41511,Australasian,Terrestrial,2014-05-28 00:00:00 UTC,Near Threatened,3.1,Decreasing,NA,Predation,,8,1,6,,0,,0,,1,,,,,,,,2025-05-01T00:00:00Z,1100,included_species,Mammals
Pristidactylus volcanensis,Pristidactylus volcanensis,2761213,203156,Neotropical,Terrestrial,2015-05-29 00:00:00 UTC,Endangered,3.1,Decreasing,NA,Predation,,0,,,,2,,,,,,,,,,,,2025-01-01T00:00:00Z,,included_species,
Procellaria aequinoctialis,Procellaria aequinoctialis,132628887,22698140,Afrotropical|Neotropical|Oceanian,Terrestrial|Marine,2018-08-07 00:00:00 UTC,Vulnerable,3.1,Decreasing,NA,Predation,,5,,,,2,2,,4,,0,Not attributed,,,,,,2025-05-01T00:00:00Z,1213,included_species,Birds
Procellaria cinerea,Procellaria cinerea,175348962,22698159,Afrotropical|Antarctic|Neotropical|Oceanian,Terrestrial|Marine,2020-05-15 00:00:00 UTC,Near Threatened,3.1,Decreasing,NA,Predation,,3,2,,,0,,,,,Not attributed,1,,,,,,2025-05-01T00:00:00Z,1131,included_species,Birds
Procellaria parkinsoni,Procellaria parkinsoni,132629374,22698150,Neotropical|Oceanian,Terrestrial|Marine,2018-08-16 00:00:00 UTC,Vulnerable,3.1,Stable,NA,Predation,,1,1,,,1,,,3,,0,1,,,,,,2025-05-01T00:00:00Z,702.2,included_species,Birds
Procellaria westlandica,Procellaria westlandica,132629809,22698155,Neotropical|Oceanian,Terrestrial|Marine,2018-08-20 00:00:00 UTC,Endangered,3.1,Unknown,NA,Predation,,0,,,,1,1,,,,Not attributed,Not attributed,,,,,,2025-05-01T00:00:00Z,1199,included_species,Birds
Procyon pygmaeus,Procyon pygmaeus,45201913,18267,Neotropical,Terrestrial,2016-02-11 00:00:00 UTC,Critically Endangered,3.1,Decreasing,NA,Disease,,0,,,,1,,,,,,,,,,,,2025-02-01T00:00:00Z,2500,excluded_species,Mammals
Prosobonia cancellata,Prosobonia parvirostris,246202198,62289108,Oceanian,Terrestrial|Marine,2023-09-30 00:00:00 UTC,Extinct,3.1,,NA,Predation,,1,,,,0,2,,,,,,,,,1,,2025-06-01T00:00:00Z,36,included_species,Birds
Prosobonia parvirostris,Prosobonia parvirostris,229059793,62289271,Oceanian,Terrestrial|Marine,2023-03-07 00:00:00 UTC,Endangered,3.1,Decreasing,NA,Predation,,0,,,,3,2,,,,,,,,,,,2025-07-01T00:00:00Z,36,included_species,Birds
Pseudalsophis biserialis,Pseudalsophis biserialis,56253872,190541,Neotropical,Terrestrial,2014-01-26 00:00:00 UTC,Near Threatened,3.1,Unknown,"Alsophis biserialis, Herpetodryas biserialis",Predation,,0,,,,0,,,,,,,,,,,,2025-03-01T00:00:00Z,,included_species,
Pseudalsophis steindachneri,Pseudalsophis steindachneri,54447669,190542,Neotropical,Terrestrial,2014-02-24 00:00:00 UTC,Near Threatened,3.1,Decreasing,"Antillophis steindachneri, Dromicus steindachneri",Predation,,0,,,,0,,,,,,,,,,,,2025-03-01T00:00:00Z,,included_species,
Pseudantechinus mimulus,Pseudantechinus mimulus,21945496,18447,Australasian,Terrestrial,2014-03-08 00:00:00 UTC,Near Threatened,3.1,Decreasing,NA,Predation,,0,,0,,1,2,Cats not mentioned,,0,,,,,,,,2025-01-01T00:00:00Z,17,included_species,Mammals
Pseudemoia cryodroma,Pseudemoia cryodroma,109480945,109480937,Australasian,Terrestrial,2017-06-13 00:00:00 UTC,Endangered,3.1,Unknown,NA,Predation,,0,,,,0,,,,,,,,,,,,2025-04-01T00:00:00Z,,included_species,
Pseudobulweria aterrima,Pseudobulweria aterrima,132611797,22697896,Afrotropical,Terrestrial|Marine,2018-08-07 00:00:00 UTC,Critically Endangered,3.1,Decreasing,"Procellaria aterrima, Pterodroma aterrima aterrima",Predation,,2,,,,1,1,,1,,,,,,,,,2025-04-01T00:00:00Z,232,included_species,Birds
Pseudobulweria becki,Pseudobulweria becki,132612218,22697913,Oceanian,Terrestrial|Marine,2018-08-07 00:00:00 UTC,Critically Endangered,3.1,Decreasing,"Procellaria becki, Pterodroma becki becki",Predation,,0,,,,1,1,,,,,,,,,,,2025-05-01T00:00:00Z,409,included_species,Birds
Pseudobulweria macgillivrayi,Pseudobulweria macgillivrayi,132613365,22697935,Oceanian,Terrestrial|Marine,2018-08-07 00:00:00 UTC,Critically Endangered,3.1,Decreasing,"Pterodroma macgillivrayi macgillivrayi, Thalassidroma macgillivrayi",Predation,,1,,,,1,1,,1,,,,,,,,,2025-05-01T00:00:00Z,143,included_species,Birds
Pseudobulweria rostrata,Pseudobulweria rostrata,132612667,22697925,Oceanian,Terrestrial|Marine,2018-08-07 00:00:00 UTC,Near Threatened,3.1,Decreasing,Pterodroma rostrata,Predation,,0,,,,1,,,,,1,1,,,,,,2025-05-01T00:00:00Z,409,included_species,Birds
Pseudocheirus occidentalis,Pseudocheirus occidentalis,21963100,18492,Australasian,Terrestrial,2014-03-09 00:00:00 UTC,Critically Endangered,3.1,Decreasing,NA,Predation,,2,,1,,2,2,0,,1,,,,,,,,2025-01-01T00:00:00Z,987.5,included_species,Mammals
Pseudomys auritus,Pseudomys auritus,254623623,75927882,Australasian,Terrestrial,2024-06-06 00:00:00 UTC,Extinct,3.1,,NA,Predation,,0,,0,,0,,Cats not mentioned,,3,,,,,,,,2025-01-01T00:00:00Z,,included_species,
Pseudomys australis,Pseudomys australis,115493152,75927871,Australasian,Terrestrial,2015-07-25 00:00:00 UTC,Vulnerable,3.1,Decreasing,NA,Predation,,4,,5,,1,4,1,,3,,,,,,,,2025-04-01T00:00:00Z,65,included_species,Mammals
Pseudomys calabyi,Pseudomys calabyi,22399037,136808,Australasian,Terrestrial,2015-06-04 00:00:00 UTC,Vulnerable,3.1,Decreasing,NA,Predation,,0,,Cats not mentioned,,0,1,Cats not mentioned,,0,,,,,,,,2025-01-01T00:00:00Z,22.5,included_species,Mammals
Pseudomys fieldi,Pseudomys fieldi,22398445,18549,Australasian,Terrestrial,2012-12-31 00:00:00 UTC,Vulnerable,3.1,Stable,NA,Predation,,0,,0,,1,1,0,1,1,,,,,,,,2025-01-01T00:00:00Z,45,included_species,Mammals
Pseudomys fumeus,Pseudomys fumeus,22398566,18550,Australasian,Terrestrial,2015-07-26 00:00:00 UTC,Vulnerable,3.1,Decreasing,NA,Predation,,0,,1,,0,2,Cats not mentioned,,5,,,,,,,,2025-01-01T00:00:00Z,70,included_species,Mammals
Pseudomys glaucus,Pseudomys glaucus,254617306,18564,Australasian,Terrestrial,2024-06-06 00:00:00 UTC,Extinct,3.1,,NA,Predation,,0,1,0,,1,1,Cats not mentioned,,1,,,,,,,,2025-04-01T00:00:00Z,30,included_species,Mammals
Pseudomys gouldii,Pseudomys gouldii,248638568,248637991,Australasian,Terrestrial,2023-11-24 00:00:00 UTC,Vulnerable,3.1,Increasing,"Mus gouldii, Pseudomys praeconis, Pseudomys fieldi, Pseudomys rawlinnae",Predation,,0,,Cats not mentioned,,0,1,0,,0,,,,,,,,2025-06-01T00:00:00Z,50,included_species,Mammals
Pseudomys novaehollandiae,Pseudomys novaehollandiae,254615075,18552,Australasian,Terrestrial,2024-06-15 00:00:00 UTC,Vulnerable,3.1,Decreasing,Mus novaehollandiae,Predation,,4,,1,,0,,1,,0,,,,,,,,2025-04-01T00:00:00Z,20,included_species,Mammals
Pseudomys occidentalis,Pseudomys occidentalis,22398121,18553,Australasian,Terrestrial,2016-07-03 00:00:00 UTC,Near Threatened,3.1,Decreasing,NA,Predation,,0,,0,,0,,Cats not mentioned,,0,,,,,,,,2025-01-01T00:00:00Z,34,included_species,Mammals
Pseudomys oralis,Pseudomys oralis,115143455,18554,Australasian,Terrestrial,2016-02-24 00:00:00 UTC,Vulnerable,3.1,Decreasing,NA,Predation,,0,,0,,1,1,0,,3,,,,,,,,2025-04-01T00:00:00Z,95,included_species,Mammals
Pseudomys shortridgei,Pseudomys shortridgei,254616177,18557,Australasian,Terrestrial,2024-06-15 00:00:00 UTC,Endangered,3.1,Decreasing,Mus shortridgei,Predation,,1,,0,,0,,0,,3,,,,,,,,2025-04-01T00:00:00Z,70,included_species,Mammals
Pseudonestor xanthophrys,Pseudonestor xanthophrys,224743508,22720753,Oceanian,Terrestrial,2022-12-08 00:00:00 UTC,Critically Endangered,3.1,Decreasing,NA,Predation,,0,,,,1,,,,,,,,,,,,2025-07-01T00:00:00Z,22.1,included_species,Birds
Psittirostra psittacea,Psittirostra psittacea,248950875,22720734,Oceanian,Terrestrial,2024-02-26 00:00:00 UTC,Extinct,3.1,,NA,Predation,,0,,,,1,,,,,,,,,,Not attributed,,2025-05-01T00:00:00Z,28.62,included_species,Birds
Pterodroma alba,Pterodroma alba,183088698,22698001,Oceanian,Terrestrial|Marine,2020-08-25 00:00:00 UTC,Vulnerable,3.1,Decreasing,NA,Predation,,1,,,,3,2,,1,,,,,,,,,2025-07-01T00:00:00Z,259,included_species,Birds
Pterodroma arminjoniana,Pterodroma arminjoniana,132618884,22698005,Neotropical,Terrestrial|Marine,2018-08-07 00:00:00 UTC,Vulnerable,3.1,Stable,NA,Predation,,0,,,,1,1,,1,,,,,,,,,2025-05-01T00:00:00Z,394,included_species,Birds
Pterodroma atrata,Pterodroma atrata,132659355,22728442,Oceanian,Terrestrial|Marine,2018-08-17 00:00:00 UTC,Endangered,3.1,Decreasing,NA,Predation,,0,,,,0,,,1,,,,,,,,,2025-06-01T00:00:00Z,394,included_species,Birds
Pterodroma axillaris,Pterodroma axillaris,132613763,22697949,Oceanian,Terrestrial|Marine,2018-08-07 00:00:00 UTC,Vulnerable,3.1,Increasing,NA,Predation,,0,,,,0,1,,1,,,,,,,,,2025-05-01T00:00:00Z,165,included_species,Birds
Pterodroma baraui,Pterodroma baraui,132621225,22698035,Afrotropical|Indomalayan|Oceanian,Terrestrial|Marine,2018-08-20 00:00:00 UTC,Endangered,3.1,Decreasing,NA,Predation,,5,,,,1,2,,1,,,,,,,,,2025-05-01T00:00:00Z,400,included_species,Birds
Pterodroma brevipes,Pterodroma brevipes,132617265,22697987,Oceanian,Terrestrial|Marine,2018-08-07 00:00:00 UTC,Vulnerable,3.1,Decreasing,NA,Predation,,1,,,,1,1,,,,,,,,,,,2025-05-01T00:00:00Z,147.05,included_species,Birds
Pterodroma cahow,Pterodroma cahow,132624115,22698088,Nearctic|Neotropical,Terrestrial|Marine,2018-08-07 00:00:00 UTC,Endangered,3.1,Increasing,NA,Predation,,1,,,,0,2,,,,,,,,,,,2025-05-01T00:00:00Z,246,included_species,Birds
Pterodroma cervicalis,Pterodroma cervicalis,132614556,22697957,Nearctic|Neotropical|Oceanian|Palearctic,Terrestrial|Marine,2018-08-07 00:00:00 UTC,Vulnerable,3.1,Increasing,NA,Predation,,0,,,,0,1,,2,,Not attributed,1,,,,,,2025-05-01T00:00:00Z,444.99,included_species,Birds
Pterodroma cookii,Pterodroma cookii,132616449,22697975,Nearctic|Neotropical|Oceanian,Terrestrial|Marine,2018-08-16 00:00:00 UTC,Vulnerable,3.1,Increasing,Pterodroma cooki,Predation,,1,,,,0,3,,3,,,,,,,,,2025-05-01T00:00:00Z,177.91,included_species,Birds
Pterodroma defilippiana,Pterodroma defilippiana,132617737,22697990,Neotropical,Terrestrial|Marine,2018-08-07 00:00:00 UTC,Vulnerable,3.1,Stable,NA,Predation,,0,,,,0,1,,1,,,,,,,,,2025-05-01T00:00:00Z,169,included_species,Birds
Pterodroma deserta,Pterodroma deserta,132665941,22736135,Afrotropical|Nearctic|Neotropical|Palearctic,Terrestrial|Marine,2018-08-20 00:00:00 UTC,Vulnerable,3.1,Stable,NA,Predation,,0,,,,0,,,,,,,,,,,,2025-06-01T00:00:00Z,311,included_species,Birds
Pterodroma externa,Pterodroma externa,132620783,22698030,Nearctic|Neotropical|Oceanian,Terrestrial|Marine,2018-08-07 00:00:00 UTC,Vulnerable,3.1,Stable,NA,Predation,,2,,,,1,2,,1,,,,,,,,,2025-05-01T00:00:00Z,428,included_species,Birds
Pterodroma feae,Pterodroma feae,132655668,22728011,Afrotropical|Nearctic|Palearctic,Terrestrial|Marine,2018-08-07 00:00:00 UTC,Near Threatened,3.1,Unknown,NA,Predation,,3,1,,,1,,,,,,,,,,,,2025-06-01T00:00:00Z,311,included_species,Birds
Pterodroma incerta,Pterodroma incerta,152715347,22698084,Afrotropical|Neotropical,Terrestrial|Marine,2019-06-14 00:00:00 UTC,Endangered,3.1,Decreasing,Procellaria incerta,Predation,,0,,,,0,,,,,,,,,,,,2025-06-01T00:00:00Z,520,included_species,Birds
Pterodroma leucoptera,Pterodroma leucoptera,132615952,22697970,Neotropical|Oceanian,Terrestrial|Marine,2018-08-20 00:00:00 UTC,Vulnerable,3.1,Decreasing,NA,Predation,,1,,,,1,1,,,,0,Not attributed,,,,,,2025-05-01T00:00:00Z,147.05,included_species,Birds
Pterodroma longirostris,Pterodroma longirostris,152684668,22697997,Nearctic|Neotropical|Oceanian|Palearctic,Terrestrial|Marine,2019-06-13 00:00:00 UTC,Vulnerable,3.1,Decreasing,NA,Predation,,2,,,,4,3,,1,,,,,,,,,2025-06-01T00:00:00Z,143,included_species,Birds
Pterodroma madeira,Pterodroma madeira,132622973,22698062,Palearctic,Terrestrial|Marine,2018-08-17 00:00:00 UTC,Endangered,3.1,Stable,NA,Predation,,2,,,,0,1,,1,,,,,,,,,2025-05-01T00:00:00Z,201.05,included_species,Birds
Pterodroma magentae,Pterodroma magentae,131879320,22698049,Oceanian,Terrestrial|Marine,2018-08-07 00:00:00 UTC,Critically Endangered,3.1,Increasing,NA,Predation,,0,,,,0,2,,2,,,,,,,,,2025-04-01T00:00:00Z,465,included_species,Birds
Pterodroma phaeopygia,Pterodroma phaeopygia,132619647,22698020,Neotropical|Oceanian,Terrestrial|Marine,2018-08-07 00:00:00 UTC,Critically Endangered,3.1,Decreasing,NA,Predation,,2,,,,0,3,,4,,,,,,,,,2025-05-01T00:00:00Z,400.82,included_species,Birds
Pterodroma rupinarum,Pterodroma rupinarum,262222743,22728800,Afrotropical,Terrestrial|Marine,2024-07-04 00:00:00 UTC,Extinct,3.1,,NA,Predation,,0,,,,1,,,,,,,,,,,,2025-01-01T00:00:00Z,,included_species,Birds
Pterodroma sandwichensis,Pterodroma sandwichensis,132378813,22698017,Nearctic|Oceanian,Terrestrial|Marine,2018-08-07 00:00:00 UTC,Endangered,3.1,Decreasing,NA,Predation,,1,,,,0,7,,2,,,,,,,,,2025-04-01T00:00:00Z,400.82,included_species,Birds
Pteropus dasymallus,Pteropus dasymallus,22080614,18722,Indomalayan|Palearctic,Terrestrial,2016-12-31 00:00:00 UTC,Vulnerable,3.1,Decreasing,NA,Predation,,0,1,,,0,,,,,,,,0,2,,,2025-01-01T00:00:00Z,435,included_species,Mammals
Pteropus melanotus,Pteropus melanotus,22082634,18740,Indomalayan,Terrestrial,2021-08-31 00:00:00 UTC,Vulnerable,3.1,Decreasing,"Pteropus melanotus tytleri, Pteropus melanotus niadicus",Predation,,1,,Cats not mentioned,,1,3,1,,2,,,,1,1,,,2025-01-01T00:00:00Z,375,included_species,Mammals
Pteropus ornatus,Pteropus ornatus,22084917,18746,Australasian,Terrestrial,2019-08-06 00:00:00 UTC,Vulnerable,3.1,Decreasing,NA,Predation,,0,,,,1,,,,,,,,1,Cats not mentioned,,,2025-01-01T00:00:00Z,330,included_species,Mammals
Pteropus pselaphon,Pteropus pselaphon,22085351,18752,Indomalayan,Terrestrial,2017-02-13 00:00:00 UTC,Endangered,3.1,Stable,NA,Predation,,0,,,,0,,,,,,,,0,Not attributed,,,2025-01-01T00:00:00Z,397.2,included_species,Mammals
Pteropus vetula,Pteropus vetula,22089080,18767,Australasian,Terrestrial,2019-08-06 00:00:00 UTC,Near Threatened,3.1,Decreasing,Pteropus vetulus,Predation,,0,,,,1,,,,,,,,0,Cats not mentioned,,,2025-01-01T00:00:00Z,,included_species,Mammals
Ptilinopus chrysogaster,Ptilinopus chrysogaster,131388042,60760066,Oceanian,Terrestrial,2018-08-07 00:00:00 UTC,Endangered,3.1,Decreasing,Ptilonopus chrysogaster,Predation,,0,,,,1,,,,,,,,,,,,2025-04-01T00:00:00Z,97.55,included_species,Birds
Ptilinopus huttoni,Ptilinopus huttoni,131333951,22691470,Oceanian,Terrestrial,2018-08-07 00:00:00 UTC,Critically Endangered,3.1,Decreasing,NA,Predation,,0,,,,0,1,,,,,,,,,,,2025-04-01T00:00:00Z,130,included_species,Birds
Ptilinopus mercierii,Ptilinopus mercierii,228024595,22691495,Oceanian,Terrestrial,2023-02-14 00:00:00 UTC,Extinct,3.1,,Jotreron melanospila,Predation,,0,,,,2,1,,,,,,,,,1,,2025-05-01T00:00:00Z,,included_species,
Ptychoramphus aleuticus,Ptychoramphus aleuticus,180893939,22694903,Nearctic,Terrestrial|Marine,2020-08-28 00:00:00 UTC,Near Threatened,3.1,Decreasing,NA,Predation,,1,5,,,2,,,,,,,,,,,1,2025-06-01T00:00:00Z,184,included_species,Birds
Puffinus auricularis,Puffinus auricularis,132637811,22698235,Nearctic|Neotropical,Terrestrial|Marine,2018-08-17 00:00:00 UTC,Critically Endangered,3.1,Decreasing,NA,Predation,,1,,,,4,1,,2,,,,,,,,,2025-05-01T00:00:00Z,350.8,included_species,Birds
Puffinus heinrothi,Puffinus heinrothi,132639135,22698277,Oceanian,Terrestrial|Marine,2018-08-07 00:00:00 UTC,Vulnerable,3.1,Stable,NA,Predation,,0,,,,1,1,,,,,,,,,,,2025-05-01T00:00:00Z,192.76,included_species,Birds
Puffinus huttoni,Puffinus huttoni,152719059,22698252,Oceanian,Terrestrial|Marine,2019-06-14 00:00:00 UTC,Endangered,3.1,Stable,NA,Predation,,1,,,,3,,,,,Not attributed,Not attributed,,,,,,2025-05-01T00:00:00Z,364,included_species,Birds
Puffinus mauretanicus,Puffinus mauretanicus,132658315,22728432,Palearctic,Terrestrial|Marine,2018-08-07 00:00:00 UTC,Critically Endangered,3.1,Decreasing,NA,Predation,,2,1,,1,3,1,,1,,,,,,,,,2025-06-01T00:00:00Z,497,included_species,Birds
Puffinus newelli,Puffinus newelli,152723568,132467692,Nearctic|Oceanian,Terrestrial|Marine,2019-06-14 00:00:00 UTC,Critically Endangered,3.1,Decreasing,Puffinus newelli newelli,Predation,,1,2,,,4,2,,2,,,,,,,,,2025-06-01T00:00:00Z,350.8,included_species,Birds
Puffinus opisthomelas,Puffinus opisthomelas,117364166,22698246,Nearctic|Neotropical,Terrestrial|Marine,2021-10-01 00:00:00 UTC,Near Threatened,3.1,Stable,NA,Predation,,2,3,,,3,,,,,,,,,,,1,2025-04-01T00:00:00Z,408,included_species,Birds
Puffinus yelkouan,Puffinus yelkouan,132637221,22698230,Palearctic,Terrestrial|Marine,2018-08-17 00:00:00 UTC,Vulnerable,3.1,Decreasing,NA,Predation,,6,,,,1,4,,,,,,,,,,,2025-05-01T00:00:00Z,497,included_species,Birds
Pyrrhula murina,Pyrrhula murina,205920049,22720676,Palearctic,Terrestrial,2021-08-19 00:00:00 UTC,Vulnerable,3.1,Stable,NA,Predation,,0,,,1,3,,,,,,,,,,,,2025-07-01T00:00:00Z,30,included_species,Birds
Ramphocinclus brachyurus,Ramphocinclus brachyurus,179788434,22711137,Neotropical,Terrestrial,2020-08-28 00:00:00 UTC,Endangered,3.1,Decreasing,NA,Predation,,0,,,,1,,,,,,,,,,,,2025-07-01T00:00:00Z,50,included_species,Birds
Raorchestes primarrumpfi,Raorchestes primarrumpfi,73788145,73787995,Indomalayan,Terrestrial|Freshwater (=Inland waters),2020-10-15 00:00:00 UTC,Critically Endangered,3.1,Decreasing,NA,Predation,,0,,,,1,,,,,,,,,,,,2025-03-01T00:00:00Z,,included_species,Amphibians
Raorchestes tinniens,Raorchestes tinniens,166108604,58926,Indomalayan,Terrestrial,2020-10-19 00:00:00 UTC,Endangered,3.1,Decreasing,"Ixalus montanus, Ixalus punctatus, Philautus melanensis, Philautus tinniens, Phyllomedusa tinniens, Pseudophilautus tinniens, Raorchestes punctatus, Raorchestes melanensis",Predation,,0,,,,1,,,,,,,,,,,,2025-06-01T00:00:00Z,,included_species,Amphibians
Rattus detentus,Rattus detentus,258514107,112139816,Australasian,Terrestrial,2024-06-17 00:00:00 UTC,Critically Endangered,3.1,Unknown,NA,Predation,,0,,,,1,,,,,,,,,,,,2025-01-01T00:00:00Z,,included_species,
Reithrodontomys musseri,Reithrodontomys musseri,259145520,45959367,Neotropical,Terrestrial,2024-05-10 00:00:00 UTC,Near Threatened,3.1,Unknown,NA,Predation,,0,,,,0,,,,,,,,,,,,2025-01-01T00:00:00Z,,included_species,
Reithrodontomys raviventris,Reithrodontomys raviventris,22385344,19401,Nearctic,Terrestrial,2017-01-16 00:00:00 UTC,Endangered,3.1,Decreasing,NA,Predation,,0,,,,0,2,,,,,,,,,,,2025-01-01T00:00:00Z,11.1,included_species,Mammals
Reithrodontomys spectabilis,Reithrodontomys spectabilis,22386261,19416,Neotropical,Terrestrial,2017-04-24 00:00:00 UTC,Critically Endangered,3.1,Decreasing,NA,Predation,,0,,,,0,1,,,,,,,,,,,2025-01-01T00:00:00Z,20.2,included_species,Mammals
Rhynchortyx cinctus,Rhynchortyx cinctus,137690102,22679720,Neotropical,Terrestrial,2021-09-29 00:00:00 UTC,Near Threatened,3.1,Decreasing,NA,Predation,,0,,,,1,,,,,,,,,,,,2025-06-01T00:00:00Z,150,included_species,Birds
Rhynochetos jubatus,Rhynochetos jubatus,156666402,22692211,Oceanian,Terrestrial,2019-08-14 00:00:00 UTC,Endangered,3.1,Decreasing,NA,Predation,,1,,,,0,2,,,,,,,,,,,2025-06-01T00:00:00Z,859.99,included_species,Birds
Ristella rurkii,Ristella rurkii,158415414,174133,Indomalayan,Terrestrial,2019-09-04 00:00:00 UTC,Near Threatened,3.1,Unknown,"Ateuchosaurus travancoricus, Ristella malabarica, Ristella travancorica",Predation,,0,,,,0,,,,,,,,,,,,2025-06-01T00:00:00Z,,included_species,
Salanoia concolor,Salanoia concolor,45202205,19852,Afrotropical,Terrestrial,2015-03-02 00:00:00 UTC,Vulnerable,3.1,Decreasing,"Galidia concolor, Salanoia durrelli, Salanoia olivacea, Salanoia unicolor",Predation,,2,,,,3,,,,,,,,,,,,2025-03-01T00:00:00Z,650,included_species,Mammals
Sauromalus hispidus,Sauromalus hispidus,130061591,174482,Nearctic,Terrestrial,2018-06-04 00:00:00 UTC,Endangered,3.1,Decreasing,NA,Predation,,0,,,,0,,,,,,,,,,,,2025-04-01T00:00:00Z,,included_species,
Sauromalus klauberi,Sauromalus klauberi,1414907,174483,Nearctic,Terrestrial,2018-06-04 00:00:00 UTC,Vulnerable,3.1,Unknown,Sauromalus ater klauberi,Predation,,0,,,,3,,,,,,,,,,,,2025-01-01T00:00:00Z,,included_species,Reptiles
Sauromalus slevini,Sauromalus slevini,1414913,174484,Nearctic,Terrestrial,2018-06-04 00:00:00 UTC,Near Threatened,3.1,Unknown,Sauromalus ater slevini,Predation,,0,,,,0,,,,,,,,,,,,2025-01-01T00:00:00Z,,included_species,
Saxicola dacotiae,Saxicola dacotiae,205920538,22710177,Palearctic,Terrestrial,2022-05-04 00:00:00 UTC,Near Threatened,3.1,Decreasing,NA,Predation,,2,3,,,2,,,,,,,,,,,,2025-07-01T00:00:00Z,12.2,included_species,Birds
Scolopax mira,Scolopax mira,93381144,22693056,Palearctic,Terrestrial,2016-10-01 00:00:00 UTC,Vulnerable,3.1,Stable,NA,Predation,,1,,,,0,1,,,,,,,,,,,2025-03-01T00:00:00Z,447,included_species,Birds
Sephanoides fernandensis,Sephanoides fernandensis,179402328,22687863,Neotropical,Terrestrial,2020-07-15 00:00:00 UTC,Critically Endangered,3.1,Decreasing,NA,Predation,,0,,,,5,1,,1,,,,,,,0,,2025-06-01T00:00:00Z,8.73,included_species,Birds
Setonix brachyurus,Setonix brachyurus,166611530,20165,Australasian,Terrestrial,2012-12-31 00:00:00 UTC,Vulnerable,3.1,Decreasing,NA,Predation,,2,3,2,,6,3,1,,Not attributed,,,,,,,,2025-05-01T00:00:00Z,3250,included_species,Mammals
Setophaga graysoni,Setophaga graysoni,180119340,103798676,Neotropical,Terrestrial,2020-08-31 00:00:00 UTC,Near Threatened,3.1,Unknown,NA,Predation,,0,,,,0,,,,,,,,,,,,2025-07-01T00:00:00Z,6.82,included_species,Birds
Sigaloseps balios,Sigaloseps balios,123469229,122904066,Australasian,Terrestrial,2017-12-11 00:00:00 UTC,Vulnerable,3.1,Stable,NA,Predation,,0,,,,1,,,,,,,,,,,,2025-04-01T00:00:00Z,,included_species,
Sigaloseps conditus,Sigaloseps conditus,123469234,122904352,Australasian,Terrestrial,2017-12-11 00:00:00 UTC,Endangered,3.1,Decreasing,NA,Predation,,0,,,,1,,,,,,,,,,,,2025-04-01T00:00:00Z,,included_species,
Sigaloseps ruficauda,Sigaloseps ruficauda,123734325,123732608,Australasian,Terrestrial,2017-12-11 00:00:00 UTC,Critically Endangered,3.1,Decreasing,NA,Predation,,0,,,,1,1,,,,,,,,,,,2025-04-01T00:00:00Z,,included_species,
Sittiparus owstoni,Sittiparus owstoni,118641514,103758982,Palearctic,Terrestrial,2017-10-01 00:00:00 UTC,Endangered,3.1,Decreasing,NA,Predation,,0,,,,0,,,,,,,,,,,,2025-04-01T00:00:00Z,17,included_species,Birds
Sminthopsis bindi,Sminthopsis bindi,21948917,40551,Australasian,Terrestrial,2014-03-16 00:00:00 UTC,Near Threatened,3.1,Decreasing,NA,Predation,,0,,1,,0,,Cats not mentioned,,1,,,,,,,,2025-01-01T00:00:00Z,16,included_species,Mammals
Sminthopsis butleri,Sminthopsis butleri,21948035,20295,Australasian,Terrestrial,2015-06-15 00:00:00 UTC,Vulnerable,3.1,Decreasing,NA,Predation,,0,,1,,1,2,0,,0,,,,,,,,2025-01-01T00:00:00Z,25,included_species,Mammals
Sminthopsis douglasi,Sminthopsis douglasi,21948305,20290,Australasian,Terrestrial,2015-06-15 00:00:00 UTC,Near Threatened,3.1,Decreasing,Antechinomys douglasi,Predation,,1,,5,,1,,0,,5,,,,,,,,2025-01-01T00:00:00Z,55,included_species,Mammals
Sminthopsis psammophila,Sminthopsis psammophila,21947794,20293,Australasian,Terrestrial,2014-03-17 00:00:00 UTC,Vulnerable,3.1,Decreasing,Antechinomys psammophila,Predation,,0,,0,,0,2,0,,1,,,,,,,,2025-01-01T00:00:00Z,33.5,included_species,Mammals
Solenodon marcanoi,Solenodon marcanoi,22327069,20322,Neotropical,Terrestrial,2018-01-09 00:00:00 UTC,Extinct,3.1,,NA,Predation,,0,,,,0,1,,,,,,,,,,,2025-01-01T00:00:00Z,230,included_species,Mammals
Sphaerodactylus beattyi,Sphaerodactylus beattyi,115485806,75605335,Neotropical,Terrestrial,2015-07-24 00:00:00 UTC,Endangered,3.1,Decreasing,NA,Predation,,0,,,,1,,,,,,,,,,,,2025-04-01T00:00:00Z,,included_species,
Sphaerodactylus inaguae,Sphaerodactylus inaguae,75607769,75605460,Neotropical,Terrestrial,2015-07-23 00:00:00 UTC,Endangered,3.1,Unknown,NA,Predation,,0,,,,1,,,,,,,,,,,,2025-03-01T00:00:00Z,,included_species,
Sphaerodactylus kirbyi,Sphaerodactylus kirbyi,115333701,194266,Neotropical,Terrestrial,2011-01-28 00:00:00 UTC,Vulnerable,3.1,Unknown,NA,Predation,,1,,,,0,1,,,,,,,,,,,2025-04-01T00:00:00Z,,included_species,
Sphaerodactylus mariguanae,Sphaerodactylus mariguanae,75607804,75605520,Neotropical,Terrestrial,2015-07-23 00:00:00 UTC,Endangered,3.1,Unknown,NA,Predation,,0,,,,3,,,,,,,,,,,,2025-03-01T00:00:00Z,,included_species,
Spheniscus demersus,Spheniscus demersus,256021744,22697810,Afrotropical,Terrestrial|Marine,2024-07-04 00:00:00 UTC,Critically Endangered,3.1,Decreasing,Diomedea demersa,Predation,,2,,,,4,1,,3,,,,,,,,,2025-01-01T00:00:00Z,3130.11,included_species,Birds
Spheniscus humboldti,Spheniscus humboldti,182714418,22697817,Neotropical,Terrestrial|Marine,2020-08-21 00:00:00 UTC,Vulnerable,3.1,Decreasing,NA,Predation,,1,,,,0,2,,,,,,,,,,,2025-07-01T00:00:00Z,4366.39,included_species,Birds
Spheniscus mendiculus,Spheniscus mendiculus,182729677,22697825,Neotropical,Terrestrial|Marine,2020-08-21 00:00:00 UTC,Endangered,3.1,Decreasing,NA,"Predation, disease",,1,6,,,4,3,,1,,,,,,,,,2025-07-01T00:00:00Z,1921.86,included_species,Birds
Spilogale pygmaea,Spilogale pygmaea,45211592,41637,Neotropical,Terrestrial,2015-05-15 00:00:00 UTC,Vulnerable,3.1,Decreasing,NA,Predation,,0,,,,0,1,,,,,,,,,,,2025-03-01T00:00:00Z,235,included_species,Mammals
Spizocorys fringillaris,Spizocorys fringillaris,177702444,22717368,Afrotropical,Terrestrial,2020-06-19 00:00:00 UTC,Endangered,3.1,Decreasing,Alauda fringillaris,Predation,,0,,,,1,,,,,,,,,,,,2025-06-01T00:00:00Z,19.15,included_species,Birds
Spondylurus anegadae,Spondylurus anegadae,115397395,47103121,Neotropical,Terrestrial,2015-07-24 00:00:00 UTC,Critically Endangered,3.1,Unknown,Spondylurus anegadeae,Predation,,1,,,,1,,,,,,,,,,,,2025-04-01T00:00:00Z,,included_species,
Spondylurus caicosae,Spondylurus caicosae,115397545,47103133,Neotropical,Terrestrial,2015-07-23 00:00:00 UTC,Near Threatened,3.1,Decreasing,NA,Predation,,1,,,,1,,,,,,,,,,,,2025-04-01T00:00:00Z,,included_species,
Spondylurus fulgidus,Spondylurus fulgidus,115397740,47103157,Neotropical,Terrestrial,2015-07-21 00:00:00 UTC,Endangered,3.1,Decreasing,"Mabuia fulgida, Mabuya fulgida, Spondylurus fulgida",Predation,,1,,,,0,,,,,,,,,,,,2025-04-01T00:00:00Z,,included_species,
Spondylurus monae,Spondylurus monae,47103254,47103248,Neotropical,Terrestrial,2013-08-13 00:00:00 UTC,Critically Endangered,3.1,Unknown,NA,Predation,,1,,,,0,2,,,,,,,,,,,2025-03-01T00:00:00Z,,included_species,
Sterna striata,Sterna striata,155620380,22694607,Oceanian,Terrestrial|Freshwater (=Inland waters)|Marine,2018-08-07 00:00:00 UTC,Near Threatened,3.1,Decreasing,NA,Predation,,0,,,,1,,,,,0,0,,,,,,2025-05-01T00:00:00Z,129,included_species,Birds
Sterna virgata,Sterna virgata,132564557,22694641,Afrotropical|Antarctic,Terrestrial|Freshwater (=Inland waters)|Marine,2018-08-07 00:00:00 UTC,Near Threatened,3.1,Stable,NA,Predation,,1,,,,2,,,,,,,,,,,,2025-04-01T00:00:00Z,126,included_species,Birds
Sternula lorata,Sternula lorata,155621597,22694685,Neotropical,Terrestrial|Marine,2018-08-07 00:00:00 UTC,Endangered,3.1,Decreasing,Sterna lorata,Predation,,1,1,,,2,,,,,,,,,,,,2025-06-01T00:00:00Z,53.8,included_species,Birds
Sternula nereis,Sternula nereis,132568135,22694691,Oceanian,Terrestrial|Marine,2018-08-07 00:00:00 UTC,Vulnerable,3.1,Decreasing,"Sterna nereis, Sternula nereis nereis",Predation,,1,2,,,2,4,,,,0,Not attributed,,,,,,2025-04-01T00:00:00Z,72.3,included_species,Birds
Strigops habroptilus,Strigops habroptilus,129751169,22685245,Oceanian,Terrestrial,2018-08-07 00:00:00 UTC,Critically Endangered,3.1,Increasing,Strigops habroptila,Predation,,1,,,4,1,,,1,,,,,,,,,2025-04-01T00:00:00Z,,included_species,Birds
Sylvilagus dicei,Sylvilagus dicei,45180947,21209,Neotropical,Terrestrial,2016-07-21 00:00:00 UTC,Vulnerable,3.1,Decreasing,NA,Predation,,0,,,,0,,,,,,,,,,,,2025-02-01T00:00:00Z,1442.9,included_species,Mammals
Sylvilagus mansuetus,Sylvilagus mansuetus,131232447,21210,Neotropical,Terrestrial,2016-05-31 00:00:00 UTC,Critically Endangered,3.1,Decreasing,NA,Predation,,1,,,,6,2,,,,,,,,,,,2025-04-01T00:00:00Z,649.8,included_species,Mammals
Synthliboramphus craveri,Synthliboramphus craveri,179078444,22694887,Nearctic,Terrestrial|Marine,2020-08-27 00:00:00 UTC,Vulnerable,3.1,Decreasing,Brachyramphus craveri craveri,Predation,,1,3,,,2,1,,,,,,,,,,,2025-07-01T00:00:00Z,151,included_species,Birds
Synthliboramphus hypoleucus,Synthliboramphus hypoleucus,132673655,62101215,Nearctic,Terrestrial|Marine,2018-08-07 00:00:00 UTC,Endangered,3.1,Decreasing,"Synthliboramphus hypoleucus, Endomychura hypoleuca",Predation,,1,4,,,2,2,,1,,,,,,,,,2025-06-01T00:00:00Z,167,included_species,Birds
Synthliboramphus scrippsi,Synthliboramphus scrippsi,178995789,62101249,Nearctic,Terrestrial|Marine,2020-08-28 00:00:00 UTC,Vulnerable,3.1,Decreasing,Synthliboramphus hypoleucus,Predation,,2,3,,,2,2,,,,,,,,,,,2025-06-01T00:00:00Z,167,included_species,Birds
Synthliboramphus wumizusume,Synthliboramphus wumizusume,132580332,22694899,Palearctic,Terrestrial|Marine,2018-08-07 00:00:00 UTC,Vulnerable,3.1,Decreasing,NA,Predation,,0,,,,2,2,,,,,,,,,,,2025-04-01T00:00:00Z,198,included_species,Birds
Syrmaticus soemmerringii,Syrmaticus soemmerringii,92811551,22679340,Palearctic,Terrestrial,2016-10-01 00:00:00 UTC,Near Threatened,3.1,Decreasing,Syrmaticus soemmerringi soemmerringi,Predation,,0,,,,0,,,,,,,,,,,,2025-03-01T00:00:00Z,1081.66,included_species,Birds
Tarentola raziana,Tarentola raziana,13152206,13152199,Afrotropical,Terrestrial,2012-09-17 00:00:00 UTC,Near Threatened,3.1,Unknown,"Tarentola caboverdiana raziana, Tarentola caboverdianus raziana, Tarentola delalandii rudis, Tarentola delalandii delalandii",Predation,,0,,,,0,,,,,,,,,,,,2025-01-01T00:00:00Z,,included_species,
Tarsius dentatus,Tarsius dentatus,17977790,21489,Australasian,Terrestrial,2015-11-23 00:00:00 UTC,Vulnerable,3.1,Decreasing,Tarsius dianae,Predation,,0,,,,0,1,,,,,,,,,,,2025-01-01T00:00:00Z,107,included_species,Mammals
Tarsius fuscus,Tarsius fuscus,162369616,162369593,Australasian,Terrestrial,2020-03-26 00:00:00 UTC,Vulnerable,3.1,Decreasing,Tarsius fuscomanus,Predation,,0,,,,0,,,,,,,,,,,,2025-06-01T00:00:00Z,,included_species,
Tarsius niemitzi,Tarsius niemitzi,171341769,162337005,Australasian,Terrestrial,2020-03-22 00:00:00 UTC,Endangered,3.1,Decreasing,NA,Predation,,0,,,,0,,,,,,,,,,,,2025-06-01T00:00:00Z,,included_species,
Tarsius pelengensis,Tarsius pelengensis,17977515,21494,Australasian,Terrestrial,2015-11-23 00:00:00 UTC,Endangered,3.1,Decreasing,NA,Predation,,0,,,,0,1,,,,,,,,,,,2025-01-01T00:00:00Z,170,included_species,Mammals
Tarsius spectrumgurskyae,Tarsius spectrumgurskyae,162336580,162336422,Australasian,Terrestrial,2020-03-20 00:00:00 UTC,Vulnerable,3.1,Decreasing,NA,Predation,,0,,,,0,,,,,,,,,,,,2025-06-01T00:00:00Z,,included_species,
Tarsius supriatnai,Tarsius supriatnai,220971513,162336881,Indomalayan,Terrestrial,2020-03-20 00:00:00 UTC,Vulnerable,3.1,Decreasing,NA,Predation,,0,,,,0,,,,,,,,,,,,2025-07-01T00:00:00Z,,included_species,
Tarsius tarsier,Tarsius tarsier,17978304,162369551,Australasian,Terrestrial,2015-11-23 00:00:00 UTC,Vulnerable,3.1,Decreasing,"Lemur tarsier, Tarsius buffonii, Tarsius daubentonii, Tarsius macrotarsos, Tarsius pallassii, Tarsius podje, Tarsius spectrum",Predation,,0,,,,0,1,,,,,,,,,,,2025-01-01T00:00:00Z,200,included_species,Mammals
Thalassarche steadi,Thalassarche steadi,132661314,22729609,Afrotropical|Oceanian,Terrestrial|Marine,2018-08-07 00:00:00 UTC,Near Threatened,3.1,Decreasing,NA,Predation,,0,3,,,3,,,,,1,0,,,,,,2025-05-01T00:00:00Z,3897.7,included_species,Birds
Thamnophis gigas,Thamnophis gigas,9310655,21706,Nearctic,Terrestrial|Freshwater (=Inland waters),2007-03-01 00:00:00 UTC,Vulnerable,3.1,Decreasing,NA,Predation,,0,,,,1,2,,,,,,,,,,,2025-01-01T00:00:00Z,,included_species,
Thinornis cucullatus,Thinornis cucullatus,93429190,22693883,Oceanian,Freshwater (=Inland waters)|Marine,2016-10-01 00:00:00 UTC,Vulnerable,3.1,Decreasing,"Charadrius rubricollis rubricollis, Thinornis rubricollis",Predation,,0,,,,2,1,,,,4,Cats not mentioned,,,,,,2025-03-01T00:00:00Z,100,included_species,Birds
Thinornis novaeseelandiae,Thinornis novaeseelandiae,214215381,22693899,Australasian,Terrestrial|Marine,2022-06-16 00:00:00 UTC,Endangered,3.1,Increasing,NA,Predation,,0,1,,1,3,1,,1,,,,,,,,,2025-07-01T00:00:00Z,61,included_species,Birds
Threskiornis solitarius,Threskiornis solitarius,262272153,22728791,Afrotropical,Terrestrial|Freshwater (=Inland waters),2024-07-04 00:00:00 UTC,Extinct,3.1,,"Apterornis solitarius, Apterornis solitarius, Raphus solitarius",Predation,,0,,,,1,,,,,,,,,,0,,2025-01-01T00:00:00Z,,included_species,
Todiramphus cinnamominus,Todiramphus cinnamominus,261269865,22725862,Oceanian,Terrestrial,2024-06-18 00:00:00 UTC,Extinct in the Wild,3.1,,NA,Predation,,0,,,,0,1,,,,,,,,,,,2025-01-01T00:00:00Z,62.2,included_species,Birds
Todiramphus gambieri,Todiramphus gambieri,232219952,22683499,Oceanian,Terrestrial,2024-06-14 00:00:00 UTC,Critically Endangered,3.1,Stable,"Halcyon gambieri, Todirhamphus gambieri",Predation,,1,,,,2,1,,,,,,,,,,,2025-07-01T00:00:00Z,39,included_species,Birds
Todiramphus godeffroyi,Todiramphus godeffroyi,149519891,22683487,Oceanian,Terrestrial|Freshwater (=Inland waters),2019-08-15 00:00:00 UTC,Critically Endangered,3.1,Decreasing,"Halcyon godeffroyi godeffroyi, Todirhamphus godeffroyi godeffroyi, Todirhamphus godeffroyi godeffroyi",Predation,,0,,,,0,1,,,,,,,,,,,2025-06-01T00:00:00Z,63.35,included_species,Birds
Todiramphus pelewensis,Todiramphus pelewensis,216509802,22725870,Oceanian,Terrestrial,2022-04-20 00:00:00 UTC,Near Threatened,3.1,Unknown,NA,Predation,,0,,,,0,,,,,,,,,,,,2025-07-01T00:00:00Z,62.2,included_species,Birds
Todiramphus tutus,Todiramphus tutus,156621538,22683479,Oceanian,Terrestrial|Freshwater (=Inland waters),2019-08-13 00:00:00 UTC,Near Threatened,3.1,Decreasing,Todirhamphus tuta tuta,Predation,,0,,,,2,,,,,,,,,,,,2025-06-01T00:00:00Z,42.32,included_species,Birds
Tokudaia muenninki,Tokudaia muenninki,22409515,21972,Indomalayan,Terrestrial,2015-12-14 00:00:00 UTC,Critically Endangered,3.1,Decreasing,NA,Predation,,0,,,,2,1,,,,,,,,,,,2025-02-01T00:00:00Z,177.4,included_species,Mammals
Tokudaia osimensis,Tokudaia osimensis,22409638,21973,Indomalayan,Terrestrial,2015-12-14 00:00:00 UTC,Endangered,3.1,Decreasing,Rattus jerdoni osimensis,Predation,,1,,,,1,2,,,,,,,,,,,2025-02-01T00:00:00Z,129.6,included_species,Mammals
Tokudaia tokunoshimensis,Tokudaia tokunoshimensis,22409747,136695,Indomalayan,Terrestrial,2015-12-14 00:00:00 UTC,Endangered,3.1,Decreasing,NA,Predation,,0,,,,1,1,,,,,,,,,,,2025-02-01T00:00:00Z,290.5,included_species,Mammals
Toxostoma guttatum,Toxostoma guttatum,179828104,22711105,Neotropical,Terrestrial,2020-08-28 00:00:00 UTC,Critically Endangered,3.1,Decreasing,NA,Predation,,0,,,,2,1,,,,,,,,,0,,2025-05-01T00:00:00Z,52.8,included_species,Birds
Traversia lyalli,Traversia lyalli,235580956,22698593,Australasian,Terrestrial,2023-05-22 00:00:00 UTC,Extinct,3.1,,Xenicus lyalli lyalli,Predation,,0,6,,,2,1,,2,,,,,,,6,,2025-06-01T00:00:00Z,,included_species,Birds
Trichechus manatus,Trichechus manatus,43792740,22103,Nearctic|Neotropical,Freshwater (=Inland waters)|Marine,2023-09-04 00:00:00 UTC,Vulnerable,3.1,Unknown,NA,Disease,,1,,,,1,,,,,,,,,,,,2025-02-01T00:00:00Z,341000,excluded_species,Mammals
Troglodytes sissonii,Troglodytes sissonii,179767818,22711380,Neotropical,Terrestrial,2020-08-31 00:00:00 UTC,Near Threatened,3.1,Unknown,Thryomanes sissonii,Predation,,0,,,,0,,,,,,,,,,,,2025-07-01T00:00:00Z,7.8,included_species,Birds
Tropidophis bucculentus,Tropidophis bucculentus,75607979,75606372,Neotropical,Terrestrial,2015-07-21 00:00:00 UTC,Critically Endangered,3.1,Unknown,Ungalia bucculenta,Predation,,0,,,,0,,,,,,,,,,,,2025-03-01T00:00:00Z,,included_species,
Tropidophis jamaicensis,Tropidophis jamaicensis,75608034,75606528,Neotropical,Terrestrial,2015-07-21 00:00:00 UTC,Endangered,3.1,Decreasing,Tropidophis haetianus jamaicensis,Predation,,0,,,,2,,,,,,,,,,,,2025-03-01T00:00:00Z,,included_species,
Tropidophis schwartzi,Tropidophis schwartzi,75608069,75606623,Neotropical,Terrestrial,2015-07-21 00:00:00 UTC,Critically Endangered,3.1,Unknown,Tropidophis caymanensis schwartzi,Predation,,0,,,,1,,,,,,,,,,,,2025-03-01T00:00:00Z,,included_species,Reptiles
Tropidophis stejnegeri,Tropidophis stejnegeri,75608084,75606659,Neotropical,Terrestrial,2015-07-21 00:00:00 UTC,Near Threatened,3.1,Decreasing,Tropidophis pardalis stejnegeri,Predation,,0,,,,0,,,,,,,,,,,,2025-03-01T00:00:00Z,,included_species,
Tropidophis stullae,Tropidophis stullae,75608089,75606669,Neotropical,Terrestrial,2014-11-08 00:00:00 UTC,Critically Endangered,3.1,Decreasing,Tropidophis maculatus stullae,Predation,,0,,,,2,,,,,,,,,,,,2025-03-01T00:00:00Z,,included_species,
Tropidoscincus aubrianus,Tropidoscincus aubrianus,123255524,176184,Australasian,Terrestrial,2017-12-11 00:00:00 UTC,Vulnerable,3.1,Decreasing,NA,Predation,,0,,,,1,1,,,,,,,,,,,2025-04-01T00:00:00Z,,included_species,
Tukutuku rakiurae,Tukutuku rakiurae,120188000,10252,Australasian,Terrestrial,2018-02-17 00:00:00 UTC,Endangered,3.1,Decreasing,Hoplodactylus rakiurae,Predation,,0,,,,1,,,,,,,,,,,,2025-04-01T00:00:00Z,,included_species,
Tupaia nicobarica,Tupaia nicobarica,115166757,22454,Indomalayan,Terrestrial,2016-07-11 00:00:00 UTC,Endangered,3.1,Decreasing,NA,Predation,,0,,,,1,1,,,,,,,,,,,2025-04-01T00:00:00Z,170.3,included_species,Mammals
Turdus celaenops,Turdus celaenops,132076271,22708803,Palearctic,Terrestrial,2018-08-09 00:00:00 UTC,Vulnerable,3.1,Decreasing,NA,Predation,,0,,,,0,1,,1,,,,,,,,,2025-04-01T00:00:00Z,84.5,included_species,Birds
Turdus ravidus,Turdus ravidus,235578991,22708835,Neotropical,Terrestrial,2023-05-23 00:00:00 UTC,Extinct,3.1,,NA,Predation,,0,,,,1,,,,,,,,,,Not attributed,,2025-05-01T00:00:00Z,,included_species,
Turdus xanthorhynchus,Turdus xanthorhynchus,176239121,22736414,Afrotropical,Terrestrial,2020-05-29 00:00:00 UTC,Critically Endangered,3.1,Decreasing,NA,Predation,,0,,,,1,,,,,,,,,,,,2025-06-01T00:00:00Z,82.5,included_species,Birds
Turnagra tanagra,Turnagra tanagra,230957445,22728820,Oceanian,Terrestrial,2023-03-24 00:00:00 UTC,Extinct,3.1,,NA,Predation,,0,,,,1,2,,,,,,,,,0,,2025-05-01T00:00:00Z,,included_species,
Turnix melanogaster,Turnix melanogaster,211931315,22680556,Australasian,Terrestrial,2021-12-13 00:00:00 UTC,Vulnerable,3.1,Decreasing,NA,Predation,,0,,,,1,,,,,Not attributed,1,,,,,,2025-05-01T00:00:00Z,87.06,included_species,Birds
Turnix olivii,Turnix olivii,210960314,22680572,Australasian,Terrestrial,2021-11-18 00:00:00 UTC,Critically Endangered,3.1,Unknown,Turnix olivii olivii,Predation,,0,,,,1,1,,,,1,0,,,,,,2025-05-01T00:00:00Z,56.39,included_species,Birds
Tylomys bullaris,Tylomys bullaris,22340265,22570,Neotropical,Terrestrial,2017-01-15 00:00:00 UTC,Critically Endangered,3.1,Decreasing,NA,Predation,,0,,,,1,,,,,,,,,,,,2025-01-01T00:00:00Z,280,included_species,Mammals
Tympanocryptis condaminensis,Tympanocryptis condaminensis,83494963,83494956,Australasian,Terrestrial,2017-06-15 00:00:00 UTC,Endangered,3.1,Decreasing,NA,Predation,,0,,,,1,,,,,,,,,,,,2025-03-01T00:00:00Z,,included_species,
Uperoleia mahonyi,Uperoleia mahonyi,114116571,114116565,Australasian,Terrestrial|Freshwater (=Inland waters),2020-08-10 00:00:00 UTC,Endangered,3.1,Decreasing,NA,Predation,,0,,,,1,,,,,,,,,,,,2025-04-01T00:00:00Z,,included_species,
Urocyon littoralis,Urocyon littoralis,13985603,22781,Nearctic,Terrestrial,2013-07-23 00:00:00 UTC,Near Threatened,3.1,Increasing,Vulpes littoralis,Competition,,4,,,,0,,,,,,,,,,,,2025-01-01T00:00:00Z,1896,excluded_species,Mammals
Urosaurus auriculatus,Urosaurus auriculatus,12750339,64167,Neotropical,Terrestrial,2007-03-01 00:00:00 UTC,Endangered,3.1,Decreasing,NA,Predation,,1,,,,1,1,,3,,,,,,,,,2025-01-01T00:00:00Z,,included_species,Reptiles
Varanus komodoensis,Varanus komodoensis,123633058,22884,Indomalayan,Terrestrial,2019-08-05 00:00:00 UTC,Endangered,3.1,Stable,NA,Predation,,2,,,,1,,,,,,,,,,,,2025-04-01T00:00:00Z,,included_species,
Vini kuhlii,Vini kuhlii,209660102,22684630,Oceanian,Terrestrial,2023-06-20 00:00:00 UTC,Endangered,3.1,Stable,,Predation,,0,2,,,0,1,,,,,,,,,,,2025-07-01T00:00:00Z,40,included_species,Birds
Vini peruviana,Vini peruviana,198765127,22684641,Oceanian,Terrestrial,2021-07-13 00:00:00 UTC,Vulnerable,3.1,Decreasing,NA,Predation,,1,,,,1,1,,,,,,,,,,,2025-07-01T00:00:00Z,29,included_species,Birds
Vini ultramarina,Vini ultramarina,132055913,22684647,Oceanian,Terrestrial,2018-08-09 00:00:00 UTC,Critically Endangered,3.1,Stable,NA,Predation,,0,,,,1,,,,,,,,,,,,2025-04-01T00:00:00Z,49.5,included_species,Birds
Vireo gracilirostris,Vireo gracilirostris,244053439,22705251,Neotropical,Terrestrial,2024-02-26 00:00:00 UTC,Vulnerable,3.1,Decreasing,NA,Predation,,0,,,,2,,,,,,,,,,,,2025-07-01T00:00:00Z,16.5,included_species,Birds
Wyulda squamicaudata,Wyulda squamicaudata,21950421,23091,Australasian,Terrestrial,2014-03-16 00:00:00 UTC,Near Threatened,3.1,Decreasing,NA,Predation,,0,,0,,0,,Cats not mentioned,,0,,,,,,,,2025-01-01T00:00:00Z,1675,included_species,Mammals
Xenosaurus platyceps,Xenosaurus platyceps,12762122,64373,Nearctic|Neotropical,Terrestrial,2007-03-01 00:00:00 UTC,Endangered,3.1,Decreasing,NA,Predation,,0,,,,0,1,,,,,,,,,,,2025-01-01T00:00:00Z,,included_species,
Xeromys myoides,Xeromys myoides,22454469,23141,Australasian,Terrestrial|Freshwater (=Inland waters),2015-07-25 00:00:00 UTC,Vulnerable,3.1,Decreasing,NA,Predation,,1,,0,,1,3,0,,3,,,,,,,,2025-02-01T00:00:00Z,41,included_species,Mammals
Zapornia sandwichensis,Zapornia sandwichensis,229349404,22692693,Oceanian,Terrestrial,2023-03-03 00:00:00 UTC,Extinct,3.1,,Porzana sandwichensis,Predation,,0,,,,1,1,,,,,,,,,0,,2025-05-01T00:00:00Z,,included_species,
Zenaida galapagoensis,Zenaida galapagoensis,157400314,22690758,Neotropical,Terrestrial,2020-08-14 00:00:00 UTC,Near Threatened,3.1,Decreasing,NA,Predation,,0,,,,1,,,,,,,,,,,,2025-06-01T00:00:00Z,111,included_species,Birds
Zenaida graysoni,Zenaida graysoni,178409463,22690740,Neotropical,Terrestrial,2020-08-26 00:00:00 UTC,Extinct in the Wild,3.1,,NA,Predation,,1,1,,,2,1,,2,,,,,,,,,2025-06-01T00:00:00Z,192,included_species,Birds
Zoothera terrestris,Zoothera terrestris,228158791,22708535,Palearctic,Terrestrial,2023-02-16 00:00:00 UTC,Extinct,3.1,,NA,Predation,,0,,,,2,2,,1,,,,,,,0,,2025-05-01T00:00:00Z,,included_species,
Zoothera turipavae,Zoothera turipavae,245818482,22728359,Australasian,Terrestrial,2024-02-26 00:00:00 UTC,Near Threatened,3.1,Unknown,NA,Predation,,0,,,,0,1,,1,,,,,,,,,2025-07-01T00:00:00Z,65.26,included_species,Birds
Zosterops albogularis,Zosterops albogularis,250085125,22714229,Australasian,Terrestrial,2024-01-26 00:00:00 UTC,Extinct,3.1,,NA,Predation,,1,,,,1,1,,,,0,0,,,,Not attributed,,2025-06-01T00:00:00Z,30,included_species,Birds
Zosterops tenuirostris,Zosterops tenuirostris,211535599,22714226,Australasian,Terrestrial,2021-12-02 00:00:00 UTC,Vulnerable,3.1,Decreasing,NA,Predation,,0,,,,2,,,,,2,1,,,,,,2025-05-01T00:00:00Z,17.2,included_species,Birds
Zyzomys maini,Zyzomys maini,22457141,23326,Australasian,Terrestrial,2015-05-06 00:00:00 UTC,Vulnerable,3.1,Decreasing,NA,Predation,,0,,1,,1,,Cats not mentioned,,0,,,,,,,,2025-02-01T00:00:00Z,94,included_species,Mammals
Zyzomys palatalis,Zyzomys palatalis,22457211,23327,Australasian,Terrestrial,2015-06-05 00:00:00 UTC,Critically Endangered,3.1,Unknown,NA,Predation,,0,,0,,2,1,Cats not mentioned,,0,,,,,,,,2025-02-01T00:00:00Z,123,included_species,Mammals
Zyzomys pedunculatus,Zyzomys pedunculatus,22456932,23324,Australasian,Terrestrial,2015-07-20 00:00:00 UTC,Critically Endangered,3.1,Decreasing,NA,Predation,,2,1,1,,1,,0,,0,,,,,,,,2025-02-01T00:00:00Z,100,included_species,Mammals
